"Id ","x0 (LU) ","y0 (LU) ","z0 (LU) ","vx0 (LU/TU) ","vy0 (LU/TU) ","vz0 (LU/TU) ","Jacobi constant (LU2/TU2) ","Period (TU) ","Period (days) ","Stability index  ","Mass ratio"
"1377","9.9478395311522627E-1","6.9675332641147169E-21","9.3329139291392030E-3","6.2555674685943205E-15","-2.6752594967537134E-3","1.0534868238904709E-14","3.0005453693634498E+0","3.6870419770240699E+0","2.1433642782530364E+2","1.2887584486646799E+0","3.054200000000000E-6"
"1376","9.9478400099057562E-1","6.9675881786374951E-21","9.3307317319370944E-3","-3.7820695702053078E-16","-2.7018843432500038E-3","-8.9428405556110216E-15","3.0005453691686799E+0","3.6918732624381563E+0","2.1461728181717913E+2","1.0484339571898900E+0","3.054200000000000E-6"
"1375","9.9478398472856566E-1","6.9675381785134285E-21","9.3351395281586012E-3","-1.9130191736968789E-16","-2.6486872577902469E-3","-7.0472831408636944E-15","3.0005453646290201E+0","3.6822105897612349E+0","2.1405556791272065E+2","1.7609408979831900E+0","3.054200000000000E-6"
"1374","9.9478412793438742E-1","6.9676622083008802E-21","9.3285927897968045E-3","-2.5568154586174875E-14","-2.7285612129258272E-3","-3.6559356630821988E-14","3.0005453640533299E+0","3.6967044464014656E+0","2.1489812991148219E+2","1.3050980806054500E+0","3.054200000000000E-6"
"1373","9.9478409625381259E-1","6.9675565329179125E-21","9.3374086744737843E-3","2.1402637468482518E-14","-2.6221682140989155E-3","2.6924040619589662E-14","3.0005453549569001E+0","3.6773791003190976E+0","2.1377470206021434E+2","2.1507998852121299E+0","3.054200000000000E-6"
"1372","9.9478433352941464E-1","6.9676438293095638E-21","9.3264969546695223E-3","1.5591269018326468E-14","-2.7552895248489206E-3","2.6250686791097942E-14","3.0005453540261602E+0","3.7015355293788814E+0","2.1517897213523759E+2","1.4983120828787799E+0","3.054200000000000E-6"
"1371","9.9478428811724595E-1","6.9675531230515838E-21","9.3397215122215504E-3","4.0117474748541730E-15","-2.5957029571805324E-3","2.0811018130144626E-15","3.0005453403387201E+0","3.6725475084351538E+0","2.1349383025252476E+2","2.5000393044313398E+0","3.054200000000000E-6"
"1370","9.9478461736133017E-1","6.9676391597334161E-21","9.3244440772638180E-3","2.3408277633007183E-14","-2.7820687017105147E-3","2.6913416107902010E-14","3.0005453390960399E+0","3.7063665119011229E+0","2.1545980851929730E+2","1.6653304708091301E+0","3.054200000000000E-6"
"1369","9.9478456074822152E-1","6.9675869704220534E-21","9.3420781842085895E-3","1.0360794950589068E-15","-2.5692920818873007E-3","1.1118485001139061E-14","3.0005453207662400E+0","3.6677158139157355E+0","2.1321295247839345E+2","2.8236486711721902E+0","3.054200000000000E-6"
"1368","9.9478497901869911E-1","6.9676255880301890E-21","9.3224340070495303E-3","1.9711745303133100E-14","-2.8088981694879781E-3","2.5557518635923519E-14","3.0005453192719500E+0","3.7111973945643713E+0","2.1574063909831867E+2","1.8172528116949000E+0","3.054200000000000E-6"
"1367","9.9478491457922880E-1","6.9675907033611758E-21","9.3444788318899474E-3","2.3635868174367038E-14","-2.5429361867040025E-3","4.1407550883649141E-14","3.0005452962313401E+0","3.6628840166366756E+0","2.1293206873060231E+2","3.1290013417287801E+0","3.054200000000000E-6"
"1366","9.9478541809294296E-1","6.9676320428898106E-21","9.3204665922755822E-3","-5.6793747807774222E-15","-2.8357773576004855E-3","-1.6231653467067322E-14","3.0005452945630098E+0","3.7160281780293989E+0","2.1602146391071400E+2","1.9591819616355799E+0","3.054200000000000E-6"
"1365","9.9478535004592883E-1","6.9676041860692355E-21","9.3469235953299937E-3","5.2468663700945598E-15","-2.5166358738993810E-3","1.5288841197276168E-14","3.0005452667260499E+0","3.6580521165437747E+0","2.1265117900600063E+2","3.4203393385082399E+0","3.054200000000000E-6"
"1364","9.9478593417830252E-1","6.9676312493134570E-21","9.3185416800026736E-3","-1.1901220190839652E-14","-2.8627056987467711E-3","-1.6800978221548041E-14","3.0005452649784599E+0","3.7208588630208785E+0","2.1630228299861028E+2","2.0939595954804000E+0","3.054200000000000E-6"
"1363","9.9478586758719489E-1","6.9676123373955470E-21","9.3494126131974734E-3","3.7370720103944496E-14","-2.4903917491318397E-3","5.8101857875171994E-14","3.0005452322425299E+0","3.6532201136536995E+0","2.1237028330555728E+2","3.7003489038403998E+0","3.054200000000000E-6"
"1362","9.9478652687179780E-1","6.9676573364691203E-21","9.3166591161155492E-3","1.3876921397851161E-14","-2.8896826289957519E-3","2.7777445943616389E-14","3.0005452305276399E+0","3.7256894503266222E+0","2.1658309640780479E+2","2.2233568825017200E+0","3.054200000000000E-6"
"1361","9.9478646764516088E-1","6.9675845132965533E-21","9.3519460227395705E-3","-8.9870740493104500E-15","-2.4642044220705766E-3","-2.4133827413662546E-14","3.0005451927730502E+0","3.6483880080542792E+0","2.1208938163437793E+2","3.9708453255838601E+0","3.054200000000000E-6"
"1360","9.9478719577320462E-1","6.9676404493832320E-21","9.3148187453442766E-3","-2.7275373069890784E-14","-2.9167075878935634E-3","-2.7746814214378607E-14","3.0005451912200298E+0","3.7305199407967651E+0","2.1686390418771788E+2","2.3485637603328402E+0","3.054200000000000E-6"
"1359","9.9478715066526158E-1","6.9675153268914402E-21","9.3545239597622246E-3","6.6239878515066306E-16","-2.4380745057350950E-3","-1.3445598797105303E-14","3.0005451483100498E+0","3.6435557999054922E+0","2.1180847400176256E+2","4.2331143696173799E+0","3.054200000000000E-6"
"1358","9.9478794048500896E-1","6.9676213682460663E-21","9.3130204112920958E-3","3.8837836052125985E-14","-2.9437800178720263E-3","4.0194573083216401E-14","3.0005451470651998E+0","3.7353503353432598E+0","2.1714470639136357E+2","2.4704238332572701E+0","3.054200000000000E-6"
"1357","9.9478791709629877E-1","6.9675283558308237E-21","9.3571465586032888E-3","-1.4990987296186700E-14","-2.4120026172309212E-3","-3.0255820917250085E-14","3.0005450988460800E+0","3.6387234894397964E+0","2.1152756042122448E+2","4.4880993926588904E+0","3.054200000000000E-6"
"1356","9.9478876061237809E-1","6.9676077628042239E-21","9.3112639564507573E-3","3.8903402746615368E-15","-2.9708993651689315E-3","1.0849194183131073E-14","3.0005450980728599E+0","3.7401806349386297E+0","2.1742550307527688E+2","2.5895599431343999E+0","3.054200000000000E-6"
"1355","9.9478876739046029E-1","6.9674545041926885E-21","9.3598139521260445E-3","7.9009904884360988E-15","-2.3859893771990869E-3","1.2117249617449344E-14","3.0005450443738400E+0","3.6338910769628576E+0","2.1124664091053276E+2","4.7365118802526700E+0","3.054200000000000E-6"
"1354","9.9478965576312905E-1","6.9675824508241191E-21","9.3095492222207022E-3","-9.1958314295961560E-15","-2.9980650787549928E-3","-1.6322148124834971E-15","3.0005450442528101E+0","3.7450108406157101E+0","2.1770629429949901E+2","2.7064467107533301E+0","3.054200000000000E-6"
"1353","9.9479062554769870E-1","6.9675975413600088E-21","9.3078760489311765E-3","-1.2869109400119669E-14","-3.0252766110198197E-3","-1.7693800836173244E-14","3.0005449856149800E+0","3.7498409534665238E+0","2.1798708012751177E+2","2.8214551455436001E+0","3.054200000000000E-6"
"1352","9.9478970200338201E-1","6.9675379541557405E-21","9.3625262716958736E-3","2.0714862375081793E-15","-2.3600354102770007E-3","1.7467063676604489E-14","3.0005449848861798E+0","3.6290585628539667E+0","2.1096571549173643E+2","4.9789002089493897E+0","3.054200000000000E-6"
"1351","9.9479166957910747E-1","6.9675572418399492E-21","9.3062442758711315E-3","-6.4850553969466474E-15","-3.0525334175137480E-3","5.9681279839764630E-15","3.0005449221694001E+0","3.7546709746416154E+0","2.1826786062619902E+2","2.9348813766349400E+0","3.054200000000000E-6"
"1350","9.9479072139420743E-1","6.9675590606742136E-21","9.3652836471442204E-3","5.3360266949061846E-15","-2.3341413448426020E-3","1.3179430247696230E-14","3.0005449203760599E+0","3.6242259475668455E+0","2.1068478419121149E+2","5.2156946254422500E+0","3.054200000000000E-6"
"1349","9.9479278747293431E-1","6.9675427318109420E-21","9.3046537412894946E-3","-3.1495439320782663E-15","-3.0798349569316329E-3","-6.5579610235584983E-15","3.0005448539262098E+0","3.7595009053491508E+0","2.1854863586579435E+2","3.0469659205575002E+0","3.054200000000000E-6"
"1348","9.9479182602561800E-1","6.9676037285097033E-21","9.3680862067756360E-3","-2.5629354628435188E-14","-2.3083078132349966E-3","-5.0671451162964903E-14","3.0005448508366102E+0","3.6193932316299984E+0","2.1040384703968104E+2","5.4472375858990603E+0","3.054200000000000E-6"
"1347","9.9479397884728193E-1","6.9675496246399804E-21","9.3031042824367350E-3","-1.2769602466889600E-14","-3.1071806911412555E-3","2.4302824892041846E-15","3.0005447808956598E+0","3.7643307468541698E+0","2.1882940591983743E+2","3.1579070340988200E+0","3.054200000000000E-6"
"1346","9.9479301636390927E-1","6.9675919744140556E-21","9.3709340773138403E-3","4.7546075544836052E-14","-2.2825354515254685E-3","9.8438066023095742E-14","3.0005447762610902E+0","3.6145604156474360E+0","2.1012290407225774E+2","5.6738050343490398E+0","3.054200000000000E-6"
"1345","9.9479524332275238E-1","6.9675385688136732E-21","9.3015957355764654E-3","-1.8985941149239933E-15","-3.1345700849847728E-3","1.0130936302918005E-14","3.0005447030880998E+0","3.7691605004778257E+0","2.1911017086513004E+2","3.2678702163858699E+0","3.054200000000000E-6"
"1344","9.9479429287902399E-1","6.9676164523531053E-21","9.3738273839158431E-3","-2.2816492018441471E-14","-2.2568249002212176E-3","-3.9158188675580131E-14","3.0005446966429199E+0","3.6097275002989200E+0","2.0984195532845769E+2","5.8956214517547902E+0","3.054200000000000E-6"
"1343","9.9479658052240960E-1","6.9675603954738970E-21","9.3001279360076378E-3","6.6651868492589302E-15","-3.1620026064949720E-3","4.2562433215114324E-15","3.0005446205139901E+0","3.7739901675963541E+0","2.1939093078167599E+2","3.3769951467982300E+0","3.054200000000000E-6"
"1342","9.9479565604461850E-1","6.9676367321507634E-21","9.3767662501367480E-3","1.9719072132646778E-14","-2.2311768031439611E-3","5.2562062860900668E-14","3.0005446119756400E+0","3.6048944863410388E+0","2.0956100085226313E+2","6.1128712133598802E+0","3.054200000000000E-6"
"1341","9.9479799007176128E-1","6.9675311969977958E-21","9.2987007180821285E-3","6.3936450714891045E-15","-3.1894777267432329E-3","9.3058387875604508E-15","3.0005445331838998E+0","3.7788197496404008E+0","2.1967168575264208E+2","3.4854008451788601E+0","3.054200000000000E-6"
"1340","9.9479710633810914E-1","6.9676027916348888E-21","9.3797507979060425E-3","-1.3674347529668689E-14","-2.2055918087475410E-3","-4.0930490350535665E-14","3.0005445222529499E+0","3.6000613746069994E+0","2.0928004069211039E+2","6.3257066737001502E+0","3.054200000000000E-6"
"1339","9.9479947159872895E-1","6.9675151319649168E-21","9.2973139152230950E-3","1.2003627497126621E-15","-3.2169949198210569E-3","1.1513792053699130E-14","3.0005444411084898E+0","3.7836492480941337E+0","2.1995243586430655E+2","3.5931895834836900E+0","3.054200000000000E-6"
"1338","9.9479864424075470E-1","6.9676475409926999E-21","9.3827811475094853E-3","6.5665930251457226E-14","-2.1800705691334648E-3","1.6356721061928682E-13","3.0005444274687201E+0","3.5952281660079026E+0","2.0899907490096390E+2","6.5342546890852997E+0","3.054200000000000E-6"
"1337","9.9480102473361076E-1","6.9675313259544899E-21","9.2959673599627493E-3","2.1326489492573752E-14","-3.2445536627345728E-3","2.3367563231481649E-14","3.0005443442985298E+0","3.7884786644943742E+0","2.2023318120600831E+2","3.7004498996114701E+0","3.054200000000000E-6"
"1336","9.9480027023766437E-1","6.9677208168061652E-21","9.3858574175892974E-3","1.3391783078064130E-15","-2.1546137409309534E-3","2.1247731501167090E-14","3.0005443276169399E+0","3.5903948615323902E+0","2.0871810353629570E+2","6.7386213120443204E+0","3.054200000000000E-6"
"1335","9.9480264910907490E-1","6.9675583418930933E-21","9.2946608839335094E-3","-7.2632354923865710E-15","-3.2721534357055531E-3","6.7482899066084502E-15","3.0005442427648901E+0","3.7933080004296720E+0","2.2051392187009364E+2","3.8072589541702202E+0","3.054200000000000E-6"
"1334","9.9480198481791993E-1","6.9679122366307904E-21","9.3889797250919036E-3","-4.5217340162091537E-14","-2.1292219845183693E-3","-1.0423094159877201E-13","3.0005442226917500E+0","3.5855614622480396E+0","2.0843712666016660E+2","6.9388957864209404E+0","3.054200000000000E-6"
"1333","9.9480434436010590E-1","6.9675587975797805E-21","9.2933943179197114E-3","1.6926174663826027E-14","-3.2997937215737991E-3","1.5525452514199956E-14","3.0005441365185201E+0","3.7981372575396080E+0","2.2079465795187514E+2","3.9136843828570802E+0","3.054200000000000E-6"
"1332","9.9480378847458850E-1","6.9679774856690013E-21","9.3921481852799592E-3","-3.8095177596323296E-14","-2.1038959645542019E-3","-9.5849500242237858E-14","3.0005441126874701E+0","3.5807279693012291E+0","2.0815614433921826E+2","7.1351534591515096E+0","3.054200000000000E-6"
"1331","9.9480611012400622E-1","6.9675813185183079E-21","9.2921674918562489E-3","1.7627410751212874E-14","-3.3274740064288999E-3","9.1451922090631585E-15","3.0005440255705000E+0","3.8029664375136942E+0","2.2107538954956811E+2","4.0197857994392603E+0","3.054200000000000E-6"
"1330","9.9480568170480810E-1","6.9681058128196067E-21","9.3953629117006048E-3","4.9579069728493620E-14","-2.0786363499425459E-3","1.0421728248898042E-13","3.0005439975985500E+0","3.5758943839178592E+0","2.0787515664471516E+2","7.3274582225712299E+0","3.054200000000000E-6"
"1329","9.9480794604034939E-1","6.9675809343301795E-21","9.2909802348602986E-3","-2.3028637731934673E-15","-3.3551937791261601E-3","-7.5121763196288161E-16","3.0005439099319799E+0","3.8077955420906391E+0","2.2135611676424784E+2","4.1256159920825697E+0","3.054200000000000E-6"
"1328","9.9480766500985884E-1","6.9679222768632519E-21","9.3986240161461898E-3","2.0996986476880464E-14","-2.0534438142164667E-3","4.8718933705357419E-14","3.0005438774196098E+0","3.5710607074035376E+0","2.0759416365255538E+2","7.5158644328729700E+0","3.054200000000000E-6"
"1327","9.9480985175097281E-1","6.9675766131373110E-21","9.2898323752402725E-3","-2.5866258686135185E-15","-3.3829525313865618E-3","-3.0467628726713427E-15","3.0005437896142100E+0","3.8126245730574833E+0","2.2163683969979917E+2","4.2312219039350696E+0","3.054200000000000E-6"
"1326","9.9480973889520818E-1","6.9678915137620791E-21","9.4019316086741515E-3","4.3062649502220979E-14","-2.0283190346713168E-3","1.0459175355755625E-13","3.0005437521454099E+0","3.5662269411445418E+0","2.0731316544332645E+2","7.7004186010453504E+0","3.054200000000000E-6"
"1325","9.9481182689994330E-1","6.9675795780244007E-21","9.2887237405246629E-3","-2.8677865760165386E-14","-3.4107497579147061E-3","-1.1047107182847467E-14","3.0005436646285499E+0","3.8174535322485741E+0","2.2191755846285702E+2","4.3366454502313703E+0","3.054200000000000E-6"
"1324","9.9481190387058949E-1","6.9678399999644153E-21","9.4052857975772328E-3","-7.5193333393671182E-15","-2.0032626933273495E-3","-3.1900496655198845E-14","3.0005436217708898E+0","3.5613930866078118E+0","2.0703216210230508E+2","7.8811605881276998E+0","3.054200000000000E-6"
"1323","9.9481387113352726E-1","6.9675819282897923E-21","9.2876541574884400E-3","3.8085583249683651E-15","-3.4385849560321213E-3","1.2156355190905023E-14","3.0005435349864200E+0","3.8222824215448230E+0","2.2219827316276320E+2","4.4419241818415003E+0","3.054200000000000E-6"
"1322","9.9481416045007331E-1","6.9677533214901209E-21","9.4086866893354180E-3","-4.1177073969160856E-15","-1.9782754763591156E-3","-6.2358435200789343E-15","3.0005434862911202E+0","3.5565591453416361E+0","2.0675115371949687E+2","8.0581247912591607E+0","3.054200000000000E-6"
"1321","9.9481598410019223E-1","6.9675845398820090E-21","9.2866234521491106E-3","-5.5427988365518845E-15","-3.4664576262269176E-3","3.1997491547786142E-15","3.0005434006993701E+0","3.8271112428726188E+0","2.2247898391150326E+2","4.5470918533441198E+0","3.054200000000000E-6"
"1320","9.9481650915213771E-1","6.9677645909490636E-21","9.4121343886410733E-3","-1.9786028275188099E-14","-1.9533580745726390E-3","-4.6428320749152434E-14","3.0005433457013502E+0","3.5517251189760040E+0","2.0647014038965702E+2","8.2313409486243394E+0","3.054200000000000E-6"
"1319","9.9481816545053725E-1","6.9675758886764758E-21","9.2856314498297281E-3","-6.7854451614966852E-15","-3.4943672714513765E-3","-1.4167867777525507E-15","3.0005432617790100E+0","3.8319399982030555E+0","2.2275969082366149E+2","4.6521788901471597E+0","3.054200000000000E-6"
"1318","9.9481895049973745E-1","6.9678518022705702E-21","9.4156289983480593E-3","1.6281376019021884E-14","-1.9285111831189715E-3","4.9223059134818653E-14","3.0005431999969998E+0","3.5468910092230517E+0","2.0618912221231597E+2","8.4008349953700208E+0","3.054200000000000E-6"
"1317","9.9482041483733097E-1","6.9675899847197561E-21","9.2846779751201338E-3","-3.1732128924722723E-15","-3.5223133976483773E-3","-7.3023514753534868E-15","3.0005431182370499E+0","3.8367686895510462E+0","2.2304039401636950E+2","4.7572127873939696E+0","3.054200000000000E-6"
"1316","9.9482148502038437E-1","6.9678972346472908E-21","9.4191706194776317E-3","8.9450925927342488E-14","-1.9037355017857975E-3","2.5673353527922633E-13","3.0005430491736198E+0","3.5420568178775640E+0","2.0590809929180878E+2","8.5666296114333402E+0","3.054200000000000E-6"
"1315","9.9482273191544224E-1","6.9675857344303551E-21","9.2837628519441412E-3","-7.8280150386557122E-15","-3.5502955134805694E-3","7.3507940006965300E-15","3.0005429700852799E+0","3.8415973189742840E+0","2.2332109360924593E+2","4.8622184541099998E+0","3.054200000000000E-6"
"1314","9.9482411324621478E-1","6.9678121893285836E-21","9.4227593511806151E-3","-7.2413127739844209E-14","-1.8790317352636492E-3","-1.8842982097331278E-13","3.0005428932269500E+0","3.5372225468170369E+0","2.0562707173727875E+2","8.7287447719916909E+0","3.054200000000000E-6"
"1313","9.9482511634182968E-1","6.9675934326772627E-21","9.2828859035649931E-3","-3.2453164734401572E-15","-3.5783131302475394E-3","2.3946845774447112E-15","3.0005428173355901E+0","3.8464258885724107E+0","2.2360178972434787E+2","4.9672185027440996E+0","3.054200000000000E-6"
"1312","9.9482683571408748E-1","6.9677357720971349E-21","9.4263952907289433E-3","3.5172174244987447E-14","-1.8544005919530319E-3","1.2120285285718196E-13","3.0005427321528999E+0","3.5323881980029901E+0","2.0534603966275364E+2","8.8871983770708507E+0","3.054200000000000E-6"
"1311","9.9482756777552717E-1","6.9675860634649597E-21","9.2820469526055625E-3","-8.7312248609387459E-16","-3.6063657620464900E-3","4.8136623445736015E-15","3.0005426599999399E+0","3.8512544004860558E+0","2.2388248248611512E+2","5.0722334987201201E+0","3.054200000000000E-6"
"1310","9.9482965296562875E-1","6.9677363562764664E-21","9.4300785335120711E-3","-2.7318213941180976E-14","-1.8298427860247346E-3","-7.7655557559293577E-14","3.0005425659475198E+0","3.5275537734801237E+0","2.0506500318709666E+2","9.0420063348001296E+0","3.054200000000000E-6"
"1309","9.9483008587762967E-1","6.9675918207110967E-21","9.2812458210512032E-3","-9.7553058968214115E-15","-3.6344529257167205E-3","1.0114193489758843E-14","3.0005424980903901E+0","3.8560828568959766E+0","2.2416317202132024E+2","5.1772821776378404E+0","3.054200000000000E-6"
"1308","9.9483256554735844E-1","6.9677125369330337E-21","9.4338091729931472E-3","1.0973289761921692E-13","-1.8053590355008216E-3","3.3638307931716788E-13","3.0005423946070500E+0","3.5227192753779404E+0","2.0478396243410077E+2","9.1931832160544094E+0","3.054200000000000E-6"
"1307","9.9483267031124767E-1","6.9675670219414586E-21","9.2804823302979119E-3","1.9812667551490235E-15","-3.6625741406135456E-3","-1.8896004396613149E-15","3.0005423316190600E+0","3.8609112600220423E+0","2.2444385845900939E+2","5.2823816335923697E+0","3.054200000000000E-6"
"1306","9.9483557401073952E-1","6.9677346232812306E-21","9.4375873007145721E-3","4.7154145205263158E-14","-1.7809500640460015E-3","1.5924937876946831E-13","3.0005422181278800E+0","3.5178847059101819E+0","2.0450291753245608E+2","9.3407422801724191E+0","3.054200000000000E-6"
"1305","9.9483532074150827E-1","6.9675651637380805E-21","9.2797563011504207E-3","-1.3844273090374709E-14","-3.6907289289413096E-3","-4.0801855145324979E-15","3.0005421605981799E+0","3.8657396121223182E+0","2.2472454193044936E+2","5.3875474848606304E+0","3.054200000000000E-6"
"1304","9.9483867891228739E-1","6.9678017983527271E-21","9.4414130062650346E-3","-1.0500989350237201E-14","-1.7566165994875470E-3","-2.4267225198608034E-14","3.0005420365065998E+0","3.5130500673760210E+0","2.0422186861581883E+2","9.4846959463098806E+0","3.054200000000000E-6"
"1303","9.9483803683552696E-1","6.9675565375109439E-21","9.2790675538483580E-3","-1.3561369860565478E-14","-3.7189168153653833E-3","1.2501828194633767E-14","3.0005419850400301E+0","3.8705679154922206E+0","2.2500522256907800E+2","5.4927940127076997E+0","3.054200000000000E-6"
"1302","9.9484188081363889E-1","6.9679963659589558E-21","9.4452863772799892E-3","1.2445078653416444E-13","-1.7323593745507901E-3","4.0425225581151623E-13","3.0005418497399301E+0","3.5082153621600689E+0","2.0394081582281217E+2","9.6250559016825807E+0","3.054200000000000E-6"
"1301","9.9484081826238502E-1","6.9675402121831831E-21","9.2784159080880873E-3","-6.3017294616557844E-15","-3.7471373272200798E-3","-1.1547144905670728E-14","3.0005418049569998E+0","3.8753961724635038E+0","2.2528590051044571E+2","5.5981342928780702E+0","3.054200000000000E-6"
"1300","9.9484518028166957E-1","6.9680600167156840E-21","9.4492074994092755E-3","3.7120237025837579E-14","-1.7081791276531051E-3","1.1582862509102252E-13","3.0005416578248001E+0","3.5033805927326442E+0","2.0365975929704146E+2","9.7618332226688604E+0","3.054200000000000E-6"
"1299","9.9484366469312047E-1","6.9675171105997638E-21","9.2778011830344283E-3","-1.5751681326013546E-14","-3.7753899945207809E-3","-2.5916973402331167E-15","3.0005416203615201E+0","3.8802243854033254E+0","2.2556657589216096E+2","5.7035803038930002E+0","3.054200000000000E-6"
"1298","9.9484857788855319E-1","6.9680773198567560E-21","9.4531764563161418E-3","-1.3538695799976725E-14","-1.6840766014028631E-3","-5.9577728020532739E-14","3.0005414607582801E+0","3.4985457616506768E+0","2.0337869918714705E+2","9.8950387160445299E+0","3.054200000000000E-6"
"1297","9.9484657580069591E-1","6.9675204061603733E-21","9.2772231973473167E-3","-1.0613426702508600E-14","-3.8036743497004964E-3","-5.4134754704182412E-15","3.0005414312661398E+0","3.8850525567133727E+0","2.2584724885383940E+2","5.8091430251789502E+0","3.054200000000000E-6"
"1296","9.9485207421189326E-1","6.9681780511194202E-21","9.4571933296446926E-3","-2.9930550810002851E-14","-1.6600525438339479E-3","-1.1747521429170197E-13","3.0005412585376399E+0","3.4937108715578056E+0","2.0309763564680992E+2","1.0024682924606900E+1","3.054200000000000E-6"
"1295","9.9484955125998431E-1","6.9675267979312952E-21","9.2766817691990536E-3","-7.2266603727239601E-15","-3.8319899278469491E-3","-2.8482695221227593E-15","3.0005412376834601E+0","3.8898806888288679E+0","2.2612791953704630E+2","5.9148325252068403E+0","3.054200000000000E-6"
"1294","9.9485566983479734E-1","6.9680154847600979E-21","9.4612581990208850E-3","7.7180698067763322E-15","-1.6361077080707205E-3","3.9238963336163630E-14","3.0005410511603201E+0","3.4888759251848187E+0","2.0281656883477720E+2","1.0150776303573901E+1","3.054200000000000E-6"
"1293","9.9485259074775934E-1","6.9675294264603023E-21","9.2761767162780912E-3","-1.3504928215633843E-14","-3.8603362665830649E-3","-1.0391797345217288E-14","3.0005410396261500E+0","3.8947087842176362E+0","2.2640858808524212E+2","6.0206580396690201E+0","3.054200000000000E-6"
"1292","9.9485936534598440E-1","6.9679463308941716E-21","9.4653711420291005E-3","-3.1741096557712774E-14","-1.6122428525659237E-3","-1.0367634059875885E-13","3.0005408386239298E+0","3.4840409253500844E+0","2.0253549891488731E+2","1.0273329300767900E+1","3.054200000000000E-6"
"1291","9.9485569394265971E-1","6.9675284308841346E-21","9.2757078558401585E-3","-4.9416669705290514E-15","-3.8887129059606723E-3","-5.0097245096653049E-15","3.0005408371069602E+0","3.8995368453792540E+0","2.2668925464373314E+2","6.1266280393228296E+0","3.054200000000000E-6"
"1290","9.9485886052518657E-1","6.9675177130673002E-21","9.2752750046872258E-3","-1.2970290029624395E-14","-3.9171193886416772E-3","5.9950390222293587E-15","3.0005406301387199E+0","3.9043648748439490E+0","2.2696991935960745E+2","6.2327502931187002E+0","3.054200000000000E-6"
"1289","9.9486316133989794E-1","6.9682023113202031E-21","9.4695322341888447E-3","-6.7933139331228321E-14","-1.5884587408751874E-3","-2.4104008217054196E-13","3.0005406209262602E+0","3.4792058749601384E+0","2.0225442605610397E+2","1.0392352495112499E+1","3.054200000000000E-6"
"1288","9.9486209017767735E-1","6.9674712159251681E-21","9.2748779792195084E-3","-1.2160515841243930E-14","-3.9455552596459739E-3","4.6547804059576245E-15","3.0005404187343299E+0","3.9091928751719074E+0","2.2725058238169467E+2","6.3390319224518104E+0","3.054200000000000E-6"
"1287","9.9486705841679335E-1","6.9681638060185285E-21","9.4737415489603641E-3","1.4147999401445679E-13","-1.5647561416492694E-3","5.2217502903298982E-13","3.0005403980652798E+0","3.4743707770100944E+0","2.0197335043254020E+2","1.0507856676987601E+1","3.054200000000000E-6"
"1286","9.9486538258429036E-1","6.9674732207252719E-21","9.2745165954328176E-3","-5.8172982769643319E-15","-3.9740200665067541E-3","7.1279639734843568E-16","3.0005402029067501E+0","3.9140208489520845E+0","2.2753124386049686E+2","6.4454794527988097E+0","3.054200000000000E-6"
"1285","9.9487105718286151E-1","6.9678828466883277E-21","9.4779991577124169E-3","1.9435678487692440E-14","-1.5411358298426194E-3","7.0056638772921390E-14","3.0005401700391401E+0","3.4695356345836053E+0","2.0169227222345597E+2","1.0619852804577700E+1","3.054200000000000E-6"
"1284","9.9486873743098658E-1","6.9674895754613390E-21","9.2741906689440320E-3","-2.1410506739467261E-14","-4.0025133592400909E-3","7.7020735339524632E-16","3.0005399826690100E+0","3.9188487988014380E+0","2.2781190394814396E+2","6.5520988587851603E+0","3.054200000000000E-6"
"1283","9.9487515825033701E-1","6.9680202706253793E-21","9.4823051297188883E-3","-4.4184673360295575E-14","-1.5175985848097130E-3","-1.7327219541458222E-13","3.0005399368461600E+0","3.4647004508542665E+0","2.0141119161333987E+2","1.0728352274679500E+1","3.054200000000000E-6"
"1282","9.9487215440551580E-1","6.9674382518715122E-21","9.2739000150054533E-3","9.7813934839283304E-16","-4.0310346901355782E-3","4.5208302898666033E-16","3.0005397580342201E+0","3.9236767273639845E+0","2.2809256279833892E+2","6.6588956021290802E+0","3.054200000000000E-6"
"1281","9.9487936223761297E-1","6.9682001809745822E-21","9.4866595321407808E-3","-1.4992511570542580E-14","-1.4941451918348721E-3","-5.8144059863331420E-14","3.0005396984848698E+0","3.4598652290854401E+0","2.0113010879189889E+2","1.0833366831407901E+1","3.054200000000000E-6"
"1280","9.9487563319740058E-1","6.9674666149969877E-21","9.2736444485215820E-3","-7.0294681363722564E-15","-4.0595836141102837E-3","7.0316179006092515E-15","3.0005395290155401E+0","3.9285046373098038E+0","2.2837322056629964E+2","6.7658746719060501E+0","3.054200000000000E-6"
"1279","9.9488366976936937E-1","6.9682491864809984E-21","9.4910624299921493E-3","-7.9718787681051675E-14","-1.4707764420848330E-3","-3.4182723398672240E-13","3.0005394549539499E+0","3.4550299726306886E+0","2.0084902395408338E+2","1.0934908621014101E+1","3.054200000000000E-6"
"1278","9.9487917349790556E-1","6.9674681146141747E-21","9.2734237840845085E-3","-9.2989611133970762E-15","-4.0881596882326472E-3","1.0787627046354403E-14","3.0005392956262100E+0","3.9333325313341607E+0","2.2865387740870830E+2","6.8730406169419700E+0","3.054200000000000E-6"
"1277","9.9488808147666985E-1","6.9681866026321449E-21","9.4955138861678792E-3","-5.2236485725096365E-14","-1.4474931319875650E-3","-2.1742609596988314E-13","3.0005392062523000E+0","3.4501946849346870E+0","2.0056793730014050E+2","1.1032990305714600E+1","3.054200000000000E-6"
"1276","9.9488277500004230E-1","6.9674523534972374E-21","9.2732378359616802E-3","3.7273689218806198E-15","-4.1167624720286934E-3","2.3412993254835983E-15","3.0005390578795299E+0","3.9381604121566083E+0","2.2893453348365892E+2","6.9803975751190404E+0","3.054200000000000E-6"
"1275","9.9489259799710184E-1","6.9682845341787335E-21","9.5000139614011912E-3","-8.7812998728772761E-14","-1.4242960640410375E-3","-3.6098070477898423E-13","3.0005389523789598E+0","3.4453593695333584E+0","2.0028684903562177E+2","1.1127625015688301E+1","3.054200000000000E-6"
"1274","9.9488643739854099E-1","6.9674402205568064E-21","9.2730864181313818E-3","-5.5297743797928096E-16","-4.1453915274484027E-3","3.7260201673278841E-15","3.0005388157888500E+0","3.9429882825199942E+0","2.2921518895059967E+2","7.0879493017474102E+0","3.054200000000000E-6"
"1273","9.9489721997490599E-1","6.9682828552897520E-21","9.5045627142570227E-3","-1.9539137677429880E-13","-1.4011860464643641E-3","-8.2767322968001553E-13","3.0005386933331999E+0","3.4405240300546502E+0","2.0000575937142830E+2","1.1218826441884200E+1","3.054200000000000E-6"
"1272","9.9489016038983680E-1","6.9674478064929046E-21","9.2729693443008750E-3","-1.9715687173974290E-14","-4.1740464186833534E-3","1.0648966946956463E-14","3.0005385693676101E+0","3.9478161451896416E+0","2.2949584397028528E+2","7.1956991957320602E+0","3.054200000000000E-6"
"1271","9.9490194806111365E-1","6.9684324415766061E-21","9.5091602011078726E-3","4.2510211626038557E-14","-1.3781638930440386E-3","1.9233173051272826E-13","3.0005384291144499E+0","3.4356886702192040E+0","1.9972466852384969E+2","1.1306608890675101E+1","3.054200000000000E-6"
"1270","9.9489394367204642E-1","6.9674588377583584E-21","9.2728864279208508E-3","-1.4439722634578417E-14","-4.2027267121567385E-3","6.4056412275748005E-15","3.0005383186293000E+0","3.9526440029523595E+0","2.2977649870471950E+2","7.3036503205630297E+0","3.054200000000000E-6"
"1269","9.9490678291364965E-1","6.9684324332893025E-21","9.5138064761590164E-3","-9.0544654863365896E-14","-1.3552304245183127E-3","-3.9749416868738301E-13","3.0005381597223399E+0","3.4308532938398311E+0","1.9944357671453372E+2","1.1390987124232600E+1","3.054200000000000E-6"
"1268","9.9489778694497344E-1","6.9674380177869014E-21","9.2728374821907482E-3","-1.9435512253327714E-14","-4.2314319767601883E-3","3.9438028506924449E-15","3.0005380635874399E+0","3.9574718586155830E+0","2.3005715331710522E+2","7.4118054275995400E+0","3.054200000000000E-6"
"1267","9.9491172519751381E-1","6.9684324278589970E-21","9.5185015913763927E-3","3.0083590965066614E-14","-1.3323864665988866E-3","1.5824034252031053E-13","3.0005378851566902E+0","3.4260179048247323E+0","1.9916248417067328E+2","1.1471976659876200E+1","3.054200000000000E-6"
"1266","9.9490168991006855E-1","6.9674183422061426E-21","9.2728223200974000E-3","-3.1949554517383396E-16","-4.2601617835024584E-3","7.0403044782097366E-15","3.0005378042556701E+0","3.9622997150064387E+0","2.3033780797178986E+2","7.5201669743007100E+0","3.054200000000000E-6"
"1265","9.9491677558489899E-1","6.9684324343817998E-21","9.5232455965279187E-3","-3.2952573382950556E-14","-1.3096328520621810E-3","-1.5701433765705722E-13","3.0005376054174899E+0","3.4211825071749322E+0","1.9888139112485732E+2","1.1549593539118000E+1","3.054200000000000E-6"
"1264","9.9490565227043648E-1","6.9674166783999069E-21","9.2728407544009888E-3","5.6287506613376979E-15","-4.2889157058210847E-3","5.1798836912889958E-15","3.0005375406476298E+0","3.9671275749708594E+0","2.3061846283421428E+2","7.6287371417043497E+0","3.054200000000000E-6"
"1263","9.9492193475531698E-1","6.9684324283392894E-21","9.5280385391537190E-3","-1.8608387906177000E-13","-1.2869704194616962E-3","-8.7033824561153826E-13","3.0005373205049501E+0","3.4163471049868050E+0","1.9860029781521771E+2","1.1623854474718600E+1","3.054200000000000E-6"
"1262","9.9490967373080086E-1","6.9674406995780263E-21","9.2728925976906622E-3","-1.0787092238383911E-14","-4.3176933192863006E-3","9.6898264262916491E-15","3.0005372727770498E+0","3.9719554413726805E+0","2.3089911807085994E+2","7.7375178517625001E+0","3.054200000000000E-6"
"1261","9.9492720339581420E-1","6.9684324293787438E-21","9.5328804645273789E-3","-1.4639338436874746E-13","-1.2644000136340294E-3","-7.0279504263919788E-13","3.0005370304194598E+0","3.4115117024525792E+0","1.9831920448545858E+2","1.1694776854404800E+1","3.054200000000000E-6"
"1260","9.9491375399750115E-1","6.9674634900200558E-21","9.2729776623716072E-3","-8.2808002747836020E-15","-4.3464942016326370E-3","3.5150837766261670E-15","3.0005370006577099E+0","3.9767833170928086E+0","2.3117977384920073E+2","7.8465107815196600E+0","3.054200000000000E-6"
"1259","9.9493258220103253E-1","6.9684324286219798E-21","9.5377714157024382E-3","5.6801963264017004E-14","-1.2419224860028681E-3","2.8578807732120081E-13","3.0005367351615999E+0","3.4066763038605203E+0","1.9803811138486688E+2","1.1762378677264101E+1","3.054200000000000E-6"
"1258","9.9491789277848053E-1","6.9674759375554090E-21","9.2730957606895672E-3","-4.6405857114923386E-15","-4.3753179329170224E-3","1.1902214863409344E-14","3.0005367243034402E+0","3.9816112050282406E+0","2.3146043033764585E+2","7.9557173774798500E+0","3.054200000000000E-6"
"1257","9.9492208978326901E-1","6.9674854871506660E-21","9.2732467047357547E-3","-1.7493415592972613E-14","-4.4041640953953959E-3","1.3901750291329510E-14","3.0005364437281301E+0","3.9864391080912487E+0","2.3174108770549259E+2","8.0651388683344098E+0","3.054200000000000E-6"
"1256","9.9493807187345817E-1","6.9684324290845400E-21","9.5427114334383206E-3","-1.2389192356057302E-13","-1.2195386951324918E-3","-5.9299203607986412E-13","3.0005364347321399E+0","3.4018409135958585E+0","1.9775701876836638E+2","1.1826678565632101E+1","3.054200000000000E-6"
"1255","9.9492634472295804E-1","6.9674849788820664E-21","9.2734303064913471E-3","1.6484472042394015E-15","-4.4330322733558050E-3","4.3753583562954450E-15","3.0005361589457200E+0","3.9912670292085424E+0","2.3202174612287743E+2","8.1747762765379797E+0","3.054200000000000E-6"
"1254","9.9494367312352838E-1","6.9684324312359000E-21","9.5477005562287186E-3","-6.0190766111244554E-14","-1.1972495051402129E-3","-3.0494481404543532E-13","3.0005361291320600E+0","3.3970055361420219E+0","1.9747592689658933E+2","1.1887695905603501E+1","3.054200000000000E-6"
"1253","9.9493065731020303E-1","6.9675072793635263E-21","9.2736463778196453E-3","5.2811892596462443E-15","-4.4619220534040877E-3","-1.6089558042815963E-14","3.0005358699702098E+0","3.9960949713202840E+0","2.3230240576071893E+2","8.2846304297066702E+0","3.054200000000000E-6"
"1252","9.9494938666981392E-1","6.9684324406536614E-21","9.5527388202809732E-3","-5.9689831992200577E-14","-1.1750557877574141E-3","-3.1412810191738185E-13","3.0005358183625201E+0","3.3921701760807297E+0","1.9719483603588176E+2","1.1945450658447900E+1","3.054200000000000E-6"
"1251","9.9493502725920502E-1","6.9675108352950723E-21","9.2738947304770343E-3","2.4328878896223356E-15","-4.4908330242505456E-3","-8.2726945068969824E-15","3.0005355768156501E+0","4.0009229373793156E+0","2.3258306679067280E+2","8.3947019705180104E+0","3.054200000000000E-6"
"1250","9.9495521323918779E-1","6.9684324400329642E-21","9.5578262595077922E-3","3.1958733776183290E-14","-1.1529584211292833E-3","1.6847629838089471E-13","3.0005355024248801E+0","3.3873348380933166E+0","1.9691374645838079E+2","1.1999963486641599E+1","3.054200000000000E-6"
"1249","9.9493945428569019E-1","6.9675008144927688E-21","9.2741751761521007E-3","1.3864298255275515E-15","-4.5197647766878719E-3","5.1559029889787796E-15","3.0005352794961202E+0","4.0057509303503389E+0","2.3286372938508404E+2","8.5049913662281007E+0","3.054200000000000E-6"
"1248","9.9496115356701786E-1","6.9684324595016138E-21","9.5629629055098767E-3","-1.2070113731854354E-13","-1.1309582908249026E-3","-6.3732184996714543E-13","3.0005351813207199E+0","3.3824995269613329E+0","1.9663265844204912E+2","1.2051255678949801E+1","3.054200000000000E-6"
"1247","9.9494393810690573E-1","6.9675071521790263E-21","9.2744875264552679E-3","-9.6458926374860168E-15","-4.5487169036587940E-3","5.7901995893321221E-15","3.0005349780257800E+0","4.0105789532089897E+0","2.3314439371693345E+2","8.6154989170154508E+0","3.054200000000000E-6"
"1246","9.9496720839731778E-1","6.9684324599389398E-21","9.5681487875690484E-3","-6.4716161681081848E-14","-1.1090562888098001E-3","-3.5407773924445873E-13","3.0005348550517699E+0","3.3776642475677647E+0","1.9635157227074623E+2","1.2099349244687501E+1","3.054200000000000E-6"
"1245","9.9494847844159640E-1","6.9674915387257528E-21","9.2748315929548474E-3","-5.5090072644688391E-15","-4.5776890001535736E-3","1.0178140800293930E-14","3.0005346724188202E+0","4.0154070089410157E+0","2.3342505995978951E+2","8.7659478285827408E+0","3.054200000000000E-6"
"1244","9.9497337848297229E-1","6.9684324598016180E-21","9.5733839326329756E-3","-1.5185983963333775E-13","-1.0872533149979416E-3","-8.2172920264646392E-13","3.0005345236200101E+0","3.3728290048976244E+0","1.9607048823426263E+2","1.2144266771343201E+1","3.054200000000000E-6"
"1243","9.9495307501000252E-1","6.9675109150016962E-21","9.2752071871750868E-3","-4.2627067401214475E-15","-4.6066806633039128E-3","-3.6795731872098552E-15","3.0005343626894798E+0","4.0202351005414885E+0","2.3370572828776281E+2","8.8371689023877806E+0","3.054200000000000E-6"
"1242","9.9497966458588538E-1","6.9684324602902144E-21","9.5786683653263510E-3","2.9268092672973187E-14","-1.0655502758903687E-3","1.3819294967959588E-13","3.0005341870276001E+0","3.3679938040394024E+0","1.9578940662840429E+2","1.2186031565766401E+1","3.054200000000000E-6"
"1241","9.9495772753383938E-1","6.9675134278438502E-21","9.2756141206256550E-3","-7.7563642755677011E-15","-4.6356914923009248E-3","9.2913518267587365E-15","3.0005340488520602E+0","4.0250632310139132E+0","2.3398639887545414E+2","8.9483311747042293E+0","3.054200000000000E-6"
"1240","9.9498606747722484E-1","6.9684324777110226E-21","9.5840021079141528E-3","3.0310381565603399E-14","-1.0439480862369647E-3","1.6069937166490547E-13","3.0005338452768799E+0","3.3631586501856598E+0","1.9550832775502690E+2","1.2224667507139699E+1","3.054200000000000E-6"
"1239","9.9496243573629184E-1","6.9675102557859524E-21","9.2760522047940046E-3","-8.8862889478736929E-15","-4.6647210883761139E-3","3.0640633996309225E-15","3.0005337309208802E+0","4.0298914033694908E+0","2.3426707189791176E+2","9.0597112929532209E+0","3.054200000000000E-6"
"1238","9.9499258793757839E-1","6.9684324819488975E-21","9.5893851803085170E-3","1.2122468671532492E-13","-1.0224476677103253E-3","6.9062702633865677E-13","3.0005334983704199E+0","3.3583235486345400E+0","1.9522725192212414E+2","1.2260199163845600E+1","3.054200000000000E-6"
"1237","9.9496719934198541E-1","6.9675124539294246E-21","9.2765212511946079E-3","-4.3695068117988459E-15","-4.6937690547584482E-3","-5.4748562416386825E-15","3.0005334089103401E+0","4.0347196206261993E+0","2.3454774753057777E+2","9.1713088356990706E+0","3.054200000000000E-6"
"1236","9.9499922675720098E-1","6.9684324980951057E-21","9.5948176000570460E-3","-2.8703596192333662E-13","-1.0010499503849781E-3","-1.6448661177224862E-12","3.0005331463109899E+0","3.3534885047906253E+0","1.9494617944387699E+2","1.2292651668201801E+1","3.054200000000000E-6"
"1235","9.9497201807699798E-1","6.9675142562573710E-21","9.2770210713475597E-3","5.6823999194829784E-15","-4.7228349967654969E-3","-3.0945857537748371E-15","3.0005330828348602E+0","4.0395478858081013E+0","2.3482842594924804E+2","9.2831232565798203E+0","3.054200000000000E-6"
"1234","9.9500598473620605E-1","6.9684324897103034E-21","9.6002993823373125E-3","-2.2129345982636711E-14","-9.7975587082710022E-4","-1.0707500790051828E-13","3.0005327891015598E+0","3.3486535241668793E+0","1.9466511064076701E+2","1.2322050876663400E+1","3.054200000000000E-6"
"1233","9.9497689166882686E-1","6.9675000351660052E-21","9.2775514768114326E-3","-8.9058689601511796E-15","-4.7519185217367458E-3","5.2449400391929625E-15","3.0005327527088901E+0","4.0443762019444760E+0","2.3510910733002183E+2","9.3951538888223407E+0","3.054200000000000E-6"
"1232","9.9501286268479450E-1","6.9684324862505132E-21","9.6058305399345911E-3","2.0726782544372138E-13","-9.5856637500095607E-4","1.2136256358211851E-12","3.0005324267452802E+0","3.3438186123847702E+0","1.9438404583958348E+2","1.2348423150353300E+1","3.054200000000000E-6"
"1231","9.9498181984638490E-1","6.9675005655626552E-21","9.2781122792001802E-3","-1.3730106665463220E-14","-4.7810192388966534E-3","2.3404325997796463E-14","3.0005324185469702E+0","4.0492045720690681E+0","2.3538979184925768E+2","9.5073999521305108E+0","3.054200000000000E-6"
"1230","9.9498680233999215E-1","6.9675158235431072E-21","9.2787032901817147E-3","3.3943721924510054E-15","-4.8101367594863588E-3","-7.2871706570275858E-15","3.0005320803636302E+0","4.0540329992193511E+0","2.3567047968353120E+2","9.6198605547641893E+0","3.054200000000000E-6"
"1229","9.9501986142347698E-1","6.9684324993928214E-21","9.6114110832575001E-3","3.0514148274008640E-13","-9.3748241652891391E-4","1.8183014049542048E-12","3.0005320592455500E+0","3.3389837751764917E+0","1.9410298537355217E+2","1.2371795461950400E+1","3.054200000000000E-6"
"1228","9.9499183888135878E-1","6.9675200125298075E-21","9.2793243214942221E-3","-1.0583595165047934E-14","-4.8392706968813934E-3","4.6093291852535261E-15","3.0005317381734802E+0","4.0588614864356032E+0","2.3595117100958083E+2","9.7325346991097206E+0","3.054200000000000E-6"
"1227","9.9502698178332194E-1","6.9684324989220369E-21","9.6170410203036613E-3","9.0114477699197992E-14","-9.1650495736497056E-4","5.4355415962562252E-13","3.0005316866059299E+0","3.3341490183862010E+0","1.9382192958240782E+2","1.2392195386733601E+1","3.054200000000000E-6"
"1226","9.9499692920356986E-1","6.9675067975383827E-21","9.2799751849851984E-3","-9.7646316206316409E-15","-4.8684206661453707E-3","-3.5416413754473333E-15","3.0005313919911498E+0","4.0636900367603603E+0","2.3623186600427638E+2","9.8454212875258502E+0","3.054200000000000E-6"
"1225","9.9503422460618707E-1","6.9684325334955970E-21","9.6227203566522194E-3","2.7801941747285023E-13","-8.9563496729087812E-4","1.7170469941455385E-12","3.0005313088302299E+0","3.3293143479716654E+0","1.9354087881248935E+2","1.2409651113692300E+1","3.054200000000000E-6"
"1224","9.9500207304108335E-1","6.9674964075967626E-21","9.2806556925863117E-3","2.5089567462224988E-15","-4.8975862844482616E-3","7.2232842848462204E-15","3.0005310418313100E+0","4.0685186532375086E+0","2.3651256484456619E+2","9.9585191232428105E+0","3.054200000000000E-6"
"1223","9.9504159074495357E-1","6.9684325352955621E-21","9.6284490954987711E-3","-3.6402510168035614E-13","-8.7487342594136808E-4","-2.2790858168232810E-12","3.0005309259224302E+0","3.3244797700052415E+0","1.9325983341679722E+2","1.2424191284632700E+1","3.054200000000000E-6"
"1222","9.9500727012971368E-1","6.9674869611175056E-21","9.2813656563426519E-3","-3.0329739644542259E-15","-4.9267671708935088E-3","1.3124667215070567E-14","3.0005306877086699E+0","4.0733473389115806E+0","2.3679326770743597E+2","1.0071826916047300E+1","3.054200000000000E-6"
"1221","9.9504908106380530E-1","6.9684325290888737E-21","9.6342272375937472E-3","-2.5737395247496155E-13","-8.5422131978064061E-4","-1.6355382695890212E-12","3.0005305378867302E+0","3.3196452906767022E+0","1.9297879375515748E+2","1.2435845247005400E+1","3.054200000000000E-6"
"1220","9.9501252020661313E-1","6.9674803652742343E-21","9.2821048884472318E-3","-3.7886931336379384E-15","-4.9559629463724981E-3","4.3771028991226135E-15","3.0005303296379902E+0","4.0781760968270442E+0","2.3707397476986793E+2","1.0185343286268999E+1","3.054200000000000E-6"
"1219","9.9505669643848327E-1","6.9684325308820288E-21","9.6400547812529550E-3","1.1043622604953763E-14","-8.3367964573702791E-4","6.1336772254087094E-14","3.0005301447275601E+0","3.3148109162935886E+0","1.9269776019424233E+2","1.2444642764038001E+1","3.054200000000000E-6"
"1218","9.9501782301027775E-1","6.9674744907020234E-21","9.2828732012134457E-3","-1.2005429515222172E-14","-4.9851732338127416E-3","1.7246449661278145E-14","3.0005299676340398E+0","4.0830049300275961E+0","2.3735468620879919E+2","1.0299066765939100E+1","3.054200000000000E-6"
"1217","9.9506443775653231E-1","6.9684325369279863E-21","9.6459317223794704E-3","3.1152592471524263E-14","-8.1324940956308683E-4","2.2204454790094411E-13","3.0005297464495202E+0","3.3099766532838042E+0","1.9241673310772094E+2","1.2450614131873500E+1","3.054200000000000E-6"
"1216","9.9502317828051723E-1","6.9674793631141186E-21","9.2836704071194414E-3","-8.4750797750951324E-15","-5.0143976579094538E-3","1.3597201277829925E-14","3.0005296017116501E+0","4.0878338415554074E+0","2.3763540220107845E+2","1.0412995803740699E+1","3.054200000000000E-6"
"1215","9.9507230591762763E-1","6.9684325121684777E-21","9.6518580544103644E-3","-2.0900624920542738E-13","-7.9293162607148033E-4","-1.4021274249327871E-12","3.0005293430574600E+0","3.3051425081976089E+0","1.9213571287637529E+2","1.2453790182883600E+1","3.054200000000000E-6"
"1214","9.9502858575845909E-1","6.9674823050036834E-21","9.2844963188033827E-3","-8.0434554760180565E-15","-5.0436358453177267E-3","5.5878157844100134E-15","3.0005292318856802E+0","4.0926628344504099E+0","2.3791612292342401E+2","1.0527128766905900E+1","3.054200000000000E-6"
"1213","9.9508030183382334E-1","6.9684325200187066E-21","9.6578337683367894E-3","-2.3359274043944283E-13","-7.7272731921637920E-4","-1.5814032662052430E-12","3.0005289345564199E+0","3.3003084877094686E+0","1.9185469988820785E+2","1.2454202255436400E+1","3.054200000000000E-6"
"1212","9.9503404518652849E-1","6.9674793497630291E-21","9.2853507490806286E-3","-6.6244783666888930E-15","-5.0728874245313978E-3","3.1203994025347940E-16","3.0005288581710201E+0","4.0974919117496524E+0","2.3819684855238668E+2","1.0641463943878200E+1","3.054200000000000E-6"
"1211","9.9508842642985285E-1","6.9684326473292180E-21","9.6638588526794106E-3","2.6076514905135100E-13","-7.5263752266798616E-4","1.7861972962015106E-12","3.0005285209516401E+0","3.2954745986200429E+0","1.9157369453855696E+2","1.2451882179083301E+1","3.054200000000000E-6"
"1210","9.9503955630843988E-1","6.9674752266616384E-21","9.2862335109618922E-3","-9.4505113715309845E-15","-5.1021520258824424E-3","1.2195624327332715E-14","3.0005284805826000E+0","4.1023210764865636E+0","2.3847757926430688E+2","1.0755999548662199E+1","3.054200000000000E-6"
"1209","9.9509668064344869E-1","6.9684326393326185E-21","9.6699332935310852E-3","1.3344293972588998E-13","-7.3266328075348116E-4","9.3876980998797359E-13","3.0005281022485999E+0","3.2906408478584837E+0","1.9129269723023049E+2","1.2446862160069800E+1","3.054200000000000E-6"
"1208","9.9504511886918701E-1","6.9674768622030736E-21","9.2871444176545834E-3","9.8087537437189033E-16","-5.1314292815003420E-3","-9.5174379430536465E-16","3.0005280991353600E+0","4.1071503316903222E+0","2.3875831523527776E+2","1.0870733720925200E+1","3.054200000000000E-6"
"1207","9.9505073261503707E-1","6.9674785873895723E-21","9.2880832825774761E-3","-6.9158793199048831E-15","-5.1607188254564288E-3","1.0321510648270134E-14","3.0005277138443098E+0","4.1119796803851463E+0","2.3903905664110437E+2","1.0985664529416200E+1","3.054200000000000E-6"
"1206","9.9510506542564470E-1","6.9684326302936003E-21","9.6760570744684124E-3","-2.5571648015671808E-13","-7.1280564696055550E-4","-1.7843821219770593E-12","3.0005276784529800E+0","3.2858072424848412E+0","1.9101170837364580E+2","1.2439174940444000E+1","3.054200000000000E-6"
"1205","9.9505639729350892E-1","6.9674733670167017E-21","9.2890499193779945E-3","-6.6216256474715401E-15","-5.1900202934943599E-3","7.1663961802554250E-16","3.0005273247244602E+0","4.1168091255897012E+0","2.3931980365726872E+2","1.1100789974512400E+1","3.054200000000000E-6"
"1204","9.9511358174109465E-1","6.9684326216249114E-21","9.6822301766197189E-3","3.9282228260809576E-13","-6.9306568439551832E-4","2.7860969372739812E-12","3.0005272495706801E+0","3.2809737896928399E+0","1.9073072838699105E+2","1.2428853733311501E+1","3.054200000000000E-6"
"1203","9.9506211265337141E-1","6.9674762795020603E-21","9.2900441419394835E-3","1.0726658570592387E-15","-5.2193333232281348E-3","2.4458342632877772E-15","3.0005269317908700E+0","4.1216386703163712E+0","2.3960055645888792E+2","1.1216107990253100E+1","3.054200000000000E-6"
"1202","9.9512223056843707E-1","6.9684326136747960E-21","9.6884525786067634E-3","-1.2407218427889178E-12","-6.7344446937604230E-4","-9.0239128268558905E-12","3.0005268156077900E+0","3.2761404968110770E+0","1.9044975769629477E+2","1.2415931990317800E+1","3.054200000000000E-6"
"1201","9.9506787844463029E-1","6.9674736256296087E-21","9.2910657643915148E-3","-1.1447386269387109E-15","-5.2486575540674060E-3","2.1396339730646604E-15","3.0005265350586101E+0","4.1264683175706720E+0","2.3988131522067957E+2","1.1331616445229001E+1","3.054200000000000E-6"
"1200","9.9513101290056616E-1","6.9684324750949387E-21","9.6947242565834941E-3","-7.1209974360287072E-13","-6.5394308428099357E-4","-5.2320675431653739E-12","3.0005263765706500E+0","3.2713073713082284E+0","1.9016879673572876E+2","1.2400443861778500E+1","3.054200000000000E-6"
"1199","9.9507369441852456E-1","6.9674793640145706E-21","9.2921146011157238E-3","4.4682303587571863E-15","-5.2779926271819830E-3","1.5157510957083072E-15","3.0005261345427998E+0","4.1312980703506650E+0","2.4016208011692802E+2","1.1447313145922701E+1","3.054200000000000E-6"
"1198","9.9513992974508891E-1","6.9684323614589391E-21","9.7010451841903385E-3","-8.2482017381347364E-13","-6.3456262659017447E-4","-6.1788593239091836E-12","3.0005259324657900E+0","3.2664744207931009E+0","1.8988784594761080E+2","1.2382423617948200E+1","3.054200000000000E-6"
"1197","9.9507956032749956E-1","6.9674784050616415E-21","9.2931904667759736E-3","-7.9269895271153707E-15","-5.3073381855120267E-3","7.7234988564384464E-15","3.0005257302585799E+0","4.1361279316462438E+0","2.4044285132144299E+2","1.1563195837734900E+1","3.054200000000000E-6"
"1196","9.9514898212460212E-1","6.9684324227334460E-21","9.7074153325657758E-3","-2.9396780744542215E-13","-6.1530420262101068E-4","-2.2395217366680234E-12","3.0005254832999801E+0","3.2616416530194443E+0","1.8960690578268466E+2","1.2361906062358599E+1","3.054200000000000E-6"
"1195","9.9508547592521657E-1","6.9674810489970650E-21","9.2942931763045546E-3","3.3508502785422335E-15","-5.3366938736953981E-3","-1.6281054942818364E-15","3.0005253222211099E+0","4.1409579044386478E+0","2.4072362900753069E+2","1.1679262207701200E+1","3.054200000000000E-6"
"1194","9.9515817107712667E-1","6.9684324237303464E-21","9.7138346703289895E-3","-5.1639071709918256E-13","-5.9616893147798893E-4","-3.9531614459002111E-12","3.0005250290801802E+0","3.2568090758880519E+0","1.8932597670024199E+2","1.2338926256480800E+1","3.054200000000000E-6"
"1193","9.9509144096653279E-1","6.9674735830344480E-21","9.2954225449265789E-3","4.6384366648603743E-15","-5.3660593382204198E-3","-7.9576461760447549E-15","3.0005249104455900E+0","4.1457879916997644E+0","2.4100441334795417E+2","1.1795509883156400E+1","3.054200000000000E-6"
"1192","9.9516749765643797E-1","6.9684323899530590E-21","9.7203031636090721E-3","-4.3704185468193555E-13","-5.7715794245862559E-4","-3.4152986387744743E-12","3.0005245698135998E+0","3.2519766974508451E+0","1.8904505916835998E+2","1.2313519691263901E+1","3.054200000000000E-6"
"1191","9.9509745520749104E-1","6.9674728566587871E-21","9.2965783881718035E-3","6.4452196510017408E-15","-5.3954342272290743E-3","-4.5502227668471560E-15","3.0005244949472401E+0","4.1506181963915747E+0","2.4128520451490022E+2","1.1911936438069700E+1","3.054200000000000E-6"
"1190","9.9517696293252700E-1","6.9684324050726804E-21","9.7268207759908260E-3","3.9185555899758205E-13","-5.5827237720969930E-4","3.1195541288820470E-12","3.0005241055076399E+0","3.2471445259137250E+0","1.8876415366406698E+2","1.2285722164746600E+1","3.054200000000000E-6"
"1189","9.9510351840531408E-1","6.9674724373881730E-21","9.2977605218767748E-3","-2.6840781889840927E-15","-5.4248181906193906E-3","-9.9873455726475687E-16","3.0005240757413101E+0","4.1554485214656554E+0","2.4156600267995097E+2","1.2028539389799100E+1","3.054200000000000E-6"
"1188","9.9510963031839161E-1","6.9674725591228781E-21","9.2989687622009286E-3","-8.0290715145926881E-16","-5.4542108799484528E-3","1.0069035683501708E-16","3.0005236528430599E+0","4.1602789698625218E+0","2.4184680801404551E+2","1.2145316203917099E+1","3.054200000000000E-6"
"1187","9.9518656799199023E-1","6.9684323430948630E-21","9.7333874685298829E-3","-1.0098459298296280E-12","-5.3951339105101919E-4","-8.0987549601197987E-12","3.0005236361699401E+0","3.2423125696397470E+0","1.8848326067352707E+2","1.2255569684278599E+1","3.054200000000000E-6"
"1186","9.9511579070627698E-1","6.9674764657210031E-21","9.3002029256286922E-3","-5.7300639386482860E-15","-5.4836119485541278E-3","2.2450958338082269E-15","3.0005232262677901E+0","4.1651095445111164E+0","2.4212762068745010E+2","1.2262264293689700E+1","3.054200000000000E-6"
"1185","9.9519631393843078E-1","6.9684324108071759E-21","9.7400031997617181E-3","-8.5305604509493907E-13","-5.2088214848895027E-4","-6.9422891325721533E-12","3.0005231618083501E+0","3.2374808371544810E+0","1.8820238069235168E+2","1.2223098766713100E+1","3.054200000000000E-6"
"1184","9.9512199932966539E-1","6.9674791704373944E-21","9.3014628289958025E-3","4.3894970671025563E-15","-5.5130210513575553E-3","-8.8818422667540018E-15","3.0005227960308201E+0","4.1699402483282810E+0","2.4240844086972771E+2","1.2379381022758000E+1","3.054200000000000E-6"
"1183","9.9520620189295628E-1","6.9684324280820273E-21","9.7466679256622557E-3","-1.0986439037393908E-13","-5.0237982907259655E-4","-9.0709495587136995E-13","3.0005226824309399E+0","3.2326493371481080E+0","1.8792151422572149E+2","1.2188346046820101E+1","3.054200000000000E-6"
"1182","9.9512825595040111E-1","6.9674794524366896E-21","9.3027482894742445E-3","7.3029260079032705E-15","-5.5424378450836514E-3","-1.8013900455864638E-14","3.0005223621474801E+0","4.1747710842181860E+0","2.4268926872970459E+2","1.2496663703981399E+1","3.054200000000000E-6"
"1181","9.9521623299456707E-1","6.9684324776270626E-21","9.7533815996682996E-3","1.0530339775627339E-12","-4.8400762480357856E-4","8.7781481694484604E-12","3.0005221980460202E+0","3.2278180784802308E+0","1.8764066178866608E+2","1.2151348467426001E+1","3.054200000000000E-6"
"1180","9.9513456033145131E-1","6.9674757663476097E-21","9.3040591246113628E-3","-8.4546393625735315E-15","-5.5718619880709202E-3","1.8354605121056237E-14","3.0005219246331598E+0","4.1796020550718174E+0","2.4297010443544050E+2","1.2614109603365399E+1","3.054200000000000E-6"
"1179","9.9522640840068799E-1","6.9684326166929057E-21","9.7601441726654671E-3","-1.1513628532310988E-12","-4.6576674249476771E-4","-9.7497415480637767E-12","3.0005217086621001E+0","3.2229870701839447E+0","1.8735982390630053E+2","1.2112143133782499E+1","3.054200000000000E-6"
"1178","9.9514091223691026E-1","6.9674741021589912E-21","9.3053951523084863E-3","-9.7209222497131305E-16","-5.6012931402192453E-3","-2.8997519766726504E-15","3.0005214835032201E+0","4.1844331637665846E+0","2.4325094815420607E+2","1.2731715941230600E+1","3.054200000000000E-6"
"1177","9.9523672928761930E-1","6.9684325004503751E-21","9.7669555929566446E-3","-1.7120716495706659E-12","-4.4765839892126427E-4","-1.4718943568357491E-11","3.0005212142879198E+0","3.2181563214716786E+0","1.8707900111416498E+2","1.2070767591948000E+1","3.054200000000000E-6"
"1176","9.9514731143198687E-1","6.9674699453514566E-21","9.3067561908524808E-3","2.6398937493988159E-16","-5.6307309632555695E-3","4.9234247960655481E-15","3.0005210387730701E+0","4.1892644131656267E+0","2.4353180005244229E+2","1.2849479889658801E+1","3.054200000000000E-6"
"1175","9.9524719685102125E-1","6.9684324901030562E-21","9.7738158063102303E-3","-1.3630029118645090E-12","-4.2968382709044950E-4","-1.1857638340436547E-11","3.0005207149324700E+0","3.2133258417380657E+0","1.8679819395839164E+2","1.2027259470221400E+1","3.054200000000000E-6"
"1174","9.9515375768298908E-1","6.9674671310182558E-21","9.3081420589136137E-3","2.5288323624374840E-15","-5.6601751204168587E-3","-2.5129276944881658E-15","3.0005205904581498E+0","4.1940958061174625E+0","2.4381266029574030E+2","1.2967398577929901E+1","3.054200000000000E-6"
"1173","9.9525781230647070E-1","6.9684331687491055E-21","9.7807247559009106E-3","3.1246334080844050E-13","-4.1184427384705400E-4","2.7584142518351125E-12","3.0005202106049200E+0","3.2084956405657827E+0","1.8651740299604398E+2","1.1981656621781999E+1","3.054200000000000E-6"
"1172","9.9516025075732095E-1","6.9674667041609643E-21","9.3095525755611027E-3","3.0626481831677638E-15","-5.6896252766265873E-3","3.8392241712672815E-15","3.0005201385739002E+0","4.1989273454554645E+0","2.4409352904881061E+2","1.3085469090905701E+1","3.054200000000000E-6"
"1171","9.9526857689001780E-1","6.9684319079499850E-21","9.7876823822864254E-3","1.1682914496159702E-12","-3.9414100169627369E-4","1.0460338328244819E-11","3.0005197013147100E+0","3.2036657277303000E+0","1.8623662879539319E+2","1.1933997042968400E+1","3.054200000000000E-6"
"1170","9.9516679042347644E-1","6.9674659695238177E-21","9.3109875602660885E-3","-3.1903359683623102E-15","-5.7190810984181790E-3","1.1244748457823304E-14","3.0005196831357801E+0","4.2037590339974349E+0","2.4437440647545884E+2","1.3203688470997900E+1","3.054200000000000E-6"
"1169","9.9517337645102266E-1","6.9674651465735643E-21","9.3124468329146975E-3","-4.0272659015148776E-15","-5.7485422539038933E-3","1.8343281699330503E-14","3.0005192241592802E+0","4.2085908745450960E+0","2.4465529273855557E+2","1.3322053719310301E+1","3.054200000000000E-6"
"1168","9.9527949185862374E-1","6.9684359342629614E-21","9.7946886235128570E-3","2.9586337999562257E-12","-3.7657528627729764E-4","2.6806615447711662E-11","3.0005191870714798E+0","3.1988361132061356E+0","1.8595587193628140E+2","1.1884318975014100E+1","3.054200000000000E-6"
"1167","9.9518000861059797E-1","6.9674672748283520E-21","9.3139302138089148E-3","-8.9472024862123753E-15","-5.7780084128356626E-3","6.6973737181084113E-15","3.0005187616598898E+0","4.2134228698836731E+0","2.4493618800001258E+2","1.3440561795761800E+1","3.054200000000000E-6"
"1166","9.9529055849088777E-1","6.9684357637731427E-21","9.8017434149410883E-3","-2.1597503861940973E-12","-3.5914842206630465E-4","-1.9813303012779870E-11","3.0005186678851201E+0","3.1940068071707031E+0","1.8567513301034563E+2","1.1832660669765000E+1","3.054200000000000E-6"
"1165","9.9518668667390131E-1","6.9674691276548662E-21","9.3154375236847234E-3","1.4735030937346484E-15","-5.8074792465368091E-3","6.8198592058348851E-15","3.0005182956531500E+0","4.2182550227814861E+0","2.4521709242075880E+2","1.3559209620323600E+1","3.054200000000000E-6"
"1164","9.9530177808751574E-1","6.9684360450375166E-21","9.8088466893922963E-3","3.3470099570086135E-12","-3.4186171086555977E-4","3.1120353653166894E-11","3.0005181437657198E+0","3.1891778200146392E+0","1.8539441262161807E+2","1.1779060905680801E+1","3.054200000000000E-6"
"1163","9.9519341041368303E-1","6.9674734495353369E-21","9.3169685837126825E-3","3.8100675334911612E-16","-5.8369544279531149E-3","2.7130973633834744E-15","3.0005178261545700E+0","4.2230873359894607E+0","2.4549800616071201E+2","1.3677994073762900E+1","3.054200000000000E-6"
"1162","9.9531315197200598E-1","6.9684325236591520E-21","9.8159983770319086E-3","4.5802832863259199E-13","-3.2471648217026055E-4","4.3032449393274974E-12","3.0005176147236301E+0","3.1843491623407352E+0","1.8511371138646393E+2","1.1723558034443000E+1","3.054200000000000E-6"
"1161","9.9520017960373364E-1","6.9674730177630391E-21","9.3185232155107139E-3","7.0326408798972718E-16","-5.8664336315545395E-3","7.8992623760299156E-15","3.0005173531797200E+0","4.2279198122407626E+0","2.4577892937875754E+2","1.3796911998715499E+1","3.054200000000000E-6"
"1160","9.9532468149122011E-1","6.9683994786771073E-21","9.8231984054146550E-3","-1.0829429978377289E-11","-3.0771407557721094E-4","-1.0341096514335641E-10","3.0005170807694199E+0","3.1795208449770311E+0","1.8483302993434265E+2","1.1666190834215300E+1","3.054200000000000E-6"
"1159","9.9520699401888135E-1","6.9674744917629625E-21","9.3201012411494345E-3","-3.5196269937049575E-15","-5.8959165333993110E-3","1.1926673976958558E-14","3.0005168767441699E+0","4.2327524542504147E+0","2.4605986223272612E+2","1.3915960201036601E+1","3.054200000000000E-6"
"1158","9.9533636801614989E-1","6.9684050500284537E-21","9.8304466994754910E-3","-8.3309348701688738E-14","-2.9085583987441006E-4","-8.2037396361023060E-13","3.0005165419138802E+0","3.1746928789828872E+0","1.8455236890816090E+2","1.1606998520729100E+1","3.054200000000000E-6"
"1157","9.9521385343498359E-1","6.9674722862174930E-21","9.3217024831541342E-3","-3.0975475461384774E-15","-5.9254028111065246E-3","9.8623581200878159E-15","3.0005163968634800E+0","4.2375852647148724E+0","2.4634080487936905E+2","1.4035135449024800E+1","3.054200000000000E-6"
"1156","9.9534821294243925E-1","6.9683966669354063E-21","9.8377431814768608E-3","-2.0209311586787913E-12","-2.7414315867595505E-4","-1.9793184414359448E-11","3.0005159981680700E+0","3.1698652756501562E+0","1.8427172896434058E+2","1.1546019601351500E+1","3.054200000000000E-6"
"1155","9.9522075762891371E-1","6.9674731104713678E-21","9.3233267645246153E-3","-5.5717813784282354E-15","-5.9548921438515494E-3","1.3783176554074242E-14","3.0005159135532700E+0","4.2424182463116500E+0","2.4662175747433648E+2","1.4154434475560700E+1","3.054200000000000E-6"
"1154","9.9536021769118077E-1","6.9683961118406232E-21","9.8450877710546669E-3","2.6281877168808231E-12","-2.5757741898257351E-4","2.6073292748980981E-11","3.0005154495432400E+0","3.1650380465184660E+0","1.8399111077370750E+2","1.1483293289838301E+1","3.054200000000000E-6"
"1153","9.9522770637855051E-1","6.9674698416286397E-21","9.3249739087380001E-3","-8.2057956601953221E-16","-5.9843842122960043E-3","2.8536794058872961E-15","3.0005154268291299E+0","4.2472514016989491E+0","2.4690272017215594E+2","1.4273853978939300E+1","3.054200000000000E-6"
"1152","9.9523469946278265E-1","6.9674709177465853E-21","9.3266437397431564E-3","-6.3683206066094506E-15","-6.0138786987312719E-3","-3.7741513889502136E-15","3.0005149367066899E+0","4.2520847335152743E+0","2.4718369312620993E+2","1.4393390621129800E+1","3.054200000000000E-6"
"1151","9.9537238370967174E-1","6.9683955832352054E-21","9.8524803851613978E-3","-1.8744888701239736E-12","-2.4116003478900618E-4","-1.8826194896589533E-11","3.0005148960509098E+0","3.1602112033771941E+0","1.8371051502160589E+2","1.1418858487799101E+1","3.054200000000000E-6"
"1150","9.9524173666148952E-1","6.9674709685135615E-21","9.3283360819890401E-3","1.0313006885906912E-15","-6.0433752868843107E-3","-1.8422380420238283E-15","3.0005144432016002E+0","4.2569182443791744E+0","2.4746467648872084E+2","1.4513041032751399E+1","3.054200000000000E-6"
"1149","9.9538471247210025E-1","6.9684056125030438E-21","9.8599209380659282E-3","-4.0969953692459497E-12","-2.2489243246793785E-4","-4.1650469915058871E-11","3.0005143377028198E+0","3.1553847582777683E+0","1.8342994240861361E+2","1.1352754401240000E+1","3.054200000000000E-6"
"1148","9.9524881775553331E-1","6.9674704972315783E-21","9.3300507604195202E-3","1.7456072472075831E-15","-6.0728736620320354E-3","-1.8114423823046328E-14","3.0005139463294799E+0","4.2617519368887802E+0","2.4774567041072416E+2","1.4632801809328299E+1","3.054200000000000E-6"
"1147","9.9539720548031085E-1","6.9684136226449290E-21","9.8674093414028823E-3","4.1240290226253547E-12","-2.0877605858463184E-4","4.2462065821230157E-11","3.0005137745109698E+0","3.1505587235402284E+0","1.8314939365092360E+2","1.1285020204052200E+1","3.054200000000000E-6"
"1146","9.9525594252676031E-1","6.9674692087916241E-21","9.3317876004735834E-3","-5.9103528540604073E-15","-6.1023735109976994E-3","-4.3449966925870015E-15","3.0005134461060199E+0","4.2665858136215542E+0","2.4802667504205382E+2","1.4752669514811201E+1","3.054200000000000E-6"
"1145","9.9540986426474121E-1","6.9684180191817342E-21","9.8749455040285181E-3","-8.4363198413032481E-12","-1.9281238720819777E-4","-8.7955676227668007E-11","3.0005132064875601E+0","3.1457331117600300E+0","1.8286886948073925E+2","1.1215694782156501E+1","3.054200000000000E-6"
"1144","9.9526311075798413E-1","6.9674683243610555E-21","9.3335464281080385E-3","-4.9594487993175501E-15","-6.1318745220352569E-3","1.6326216964323277E-14","3.0005129425468700E+0","4.2714198771339786E+0","2.4830769053132417E+2","1.4872640681595101E+1","3.054200000000000E-6"
"1143","9.9542269038507014E-1","6.9684172308427063E-21","9.8825293321499526E-3","-6.8320683797960447E-12","-1.7700289989288376E-4","-7.2107665848638828E-11","3.0005126336450800E+0","3.1409079358235910E+0","1.8258837064717846E+2","1.1144817528535301E+1","3.054200000000000E-6"
"1142","9.9527032223298051E-1","6.9674687598460302E-21","9.3353270697919075E-3","-4.3023476044894246E-15","-6.1613763849135599E-3","1.2522260624471484E-16","3.0005124356677100E+0","4.2762541299612069E+0","2.4858871702590960E+2","1.4992711811355200E+1","3.054200000000000E-6"
"1141","9.9543568543125527E-1","6.9684142535621310E-21","9.8901607292082149E-3","3.9951210281492731E-13","-1.6134910759548453E-4","4.2810072974411493E-12","3.0005120559962299E+0","3.1360832089118893E+0","1.8230789791648246E+2","1.1072427477791599E+1","3.054200000000000E-6"
"1140","9.9527757673647832E-1","6.9674675615747952E-21","9.3371293525188141E-3","-8.2610611127139221E-15","-6.1908787909263950E-3","9.0641726116827407E-15","3.0005119254842398E+0","4.2810885746167502E+0","2.4886975467192647E+2","1.5112879373565599E+1","3.054200000000000E-6"
"1139","9.9544885102433311E-1","6.9684165436000069E-21","9.8978395959265046E-3","-2.7177128006196875E-11","-1.4585254629519541E-4","-2.9406199221562735E-10","3.0005114735539702E+0","3.1312589445120325E+0","1.8202745207268853E+2","1.0998563499687901E+1","3.054200000000000E-6"
"1138","9.9528487405415578E-1","6.9674655152074808E-21","9.3389531038152243E-3","-1.9127386437334079E-15","-6.2203814327638773E-3","-9.7023175623380495E-15","3.0005114120121599E+0","4.2859232135922740E+0","2.4915080361422116E+2","1.5233139810159900E+1","3.054200000000000E-6"
"1137","9.9529221397263168E-1","6.9674654905113789E-21","9.3407981517297147E-3","-2.9382679384065679E-15","-6.2498840047068771E-3","2.9629937767966644E-15","3.0005108952671700E+0","4.2907580493572341E+0","2.4943186399634897E+2","1.5353489531017500E+1","3.054200000000000E-6"
"1136","9.9546218881740356E-1","6.9684262872290525E-21","9.9055658302402427E-3","-2.4292702158676451E-11","-1.3051475924426479E-4","-2.6607285268192280E-10","3.0005108863315000E+0","3.1264351564338324E+0","1.8174703391859359E+2","1.0923264977493000E+1","3.054200000000000E-6"
"1135","9.9529959627945319E-1","6.9674662370023520E-21","9.3426643248659628E-3","-4.2923786050941679E-15","-6.2793862023799310E-3","9.7980045871638883E-15","3.0005103752649900E+0","4.2955930843586279E+0","2.4971293596055955E+2","1.5473924919568899E+1","3.054200000000000E-6"
"1134","9.9547570049655687E-1","6.9684300603958831E-21","9.9133393273275801E-3","2.1271964090767916E-11","-1.1533732131753333E-4","2.3583785429209236E-10","3.0005102943422801E+0","3.1216118588134516E+0","1.8146664427596599E+2","1.0846570887238000E+1","3.054200000000000E-6"
"1133","9.9530702076309530E-1","6.9674674889789033E-21","9.3445514523630632E-3","-3.1413266225203072E-15","-6.3088877229301090E-3","7.2309099587612910E-15","3.0005098520213598E+0","4.3004283210207985E+0","2.4999401964778573E+2","1.5594442329761300E+1","3.054200000000000E-6"
"1132","9.9548938778195373E-1","6.9684295244127423E-21","9.9211599795637605E-3","-4.0461391003502402E-11","-1.0032184645568535E-4","-4.5403995988626643E-10","3.0005096976000099E+0","3.1167890661241588E+0","1.8118628398617093E+2","1.0768519602941399E+1","3.054200000000000E-6"
"1131","9.9531448721294513E-1","6.9674680956191761E-21","9.3464593639209868E-3","-3.5357496369886513E-15","-6.3383882649264483E-3","2.8816972028252012E-15","3.0005093255519899E+0","4.3052637617450671E+0","2.5027511519762191E+2","1.5715038088967599E+1","3.054200000000000E-6"
"1130","9.9550325242875515E-1","6.9684349028511703E-21","9.9290276765145926E-3","-1.2059993185789261E-11","-8.5469936728482912E-5","-1.3695554486534804E-10","3.0005090961186300E+0","3.1119667932032553E+0","1.8090595391173568E+2","1.0689150649065899E+1","3.054200000000000E-6"
"1129","9.9532199541930100E-1","6.9674675640009960E-21","9.3483878898002262E-3","-4.5382176278389055E-15","-6.3678875283816397E-3","9.1520202162280931E-15","3.0005087958726402E+0","4.3100994089096103E+0","2.5055622274831717E+2","1.5835708496788200E+1","3.054200000000000E-6"
"1128","9.9551729622833418E-1","6.9684361759770760E-21","9.9369423049187108E-3","-7.1042372071746435E-11","-7.0783254136366482E-5","-8.1673779779227639E-10","3.0005084899123702E+0","3.1071450552443474E+0","1.8062565493590026E+2","1.0608502250360200E+1","3.054200000000000E-6"
"1127","9.9532954517336825E-1","6.9674668710163050E-21","9.3503368608079934E-3","-3.4936326743249365E-15","-6.3973852147578662E-3","1.8496041764848026E-15","3.0005082629990398E+0","4.3149352648691783E+0","2.5083734243675860E+2","1.5956449826320799E+1","3.054200000000000E-6"
"1126","9.9553152100930220E-1","6.9684153502472149E-21","9.9449037486469063E-3","-9.3266871923188043E-11","-5.6263460669385843E-5","-1.0850947842855733E-9","3.0005078789956898E+0","3.1023238678292304E+0","1.8034538796447117E+2","1.0526613374606500E+1","3.054200000000000E-6"
"1125","9.9533713626723985E-1","6.9674678127918122E-21","9.3523061083392051E-3","-3.3641445711038509E-15","-6.4268810269234025E-3","-6.6351816114273448E-15","3.0005077269469500E+0","4.3197713319548550E+0","2.5111847439845766E+2","1.6077258325281299E+1","3.054200000000000E-6"
"1124","9.9554592863875258E-1","6.9684264237476848E-21","9.9529118886853684E-3","-1.8970480853296416E-12","-4.1912252772766796E-5","-2.2330167012487495E-11","3.0005072633833199E+0","3.0975032469301262E+0","1.8006515392595122E+2","1.0443522580625499E+1","3.054200000000000E-6"
"1123","9.9534476849390063E-1","6.9674687417936192E-21","9.3542954643509139E-3","-7.0895805755877757E-16","-6.4563746691941124E-3","-2.2179365661417505E-15","3.0005071877321301E+0","4.3246076124738906E+0","2.5139961876754015E+2","1.6198130215148701E+1","3.054200000000000E-6"
"1122","9.9535244164721182E-1","6.9674687032248348E-21","9.3563047613810287E-3","-1.3030252491826402E-15","-6.4858658472825440E-3","3.9573706212330083E-15","3.0005066453703302E+0","4.3294441087094606E+0","2.5168077567673254E+2","1.6319061692964699E+1","3.054200000000000E-6"
"1121","9.9556052102347736E-1","6.9684193262957639E-21","9.9609666031235736E-3","-9.4347727656647173E-10","-2.7731389605635642E-5","-1.1240972237025483E-8","3.0005066430902301E+0","3.0926832089220455E+0","1.7978495377225835E+2","1.0359267215560600E+1","3.054200000000000E-6"
"1120","9.9536015552191337E-1","6.9674698909408392E-21","9.3583338325576790E-3","7.9662186220891740E-16","-6.5153542682911828E-3","-4.7829897787682987E-15","3.0005060998773398E+0","4.3342808229205412E+0","2.5196194525735436E+2","1.6440048932266400E+1","3.054200000000000E-6"
"1119","9.9557530011125128E-1","6.9684151057232739E-21","9.9690677672081753E-3","2.8914178577848324E-10","-1.3722541187759466E-5","3.4858945318423065E-9","3.0005060181316900E+0","3.0878637705767802E+0","1.7950478847837630E+2","1.0273888012458601E+1","3.054200000000000E-6"
"1118","9.9536790991360247E-1","6.9674691834524211E-21","9.3603825115937192E-3","-1.4422212080123361E-15","-6.5448396407521018E-3","8.4128532626491271E-15","3.0005055512688998E+0","4.3391177573415805E+0","2.5224312763929933E+2","1.6561088080687700E+1","3.054200000000000E-6"
"1117","9.9559026866002664E-1","6.9684242305110954E-21","9.9772142204842366E-3","-8.2749340773107449E-7","1.1357824581665938E-7","-1.0094366152650184E-5","3.0005053884857702E+0","3.0830446637047939E+0","1.7922464245381607E+2","1.0187417899282901E+1","3.054200000000000E-6"
"1116","9.9537570461874447E-1","6.9674682768046813E-21","9.3624506327964433E-3","-4.1243445409269079E-15","-6.5743216745635614E-3","2.8780272975359090E-15","3.0005049995608100E+0","4.3439549141825342E+0","2.5252432295103742E+2","1.6682175264787801E+1","3.054200000000000E-6"
"1115","9.9538353943465263E-1","6.9674676490513729E-21","9.3645380310650415E-3","-4.2194293138590036E-15","-6.6038000810494041E-3","2.6662534806187845E-15","3.0005044447688398E+0","4.3487922956285310E+0","2.5280553131959530E+2","1.6803306586819300E+1","3.054200000000000E-6"
"1114","9.9539141415948273E-1","6.9674657364869445E-21","9.3666445419112003E-3","3.5940231897979161E-15","-6.6332745728632575E-3","-3.7624575651165838E-15","3.0005038869087701E+0","4.3536299038397752E+0","2.5308675287055073E+2","1.6924478127277599E+1","3.054200000000000E-6"
"1113","9.9539932859223190E-1","6.9674659781001824E-21","9.3687700014476582E-3","-9.6560613166534398E-16","-6.6627448640960594E-3","-1.5526152751190837E-15","3.0005033259963798E+0","4.3584677409513892E+0","2.5336798772802339E+2","1.7045685944360098E+1","3.054200000000000E-6"
"1112","9.9540728253272637E-1","6.9674662941712352E-21","9.3709142464011019E-3","-3.1244196254111563E-15","-6.6922106701520438E-3","1.2442081986532528E-16","3.0005027620474500E+0","4.3633058090733092E+0","2.5364923601466882E+2","1.7166926075139099E+1","3.054200000000000E-6"
"1111","9.9541527578161604E-1","6.9674652907968989E-21","9.3730771141147147E-3","1.7366676658815050E-15","-6.7216717077987678E-3","-4.0234460220587371E-15","3.0005021950777802E+0","4.3681441102901051E+0","2.5393049785166798E+2","1.7288194537095698E+1","3.054200000000000E-6"
"1110","9.9542330814037105E-1","6.9674652762874212E-21","9.3752584425486410E-3","-1.6287085185627466E-15","-6.7511276952106286E-3","-3.8784149147155720E-15","3.0005016251031500E+0","4.3729826466608888E+0","2.5421177335872193E+2","1.7409487324863900E+1","3.054200000000000E-6"
"1109","9.9543137941126902E-1","6.9674651977542197E-21","9.3774580702872968E-3","1.5256123707019224E-15","-6.7805783518578369E-3","-4.9210831779758114E-15","3.0005010521393500E+0","4.3778214202192069E+0","2.5449306265404547E+2","1.7530800415797199E+1","3.054200000000000E-6"
"1108","9.9543948939739235E-1","6.9674661781465889E-21","9.3796758365425944E-3","-3.2161350361902936E-15","-6.8100233985953261E-3","3.7620447952345345E-15","3.0005004762021601E+0","4.3826604329728838E+0","2.5477436585435817E+2","1.7652129765376401E+1","3.054200000000000E-6"
"1107","9.9544763790262203E-1","6.9674669249631961E-21","9.3819115811576894E-3","1.4023112292790201E-15","-6.8394625575622951E-3","-1.2864121177541809E-14","3.0004998973073702E+0","4.3874996869040137E+0","2.5505568307488386E+2","1.7773471313424700E+1","3.054200000000000E-6"
"1106","9.9545582473162719E-1","6.9674679080041704E-21","9.3841651446129916E-3","-4.5143850608839412E-15","-6.8688955523097967E-3","5.8633644089144058E-15","3.0004993154707700E+0","4.3923391839687662E+0","2.5533701442933926E+2","1.7894820977160400E+1","3.054200000000000E-6"
"1105","9.9546404968986202E-1","6.9674675540746643E-21","9.3864363680250598E-3","-4.2354501957313993E-16","-6.8983221076170395E-3","3.3146377485719789E-15","3.0004987307081499E+0","4.3971789260974079E+0","2.5561836002993530E+2","1.8016174660254201E+1","3.054200000000000E-6"
"1104","9.9547231258355895E-1","6.9674671931662186E-21","9.3887250931497055E-3","2.1367210738106048E-16","-6.9277419496671638E-3","-5.2756241879130633E-16","3.0004981430352800E+0","4.4020189151941427E+0","2.5589971998736789E+2","1.8137528245896601E+1","3.054200000000000E-6"
"1103","9.9548061321971892E-1","6.9674677794316452E-21","9.3910311623914902E-3","9.2198390017328132E-16","-6.9571548059168351E-3","-9.6772983291756104E-15","3.0004975524679600E+0","4.4068591531370913E+0","2.5618109441081651E+2","1.8258877601531101E+1","3.054200000000000E-6"
"1102","9.9548895140610916E-1","6.9674679943157545E-21","9.3933544188037968E-3","-2.3017820982516236E-15","-6.9865604051516051E-3","1.2587350892063536E-15","3.0004969590219499E+0","4.4116996417782337E+0","2.5646248340794125E+2","1.8380218576956899E+1","3.054200000000000E-6"
"1101","9.9549732695125370E-1","6.9674676325052468E-21","9.3956947060916361E-3","-1.9454219319414589E-15","-7.0159584774234576E-3","3.3606758815068339E-15","3.0004963627130401E+0","4.4165403829433334E+0","2.5674388708487788E+2","1.8501547008350300E+1","3.054200000000000E-6"
"1100","9.9550573966442835E-1","6.9674681112833361E-21","9.3980518686073520E-3","2.1169264450043941E-15","-7.0453487541219106E-3","-7.2470617867573726E-15","3.0004957635570002E+0","4.4213813784319447E+0","2.5702530554623883E+2","1.8622858714308801E+1","3.054200000000000E-6"
"1099","9.9551418935565350E-1","6.9674681359465662E-21","9.4004257513730250E-3","-4.0727572335241880E-15","-7.0747309679238890E-3","5.2124143967286930E-15","3.0004951615695998E+0","4.4262226300172678E+0","2.5730673889510439E+2","1.8744149498183798E+1","3.054200000000000E-6"
"1098","9.9552267583568854E-1","6.9674689681926606E-21","9.4028162000618157E-3","1.3303766779776454E-15","-7.1041048527482427E-3","-3.3113793255127098E-15","3.0004945567666099E+0","4.4310641394462804E+0","2.5758818723303045E+2","1.8865415150736801E+1","3.054200000000000E-6"
"1097","9.9553119891602504E-1","6.9674689954879975E-21","9.4052230610135318E-3","1.6459177002477885E-15","-7.1334701438563481E-3","-2.3121533568356917E-15","3.0004939491637899E+0","4.4359059084395600E+0","2.5786965066003825E+2","1.8986651447309299E+1","3.054200000000000E-6"
"1096","9.9553975840887943E-1","6.9674689780392167E-21","9.4076461812376850E-3","-5.7009379452657115E-15","-7.1628265777479222E-3","7.5607166920467628E-15","3.0004933387768999E+0","4.4407479386913549E+0","2.5815112927461843E+2","1.9107854148410400E+1","3.054200000000000E-6"
"1095","9.9554835412719322E-1","6.9674693052474453E-21","9.4100854084008655E-3","-4.2287306345450579E-15","-7.1921738922006801E-3","9.3481247936768847E-15","3.0004927256216898E+0","4.4455902318696019E+0","2.5843262317373217E+2","1.9229019004541300E+1","3.054200000000000E-6"
"1094","9.9555698588461172E-1","6.9674687067515330E-21","9.4125405908525896E-3","-2.8626353981307897E-15","-7.2215118262453628E-3","5.5578493090252972E-15","3.0004921097139099E+0","4.4504327896158111E+0","2.5871413245280411E+2","1.9350141751185600E+1","3.054200000000000E-6"
"1093","9.9556565349549697E-1","6.9674687593850242E-21","9.4150115776089963E-3","-4.2613291672656293E-15","-7.2508401201993545E-3","2.8872338716043745E-16","3.0004914910692899E+0","4.4552756135451919E+0","2.5899565720573037E+2","1.9471218112172501E+1","3.054200000000000E-6"
"1092","9.9557435677490680E-1","6.9674692722880056E-21","9.4174982183673085E-3","-3.7869107464354260E-15","-7.2801585156087286E-3","-3.5617302241353165E-15","3.0004908697035901E+0","4.4601187052465896E+0","2.5927719752487417E+2","1.9592243799907799E+1","3.054200000000000E-6"
"1091","9.9558309553859636E-1","6.9674695558702151E-21","9.4200003634972995E-3","-1.4140032867258051E-15","-7.3094667552864980E-3","9.5732508178079722E-15","3.0004902456325202E+0","4.4649620662825020E+0","2.5955875350106726E+2","1.9713214514680800E+1","3.054200000000000E-6"
"1090","9.9559186960300816E-1","6.9674683111814535E-21","9.4225178640529716E-3","-1.3033556794349294E-15","-7.3387645832589249E-3","-2.7322510774992951E-15","3.0004896188718102E+0","4.4698056981891883E+0","2.5984032522361582E+2","1.9834125947849600E+1","3.054200000000000E-6"
"1089","9.9560067878527003E-1","6.9674680003761099E-21","9.4250505717670078E-3","-5.1371891692053492E-16","-7.3680517448438329E-3","1.2836081841223843E-14","3.0004889894371800E+0","4.4746496024765872E+0","2.6012191278029638E+2","1.9954973777966501E+1","3.054200000000000E-6"
"1088","9.9560952290318205E-1","6.9674674727672179E-21","9.4275983390636840E-3","-6.8517528195890228E-15","-7.3973279865269474E-3","1.1832229811364325E-14","3.0004883573443299E+0","4.4794937806284238E+0","2.6040351625736122E+2","2.0075753676960900E+1","3.054200000000000E-6"
"1087","9.9561840177522043E-1","6.9674673338022769E-21","9.4301610190430409E-3","-4.0222191918445882E-15","-7.4265930560603330E-3","3.1543227401160247E-15","3.0004877226089599E+0","4.4843382341022489E+0","2.6068513573954129E+2","2.0196461305047801E+1","3.054200000000000E-6"
"1086","9.9562731522052550E-1","6.9674681995116809E-21","9.4327384654995430E-3","-1.7929999954994292E-15","-7.4558467024256891E-3","-4.6703393835516595E-16","3.0004870852467702E+0","4.4891829643294265E+0","2.6096677131004503E+2","2.0317092314341799E+1","3.054200000000000E-6"
"1085","9.9563626305889064E-1","6.9674677628049701E-21","9.4353305329217228E-3","-2.0375626758141149E-15","-7.4850886757981284E-3","5.6202391313139316E-15","3.0004864452734399E+0","4.4940279727152612E+0","2.6124842305056620E+2","2.0437642348343001E+1","3.054200000000000E-6"
"1084","9.9564524511077002E-1","6.9674673822333002E-21","9.4379370764799946E-3","9.1833683809618244E-17","-7.5143187275734692E-3","3.1803892911758222E-15","3.0004858027046599E+0","4.4988732606390309E+0","2.6153009104128546E+2","2.0558107044148901E+1","3.054200000000000E-6"
"1083","9.9565426119725964E-1","6.9674666290012473E-21","9.4405579520434255E-3","-3.8941359878591748E-15","-7.5435366103769374E-3","1.2069528936699651E-14","3.0004851575560698E+0","4.5037188294540327E+0","2.6181177536087307E+2","2.0678482028445899E+1","3.054200000000000E-6"
"1082","9.9566331114009943E-1","6.9674667098491548E-21","9.4431930161795307E-3","-2.8935026295562781E-15","-7.5727420779835609E-3","6.4854532119492902E-15","3.0004845098433401E+0","4.5085646804876740E+0","2.6209347608649455E+2","2.0798762925535701E+1","3.054200000000000E-6"
"1081","9.9567239476166181E-1","6.9674672861629809E-21","9.4458421261465805E-3","-1.8472042263904184E-15","-7.6019348854108916E-3","2.1428392112701316E-15","3.0004838595821299E+0","4.5134108150415422E+0","2.6237519329381394E+2","2.0918945349673201E+1","3.054200000000000E-6"
"1080","9.9568151188495224E-1","6.9674675179545840E-21","9.4485051399027745E-3","3.5675923393739020E-15","-7.6311147888510683E-3","-7.7823849763906544E-15","3.0004832067880600E+0","4.5182572343914753E+0","2.6265692705699900E+2","2.1039024911038801E+1","3.054200000000000E-6"
"1079","9.9569066233359760E-1","6.9674683196399904E-21","9.4511819161045823E-3","9.0322160416253680E-16","-7.6602815457157544E-3","2.5599349794141726E-15","3.0004825514767601E+0","4.5231039397876645E+0","2.6293867744872608E+2","2.1158997211729499E+1","3.054200000000000E-6"
"1078","9.9569984593184413E-1","6.9674683432231996E-21","9.4538723141102191E-3","2.3583782960814634E-15","-7.6894349145406257E-3","-4.2563097905991012E-15","3.0004818936638600E+0","4.5279509324547460E+0","2.6322044454018629E+2","2.1278857853351600E+1","3.054200000000000E-6"
"1077","9.9570906250454827E-1","6.9674686622261407E-21","9.4565761939806418E-3","-8.9989680895961165E-16","-7.7185746550825808E-3","9.8641902988121662E-16","3.0004812333649502E+0","4.5327982135918541E+0","2.6350222840108808E+2","2.1398602430015799E+1","3.054200000000000E-6"
"1076","9.9571831187717508E-1","6.9674688946383281E-21","9.4592934164791798E-3","-3.2015094857317256E-15","-7.7477005282515551E-3","6.1661655658172778E-15","3.0004805705956401E+0","4.5376457843727867E+0","2.6378402909966701E+2","2.1518226533109399E+1","3.054200000000000E-6"
"1075","9.9572759387578924E-1","6.9674693020057517E-21","9.4620238430714425E-3","-3.8894436878921641E-17","-7.7768122961206030E-3","-3.3710196171496296E-15","3.0004799053714999E+0","4.5424936459460596E+0","2.6406584670268916E+2","2.1637725750475902E+1","3.054200000000000E-6"
"1074","9.9573690832705319E-1","6.9674697095158641E-21","9.4647673359271912E-3","6.2661539984050175E-16","-7.8059097219677007E-3","2.8555573496278847E-15","3.0004792377081002E+0","4.5473417994350287E+0","2.6434768127545777E+2","2.1757095666003600E+1","3.054200000000000E-6"
"1073","9.9574625505821535E-1","6.9674701480429052E-21","9.4675237579260885E-3","1.4922230007214218E-15","-7.8349925701735375E-3","-1.4975175806052413E-15","3.0004785676210202E+0","4.5521902459380241E+0","2.6462953288182126E+2","2.1876331862633702E+1","3.054200000000000E-6"
"1072","9.9575563389710831E-1","6.9674704873167450E-21","9.4702929726580322E-3","-4.3922994438285346E-16","-7.8640606062903452E-3","-6.7878820854164750E-15","3.0004778951257900E+0","4.5570389865284087E+0","2.6491140158417693E+2","2.1995429920513299E+1","3.054200000000000E-6"
"1071","9.9576504467214766E-1","6.9674706968088959E-21","9.4730748444091378E-3","2.3430359191867683E-15","-7.8931135970418710E-3","-3.5755202631083306E-15","3.0004772202379399E+0","4.5618880222547817E+0","2.6519328744348223E+2","2.2114385418678602E+1","3.054200000000000E-6"
"1070","9.9577448721231510E-1","6.9674705331193313E-21","9.4758692381875266E-3","-2.1744388416573850E-16","-7.9221513102639123E-3","-3.2507464849800379E-15","3.0004765429730100E+0","4.5667373541410452E+0","2.6547519051925894E+2","2.2233193935205001E+1","3.054200000000000E-6"
"1069","9.9578396134716762E-1","6.9674706836351514E-21","9.4786760196969959E-3","-2.4146883317890412E-15","-7.9511735149641934E-3","8.2397855757709503E-15","3.0004758633464998E+0","4.5715869831865596E+0","2.6575711086960240E+2","2.2351851047059700E+1","3.054200000000000E-6"
"1068","9.9579346690681703E-1","6.9674704629288054E-21","9.4814950553630956E-3","1.3452182599606718E-15","-7.9801799812339973E-3","-3.6967917315121339E-15","3.0004751813739099E+0","4.5764369103662652E+0","2.6603904855118799E+2","2.2470352334251501E+1","3.054200000000000E-6"
"1067","9.9580300372193342E-1","6.9674707267978250E-21","9.4843262123204628E-3","2.1560392102723514E-15","-8.0091704803387318E-3","-9.0430346472025664E-15","3.0004744970707100E+0","4.5812871366308121E+0","2.6632100361927928E+2","2.2588693373324801E+1","3.054200000000000E-6"
"1066","9.9581257162374026E-1","6.9674704858568374E-21","9.4871693584111863E-3","-1.8815552709690176E-15","-8.0381447846658797E-3","-1.7991592564165827E-15","3.0004738104523798E+0","4.5861376629067161E+0","2.6660297612773689E+2","2.2706869743027600E+1","3.054200000000000E-6"
"1065","9.9582217044400245E-1","6.9674702873906173E-21","9.4900243621885792E-3","-6.9233132977658484E-16","-8.0671026676919656E-3","-7.6342888938834335E-16","3.0004731215343599E+0","4.5909884900965112E+0","2.6688496612902725E+2","2.2824877026154802E+1","3.054200000000000E-6"
"1064","9.9583180001502969E-1","6.9674702006378868E-21","9.4928910929238750E-3","-2.3801281089515745E-15","-8.0960439040418785E-3","1.0106914388021249E-14","3.0004724303321102E+0","4.5958396190788706E+0","2.6716697367422967E+2","2.2942710804149002E+1","3.054200000000000E-6"
"1063","9.9584146016966224E-1","6.9674706892536217E-21","9.4957694205980298E-3","1.4420929106494108E-16","-8.1249682694100114E-3","1.3026830054393612E-16","3.0004717368610301E+0","4.6006910507087975E+0","2.6744899881304741E+2","2.3060366665816499E+1","3.054200000000000E-6"
"1062","9.9585115074127140E-1","6.9674703377434388E-21","9.4986592159039974E-3","1.8626480667676037E-15","-8.1538755406503974E-3","5.4515610650462466E-15","3.0004710411365498E+0","4.6055427858177209E+0","2.6773104159381353E+2","2.3177840196847200E+1","3.054200000000000E-6"
"1061","9.9586087156375236E-1","6.9674705804371851E-21","9.5015603502493374E-3","-9.0630189655725265E-16","-8.1827654956807706E-3","4.5732768869558124E-15","3.0004703431740500E+0","4.6103948252137092E+0","2.6801310206350286E+2","2.3295126990842700E+1","3.054200000000000E-6"
"1060","9.9587062247152014E-1","6.9674698438053844E-21","9.5044726957565304E-3","4.5548745006896725E-16","-8.2116379135208795E-3","1.4531602484296873E-15","3.0004696429889202E+0","4.6152471696815942E+0","2.6829518026773962E+2","2.3412222645479901E+1","3.054200000000000E-6"
"1059","9.9588040329949934E-1","6.9674701407576419E-21","9.5073961252653064E-3","-3.4147167764567975E-15","-8.2404925742854147E-3","-5.9199518200174819E-16","3.0004689405965199E+0","4.6200998199831691E+0","2.6857727625080855E+2","2.3529122760640501E+1","3.054200000000000E-6"
"1058","9.9589021388312737E-1","6.9674707504773473E-21","9.5103305123203537E-3","-1.6948710741434119E-15","-8.2693292591817791E-3","3.5600879161199997E-15","3.0004682360121899E+0","4.6249527768573131E+0","2.6885939005566246E+2","2.3645822942043701E+1","3.054200000000000E-6"
"1057","9.9590005405834214E-1","6.9674708670484626E-21","9.5132757311915013E-3","-1.7406810067249299E-15","-8.2981477504884271E-3","2.3886459478780358E-15","3.0004675292512699E+0","4.6298060410202000E+0","2.6914152172393415E+2","2.3762318804035100E+1","3.054200000000000E-6"
"1056","9.9590992366157860E-1","6.9674714946886242E-21","9.5162316568559342E-3","-3.0402692784055489E-16","-8.3269478315672156E-3","-2.5258933474960978E-16","3.0004668203290699E+0","4.6346596131654474E+0","2.6942367129594538E+2","2.3878605963149599E+1","3.054200000000000E-6"
"1055","9.9591982252976496E-1","6.9674720570982095E-21","9.5191981650120869E-3","-2.2363301855739521E-15","-8.3557292868579186E-3","7.3043894100144469E-15","3.0004661092608900E+0","4.6395134939642881E+0","2.6970583881071639E+2","2.3994680044504200E+1","3.054200000000000E-6"
"1054","9.9592975050031851E-1","6.9674721842785628E-21","9.5221751320613956E-3","2.7990125160930994E-15","-8.3844919018609462E-3","-1.1507084546916497E-15","3.0004653960619998E+0","4.6443676840657808E+0","2.6998802430597851E+2","2.4110536680909401E+1","3.054200000000000E-6"
"1053","9.9593970741113613E-1","6.9674720582496358E-21","9.5251624351361842E-3","5.1665000905906823E-16","-8.4132354631552726E-3","9.1601500338110268E-15","3.0004646807476898E+0","4.6492221840969252E+0","2.7027022781818079E+2","2.4226171510470401E+1","3.054200000000000E-6"
"1052","9.9594969310059289E-1","6.9674728153216860E-21","9.5281599520674193E-3","2.6903263332066836E-15","-8.4419597583598183E-3","-3.0063022646317853E-15","3.0004639633331802E+0","4.6540769946629377E+0","2.7055244938250581E+2","2.4341580181863598E+1","3.054200000000000E-6"
"1051","9.9595970740753603E-1","6.9674724232128502E-21","9.5311675614129822E-3","-1.6612011092894407E-15","-8.4706645761723643E-3","3.5762399738606497E-15","3.0004632438337100E+0","4.6589321163473194E+0","2.7083468903287383E+2","2.4456758350722101E+1","3.054200000000000E-6"
"1050","9.9596975017127887E-1","6.9674724467174168E-21","9.5341851424405460E-3","1.6614611172325542E-15","-8.4993497063039266E-3","1.6739664908861414E-16","3.0004625222644901E+0","4.6637875497121621E+0","2.7111694680196064E+2","2.4571701684763799E+1","3.054200000000000E-6"
"1049","9.9597982123159812E-1","6.9674727449906982E-21","9.5372125751280630E-3","-1.2076492352347271E-15","-8.5280149395639826E-3","-1.4856833961656969E-15","3.0004617986407101E+0","4.6686432952982528E+0","2.7139922272120339E+2","2.4686405857062802E+1","3.054200000000000E-6"
"1048","9.9598992042872514E-1","6.9674732628060573E-21","9.5402497401761415E-3","9.0858295411316230E-16","-8.5566600677545370E-3","4.6854652748870825E-15","3.0004610729775498E+0","4.6734993536252807E+0","2.7168151682081293E+2","2.4800866554418199E+1","3.054200000000000E-6"
"1047","9.9600004760334426E-1","6.9674730605769327E-21","9.5432965189936447E-3","-2.4746465147318393E-15","-8.5852848837452492E-3","7.9648096037250803E-15","3.0004603452901701E+0","4.6783557251920440E+0","2.7196382912978549E+2","2.4915079471402201E+1","3.054200000000000E-6"
"1046","9.9601020259658890E-1","6.9674731066856080E-21","9.5463527936996868E-3","1.0570540184215660E-15","-8.6138891814292410E-3","1.6053455427422895E-15","3.0004596155936900E+0","4.6832124104766679E+0","2.7224615967591564E+2","2.5029040317462599E+1","3.054200000000000E-6"
"1045","9.9602038525003078E-1","6.9674731786563446E-21","9.5494184471344428E-3","6.8193573982156457E-16","-8.6424727557320689E-3","3.4915002556885509E-15","3.0004588839032502E+0","4.6880694099367419E+0","2.7252850848580414E+2","2.5142744810846001E+1","3.054200000000000E-6"
"1044","9.9603059540568173E-1","6.9674736627408899E-21","9.5524933628437139E-3","-1.5540656804584138E-15","-8.6710354026122548E-3","8.3326793313791652E-15","3.0004581502339400E+0","4.6929267240095571E+0","2.7281087558487178E+2","2.5256188681047000E+1","3.054200000000000E-6"
"1043","9.9604083290598333E-1","6.9674737083853649E-21","9.5555774250921429E-3","1.0415150832714501E-15","-8.6995769190113034E-3","8.4706869686138595E-16","3.0004574146008398E+0","4.6977843531122963E+0","2.7309326099737024E+2","2.5369367674320401E+1","3.054200000000000E-6"
"1042","9.9605109759380528E-1","6.9674733994440852E-21","9.5586705188559270E-3","-2.6089973439066996E-15","-8.7280971029292890E-3","4.5780324918576447E-16","3.0004566770190202E+0","4.7026422976422264E+0","2.7337566474639380E+2","2.5482277545952599E+1","3.054200000000000E-6"
"1041","9.9606138931244059E-1","6.9674735576593505E-21","9.5617725298126205E-3","6.8521140658843266E-16","-8.7565957533624009E-3","-2.7638123620680973E-15","3.0004559375034998E+0","4.7075005579769256E+0","2.7365808685389180E+2","2.5594914068478300E+1","3.054200000000000E-6"
"1040","9.9607170790560029E-1","6.9674734568483983E-21","9.5648833443651559E-3","3.5959297594717339E-15","-8.7850726703127113E-3","2.4669104855812749E-15","3.0004551960693200E+0","4.7123591344744478E+0","2.7394052734067884E+2","2.5707273023930099E+1","3.054200000000000E-6"
"1039","9.9608205321740584E-1","6.9674736451674066E-21","9.5680028496199117E-3","2.8137142990352733E-15","-8.8135276547796869E-3","4.9416179039272190E-15","3.0004544527314798E+0","4.7172180274735700E+0","2.7422298622644877E+2","2.5819350213930601E+1","3.054200000000000E-6"
"1038","9.9610282337548417E-1","6.9674737752564331E-21","9.5742674842080756E-3","2.2840907893545172E-15","-8.8703710352856843E-3","-2.5579167006739177E-15","3.0004529604047101E+0","4.7269367642367230E+0","2.7478795926819049E+2","2.6042642570386199E+1","3.054200000000000E-6"
"1037","9.9611324791202438E-1","6.9674738297075358E-21","9.5774123913047078E-3","-1.4306150566160767E-15","-8.8987590383152858E-3","-8.1292775054552255E-15","3.0004522114456900E+0","4.7317966085836574E+0","2.7507047345804784E+2","2.6153849412332001E+1","3.054200000000000E-6"
"1036","9.9612369854773730E-1","6.9674737926059022E-21","9.5805655446246866E-3","-5.3549526098573238E-16","-8.9271243228353694E-3","4.6121418097001915E-16","3.0004514606427901E+0","4.7366567705984162E+0","2.7535300611468341E+2","2.6264757841847999E+1","3.054200000000000E-6"
"1035","9.9613417512874014E-1","6.9674737169195321E-21","9.5837268348180921E-3","1.8745495583992724E-16","-8.9554666948023637E-3","-3.7031875953146898E-15","3.0004507080109399E+0","4.7415172505263889E+0","2.7563555725236245E+2","2.6375363739864401E+1","3.054200000000000E-6"
"1034","9.9614467750153191E-1","6.9674743275918852E-21","9.5868961532453081E-3","2.8521106764699299E-15","-8.9837859611550663E-3","1.0506386614085583E-14","3.0004499535649898E+0","4.7463780485949068E+0","2.7591812688430002E+2","2.6485663001669600E+1","3.054200000000000E-6"
"1033","9.9615520551299519E-1","6.9674743296179350E-21","9.5900733919719681E-3","2.0224946163222005E-16","-9.0120819297869244E-3","3.5447599324141381E-16","3.0004491973198100E+0","4.7512391650134980E+0","2.7620071502267666E+2","2.6595651547033000E+1","3.054200000000000E-6"
"1032","9.9616575901038651E-1","6.9674743156985877E-21","9.5932584437637535E-3","-2.0385680817135343E-15","-9.0403544095966383E-3","-1.2789628476028387E-15","3.0004484392902402E+0","4.7561005999740429E+0","2.7648332167864680E+2","2.6705325304924699E+1","3.054200000000000E-6"
"1031","9.9617633784133286E-1","6.9674743477768167E-21","9.5964512020974471E-3","-1.0237265622955375E-15","-9.0686032104227553E-3","1.8086113651659327E-15","3.0004476794910699E+0","4.7609623536510135E+0","2.7676594686235291E+2","2.6814680231341399E+1","3.054200000000000E-6"
"1030","9.9618694185383061E-1","6.9674745504907791E-21","9.5996515611517074E-3","-2.0655744345502895E-16","-9.0968281430663291E-3","-7.1579713372605894E-15","3.0004469179371100E+0","4.7658244262017000E+0","2.7704859058293857E+2","2.6923712299392498E+1","3.054200000000000E-6"
"1029","9.9619757089623484E-1","6.9674742877563310E-21","9.6028594158087156E-3","-8.6228545941229003E-16","-9.1250290193081555E-3","-1.0355683119697280E-15","3.0004461546431198E+0","4.7706868177664106E+0","2.7733125284856021E+2","2.7032417498141800E+1","3.054200000000000E-6"
"1028","9.9620822481726112E-1","6.9674746373838392E-21","9.6060746616477843E-3","4.6540482037441306E-16","-9.1532056518590626E-3","-3.8517894352315034E-15","3.0004453896238399E+0","4.7755495284686686E+0","2.7761393366639868E+2","2.7140791843764799E+1","3.054200000000000E-6"
"1027","9.9621890346597297E-1","6.9674746963924308E-21","9.6092971949602694E-3","-2.7344503494835549E-16","-9.1813578543821391E-3","-1.6231551502570663E-15","3.0004446228939998E+0","4.7804125584154713E+0","2.7789663304267384E+2","2.7248831366399699E+1","3.054200000000000E-6"
"1026","9.9622960669179061E-1","6.9674747481385031E-21","9.6125269127278513E-3","9.5339473396013009E-16","-9.2094854415076498E-3","5.5903665053393751E-15","3.0004438544682901E+0","4.7852759076974607E+0","2.7817935098265502E+2","2.7356532124399401E+1","3.054200000000000E-6"
"1025","9.9624033434447090E-1","6.9674748586393566E-21","9.6157637126383123E-3","9.2263680793213142E-16","-9.2375882287732101E-3","-1.7720319755259140E-15","3.0004430843614101E+0","4.7901395763891754E+0","2.7846208749067529E+2","2.7463890191982301E+1","3.054200000000000E-6"
"1024","9.9625108627411563E-1","6.9674755231934427E-21","9.6190074930713187E-3","2.5010798197350564E-15","-9.2656660327015070E-3","9.2541924584959934E-16","3.0004423125879902E+0","4.7950035645492468E+0","2.7874484257014302E+2","2.7570901668607299E+1","3.054200000000000E-6"
"1023","9.9626186233116054E-1","6.9674757793855535E-21","9.6222581531124184E-3","-1.2896435837532404E-16","-9.2937186707145163E-3","1.0642625409443037E-14","3.0004415391626802E+0","4.7998678722206014E+0","2.7902761622355365E+2","2.7677562673646101E+1","3.054200000000000E-6"
"1022","9.9627266236637257E-1","6.9674753630903839E-21","9.6255155925402142E-3","2.0680717384686326E-15","-9.3217459611549484E-3","-2.1345066180154901E-15","3.0004407641000701E+0","4.8047324994307230E+0","2.7931040845250482E+2","2.7783869358189001E+1","3.054200000000000E-6"
"1021","9.9628348623084573E-1","6.9674753267769658E-21","9.6287797118265583E-3","-3.7496352096505323E-16","-9.3497477233471533E-3","4.4413555248151439E-15","3.0004399874147598E+0","4.8095974461918205E+0","2.7959321925770632E+2","2.7889817881514201E+1","3.054200000000000E-6"
"1020","9.9629433377599885E-1","6.9674754423486258E-21","9.6320504121421985E-3","-1.7734612080364952E-15","-9.3777237774854433E-3","8.8616065151900885E-15","3.0004392091212999E+0","4.8144627125010695E+0","2.7987604863899395E+2","2.7995404442442499E+1","3.054200000000000E-6"
"1019","9.9630520485356677E-1","6.9674752425159177E-21","9.6353275953495830E-3","-1.8684601559055488E-15","-9.4056739447019051E-3","5.7178968789042657E-15","3.0004384292342299E+0","4.8193282983408317E+0","2.8015889659534236E+2","2.8100625254550799E+1","3.054200000000000E-6"
"1018","9.9631609931560228E-1","6.9674755184451286E-21","9.6386111640043119E-3","6.3854738546000034E-16","-9.4335980470541189E-3","4.2507077554387364E-15","3.0004376477680599E+0","4.8241942036788634E+0","2.8044176312487713E+2","2.8205476561826600E+1","3.054200000000000E-6"
"1017","9.9632701701446513E-1","6.9674754876284951E-21","9.6419010213510247E-3","-6.3379951150185100E-16","-9.4614959075116304E-3","4.5930352194737748E-15","3.0004368647372899E+0","4.8290604284685115E+0","2.8072464822488621E+2","2.8309954625557900E+1","3.054200000000000E-6"
"1016","9.9633795780282464E-1","6.9674756069997230E-21","9.6451970713302432E-3","-5.7513923432925154E-16","-9.4893673499406965E-3","5.1921017651916149E-15","3.0004360801563701E+0","4.8339269726489684E+0","2.8100755189183468E+2","2.8414055741430200E+1","3.054200000000000E-6"
"1015","9.9634892153364896E-1","6.9674755337785914E-21","9.6484992185690722E-3","-4.9673412914193128E-16","-9.5172121991176761E-3","3.0912871955253138E-15","3.0004352940397401E+0","4.8387938361454754E+0","2.8129047412137675E+2","2.8517776229649400E+1","3.054200000000000E-6"
"1014","9.9635990806020969E-1","6.9674757993144943E-21","9.6518073683812614E-3","-6.7550415958053906E-16","-9.5450302807358750E-3","9.7873040350922008E-17","3.0004345064018301E+0","4.8436610188695175E+0","2.8157341490836666E+2","2.8621112432100499E+1","3.054200000000000E-6"
"1013","9.9637091723606697E-1","6.9674758497451851E-21","9.6551214267709701E-3","-3.1276839968870685E-15","-9.5728214213712994E-3","5.3436922851390346E-15","3.0004337172570201E+0","4.8485285207190385E+0","2.8185637424687184E+2","2.8724060721059502E+1","3.054200000000000E-6"
"1012","9.9638194891507581E-1","6.9674758682802551E-21","9.6584413004292026E-3","7.1277646883951733E-16","-9.6005854484851830E-3","-2.0383183320160017E-15","3.0004329266196699E+0","4.8533963415787120E+0","2.8213935213018789E+2","2.8826617499570599E+1","3.054200000000000E-6"
"1011","9.9639300295137623E-1","6.9674757491429766E-21","9.6617668967218153E-3","-4.6507794437430514E-16","-9.6283221904826261E-3","1.8778004242842111E-15","3.0004321345041300E+0","4.8582644813200861E+0","2.8242234855084780E+2","2.8928779187315701E+1","3.054200000000000E-6"
"1010","9.9640407919938856E-1","6.9674754628365813E-21","9.6650981237184699E-3","-3.1407215848463658E-15","-9.6560314765875930E-3","5.5473773139164036E-15","3.0004313409246999E+0","4.8631329398018099E+0","2.8270536350063435E+2","2.9030542244940701E+1","3.054200000000000E-6"
"1009","9.9641517751381703E-1","6.9674755745003127E-21","9.6684348901477264E-3","-2.9207356252329130E-16","-9.6837131369684349E-3","1.2869575337475030E-14","3.0004305458956901E+0","4.8680017168699088E+0","2.8298839697059674E+2","2.9131903154363201E+1","3.054200000000000E-6"
"1008","9.9642629774963487E-1","6.9674755509649252E-21","9.6717771054365912E-3","-6.7288765734537833E-16","-9.7113670026337147E-3","-3.5851404715692144E-15","3.0004297494313499E+0","4.8728708123579025E+0","2.8327144895105704E+2","2.9232858432286701E+1","3.054200000000000E-6"
"1007","9.9643743976209098E-1","6.9674750943731878E-21","9.6751246796858339E-3","-1.2879999782163039E-15","-9.7389929055110448E-3","4.3654200880166339E-15","3.0004289515459299E+0","4.8777402260870808E+0","2.8355451943162637E+2","2.9333404613570000E+1","3.054200000000000E-6"
"1006","9.9644860340670038E-1","6.9674749888446356E-21","9.6784775236734618E-3","1.9764784673459307E-16","-9.7665906783735434E-3","5.6512739227463002E-15","3.0004281522536198E+0","4.8826099578667135E+0","2.8383760840121721E+2","2.9433538274317598E+1","3.054200000000000E-6"
"1005","9.9645978853923955E-1","6.9674746761582121E-21","9.6818355488621430E-3","-2.7232066545558060E-15","-9.7941601548772357E-3","3.7392896215104006E-15","3.0004273515686299E+0","4.8874800074942240E+0","2.8412071584805324E+2","2.9533256015704001E+1","3.054200000000000E-6"
"1004","9.9647099501574887E-1","6.9674748545574730E-21","9.6851986673806203E-3","5.6427970214774858E-17","-9.8217011695557414E-3","2.9931668598250333E-15","3.0004265495051001E+0","4.8923503747554378E+0","2.8440384175968398E+2","2.9632554470834702E+1","3.054200000000000E-6"
"1003","9.9648222269252129E-1","6.9674751104644017E-21","9.6885667920432478E-3","-8.2186451214476478E-16","-9.8492135577986396E-3","-1.1150665962887416E-15","3.0004257460771799E+0","4.8972210594247709E+0","2.8468698612299579E+2","2.9731430302495799E+1","3.054200000000000E-6"
"1002","9.9649347142610689E-1","6.9674751217094507E-21","9.6919398363286106E-3","3.1436956204522257E-16","-9.8766971558757882E-3","8.5924312228808116E-16","3.0004249412989701E+0","4.9020920612654342E+0","2.8497014892422351E+2","2.9829880203915199E+1","3.054200000000000E-6"
"1001","9.9650474107329956E-1","6.9674750262239491E-21","9.6953177143953313E-3","-4.1689061519262587E-16","-9.9041518009016088E-3","-2.7348870799169758E-15","3.0004241351845402E+0","4.9069633800296595E+0","2.8525333014896376E+2","2.9927900899536400E+1","3.054200000000000E-6"
"1000","9.9651603149114276E-1","6.9674755625480547E-21","9.6987003410701975E-3","-1.2084360987302016E-17","-9.9315773308627855E-3","6.0866919195033631E-15","3.0004233277479599E+0","4.9118350154589043E+0","2.8553652978218690E+2","3.0025489149707600E+1","3.054200000000000E-6"
"999","9.9652734253692110E-1","6.9674755940054662E-21","9.7020876318474648E-3","-1.0306194283892725E-15","-9.9589735845937461E-3","6.0956456260289219E-15","3.0004225190032501E+0","4.9167069672840293E+0","2.8581974780824720E+2","3.0122641744255102E+1","3.054200000000000E-6"
"998","9.9653867406815699E-1","6.9674755702000467E-21","9.7054795028958338E-3","-6.9068654812656186E-16","-9.9863404017766048E-3","8.4567408705581200E-16","3.0004217089644198E+0","4.9215792352255407E+0","2.8610298421089703E+2","3.0219355505500900E+1","3.054200000000000E-6"
"997","9.9655002594261066E-1","6.9674755237061012E-21","9.7088758710455886E-3","-2.8352069118661896E-16","-1.0013677622966583E-2","2.5442071397716004E-15","3.0004208976454199E+0","4.9264518189937681E+0","2.8638623897329722E+2","3.0315627288650600E+1","3.054200000000000E-6"
"996","9.9656139801827326E-1","6.9674756132626922E-21","9.7122766537958791E-3","-3.0264188507695119E-18","-1.0040985089544872E-2","-1.1842189717559069E-15","3.0004200850602101E+0","4.9313247182890683E+0","2.8666951207802879E+2","3.0411453984842101E+1","3.054200000000000E-6"
"995","9.9657279015336142E-1","6.9674755871178773E-21","9.7156817693084836E-3","-6.6941570210935068E-17","-1.0068262643755099E-2","6.3519052725531818E-15","3.0004192712226998E+0","4.9361979328020675E+0","2.8695280350710703E+2","3.0506832509795800E+1","3.054200000000000E-6"
"994","9.9658420220632149E-1","6.9674754881045564E-21","9.7190911364103145E-3","5.7378199992111870E-17","-1.0095510128660362E-2","-2.2210927819551234E-17","3.0004184561467899E+0","4.9410714622137926E+0","2.8723611324198936E+2","3.0601759828860100E+1","3.054200000000000E-6"
"993","9.9659563403581952E-1","6.9674757495297108E-21","9.7225046745875905E-3","8.3686721235652340E-16","-1.0122727388198799E-2","1.4830499616869301E-14","3.0004176398463400E+0","4.9459453061959300E+0","2.8751944126359012E+2","3.0696232923268500E+1","3.054200000000000E-6"
"992","9.9660708550074228E-1","6.9674757765370851E-21","9.7259223039884591E-3","-3.4341617587293528E-15","-1.0149914267107671E-2","-8.7493257492361591E-16","3.0004168223351702E+0","4.9508194644109924E+0","2.8780278755229034E+2","3.0790248825145699E+1","3.054200000000000E-6"
"991","9.9661855646018849E-1","6.9674752375056727E-21","9.7293439454235065E-3","-1.2674471801742683E-15","-1.0177070610986721E-2","1.0043856097457303E-14","3.0004160036270999E+0","4.9556939365125228E+0","2.8808615208794976E+2","3.0883804592150199E+1","3.054200000000000E-6"
"990","9.9663004677347633E-1","6.9674752339009472E-21","9.7327695203491185E-3","-1.2147774607565334E-15","-1.0204196266269479E-2","3.8508320580606477E-15","3.0004151837359099E+0","4.9605687221453172E+0","2.8836953484991943E+2","3.0976897319160599E+1","3.054200000000000E-6"
"989","9.9664155630012574E-1","6.9674750599481560E-21","9.7361989508921980E-3","3.3292874757155944E-17","-1.0231291080202102E-2","3.1447317364105028E-15","3.0004143626753299E+0","4.9654438209455529E+0","2.8865293581704958E+2","3.1069524136225901E+1","3.054200000000000E-6"
"988","9.9665308489986792E-1","6.9674755184700393E-21","9.7396321598257323E-3","9.2828085418664971E-17","-1.0258354900878917E-2","1.4974544978486280E-14","3.0004135404591001E+0","4.9703192325410619E+0","2.8893635496770509E+2","3.1161682207605701E+1","3.054200000000000E-6"
"987","9.9666463243263514E-1","6.9674757110640028E-21","9.7430690705765551E-3","-2.2662664059476857E-15","-1.0285387577204083E-2","1.3890987284604894E-14","3.0004127171009101E+0","4.9751949565514684E+0","2.8921979227977391E+2","3.1253368739171801E+1","3.054200000000000E-6"
"986","9.9667619875856206E-1","6.9674755561821551E-21","9.7465096072246720E-3","-1.2377384688743031E-15","-1.0312388958917031E-2","5.9533265469257821E-15","3.0004118926144199E+0","4.9800709925884181E+0","2.8950324773068007E+2","3.1344580968253101E+1","3.054200000000000E-6"
"985","9.9668778373798128E-1","6.9674757173438193E-21","9.7499536945027127E-3","-2.9337174440802217E-16","-1.0339358896578348E-2","5.9043102636964845E-15","3.0004110670132502E+0","4.9849473402557045E+0","2.8978672129739113E+2","3.1435316170071498E+1","3.054200000000000E-6"
"984","9.9669938723141671E-1","6.9674754877208059E-21","9.7534012577869880E-3","-1.0661457147201557E-15","-1.0366297241572208E-2","1.3453600146495955E-14","3.0004102403110302E+0","4.9898239991495439E+0","2.9007021295643420E+2","3.1525571650039598E+1","3.054200000000000E-6"
"983","9.9671100909958765E-1","6.9674754093371212E-21","9.7568522231038877E-3","-4.0059894680049814E-16","-1.0393203846089813E-2","8.5159079118320107E-15","3.0004094125213201E+0","4.9947009688586910E+0","2.9035372268390262E+2","3.1615344769335000E+1","3.054200000000000E-6"
"982","9.9672264920340137E-1","6.9674757065897395E-21","9.7603065171291067E-3","-2.3073666111303155E-16","-1.0420078563144962E-2","8.7044259506016580E-15","3.0004085836576699E+0","4.9995782489646610E+0","2.9063725045546892E+2","3.1704632903268301E+1","3.054200000000000E-6"
"981","9.9673430740395108E-1","6.9674757445965466E-21","9.7637640671735977E-3","-1.4342963099568504E-15","-1.0446921246580676E-2","9.8681894768786644E-15","3.0004077537336000E+0","5.0044558390419169E+0","2.9092079624639564E+2","3.1793433479317599E+1","3.054200000000000E-6"
"980","9.9674598356251409E-1","6.9674759699096764E-21","9.7672248012022934E-3","-1.9301966281849844E-15","-1.0473731751020924E-2","4.5287631280240305E-15","3.0004069227626000E+0","5.0093337386580048E+0","2.9120436003154316E+2","3.1881743960329398E+1","3.054200000000000E-6"
"979","9.9675767754054856E-1","6.9674762036633011E-21","9.7706886478141214E-3","-7.3656506868886915E-16","-1.0500509931931801E-2","4.2740016263762548E-15","3.0004060907581098E+0","5.0142119473738047E+0","2.9148794178538441E+2","3.1969561844041699E+1","3.054200000000000E-6"
"978","9.9676938919969160E-1","6.9674760269643730E-21","9.7741555362504916E-3","-1.2458928834253497E-15","-1.0527255645575431E-2","1.2398401634040686E-14","3.0004052577335800E+0","5.0190904647436509E+0","2.9177154148201180E+2","3.2056884665772898E+1","3.054200000000000E-6"
"977","9.9678111840175454E-1","6.9674759873190615E-21","9.7776253963911298E-3","2.9645897804751447E-15","-1.0553968749010075E-2","6.1114759247872225E-15","3.0004044237023901E+0","5.0239692903155566E+0","2.9205515909515026E+2","3.2143710009534800E+1","3.054200000000000E-6"
"976","9.9679286500872610E-1","6.9674760716981314E-21","9.7810981587505008E-3","-1.1773551145112801E-15","-1.0580649100136747E-2","1.0722794853456893E-14","3.0004035886779201E+0","5.0288484236313460E+0","2.9233879459816507E+2","3.2230035481201497E+1","3.054200000000000E-6"
"975","9.9680462888275867E-1","6.9674762240832471E-21","9.7845737544820701E-3","-5.3672914679807088E-16","-1.0607296557616466E-2","9.0288653606623430E-15","3.0004027526735002E+0","5.0337278642268695E+0","2.9262244796407396E+2","3.2315858740009602E+1","3.054200000000000E-6"
"974","9.9681640988618192E-1","6.9674763771907100E-21","9.7880521153712770E-3","-1.3909472229241598E-17","-1.0633910980943330E-2","1.1773386440994545E-14","3.0004019157024402E+0","5.0386076116321457E+0","2.9290611916555588E+2","3.2401177474661800E+1","3.054200000000000E-6"
"973","9.9682820788148507E-1","6.9674759787292138E-21","9.7915331738353487E-3","8.3581974695706953E-16","-1.0660492230399676E-2","8.8694893696665325E-15","3.0004010777780201E+0","5.0434876653715426E+0","2.9318980817496123E+2","3.2485989422810100E+1","3.054200000000000E-6"
"972","9.9684002273132255E-1","6.9674760359101054E-21","9.7950168629246728E-3","7.1098632250591765E-16","-1.0687040167076469E-2","1.1129022747112024E-14","3.0004002389134699E+0","5.0483680249639749E+0","2.9347351496432333E+2","3.2570292351120401E+1","3.054200000000000E-6"
"971","9.9685185429851342E-1","6.9674757800793743E-21","9.7985031163168642E-3","4.0011238500353535E-16","-1.0713554652856502E-2","8.1836414084010818E-15","3.0003993991220099E+0","5.0532486899230369E+0","2.9375723950536633E+2","3.2654084073576897E+1","3.054200000000000E-6"
"970","9.9686370244603184E-1","6.9674755821332696E-21","9.8019918683177505E-3","-2.3445604461546915E-16","-1.0740035550427239E-2","7.9500311096295092E-15","3.0003985584168298E+0","5.0581296597571610E+0","2.9404098176951425E+2","3.2737362442689701E+1","3.054200000000000E-6"
"969","9.9687556703701030E-1","6.9674757506607282E-21","9.8054830538589072E-3","-1.1670280495374750E-16","-1.0766482723261786E-2","2.2274930641663472E-15","3.0003977168110798E+0","5.0630109339698501E+0","2.9432474172790455E+2","3.2820125345136802E+1","3.054200000000000E-6"
"968","9.9688744793474027E-1","6.9674758132912914E-21","9.8089766084981309E-3","-7.2752457979237299E-16","-1.0792896035648904E-2","9.4122365861012702E-15","3.0003968743178699E+0","5.0678925120597471E+0","2.9460851935139209E+2","3.2902370713081503E+1","3.054200000000000E-6"
"967","9.9689934500265875E-1","6.9674762280653781E-21","9.8124724684144314E-3","-5.1789471082998517E-16","-1.0819275352645479E-2","9.8600390249152765E-15","3.0003960309502902E+0","5.0727743935208824E+0","2.9489231461056374E+2","3.2984096519349897E+1","3.054200000000000E-6"
"966","9.9691125810435977E-1","6.9674760160537587E-21","9.8159705704086910E-3","-8.2103447506321363E-16","-1.0845620540120704E-2","5.3661797307032963E-15","3.0003951867214100E+0","5.0776565778427774E+0","2.9517612747574418E+2","3.3065300780761604E+1","3.054200000000000E-6"
"965","9.9692318710358485E-1","6.9674760460006603E-21","9.8194708519037804E-3","5.6528576157242790E-17","-1.0871931464729727E-2","7.0141784178038383E-15","3.0003943416442400E+0","5.0825390645106250E+0","2.9545995791700642E+2","3.3145981542669603E+1","3.054200000000000E-6"
"964","9.9693513186421945E-1","6.9674760731747434E-21","9.8229732509392455E-3","-1.2047300399652122E-16","-1.0898207993916611E-2","3.7059830663582613E-15","3.0003934957317901E+0","5.0874218530054529E+0","2.9574380590418139E+2","3.3226136901793602E+1","3.054200000000000E-6"
"963","9.9694709225029721E-1","6.9674757532906608E-21","9.8264777061717167E-3","-1.7076033607863892E-15","-1.0924449995919313E-2","4.0340554466780278E-15","3.0003926489969999E+0","5.0923049428042608E+0","2.9602767140686586E+2","3.3305764992295501E+1","3.054200000000000E-6"
"962","9.9695906812599389E-1","6.9674756510369809E-21","9.8299841568743763E-3","2.4540925804373413E-16","-1.0950657339760790E-2","3.9677154184203523E-16","3.0003918014528201E+0","5.0971883333801884E+0","2.9631155439443216E+2","3.3384863989625799E+1","3.054200000000000E-6"
"961","9.9697105935562713E-1","6.9674755087972744E-21","9.8334925429321863E-3","-1.4870787842883243E-15","-1.0976829895261258E-2","1.1082117802161080E-15","3.0003909531121198E+0","5.1020720242026583E+0","2.9659545483603671E+2","3.3463432108486799E+1","3.054200000000000E-6"
"960","9.9698306580365448E-1","6.9674758429142621E-21","9.8370028048423847E-3","7.6674638522087232E-16","-1.1002967533022923E-2","6.3613847889670174E-15","3.0003901039877898E+0","5.1069560147375359E+0","2.9687937270062883E+2","3.3541467609992701E+1","3.054200000000000E-6"
"959","9.9699508733467135E-1","6.9674759195588771E-21","9.8405148837141642E-3","3.1780116463768015E-15","-1.1029070124430459E-2","6.5549640209307363E-15","3.0003892540926498E+0","5.1118403044472691E+0","2.9716330795695944E+2","3.3618968792806903E+1","3.054200000000000E-6"
"958","9.9700712381340872E-1","6.9674759092229994E-21","9.8440287212645389E-3","3.2254129541564165E-15","-1.1055137541665821E-2","9.7215626474830885E-15","3.0003884034394899E+0","5.1167248927910256E+0","2.9744726057358872E+2","3.5832926420933802E+1","3.054200000000000E-6"
"957","9.9701917510473326E-1","6.9674756632642241E-21","9.8475442598211331E-3","2.6514094610711867E-15","-1.1081169657683753E-2","1.3468838719465644E-14","3.0003875520410799E+0","5.1216097792248583E+0","2.9773123051889564E+2","3.7515420003568600E+1","3.054200000000000E-6"
"956","9.9703124107364438E-1","6.9674754944508356E-21","9.8510614423112947E-3","2.4792896299574608E-17","-1.1107166346228563E-2","-1.0048076137788793E-14","3.0003866999101598E+0","5.1264949632018491E+0","2.9801521776108666E+2","3.8718576612618698E+1","3.054200000000000E-6"
"955","9.9704332158527398E-1","6.9674753886572408E-21","9.8545802122743976E-3","-1.0053426560321837E-16","-1.1133127481849053E-2","2.0226564143118193E-15","3.0003858470594200E+0","5.1313804441722075E+0","2.9829922226820116E+2","3.9716313442803497E+1","3.054200000000000E-6"
"954","9.9705541650488472E-1","6.9674751155539033E-21","9.8581005138431189E-3","-2.3578794199585584E-15","-1.1159052939852043E-2","5.3141513255596348E-15","3.0003849935015299E+0","5.1362662215834867E+0","2.9858324400812404E+2","4.0589036488101797E+1","3.054200000000000E-6"
"953","9.9706752569786650E-1","6.9674753019825918E-21","9.8616222917616101E-3","4.6189737860202601E-16","-1.1184942596330459E-2","9.5847830071606093E-15","3.0003841392491100E+0","5.1411522948806327E+0","2.9886728294858875E+2","4.1373688617502701E+1","3.054200000000000E-6"
"952","9.9707964902973911E-1","6.9674751629394972E-21","9.8651454913640749E-3","-2.0764386799232530E-15","-1.1210796328172287E-2","-5.5921591662503034E-15","3.0003832843147702E+0","5.1460386635061832E+0","2.9915133905718875E+2","4.2090884535958203E+1","3.054200000000000E-6"
"951","9.9709178636614693E-1","6.9674752115350159E-21","9.8686700585879014E-3","-4.3342374162777658E-16","-1.1236614013052053E-2","-3.0063963022887442E-15","3.0003824287110601E+0","5.1509253269003858E+0","2.9943541230138419E+2","4.2753505066147603E+1","3.054200000000000E-6"
"950","9.9710393757286120E-1","6.9674751645898973E-21","9.8721959399666378E-3","1.5281605714472528E-15","-1.1262395529416311E-2","4.3966441433047344E-15","3.0003815724505301E+0","5.1558122845013026E+0","2.9971950264850841E+2","4.3370223735381401E+1","3.054200000000000E-6"
"949","9.9711610251577587E-1","6.9674749461529467E-21","9.8757230826282648E-3","-3.3551128364058871E-16","-1.1288140756487160E-2","-7.5807276942642453E-15","3.0003807155456501E+0","5.1606995357449890E+0","3.0000361006577788E+2","4.3947199441079498E+1","3.054200000000000E-6"
"948","9.9712828106090934E-1","6.9674750593926757E-21","9.8792514342913584E-3","-2.5832142840686499E-16","-1.1313849574295369E-2","-6.5560960152228904E-15","3.0003798580089001E+0","5.1655870800655777E+0","3.0028773452029748E+2","4.4488981982847200E+1","3.054200000000000E-6"
"947","9.9714047307440112E-1","6.9674749691789980E-21","9.8827809432697686E-3","7.4966939221810758E-16","-1.1339521863630698E-2","4.2327378497124529E-15","3.0003789998527002E+0","5.1704749168954249E+0","3.0057187597906875E+2","4.4999037347454099E+1","3.054200000000000E-6"
"946","9.9715267842251121E-1","6.9674748701204976E-21","9.8863115584629253E-3","-8.0663062591681270E-16","-1.1365157506071510E-2","4.4548799227231111E-16","3.0003781410894299E+0","5.1753630456652466E+0","3.0085603440899774E+2","4.5480070407890800E+1","3.054200000000000E-6"
"945","9.9716489697162114E-1","6.9674748270333671E-21","9.8898432293641654E-3","2.3833942701319428E-16","-1.1390756383983265E-2","8.4131078511790626E-15","3.0003772817314700E+0","5.1802514658041980E+0","3.0114020977690012E+2","4.5934233422518197E+1","3.054200000000000E-6"
"944","9.9717712858822838E-1","6.9674745371262277E-21","9.8933759060490321E-3","-1.9293794557608310E-15","-1.1416318380502897E-2","1.3173114234259494E-15","3.0003764217911200E+0","5.1851401767400587E+0","3.0142440204951117E+2","4.6363266534181200E+1","3.054200000000000E-6"
"943","9.9718937313895295E-1","6.9674744459157217E-21","9.8969095391790839E-3","-1.0166842579048539E-16","-1.1441843379565025E-2","5.8907738584086942E-15","3.0003755612806700E+0","5.1900291778992829E+0","3.0170861119348939E+2","4.6768594876233500E+1","3.054200000000000E-6"
"942","9.9720163049052857E-1","6.9674742493094624E-21","9.9004440799997026E-3","-1.9122484204716605E-15","-1.1467331265875416E-2","4.5710300599387659E-15","3.0003747002123702E+0","5.1949184687071801E+0","3.0199283717542670E+2","4.7151398132051199E+1","3.054200000000000E-6"
"941","9.9721390050980863E-1","6.9674744626907295E-21","9.9039794803391298E-3","-1.5396221944624086E-15","-1.1492781924922636E-2","-2.5140621563370294E-15","3.0003738385984500E+0","5.1998080485879763E+0","3.0227707996185200E+2","4.7512661398376999E+1","3.054200000000000E-6"
"940","9.9722618306375976E-1","6.9674744693102651E-21","9.9075156926048211E-3","2.3587036315100032E-16","-1.1518195242985236E-2","1.8023776104951857E-15","3.0003729764510698E+0","5.2046979169649630E+0","3.0256133951923988E+2","4.7853212631175801E+1","3.054200000000000E-6"
"939","9.9723847801946663E-1","6.9674741610418090E-21","9.9110526697832775E-3","8.5011633111432634E-16","-1.1543571107118872E-2","-1.5073394632482963E-17","3.0003721137823800E+0","5.2095880732605808E+0","3.0284561581401533E+2","4.8173751747931902E+1","3.054200000000000E-6"
"938","9.9725078524412758E-1","6.9674741435335200E-21","9.9145903654395736E-3","-3.8379080655121187E-16","-1.1568909405161983E-2","7.2600826815109303E-15","3.0003712506044899E+0","5.2144785168965688E+0","3.0312990881256286E+2","4.8474872317843797E+1","3.054200000000000E-6"
"937","9.9726310460505452E-1","6.9674741509141198E-21","9.9181287337102991E-3","-1.3476920005009338E-15","-1.1594210025734889E-2","4.1401522403646743E-15","3.0003703869294700E+0","5.2193692472940247E+0","3.0341421848122940E+2","4.8757079126006801E+1","3.054200000000000E-6"
"936","9.9727543596967538E-1","6.9674743118391129E-21","9.9216677293106747E-3","9.5651994943838154E-17","-1.1619472858243787E-2","2.2875926066397035E-15","3.0003695227693501E+0","5.2242602638735631E+0","3.0369854478633391E+2","4.9020801306540697E+1","3.054200000000000E-6"
"935","9.9728777920552902E-1","6.9674743647304380E-21","9.9252073075227348E-3","1.0968235744616005E-15","-1.1644697792884377E-2","-8.5343328792453491E-16","3.0003686581361300E+0","5.2291515660553527E+0","3.0398288769416951E+2","4.9266403265629499E+1","3.054200000000000E-6"
"934","9.9730013418026942E-1","6.9674743186992227E-21","9.9287474242069022E-3","-1.3552090442747406E-15","-1.1669884720627563E-2","-3.3776848656764388E-15","3.0003677930417800E+0","5.2340431532592833E+0","3.0426724717101297E+2","4.9494193368784302E+1","3.054200000000000E-6"
"933","9.9731250076166145E-1","6.9674742038126686E-21","9.9322880357844857E-3","-2.1093274916952648E-15","-1.1695033533233616E-2","-4.0055757632861309E-15","3.0003669274982099E+0","5.2389350249050368E+0","3.0455162318312910E+2","4.9704430787029203E+1","3.054200000000000E-6"
"932","9.9732487881758647E-1","6.9674740953342447E-21","9.9358290992490154E-3","-1.6063525633231800E-15","-1.1720144123249326E-2","-1.3358277785333883E-15","3.0003660615173202E+0","5.2438271804121674E+0","3.0483601569677506E+2","4.9897331110419998E+1","3.054200000000000E-6"
"931","9.9733726821603219E-1","6.9674737757450280E-21","9.9393705721595605E-3","2.7057979063554274E-15","-1.1745216384001181E-2","7.8595755898160122E-15","3.0003651951109598E+0","5.2487196192002381E+0","3.0512042467820885E+2","5.0073070763403301E+1","3.054200000000000E-6"
"930","9.9734966882510401E-1","6.9674738690172194E-21","9.9429124126402136E-3","4.7767406847145162E-16","-1.1770250209606158E-2","1.2525612768150447E-14","3.0003643282909298E+0","5.2536123406888926E+0","3.0540485009369291E+2","5.0231790687936098E+1","3.054200000000000E-6"
"929","9.9736208051301645E-1","6.9674739141243539E-21","9.9464545793720421E-3","7.8071394681621744E-16","-1.1795245494962345E-2","6.6131394827371889E-15","3.0003634610690200E+0","5.2585053442979506E+0","3.0568929190950007E+2","5.0373599269560600E+1","3.054200000000000E-6"
"928","9.9737450314809728E-1","6.9674739353072150E-21","9.9499970316052830E-3","-7.8248120747894947E-16","-1.1820202135763723E-2","3.3817715953133366E-15","3.0003625934569600E+0","5.2633986294474839E+0","3.0597375009191768E+2","5.0498574241859998E+1","3.054200000000000E-6"
"927","9.9738693659878686E-1","6.9674737410281366E-21","9.9535397291440984E-3","-1.9072635954384295E-15","-1.1845120028491420E-2","2.5175865265681543E-15","3.0003617254664401E+0","5.2682921955579500E+0","3.0625822460725550E+2","5.0606764689556996E+1","3.054200000000000E-6"
"926","9.9739938073363610E-1","6.9674735901967272E-21","9.9570826323524108E-3","1.1674251291741046E-15","-1.1869999070406855E-2","6.7747631272146504E-15","3.0003608571091398E+0","5.2731860420502210E+0","3.0654271542184756E+2","5.0698192097480799E+1","3.054200000000000E-6"
"925","9.9741183542130984E-1","6.9674734635977581E-21","9.9606257021499101E-3","-9.7919221904168826E-16","-1.1894839159566819E-2","4.2399760978548449E-15","3.0003599883966801E+0","5.2780801683457224E+0","3.0682722250205995E+2","5.0772851111858799E+1","3.054200000000000E-6"
"924","9.9742430053058462E-1","6.9674733879485510E-21","9.9641689000102892E-3","-8.5779515504775364E-16","-1.1919640194819153E-2","8.2378704238734331E-15","3.0003591193406298E+0","5.2829745738664693E+0","3.0711174581429304E+2","5.0830709800946600E+1","3.054200000000000E-6"
"923","9.9743677593035085E-1","6.9674732970124915E-21","9.9677121879609264E-3","-3.6761757619344231E-16","-1.1944402075794665E-2","4.1669715376490893E-15","3.0003582499525598E+0","5.2878692580351947E+0","3.0739628532498898E+2","5.0871709862571599E+1","3.054200000000000E-6"
"922","9.9744926148960911E-1","6.9674734574680241E-21","9.9712555285817531E-3","-2.2085039453759533E-16","-1.1969124702924007E-2","8.4597708497009630E-15","3.0003573802439498E+0","5.2927642202753917E+0","3.0768084100063396E+2","5.0895765481816397E+1","3.054200000000000E-6"
"921","9.9746175707747864E-1","6.9674735213295334E-21","9.9747988849996725E-3","-1.0462572858290363E-15","-1.1993807977425523E-2","4.7576899816308463E-15","3.0003565102262901E+0","5.2976594600114160E+0","3.0796541280776449E+2","5.0902763206597200E+1","3.054200000000000E-6"
"920","9.9747426256318639E-1","6.9674733966415337E-21","9.9783422208937905E-3","-8.5570136887685596E-16","-1.2018451801303766E-2","-1.6468469171274396E-15","3.0003556399110001E+0","5.3025549766685378E+0","3.0825000071297018E+2","5.0892559988646497E+1","3.054200000000000E-6"
"919","9.9748677781607853E-1","6.9674734640039939E-21","9.9818855004864173E-3","-3.8804889358962401E-15","-1.2043056077372414E-2","-3.6087564431453712E-15","3.0003547693094701E+0","5.3074507696730384E+0","3.0853460468289944E+2","5.0864981535577797E+1","3.054200000000000E-6"
"918","9.9749930270561249E-1","6.9674733837201326E-21","9.9854286885466721E-3","-2.0852382798308298E-15","-1.2067620709227941E-2","4.6578685023284566E-15","3.0003538984330498E+0","5.3123468384522923E+0","3.0881922468426416E+2","5.0819819911948102E+1","3.054200000000000E-6"
"917","9.9751183710136193E-1","6.9674732527828273E-21","9.9889717503835653E-3","-8.3936471002761194E-16","-1.2092145601261513E-2","-3.6864572213218138E-15","3.0003530272930501E+0","5.3172431824348108E+0","3.0910386068384230E+2","5.0756830687366602E+1","3.054200000000000E-6"
"916","9.9752438087302109E-1","6.9674732645745997E-21","9.9925146518539277E-3","1.0568653959654121E-15","-1.2116630658672826E-2","5.4211005119669611E-15","3.0003521559007500E+0","5.3221398010503025E+0","3.0938851264848159E+2","5.0675728562012502E+1","3.054200000000000E-6"
"915","9.9753693389039166E-1","6.9674733775708159E-21","9.9960573593486646E-3","7.7385607724772685E-16","-1.2141075787438770E-2","3.7379718105696609E-15","3.0003512842673699E+0","5.3270366937297897E+0","3.0967318054510594E+2","5.0576183332982303E+1","3.054200000000000E-6"
"914","9.9754949602339837E-1","6.9674734400440923E-21","9.9995998398008292E-3","-4.3052357146363033E-16","-1.2165480894349575E-2","1.6761849270779987E-15","3.0003504124040998E+0","5.3319338599056456E+0","3.0995786434071789E+2","5.0457813791493301E+1","3.054200000000000E-6"
"913","9.9756206714208617E-1","6.9674733957004370E-21","1.0003142060680453E-2","-1.2654453547896843E-15","-1.2189845886985712E-2","-4.4560868133389421E-15","3.0003495403221101E+0","5.3368312990116271E+0","3.1024256400240040E+2","5.0320180646407202E+1","3.054200000000000E-6"
"912","9.9757464711661215E-1","6.9674734117014362E-21","1.0006683989993759E-2","-1.2073758669869894E-15","-1.2214170673733491E-2","4.1157993399603436E-15","3.0003486680324798E+0","5.3417290104829931E+0","3.1052727949732378E+2","5.0162777495512998E+1","3.054200000000000E-6"
"911","9.9758723581725950E-1","6.9674733468388796E-21","1.0010225596274500E-2","-7.5676521658514099E-16","-1.2238455163775412E-2","-1.0133371712387425E-15","3.0003477955463098E+0","5.3466269937565425E+0","3.1081201079274780E+2","4.9985020688298000E+1","3.054200000000000E-6"
"910","9.9759983311442924E-1","6.9674733680190926E-21","1.0013766848596823E-2","1.8793439660029021E-16","-1.2262699267098158E-2","-4.4188738660519571E-17","3.0003469228745998E+0","5.3515252482706517E+0","3.1109675785602388E+2","4.9786234619474001E+1","3.054200000000000E-6"
"909","9.9761243887864248E-1","6.9674733543380581E-21","1.0017307716558555E-2","1.4379616782489993E-15","-1.2286902894489809E-2","-2.2527124949725617E-17","3.0003460500283499E+0","5.3564237734653650E+0","3.1138152065460059E+2","4.9565635237497602E+1","3.054200000000000E-6"
"908","9.9762505298054538E-1","6.9674733211284642E-21","1.0020848170293462E-2","-7.4945070806534964E-16","-1.2311065957538789E-2","3.0413931261560249E-15","3.0003451770185099E+0","5.3613225687824331E+0","3.1166629915602550E+2","4.9322307909394098E+1","3.054200000000000E-6"
"907","9.9763767529090674E-1","6.9674732563110376E-21","1.0024388180456135E-2","3.3669775403743119E-15","-1.2335188368639137E-2","7.0578794984266362E-15","3.0003443038559801E+0","5.3662216336653668E+0","3.1195109332794863E+2","4.9055179195943801E+1","3.054200000000000E-6"
"906","9.9765030568061996E-1","6.9674733472534737E-21","1.0027927718229324E-2","-7.3917787810080938E-17","-1.2359270040993298E-2","2.1990190311625169E-15","3.0003434305516099E+0","5.3711209675594951E+0","3.1223590313812565E+2","4.8762979564905898E+1","3.054200000000000E-6"
"905","9.9766294402070543E-1","6.9674733730044179E-21","1.0031466755321912E-2","3.9648847115222134E-15","-1.2383310888609946E-2","1.1341922507242484E-14","3.0003425571162401E+0","5.3760205699120078E+0","3.1252072855442037E+2","4.8444194058108700E+1","3.054200000000000E-6"
"904","9.9767559018232888E-1","6.9593458656598675E-21","1.0035005264045061E-2","-1.4917424099355226E-13","-1.2407310826005003E-2","-5.5488733879062647E-13","3.0003416835606398E+0","5.3809204401725950E+0","3.1280556954484200E+2","4.8097002025672097E+1","3.054200000000000E-6"
"903","9.9768824403672773E-1","6.9662936394901460E-21","1.0038543216982183E-2","-1.4923258032318311E-13","-1.2431269769396517E-2","-5.5025163080338370E-13","3.0003408098955502E+0","5.3858205777911392E+0","3.1309042607741094E+2","4.7719159107528803E+1","3.054200000000000E-6"
"902","9.9770090545532319E-1","6.9663034950680826E-21","1.0042080587487637E-2","-1.4783952882027427E-13","-1.2455187634917006E-2","-5.3766681902704830E-13","3.0003399361316601E+0","5.3907209822213167E+0","3.1337529812036809E+2","4.7307902244249199E+1","3.054200000000000E-6"
"901","9.9771357430965368E-1","6.9616425515377716E-21","1.0045617349350364E-2","-1.4831418763874778E-13","-1.2479064339807689E-2","-5.2419420538841982E-13","3.0003390622796098E+0","5.3956216529182308E+0","3.1366018564203728E+2","4.6859731663164602E+1","3.054200000000000E-6"
"900","9.9772625047138730E-1","6.9605309787268472E-21","1.0049153476870631E-2","-1.4797484898898758E-13","-1.2502899802117414E-2","-5.2191617618941027E-13","3.0003381883500300E+0","5.4005225893391158E+0","3.1394508861086626E+2","4.6370122154796100E+1","3.054200000000000E-6"
"899","9.9773893381232603E-1","6.9718654094868941E-21","1.0052688944868675E-2","-1.4500552446544992E-13","-1.2526693940722427E-2","-5.0303987652690904E-13","3.0003373143534802E+0","5.4054237909433036E+0","3.1423000699542484E+2","4.5833052573667999E+1","3.054200000000000E-6"
"898","9.9775162420440722E-1","6.9573125846197205E-21","1.0056223728675604E-2","-1.4616565747362698E-13","-1.2550446675286970E-2","-4.9692131884154727E-13","3.0003364403004702E+0","5.4103252571923210E+0","3.1451494076441020E+2","4.5240217629833801E+1","3.054200000000000E-6"
"897","9.9776432151970507E-1","6.9553867765057706E-21","1.0059757804131750E-2","-1.4387268824249157E-13","-1.2574157926309807E-2","-4.8971057892958306E-13","3.0003355662014899E+0","5.4152269875499011E+0","3.1479988988664792E+2","4.4579598230828999E+1","3.054200000000000E-6"
"896","9.9777702563043402E-1","6.9493703171390585E-21","1.0063291147591516E-2","-1.4573630642015968E-13","-1.2597827615098863E-2","-4.8382116596917390E-13","3.0003346920669798E+0","5.4201289814820095E+0","3.1508485433109331E+2","4.3832620855772703E+1","3.054200000000000E-6"
"895","9.9778973640894508E-1","6.9537198081803046E-21","1.0066823735912347E-2","-1.4413318987231172E-13","-1.2621455663781983E-2","-4.7011991462782294E-13","3.0003338179073200E+0","5.4250312384569019E+0","3.1536983406683476E+2","4.2967685396792398E+1","3.054200000000000E-6"
"894","9.9780245372773479E-1","6.9542158176191298E-21","1.0070355546462488E-2","-1.4457686015173967E-13","-1.2645041995291689E-2","-4.6720126092556327E-13","3.0003329437328601E+0","5.4299337579451494E+0","3.1565482906309541E+2","4.1921961520129202E+1","3.054200000000000E-6"
"893","9.9781517745944193E-1","6.9565677086931799E-21","1.0073886557112614E-2","-1.4306671129285822E-13","-1.2668586533392397E-2","-4.5484826475281240E-13","3.0003320695539100E+0","5.4348365394196554E+0","3.1593983928923393E+2","4.0525284619057899E+1","3.054200000000000E-6"
"892","9.9782790747684980E-1","6.9582265640900149E-21","1.0077416746237255E-2","-1.4281445850732573E-13","-1.2692089202659167E-2","-4.5181765147341395E-13","3.0003311953807299E+0","5.4397395823557035E+0","3.1622486471474724E+2","3.7543540595497099E+1","3.054200000000000E-6"
"891","9.9784064365288805E-1","6.9577368742010417E-21","1.0080946092713147E-2","-1.4195356344684657E-13","-1.2715549928491341E-2","-4.4173233134009212E-13","3.0003303212235299E+0","5.4446428862309846E+0","3.1650990530927226E+2","3.7582995057590402E+1","3.054200000000000E-6"
"890","9.9785338586063921E-1","6.9489568590814591E-21","1.0084474575914252E-2","-1.4157459165830537E-13","-1.2738968637113247E-2","-4.3504225750044286E-13","3.0003294470924802E+0","5.4495464505256122E+0","3.1679496104258681E+2","3.7621897282597502E+1","3.054200000000000E-6"
"889","9.9786613397333057E-1","6.9478563532592701E-21","1.0088002175717582E-2","-1.3983810092019365E-13","-1.2762345255555778E-2","-4.2932788036326257E-13","3.0003285729977098E+0","5.4544502747221548E+0","3.1708003188461140E+2","3.7660248362191702E+1","3.054200000000000E-6"
"888","9.9787888786434753E-1","6.9442738837679816E-21","1.0091528872493963E-2","-1.3985510360584911E-13","-1.2785679711687686E-2","-4.2619883750866866E-13","3.0003276989493002E+0","5.4593543583056627E+0","3.1736511780541076E+2","3.7698049415577898E+1","3.054200000000000E-6"
"887","9.9789164740722702E-1","6.9453583032659510E-21","1.0095054647109877E-2","-1.3757867641145242E-13","-1.2808971934198199E-2","-4.1210051430037958E-13","3.0003268249572899E+0","5.4642587007636791E+0","3.1765021877519456E+2","3.7735301600142201E+1","3.054200000000000E-6"
"886","9.9790441247566664E-1","6.9435510463553144E-21","1.0098579480926758E-2","-1.3766155980283575E-13","-1.2832221852596994E-2","-4.0288484955599320E-13","3.0003259510316602E+0","5.4691633015862706E+0","3.1793533476431924E+2","3.7772006109585597E+1","3.054200000000000E-6"
"885","9.9791718294351661E-1","6.9422419306978936E-21","1.0102103355793557E-2","-1.3681402189640721E-13","-1.2855429397219377E-2","-3.9949043756364020E-13","3.0003250771823602E+0","5.4740681602660670E+0","3.1822046574329011E+2","3.7808164166646101E+1","3.054200000000000E-6"
"884","9.9792995868479262E-1","6.9429900386593520E-21","1.0105626254054003E-2","-1.3839773673717368E-13","-1.2878594499234688E-2","-3.9764328159220704E-13","3.0003242034192898E+0","5.4789732762982277E+0","3.1850561168275954E+2","3.7843777022043298E+1","3.054200000000000E-6"
"883","9.9794273957367186E-1","6.9398348542325889E-21","1.0109148158540483E-2","-1.3796892076456208E-13","-1.2901717090630668E-2","-3.8447721743870245E-13","3.0003233297523000E+0","5.4838786491805012E+0","3.1879077255353059E+2","3.7878845964647802E+1","3.054200000000000E-6"
"882","9.9795552548449584E-1","6.9398309987464931E-21","1.0112669052571351E-2","-1.3390333551497105E-13","-1.2924797104225647E-2","-3.6955893480400870E-13","3.0003224561912001E+0","5.4887842784132355E+0","3.1907594832655730E+2","3.7913372319858297E+1","3.054200000000000E-6"
"881","9.9796831629177707E-1","6.9422407179327885E-21","1.0116188919948324E-2","-1.3347423876285499E-13","-1.2947834473666103E-2","-3.6757973615273729E-13","3.0003215827457601E+0","5.4936901634993731E+0","3.1936113897294450E+2","3.7947357430735302E+1","3.054200000000000E-6"
"880","9.9798111187019267E-1","6.9437829685095419E-21","1.0119707744961683E-2","-1.3260831252214956E-13","-1.2970829133427869E-2","-3.6336889607093255E-13","3.0003207094256701E+0","5.4985963039444883E+0","3.1964634446395002E+2","3.7980802687895498E+1","3.054200000000000E-6"
"879","9.9799391209459376E-1","6.9487234507092673E-21","1.0123225512379047E-2","-1.3226373969387089E-13","-1.2993781018825199E-2","-3.5539083592400807E-13","3.0003198362406298E+0","5.5035026992567806E+0","3.1993156477098444E+2","3.8013709503944497E+1","3.054200000000000E-6"
"878","9.9800671684000752E-1","6.9528120563255105E-21","1.0126742207451122E-2","-1.3214288717129553E-13","-1.3016690065991678E-2","-3.5340818330128853E-13","3.0003189632002298E+0","5.5084093489470893E+0","3.2021679986561162E+2","3.8046079321244598E+1","3.054200000000000E-6"
"877","9.9801952598163524E-1","6.9509732664850132E-21","1.0130257815909500E-2","-1.3174179956809853E-13","-1.3039556211901544E-2","-3.4380125977212271E-13","3.0003180903140598E+0","5.5133162525289068E+0","3.2050204971954975E+2","3.8077913617387601E+1","3.054200000000000E-6"
"876","9.9803233939485614E-1","6.9526590989767497E-21","1.0133772323959560E-2","-1.3052503163513243E-13","-1.3062379394348567E-2","-3.4143246082426344E-13","3.0003172175916499E+0","5.5182234095183915E+0","3.2078731430467207E+2","3.8109213896859004E+1","3.054200000000000E-6"
"875","9.9804515695523477E-1","6.9499455250632556E-21","1.0137285718284445E-2","-1.3074023594681665E-13","-1.3085159551981900E-2","-3.3152448734836609E-13","3.0003163450424699E+0","5.5231308194343560E+0","3.2107259359300588E+2","3.8139981696136601E+1","3.054200000000000E-6"
"874","9.9805797853851586E-1","6.9288172596382228E-21","1.0140797986041285E-2","-1.3053128927894545E-13","-1.3107896624260007E-2","-3.2841700124216518E-13","3.0003154726759602E+0","5.5280384817982826E+0","3.2135788755673383E+2","3.8170218581831101E+1","3.054200000000000E-6"
"873","9.9807080402063020E-1","6.9281492392176240E-21","1.0144309114857534E-2","-1.2909848802767124E-13","-1.3130590551491935E-2","-3.2165075969849111E-13","3.0003146005015000E+0","5.5329463961343563E+0","3.2164319616819574E+2","3.8199926145509700E+1","3.054200000000000E-6"
"872","9.9808363327770011E-1","6.9312679370667150E-21","1.0147819092834702E-2","-1.2868082779093764E-13","-1.3153241274818168E-2","-3.1214233507013954E-13","3.0003137285284298E+0","5.5378545619694011E+0","3.2192851939988481E+2","3.8229106009002997E+1","3.054200000000000E-6"
"871","9.9809646618603776E-1","6.9407632123399303E-21","1.0151327908541601E-2","-1.2653735136779680E-13","-1.3175848736211254E-2","-3.0495547953502140E-13","3.0003128567660302E+0","5.5427629788329389E+0","3.2221385722445098E+2","3.8257759835617598E+1","3.054200000000000E-6"
"870","9.9810930262214770E-1","6.9474232971937829E-21","1.0154835551016324E-2","-1.2774279956952688E-13","-1.3198412878475816E-2","-3.0494475386673163E-13","3.0003119852235498E+0","5.5476716462571849E+0","3.2249920961470082E+2","3.8285889290513303E+1","3.054200000000000E-6"
"869","9.9812214246273168E-1","6.9461407278357148E-21","1.0158342009760688E-2","-1.2576809889029070E-13","-1.3220933645266768E-2","-2.9516016924527719E-13","3.0003111139101701E+0","5.5525805637770160E+0","3.2278457654359568E+2","3.8313496092867297E+1","3.054200000000000E-6"
"868","9.9813498558469338E-1","6.9554518981141511E-21","1.0161847274742309E-2","-1.2613795856402733E-13","-1.3243410981064033E-2","-2.9380196948512097E-13","3.0003102428350501E+0","5.5574897309299915E+0","3.2306995798425271E+2","3.8340581974830400E+1","3.054200000000000E-6"
"867","9.9814783186513256E-1","6.9635149853188975E-21","1.0165351336389164E-2","-1.2898969542367478E-13","-1.3265844831192296E-2","-2.9142449958412622E-13","3.0003093720072802E+0","5.5623991472563459E+0","3.2335535390994471E+2","3.8367148701222298E+1","3.054200000000000E-6"
"866","9.9816068118135848E-1","6.9629515138262167E-21","1.0168854185594696E-2","-1.2389538987081141E-13","-1.3288235141804799E-2","-2.8361888595978578E-13","3.0003085014358901E+0","5.5673088122989975E+0","3.2364076429410039E+2","3.8393198060021497E+1","3.054200000000000E-6"
"865","9.9817353341088444E-1","6.9620361208757985E-21","1.0172355813708461E-2","-1.2107515195051895E-13","-1.3310581859902696E-2","-2.7570245314096021E-13","3.0003076311299002E+0","5.5722187256035225E+0","3.2392618911030314E+2","3.8418731872456597E+1","3.054200000000000E-6"
"864","9.9818638843143459E-1","6.9536128363628551E-21","1.0175856212536348E-2","-1.1979134439368756E-13","-1.3332884933321673E-2","-2.6794988431947289E-13","3.0003067610982499E+0","5.5771288867181594E+0","3.2421162833229090E+2","3.8443751982041398E+1","3.054200000000000E-6"
"863","9.9819924612094557E-1","6.9526640707617083E-21","1.0179355374344858E-2","-1.2113292253987598E-13","-1.3355144310732621E-2","-2.6493786774653511E-13","3.0003058913498299E+0","5.5820392951938027E+0","3.2449708193395617E+2","3.8468260248588997E+1","3.054200000000000E-6"
"862","9.9821210635756941E-1","6.9643886169890041E-21","1.0182853291851037E-2","-1.2305906692938466E-13","-1.3377359941648528E-2","-2.6720208199675830E-13","3.0003050218934901E+0","5.5869499505839926E+0","3.2478254988934515E+2","3.8492258577588302E+1","3.054200000000000E-6"
"861","9.9822496901967539E-1","6.9726019644620380E-21","1.0186349958224672E-2","-1.2020511647912887E-13","-1.3399531776425578E-2","-2.6043845385376527E-13","3.0003041527380301E+0","5.5918608524449107E+0","3.2506803217265758E+2","3.8515748885945499E+1","3.054200000000000E-6"
"860","9.9823783398585342E-1","6.9752705800060624E-21","1.0189845367089357E-2","-1.2229167932341614E-13","-1.3421659766252180E-2","-2.5655277210333082E-13","3.0003032838922201E+0","5.5967720003353696E+0","3.2535352875824634E+2","3.8538733118780300E+1","3.054200000000000E-6"
"859","9.9825070113492020E-1","6.9605897456513340E-21","1.0193339512517252E-2","-1.1920740457169395E-13","-1.3443743863158870E-2","-2.4839819017174440E-13","3.0003024153647302E+0","5.6016833938167805E+0","3.2563903962061516E+2","3.8561213245961000E+1","3.054200000000000E-6"
"858","9.9826357034591495E-1","6.9716504208639624E-21","1.0196832389026562E-2","-1.1801160051648416E-13","-1.3465784020016290E-2","-2.3972261867407186E-13","3.0003015471642200E+0","5.6065950324531864E+0","3.2592456473442081E+2","3.8583191263158298E+1","3.054200000000000E-6"
"857","9.9827644149811023E-1","6.9819044702434260E-21","1.0200323991583283E-2","-1.1970756753718499E-13","-1.3487780190531821E-2","-2.4140589264340837E-13","3.0003006792992899E+0","5.6115069158112165E+0","3.2621010407447045E+2","3.8604669187773403E+1","3.054200000000000E-6"
"856","9.9828931447100777E-1","6.9861498652328806E-21","1.0203814315596362E-2","-1.1905116771110593E-13","-1.3509732329257028E-2","-2.3794817846206395E-13","3.0002998117785000E+0","5.6164190434600600E+0","3.2649565761572001E+2","3.8625649064722502E+1","3.054200000000000E-6"
"855","9.9830218914434488E-1","6.9843503934329645E-21","1.0207303356917200E-2","-1.1330347360408389E-13","-1.3531640391585628E-2","-2.2020317335571411E-13","3.0002989446103299E+0","5.6213314149715083E+0","3.2678122533327672E+2","3.8646132948704199E+1","3.054200000000000E-6"
"854","9.9831506539810011E-1","6.9762668859974299E-21","1.0210791111842879E-2","-1.1331445281173804E-13","-1.3553504333735734E-2","-2.1865724018534196E-13","3.0002980778032300E+0","5.6262440299198593E+0","3.2706680720239353E+2","3.8666122940528503E+1","3.054200000000000E-6"
"853","9.9832794311249051E-1","6.9759082938357425E-21","1.0214277577102044E-2","-1.1653786889022656E-13","-1.3575324112777959E-2","-2.2163727181295100E-13","3.0002972113655999E+0","5.6311568878819811E+0","3.2735240319847281E+2","3.8685621148900502E+1","3.054200000000000E-6"
"852","9.9834082216797704E-1","6.9856681269255740E-21","1.0217762749867630E-2","-1.1507478288214288E-13","-1.3597099686619058E-2","-2.2287711811343359E-13","3.0002963453057898E+0","5.6360699884372432E+0","3.2763801329706229E+2","3.8704629696841003E+1","3.054200000000000E-6"
"851","9.9835370244526944E-1","7.0016386575547009E-21","1.0221246627745472E-2","-1.1221492085828751E-13","-1.3618831014010103E-2","-2.0582963701408482E-13","3.0002954796320900E+0","5.6409833311675124E+0","3.2792363747385491E+2","3.8723150745439902E+1","3.054200000000000E-6"
"850","9.9836658382532850E-1","6.9996864871322207E-21","1.0224729208777227E-2","-1.1101143408148290E-13","-1.3640518054523159E-2","-2.0915087485814236E-13","3.0002946143527400E+0","5.6458969156571390E+0","3.2820927570468797E+2","3.8741186478131098E+1","3.054200000000000E-6"
"849","9.9837946618936357E-1","6.9908790637088862E-21","1.0228210491435078E-2","-1.1033538308033651E-13","-1.3662160768591048E-2","-1.9988957056254745E-13","3.0002937494759299E+0","5.6508107414929434E+0","3.2849492796554239E+2","3.8758739078117301E+1","3.054200000000000E-6"
"848","9.9839234941884558E-1","6.9812200852042764E-21","1.0231690474623193E-2","-1.1356443502733313E-13","-1.3683759117466244E-2","-2.0436189980421650E-13","3.0002928850098098E+0","5.6557248082641784E+0","3.2878059423254041E+2","3.8775810773452797E+1","3.054200000000000E-6"
"847","9.9840523339550069E-1","6.9806803213694030E-21","1.0235169157676081E-2","-1.1031260390691888E-13","-1.3705313063248927E-2","-1.9871771721740296E-13","3.0002920209624500E+0","5.6606391155625104E+0","3.2906627448194473E+2","3.8792403799713803E+1","3.054200000000000E-6"
"846","9.9841811800131974E-1","6.9859967162155641E-21","1.0238646540352749E-2","-1.1015279305282652E-13","-1.3726822568877113E-2","-1.8982701738139714E-13","3.0002911573419100E+0","5.6655536629820231E+0","3.2935196869015834E+2","3.8808520417733199E+1","3.054200000000000E-6"
"845","9.9843100311855837E-1","6.9898112739696204E-21","1.0242122622843575E-2","-1.0826611270233214E-13","-1.3748287598112670E-2","-1.8685822591605122E-13","3.0002902941561498E+0","5.6704684501191585E+0","3.2963767683372163E+2","3.8824162902284698E+1","3.054200000000000E-6"
"844","9.9844388862973854E-1","6.9770775718241844E-21","1.0245597405755529E-2","-1.0762071959000898E-13","-1.3769708115565039E-2","-1.9004777619960289E-13","3.0002894314131199E+0","5.6753834765727360E+0","3.2992339888931292E+2","3.8839333557482398E+1","3.054200000000000E-6"
"843","9.9845677441765668E-1","6.9685621219352854E-21","1.0249070890122815E-2","-1.0824971734546182E-13","-1.3791084086684254E-2","-1.8496594162785090E-13","3.0002885691206900E+0","5.6802987419438811E+0","3.3020913483374466E+2","3.8854034693987501E+1","3.054200000000000E-6"
"842","9.9846966036538154E-1","6.9809936597579524E-21","1.0252543077401048E-2","-1.0606620778021935E-13","-1.3812415477741691E-2","-1.7017454241098403E-13","3.0002877072866898E+0","5.6852142458360397E+0","3.3049488464396438E+2","3.8868268649715098E+1","3.054200000000000E-6"
"841","9.9848254635626132E-1","6.9886258905160545E-21","1.0256013969459910E-2","-1.0486076390837023E-13","-1.3833702255842932E-2","-1.7161287694237738E-13","3.0002868459188901E+0","5.6901299878549407E+0","3.3078064829705204E+2","3.8882037779507698E+1","3.054200000000000E-6"
"840","9.9849543227392290E-1","6.9792935316271290E-21","1.0259483568591216E-2","-1.0587693239125554E-13","-1.3854944388936048E-2","-1.7289638596327928E-13","3.0002859850250201E+0","5.6950459676085607E+0","3.3106642577021847E+2","3.8895344457597403E+1","3.054200000000000E-6"
"839","9.9850831800227746E-1","6.9870284559856719E-21","1.0262951877499732E-2","-1.0621736776069460E-13","-1.3876141845799673E-2","-1.6806191368398673E-13","3.0002851246127502E+0","5.6999621847071111E+0","3.3135221704080431E+2","3.8908191075951898E+1","3.054200000000000E-6"
"838","9.9852120342552420E-1","6.9871021783454302E-21","1.0266418899303549E-2","-1.0350669825891801E-13","-1.3897294596038825E-2","-1.6430571952020513E-13","3.0002842646897001E+0","5.7048786387630113E+0","3.3163802208627857E+2","3.8920580034082498E+1","3.054200000000000E-6"
"837","9.9853408842815228E-1","6.9798735443484881E-21","1.0269884637534515E-2","-1.0148613567864982E-13","-1.3918402610091632E-2","-1.5834746843777623E-13","3.0002834052634100E+0","5.7097953293908468E+0","3.3192384088423620E+2","3.8932513761741603E+1","3.054200000000000E-6"
"836","9.9854697289494043E-1","6.9575176243022883E-21","1.0273349096133085E-2","-1.0263099446128329E-13","-1.3939465859223489E-2","-1.6000451998483811E-13","3.0002825463414200E+0","5.7147122562073767E+0","3.3220967341239856E+2","3.8943994698266401E+1","3.054200000000000E-6"
"835","9.9855985671096892E-1","6.9528336569681069E-21","1.0276812279450341E-2","-1.0064038625912477E-13","-1.3960484315538353E-2","-1.4963013138245380E-13","3.0002816879311700E+0","5.7196294188314392E+0","3.3249551964860774E+2","3.8955025298136697E+1","3.054200000000000E-6"
"834","9.9857273976161354E-1","6.9536335171408895E-21","1.0280274192240545E-2","-1.0002451224160095E-13","-1.3981457951949463E-2","-1.5154375477061986E-13","3.0002808300400701E+0","5.7245468168840050E+0","3.3278137957082993E+2","3.8965608040017401E+1","3.054200000000000E-6"
"833","9.9858562193255318E-1","6.9572622086593071E-21","1.0283734839664112E-2","-9.8789230959198821E-14","-1.4002386742220173E-2","-1.4110373945765786E-13","3.0002799726754699E+0","5.7294644499880940E+0","3.3306725315715033E+2","3.8975745404430398E+1","3.054200000000000E-6"
"832","9.9859850310977427E-1","6.9406702607674628E-21","1.0287194227288646E-2","-9.8940371970901422E-14","-1.4023270660913818E-2","-1.3969110657759186E-13","3.0002791158446702E+0","5.7343823177687527E+0","3.3335314038577212E+2","3.8985439905559900E+1","3.054200000000000E-6"
"831","9.9861138317956777E-1","6.9355776363815021E-21","1.0290652361078522E-2","-9.7971456590429193E-14","-1.4044109683432018E-2","-1.4058064577465896E-13","3.0002782595549098E+0","5.7393004198530422E+0","3.3363904123501544E+2","3.8994694052828500E+1","3.054200000000000E-6"
"830","9.9862426202853993E-1","6.9388269014826344E-21","1.0294109247397749E-2","-9.7947733992096995E-14","-1.4064903786002555E-2","-1.3667857049007785E-13","3.0002774038133699E+0","5.7442187558700004E+0","3.3392495568331532E+2","3.9003510388195799E+1","3.054200000000000E-6"
"829","9.9863713954361277E-1","6.9200990989594531E-21","1.0297564893011577E-2","-9.7517538423229592E-14","-1.4085652945664703E-2","-1.3422372661676291E-13","3.0002765486272098E+0","5.7491373254505698E+0","3.3421088370921763E+2","3.9011891453685401E+1","3.054200000000000E-6"
"828","9.9865001561202016E-1","6.9216335523240691E-21","1.0301019305079619E-2","-9.6273224259204399E-14","-1.4106357140280752E-2","-1.3113610747376955E-13","3.0002756940034998E+0","5.7540561282276661E+0","3.3449682529138289E+2","3.9019839807836902E+1","3.054200000000000E-6"
"827","9.9866289012132348E-1","6.9140855621418991E-21","1.0304472491155049E-2","-9.4322087935299912E-14","-1.4127016348535927E-2","-1.2226626048433768E-13","3.0002748399492600E+0","5.7589751638360367E+0","3.3478278040857811E+2","3.9027358030479498E+1","3.054200000000000E-6"
"826","9.9867576295940386E-1","6.9020248719928646E-21","1.0307924459182801E-2","-9.4228596523500510E-14","-1.4147630549922652E-2","-1.2608765163245038E-13","3.0002739864714800E+0","5.7638944319123020E+0","3.3506874903967918E+2","3.9034448711881097E+1","3.054200000000000E-6"
"825","9.9868863401447150E-1","6.8997255767479197E-21","1.0311375217502809E-2","-9.3944051888342764E-14","-1.4168199724756723E-2","-1.2452459411983461E-13","3.0002731335770698E+0","5.7688139320948864E+0","3.3535473116366683E+2","3.9041114447468999E+1","3.054200000000000E-6"
"824","9.9870150317506623E-1","6.8947429474502565E-21","1.0314824774838685E-2","-9.0270665490789967E-14","-1.4188723854171689E-2","-1.1633628584692833E-13","3.0002722812728901E+0","5.7737336640239967E+0","3.3564072675962547E+2","3.9047357850938702E+1","3.054200000000000E-6"
"823","9.9871437033006194E-1","6.8921420209966044E-21","1.0318273140304236E-2","-8.9407039641015552E-14","-1.4209202920100467E-2","-1.1185819228432424E-13","3.0002714295657702E+0","5.7786536273416003E+0","3.3592673580674187E+2","3.9053181548967302E+1","3.054200000000000E-6"
"822","9.9872723536866781E-1","6.8894271803592515E-21","1.0321720323400445E-2","-9.0973512750099627E-14","-1.4229636905290877E-2","-1.1252596947102721E-13","3.0002705784624601E+0","5.7835738216913599E+0","3.3621275828430123E+2","3.9058588179227101E+1","3.054200000000000E-6"
"821","9.9874009818043308E-1","6.8909716557637676E-21","1.0325166334005612E-2","-8.8856354380357413E-14","-1.4250025793305589E-2","-1.1021915282757715E-13","3.0002697279696600E+0","5.7884942467186526E+0","3.3649879417168847E+2","3.9063580387107898E+1","3.054200000000000E-6"
"820","9.9875295865524749E-1","6.8971566062160377E-21","1.0328611182386467E-2","-8.9866013386441316E-14","-1.4270369568506148E-2","-1.1212525803696826E-13","3.0002688780940199E+0","5.7934149020704782E+0","3.3678484344838290E+2","3.9068160836912902E+1","3.054200000000000E-6"
"819","9.9876581668334874E-1","6.8864276503112392E-21","1.0332054879186404E-2","-8.9993208752492064E-14","-1.4290668216063031E-2","-1.1042900957910557E-13","3.0002680288421302E+0","5.7983357873954624E+0","3.3707090609395829E+2","3.9072332194472800E+1","3.054200000000000E-6"
"818","9.9877867215532146E-1","6.8888080742694087E-21","1.0335497435425544E-2","-8.6671377416236041E-14","-1.4310921721951952E-2","-1.0113200243796642E-13","3.0002671802205398E+0","5.8032569023438159E+0","3.3735698208808060E+2","3.9076097143297403E+1","3.054200000000000E-6"
"817","9.9879152496210200E-1","6.8846400182874306E-21","1.0338938862504509E-2","-8.9559865462140774E-14","-1.4331130072937483E-2","-1.0542399898743300E-13","3.0002663322357299E+0","5.8081782465672873E+0","3.3764307141050512E+2","3.9079458377072498E+1","3.054200000000000E-6"
"816","9.9880437499498143E-1","6.8713859854220630E-21","1.0342379172194858E-2","-8.6242863926864323E-14","-1.4351293256598683E-2","-9.8378679653255953E-14","3.0002654848941201E+0","5.8130998197191452E+0","3.3792917404107556E+2","3.9082418596366402E+1","3.054200000000000E-6"
"815","9.9881722214560564E-1","6.8707339277130466E-21","1.0345818376642359E-2","-8.5061855574974479E-14","-1.4371411261297826E-2","-9.1886908358840647E-14","3.0002646382021099E+0","5.8180216214541325E+0","3.3821528995972125E+2","3.9084980505124001E+1","3.054200000000000E-6"
"814","9.9883006630598525E-1","6.8780662033750897E-21","1.0349256488361880E-2","-8.4832323607286186E-14","-1.4391484076198807E-2","-9.4856671956977336E-14","3.0002637921659900E+0","5.8229436514284396E+0","3.3850141914645582E+2","3.9087146830631802E+1","3.054200000000000E-6"
"813","9.9884290736848869E-1","6.8808611371716309E-21","1.0352693520241053E-2","-8.8310005135635681E-14","-1.4411511691251381E-2","-9.7141307969792731E-14","3.0002629467920499E+0","5.8278659092996525E+0","3.3878756158137389E+2","3.9088920292838203E+1","3.054200000000000E-6"
"812","9.9885574522585696E-1","6.8916704189180326E-21","1.0356129485530685E-2","-8.3209650926768073E-14","-1.4431494097206300E-2","-8.9981740062795576E-14","3.0002621020864901E+0","5.8327883947267347E+0","3.3907371724465014E+2","3.9090303635473298E+1","3.054200000000000E-6"
"811","9.9886857977119370E-1","6.8902059607036444E-21","1.0359564397846951E-2","-8.0185417828378768E-14","-1.4451431285592642E-2","-8.3394975430110069E-14","3.0002612580554699E+0","5.8377111073699970E+0","3.3935988611653778E+2","3.9091299596848401E+1","3.054200000000000E-6"
"810","9.9888141089797744E-1","6.9014823850801855E-21","1.0362998271172229E-2","-8.0322408708186928E-14","-1.4471323248724419E-2","-7.9774790936686263E-14","3.0002604147050902E+0","5.8426340468910452E+0","3.3964606817736512E+2","3.9091910938388700E+1","3.054200000000000E-6"
"809","9.9889423850006120E-1","6.8838785822736862E-21","1.0366431119849627E-2","-8.1235734621830149E-14","-1.4491169979698336E-2","-8.2920492477581972E-14","3.0002595720413900E+0","5.8475572129527373E+0","3.3993226340753318E+2","3.9092140419445698E+1","3.054200000000000E-6"
"808","9.9890706247167527E-1","6.8929084095763051E-21","1.0369862958580115E-2","-8.1246588052324125E-14","-1.4510971472394461E-2","-8.3249967308381226E-14","3.0002587300703700E+0","5.8524806052191893E+0","3.4021847178751636E+2","3.9091990800536998E+1","3.054200000000000E-6"
"807","9.9891988270743093E-1","6.8947275953904047E-21","1.0373293802424466E-2","-7.8537056388405713E-14","-1.4530727721470993E-2","-7.6289209342907088E-14","3.0002578887979601E+0","5.8574042233556787E+0","3.4050469329785642E+2","3.9091464857580299E+1","3.054200000000000E-6"
"806","9.9893269910232285E-1","6.8971674361521387E-21","1.0376723666797889E-2","-7.9730669203468600E-14","-1.4550438722356465E-2","-8.1925194877023752E-14","3.0002570482300501E+0","5.8623280670286695E+0","3.4079092791916412E+2","3.9090565375027097E+1","3.054200000000000E-6"
"805","9.9894551155172995E-1","6.8908382296208016E-21","1.0380152567471030E-2","-7.7031286219706266E-14","-1.4570104471256867E-2","-7.0565625996596047E-14","3.0002562083724600E+0","5.8672521359057326E+0","3.4107717563211457E+2","3.9089295135752700E+1","3.054200000000000E-6"
"804","9.9895831995142159E-1","6.8914290022901737E-21","1.0383580520566543E-2","-7.7634064100562076E-14","-1.4589724965136497E-2","-7.3310392548129572E-14","3.0002553692309499E+0","5.8721764296555357E+0","3.4136343641744662E+2","3.9087656936476598E+1","3.054200000000000E-6"
"803","9.9897112419755651E-1","6.8804393381937761E-21","1.0387007542556531E-2","-7.9498423421780704E-14","-1.4609300201740921E-2","-7.2299225404656172E-14","3.0002545308112500E+0","5.8771009479477945E+0","3.4164971025596014E+2","3.9085653576432300E+1","3.054200000000000E-6"
"802","9.9898392418669102E-1","6.8666277024588644E-21","1.0390433650263235E-2","-7.5469440315786037E-14","-1.4628830179566775E-2","-6.7207407133863326E-14","3.0002536931190198E+0","5.8820256904532364E+0","3.4193599712851369E+2","3.9083287861813602E+1","3.054200000000000E-6"
"801","9.9899671981577576E-1","6.8667083532887717E-21","1.0393858860853910E-2","-7.5340996678209489E-14","-1.4648314897882117E-2","-6.4640275434611516E-14","3.0002528561598600E+0","5.8869506568435694E+0","3.4222229701602294E+2","3.9080562591008203E+1","3.054200000000000E-6"
"800","9.9900951098215873E-1","6.8747072210796848E-21","1.0397283191839855E-2","-7.4947302571239026E-14","-1.4667754356699501E-2","-6.8195845786827410E-14","3.0002520199393201E+0","5.8918758467914616E+0","3.4250860989945915E+2","3.9077480588412598E+1","3.054200000000000E-6"
"799","9.9902229758359617E-1","6.8632167500100404E-21","1.0400706661078920E-2","-7.3798400848629320E-14","-1.4687148556804468E-2","-6.1422300118807937E-14","3.0002511844629001E+0","5.8968012599704620E+0","3.4279493575984515E+2","3.9074044671705700E+1","3.054200000000000E-6"
"798","9.9903507951824477E-1","6.8788450275619295E-21","1.0404129286764981E-2","-7.2038554242654179E-14","-1.4706497499718203E-2","-5.8692843058637419E-14","3.0002503497360302E+0","5.9017268960550142E+0","3.4308127457825543E+2","3.9070257655915697E+1","3.054200000000000E-6"
"797","9.9904785668466745E-1","6.8845859614421205E-21","1.0407551087433868E-2","-7.2181162320226492E-14","-1.4725801187716785E-2","-5.9182054880998019E-14","3.0002495157641098E+0","5.9066527547203966E+0","3.4336762633581333E+2","3.9066122378486000E+1","3.054200000000000E-6"
"796","9.9906062898184078E-1","6.8804028249739945E-21","1.0410972081959676E-2","-7.2859617474969154E-14","-1.4745059623821392E-2","-6.0375271080213248E-14","3.0002486825524599E+0","5.9115788356426782E+0","3.4365399101368780E+2","3.9061641657203097E+1","3.054200000000000E-6"
"795","9.9907339630915226E-1","6.8912842221179878E-21","1.0414392289548572E-2","-6.9768515278202954E-14","-1.4764272811798566E-2","-5.1989120129736009E-14","3.0002478501063501E+0","5.9165051384986977E+0","3.4394036859309278E+2","3.9056818329996503E+1","3.054200000000000E-6"
"794","9.9908615856640126E-1","6.8887799995022925E-21","1.0417811729741802E-2","-7.3043779491555795E-14","-1.4783440756142088E-2","-6.1881927027640510E-14","3.0002470184310099E+0","5.9214316629660466E+0","3.4422675905528592E+2","3.9051655243455599E+1","3.054200000000000E-6"
"793","9.9909891565381070E-1","6.8954815215174392E-21","1.0421230422411136E-2","-6.9579248351101821E-14","-1.4802563462102437E-2","-5.4290642221125903E-14","3.0002461875316002E+0","5.9263584087229733E+0","3.4451316238156306E+2","3.9046155215359100E+1","3.054200000000000E-6"
"792","9.9911166747201685E-1","6.8905486545700875E-21","1.0424648387758506E-2","-6.7500314028653924E-14","-1.4821640935644417E-2","-4.5493288262377799E-14","3.0002453574132200E+0","5.9312853754484252E+0","3.4479957855326069E+2","3.9040321105437698E+1","3.054200000000000E-6"
"791","9.9912441392208284E-1","6.9036970173993338E-21","1.0428065646314166E-2","-6.9555821807276627E-14","-1.4840673183462707E-2","-4.9069216573938069E-14","3.0002445280809500E+0","5.9362125628219511E+0","3.4508600755175013E+2","3.9034155747056701E+1","3.054200000000000E-6"
"790","9.9913715490549437E-1","6.9059946922930563E-21","1.0431482218933044E-2","-6.9772651750265738E-14","-1.4859660212987609E-2","-4.7489859843628105E-14","3.0002436995397601E+0","5.9411399705236976E+0","3.4537244935843756E+2","3.9027661989363700E+1","3.054200000000000E-6"
"789","9.9914989032416412E-1","6.9082116615137669E-21","1.0434898126792422E-2","-6.8145038484006191E-14","-1.4878602032362865E-2","-5.0006362779346446E-14","3.0002428717946099E+0","5.9460675982343867E+0","3.4565890395476265E+2","3.9020842684095200E+1","3.054200000000000E-6"
"788","9.9916262008043544E-1","6.9100892940063824E-21","1.0438313391395533E-2","-6.8787902159977055E-14","-1.4897498650453853E-2","-4.9273327987891536E-14","3.0002420448503901E+0","5.9509954456352263E+0","3.4594537132219324E+2","3.9013700664716701E+1","3.054200000000000E-6"
"787","9.9917534407708086E-1","6.9108405684764648E-21","1.0441728034561584E-2","-6.8047323835002042E-14","-1.4916350076841122E-2","-4.6992060021297520E-14","3.0002412187119400E+0","5.9559235124079448E+0","3.4623185144222748E+2","3.9006238788566399E+1","3.054200000000000E-6"
"786","9.9918806221730905E-1","6.9185331478458934E-21","1.0445142078428206E-2","-6.6299695748279165E-14","-1.4935156321814715E-2","-4.3037633978684431E-14","3.0002403933840198E+0","5.9608517982347111E+0","3.4651834429638905E+2","3.8998459911554498E+1","3.054200000000000E-6"
"785","9.9920077440476351E-1","6.9056638868039450E-21","1.0448555545450842E-2","-6.5720704692517193E-14","-1.4953917396372092E-2","-4.5006218768756944E-14","3.0002395688713701E+0","5.9657803027981222E+0","3.4680484986622656E+2","3.8990366876346400E+1","3.054200000000000E-6"
"784","9.9921348054352499E-1","6.9198134996755425E-21","1.0451968458398107E-2","-6.6595686085557792E-14","-1.4972633312215752E-2","-4.4505247333683892E-14","3.0002387451786601E+0","5.9707090257811481E+0","3.4709136813331043E+2","3.8981962532124399E+1","3.054200000000000E-6"
"783","9.9922618053811985E-1","6.9271556996329178E-21","1.0455380840350271E-2","-6.3830775067564293E-14","-1.4991304081748501E-2","-3.9190508737401285E-14","3.0002379223104998E+0","5.9756379668671196E+0","3.4737789907923172E+2","3.8973249733903600E+1","3.054200000000000E-6"
"782","9.9923887429350955E-1","6.9338740005996129E-21","1.0458792714698219E-2","-6.5984072862030126E-14","-1.5009929718065239E-2","-4.3888405849384699E-14","3.0002371002714501E+0","5.9805671257396993E+0","3.4766444268560122E+2","3.8964231331676103E+1","3.054200000000000E-6"
"781","9.9925156171510454E-1","6.9277859334782389E-21","1.0462204105141941E-2","-5.9737952095033994E-14","-1.5028510234956971E-2","-3.3795431444538570E-14","3.0002362790660300E+0","5.9854965020828148E+0","3.4795099893404483E+2","3.8954910177806099E+1","3.054200000000000E-6"
"780","9.9926424270876080E-1","6.9184241119124226E-21","1.0465615035685435E-2","-6.1196289973073722E-14","-1.5047045646901742E-2","-3.7231149063212646E-14","3.0002354586986701E+0","5.9904260955806761E+0","3.4823756780620482E+2","3.8945289108347303E+1","3.054200000000000E-6"
"779","9.9927691718078437E-1","6.9023552262513549E-21","1.0469025530640285E-2","-6.1663521452574730E-14","-1.5065535969062363E-2","-3.4211070810763859E-14","3.0002346391737902E+0","5.9953559059176866E+0","3.4852414928373491E+2","3.8935370987805797E+1","3.054200000000000E-6"
"778","9.9928958503793031E-1","6.9007280462338871E-21","1.0472435614618237E-2","-6.0413442458691595E-14","-1.5083981217278336E-2","-3.6082408338787964E-14","3.0002338204957200E+0","6.0002859327784632E+0","3.4881074334830117E+2","3.8925158651078704E+1","3.054200000000000E-6"
"777","9.9930224618740648E-1","6.8859992143443758E-21","1.0475845312532536E-2","-6.0579096156105922E-14","-1.5102381408069418E-2","-3.2541152132871080E-14","3.0002330026687498E+0","6.0052161758477611E+0","3.4909734998157762E+2","3.8914654948845502E+1","3.054200000000000E-6"
"776","9.9931490053687644E-1","6.8803249907795929E-21","1.0479254649593459E-2","-5.5803453540151038E-14","-1.5120736558628499E-2","-2.6435605084155071E-14","3.0002321856971199E+0","6.0101466348104831E+0","3.4938396916524692E+2","3.8903862722211599E+1","3.054200000000000E-6"
"775","9.9932754799445878E-1","6.8747235200133506E-21","1.0482663651310809E-2","-5.9135199802212068E-14","-1.5139046686810598E-2","-2.8812724203553952E-14","3.0002313695849998E+0","6.0150773093516108E+0","3.4967060088099629E+2","3.8892784813923498E+1","3.054200000000000E-6"
"774","9.9934018846873207E-1","6.8781274903880373E-21","1.0486072343485644E-2","-5.5641592776442462E-14","-1.5157311811142762E-2","-2.4063721927345020E-14","3.0002305543365302E+0","6.0200081991561927E+0","3.4995724511051691E+2","3.8881424061739203E+1","3.054200000000000E-6"
"773","9.9935282186873109E-1","6.8875004184945530E-21","1.0489480752215098E-2","-5.7060785493527856E-14","-1.5175531950799461E-2","-2.4685384106979249E-14","3.0002297399557700E+0","6.0249393039093233E+0","3.5024390183550264E+2","3.8869783302124901E+1","3.054200000000000E-6"
"772","9.9936544810395789E-1","6.8954070530093715E-21","1.0492888903882724E-2","-6.1795656078486799E-14","-1.5193707125624940E-2","-3.0067151044098019E-14","3.0002289264467499E+0","6.0298706232960901E+0","3.5053057103764672E+2","3.8857865369826101E+1","3.054200000000000E-6"
"771","9.9937806708437371E-1","6.9057137129661610E-21","1.0496296825166306E-2","-5.5319535391188878E-14","-1.5211837356104716E-2","-2.2308508133685088E-14","3.0002281138134301E+0","6.0348021570015495E+0","3.5081725269864080E+2","3.8845673095866097E+1","3.054200000000000E-6"
"770","9.9939067872040854E-1","6.9077192282925199E-21","1.0499704543025764E-2","-5.8118029698048453E-14","-1.5229922663373889E-2","-2.9776139314482336E-14","3.0002273020597201E+0","6.0397339047107108E+0","3.5110394680017379E+2","3.8833209310415299E+1","3.054200000000000E-6"
"769","9.9940328292295577E-1","6.9010906852946566E-21","1.0503112084709146E-2","-5.8388697533686344E-14","-1.5247963069209811E-2","-2.7363860068831442E-14","3.0002264911894798E+0","6.0446658661084838E+0","3.5139065332392869E+2","3.8820476829446498E+1","3.054200000000000E-6"
"768","9.9941587960337852E-1","6.8985131973882535E-21","1.0506519477744709E-2","-5.6125794150478041E-14","-1.5265958596029248E-2","-2.1941774916470442E-14","3.0002256812065000E+0","6.0495980408796877E+0","3.5167737225158328E+2","3.8807478478855103E+1","3.054200000000000E-6"
"767","9.9942846867351109E-1","6.8947236683693515E-21","1.0509926749943332E-2","-5.5494662110838831E-14","-1.5283909266879499E-2","-2.2761619638062271E-14","3.0002248721145599E+0","6.0545304287089721E+0","3.5196410356480561E+2","3.8794217074987500E+1","3.054200000000000E-6"
"766","9.9944105004565820E-1","6.8821351700475274E-21","1.0513333929394969E-2","-5.6710182913217302E-14","-1.5301815105439627E-2","-2.5951190102303855E-14","3.0002240639173299E+0","6.0594630292808302E+0","3.5225084724525436E+2","3.8780695439593501E+1","3.054200000000000E-6"
"765","9.9945362363259915E-1","6.8806197628691384E-21","1.0516741044466791E-2","-5.4182031418235722E-14","-1.5319676136011663E-2","-2.2431375181230535E-14","3.0002232566184701E+0","6.0643958422795397E+0","3.5253760327457599E+2","3.8766916366432604E+1","3.054200000000000E-6"
"764","9.9946618934758491E-1","6.8870850127017778E-21","1.0520148123800317E-2","-5.2419883054885548E-14","-1.5337492383517301E-2","-1.4506010936641322E-14","3.0002224502215600E+0","6.0693288673891663E+0","3.5282437163440449E+2","3.8752882663338298E+1","3.054200000000000E-6"
"763","9.9947874710434548E-1","6.8934733096983617E-21","1.0523555196309547E-2","-5.4238686112437078E-14","-1.5355263873496356E-2","-2.0822980785143133E-14","3.0002216447301500E+0","6.0742621042935099E+0","3.5311115230635829E+2","3.8738597137369297E+1","3.054200000000000E-6"
"762","9.9949129681708693E-1","6.8954388934752435E-21","1.0526962291181311E-2","-5.4875135325701565E-14","-1.5372990632098479E-2","-1.9881432584443711E-14","3.0002208401477199E+0","6.0791955526760946E+0","3.5339794527204003E+2","3.8724062576178902E+1","3.054200000000000E-6"
"761","9.9950383840049228E-1","6.9031170520169927E-21","1.0530369437870979E-2","-5.3227630611787136E-14","-1.5390672686076180E-2","-2.0202375134570068E-14","3.0002200364777001E+0","6.0841292122201258E+0","3.5368475051303363E+2","3.8709281774353101E+1","3.054200000000000E-6"
"760","9.9951637176972774E-1","6.9059356968160451E-21","1.0533776666100595E-2","-4.7213533325892302E-14","-1.5408310062792835E-2","-9.8530075513602171E-15","3.0002192337234699E+0","6.0890630826084804E+0","3.5397156801090398E+2","3.8694257514837503E+1","3.054200000000000E-6"
"759","9.9952889684043844E-1","6.9083741543888048E-21","1.0537184005859306E-2","-5.2672503071549667E-14","-1.5425902790191999E-2","-1.8343917613324058E-14","3.0002184318883698E+0","6.0939971635236745E+0","3.5425839774719498E+2","3.8678992571583500E+1","3.054200000000000E-6"
"758","9.9954141352875336E-1","6.9055965162540650E-21","1.0540591487397980E-2","-5.1530744908118336E-14","-1.5443450896830260E-2","-1.8504220111030763E-14","3.0002176309756501E+0","6.0989314546478299E+0","3.5454523970342768E+2","3.8663489721958499E+1","3.054200000000000E-6"
"757","9.9955392175128521E-1","6.8938427297256566E-21","1.0543999141228586E-2","-5.3127450575541981E-14","-1.5460954411837069E-2","-1.8633083194262099E-14","3.0002168309885602E+0","6.1038659556626627E+0","3.5483209386109939E+2","3.8647751733509097E+1","3.054200000000000E-6"
"756","9.9956642142513008E-1","6.9016025782379001E-21","1.0547406998124563E-2","-4.8391531537778645E-14","-1.5478413364930891E-2","-1.1053674329611644E-14","3.0002160319302602E+0","6.1088006662494507E+0","3.5511896020168217E+2","3.8631781368149198E+1","3.054200000000000E-6"
"755","9.9957891246786967E-1","6.9005252659389048E-21","1.0550815089115272E-2","-4.4665717080041237E-14","-1.5495827786402884E-2","-8.0896689950531366E-15","3.0002152338038699E+0","6.1137355860890148E+0","3.5540583870662124E+2","3.8615581373278097E+1","3.054200000000000E-6"
"754","9.9959139479757464E-1","6.8999105655213955E-21","1.0554223445485636E-2","-4.9427161982068640E-14","-1.5513197707123930E-2","-1.3751328322021198E-14","3.0002144366124601E+0","6.1186707148616790E+0","3.5569272935733318E+2","3.8599154509767999E+1","3.054200000000000E-6"
"753","9.9960386833280179E-1","6.9026806964834625E-21","1.0557632098775331E-2","-4.4401815379880582E-14","-1.5530523158528728E-2","-8.4821567861512348E-15","3.0002136403590400E+0","6.1236060522472702E+0","3.5597963213520558E+2","3.8582503515115100E+1","3.054200000000000E-6"
"752","9.9961633299259767E-1","6.9036443850407138E-21","1.0561041080773815E-2","-4.8111589317162348E-14","-1.5547804172618487E-2","-1.2240327188962307E-14","3.0002128450465899E+0","6.1285415979250795E+0","3.5626654702159487E+2","3.8565631119807300E+1","3.054200000000000E-6"
"751","9.9962878869649829E-1","6.9097019520713851E-21","1.0564450423522944E-2","-4.6517928599482073E-14","-1.5565040781950368E-2","-8.2463546028029959E-15","3.0002120506779999E+0","6.1334773515738421E+0","3.5655347399782511E+2","3.8548540060649103E+1","3.054200000000000E-6"
"750","9.9964123536453275E-1","6.9094252458716162E-21","1.0567860159310188E-2","-4.7315900191396469E-14","-1.5582233019636646E-2","-1.1126842335060517E-14","3.0002112572561401E+0","6.1384133128717124E+0","3.5684041304518666E+2","3.8531233055177800E+1","3.054200000000000E-6"
"749","9.9965367291721596E-1","6.9140026993683183E-21","1.0571270320669374E-2","-4.4945643228469816E-14","-1.5599380919338067E-2","-6.8163077351939534E-15","3.0002104647838399E+0","6.1433494814962595E+0","3.5712736414493594E+2","3.8513712817354602E+1","3.054200000000000E-6"
"748","9.9966610127556055E-1","6.9185430947390404E-21","1.0574680940378613E-2","-4.6466517433303491E-14","-1.5616484515259973E-2","-8.0749947553550961E-15","3.0002096732638299E+0","6.1482858571244172E+0","3.5741432727829232E+2","3.8495982053491701E+1","3.054200000000000E-6"
"747","9.9967852036107085E-1","6.9186747628384447E-21","1.0578092051458796E-2","-4.2610602000359033E-14","-1.5633543842143688E-2","-4.3903301159386156E-15","3.0002088826988400E+0","6.1532224394324873E+0","3.5770130242643842E+2","3.8478043469062897E+1","3.054200000000000E-6"
"746","9.9969093009574472E-1","6.9187834239819400E-21","1.0581503687168231E-2","-4.7207678193860021E-14","-1.5650558935267900E-2","-1.2225807567499710E-14","3.0002080930915298E+0","6.1581592280961059E+0","3.5798828957051819E+2","3.8459899750286198E+1","3.054200000000000E-6"
"745","9.9970333040207471E-1","6.9213178220809845E-21","1.0584915881006372E-2","-4.5767464425039770E-14","-1.5667529830438457E-2","-1.3112114316535100E-14","3.0002073044444999E+0","6.1630962227902311E+0","3.5827528869163621E+2","3.8441553579386898E+1","3.054200000000000E-6"
"744","9.9971572120304741E-1","6.9329642416489222E-21","1.0588328666706033E-2","-4.5784720338516311E-14","-1.5684456563990114E-2","-9.7764396207318113E-15","3.0002065167603100E+0","6.1680334231891036E+0","3.5856229977085542E+2","3.8423007633715301E+1","3.054200000000000E-6"
"743","9.9972810242214782E-1","6.9327452663927517E-21","1.0591742078236087E-2","-4.4057399630338194E-14","-1.5701339172766129E-2","-1.0505508583355328E-14","3.0002057300414799E+0","6.1729708289662621E+0","3.5884932278919769E+2","3.8404264584508397E+1","3.054200000000000E-6"
"742","9.9974047398335575E-1","6.9429716718632166E-21","1.0595156149798914E-2","-4.1910282426594200E-14","-1.5718177694131936E-2","-3.1550531695138614E-15","3.0002049442904499E+0","6.1779084397944937E+0","3.5913635772764144E+2","3.8385327085539402E+1","3.054200000000000E-6"
"741","9.9975283581114860E-1","6.9416702986622703E-21","1.0598570915823840E-2","-4.2523294820584478E-14","-1.5734972165956609E-2","-7.3643572857947365E-15","3.0002041595096398E+0","6.1828462553458321E+0","3.5942340456712122E+2","3.8366197795233603E+1","3.054200000000000E-6"
"740","9.9976518783049895E-1","6.9348917121932324E-21","1.0601986410972557E-2","-4.0573313538635300E-14","-1.5751722626620116E-2","-1.4873004664679923E-15","3.0002033757014099E+0","6.1877842752915226E+0","3.5971046328852577E+2","3.8346879351411900E+1","3.054200000000000E-6"
"739","9.9977752996688019E-1","6.9369780320432808E-21","1.0605402670129329E-2","-3.8691883315052270E-14","-1.5768429114990150E-2","-5.1784541063654543E-16","3.0002025928680700E+0","6.1927224993020298E+0","3.5999753387269840E+2","3.8327374385608103E+1","3.054200000000000E-6"
"738","9.9978986214626253E-1","6.9435568843535770E-21","1.0608819728407328E-2","-3.5965553503802195E-14","-1.5785091670436076E-2","-5.1679650472520215E-16","3.0002018110118800E+0","6.1976609270469929E+0","3.6028461630043444E+2","3.8307685525165503E+1","3.054200000000000E-6"
"737","9.9980218429511591E-1","6.9487797097296273E-21","1.0612237621137891E-2","-3.8088513689325037E-14","-1.5801710332818377E-2","-1.1538554867584287E-15","3.0002010301350501E+0","6.2025995581952236E+0","3.6057171055248114E+2","3.8287815387861698E+1","3.054200000000000E-6"
"736","9.9981449634040609E-1","6.9387223636893584E-21","1.0615656383877108E-2","-4.1080064640613710E-14","-1.5818285142469177E-2","-2.8323012228877796E-15","3.0002002502397498E+0","6.2075383924147074E+0","3.6085881660953771E+2","3.8267766579678302E+1","3.054200000000000E-6"
"735","9.9982679820960252E-1","6.9381782625916224E-21","1.0619076052398160E-2","-3.8578072299721950E-14","-1.5834816140207441E-2","-4.6022328754996906E-15","3.0001994713280902E+0","6.2124774293725373E+0","3.6114593445225154E+2","3.8247541696056103E+1","3.054200000000000E-6"
"734","9.9983908983067182E-1","6.9355193361282710E-21","1.0622496662691678E-2","-3.6071846966372336E-14","-1.5851303367328658E-2","5.4446709528082636E-15","3.0001986934021398E+0","6.2174166687349421E+0","3.6143306406121968E+2","3.8227143325759997E+1","3.054200000000000E-6"
"733","9.9985137113207911E-1","6.9340684765647022E-21","1.0625918250963203E-2","-3.7551655004957732E-14","-1.5867746865581078E-2","2.5400531727919942E-15","3.0001979164639199E+0","6.2223561101672678E+0","3.6172020541698788E+2","3.8206574049525301E+1","3.054200000000000E-6"
"732","9.9986364204279121E-1","6.9313690905333621E-21","1.0629340853633682E-2","-3.8570986648278280E-14","-1.5884146677188269E-2","6.3194959372780837E-16","3.0001971405154002E+0","6.2272957533339302E+0","3.6200735850004787E+2","3.8185836435293197E+1","3.054200000000000E-6"
"731","9.9987590249227498E-1","6.9343629667059400E-21","1.0632764507330502E-2","-3.6221100745677309E-14","-1.5900502844829658E-2","5.8235097603571492E-16","3.0001963655584900E+0","6.2322355978984492E+0","3.6229452329083927E+2","3.8164933043600101E+1","3.054200000000000E-6"
"730","9.9988815241049733E-1","6.9221476354084526E-21","1.0636189248896848E-2","-3.8193606846798896E-14","-1.5916815411635397E-2","-5.4090448083865662E-16","3.0001955915950900E+0","6.2371756435233801E+0","3.6258169976974563E+2","3.8143866420441000E+1","3.054200000000000E-6"
"729","9.9990039172792222E-1","6.9231476760060982E-21","1.0639615115377641E-2","-3.5198365959707170E-14","-1.5933084421181472E-2","2.6452785003749453E-15","3.0001948186270102E+0","6.2421158898703579E+0","3.6286888791709697E+2","3.8122639108567697E+1","3.054200000000000E-6"
"728","9.9991262037551820E-1","6.9117196042875561E-21","1.0643042144028007E-2","-3.6176636288527205E-14","-1.5949309917487043E-2","1.1205935973730337E-15","3.0001940466560399E+0","6.2470563366000258E+0","3.6315608771316573E+2","3.8101253637486103E+1","3.054200000000000E-6"
"727","9.9992483828475254E-1","6.9132752932219717E-21","1.0646470372304942E-2","-3.7880081329418390E-14","-1.5965491945007699E-2","-1.9639763115855724E-15","3.0001932756839098E+0","6.2519969833720763E+0","3.6344329913816904E+2","3.8079712525177001E+1","3.054200000000000E-6"
"726","9.9993704538759076E-1","6.9038688241911440E-21","1.0649899837867167E-2","-3.0731339823010458E-14","-1.5981630548633437E-2","1.0631258971142066E-14","3.0001925057122998E+0","6.2569378298451985E+0","3.6373052217226558E+2","3.8058018282839697E+1","3.054200000000000E-6"
"725","9.9994924161649879E-1","6.9207167698407688E-21","1.0653330578575870E-2","-3.2101977579560552E-14","-1.5997725773673362E-2","1.1571648552441185E-14","3.0001917367428699E+0","6.2618788756770885E+0","3.6401775679555652E+2","3.8036173408451802E+1","3.054200000000000E-6"
"724","9.9996142690444456E-1","6.9195489321539833E-21","1.0656762632489056E-2","-3.2653732241996116E-14","-1.6013777665857709E-2","5.4760936093842392E-15","3.0001909687772002E+0","6.2668201205244314E+0","3.6430500298808414E+2","3.8014180391724203E+1","3.054200000000000E-6"
"723","9.9997360118489431E-1","6.9338103789296509E-21","1.0660196037858984E-2","-2.9415072605513109E-14","-1.6029786271350863E-2","1.3008616353739145E-14","3.0001902018168400E+0","6.2717615640428788E+0","3.6459226072983068E+2","3.7992041708859702E+1","3.054200000000000E-6"
"722","9.9998576439181108E-1","6.9317070163068414E-21","1.0663630833136718E-2","-3.1495890157595766E-14","-1.6045751636701147E-2","6.2702009128959666E-15","3.0001894358632901E+0","6.2767032058870678E+0","3.6487953000071928E+2","3.7969759826488300E+1","3.054200000000000E-6"
"721","9.9999791645966296E-1","6.9214043771378738E-21","1.0667067056964198E-2","-3.3023178185111926E-14","-1.6061673808883577E-2","2.6270005932336515E-15","3.0001886709180199E+0","6.2816450457105768E+0","3.6516681078061174E+2","3.7947337207961802E+1","3.054200000000000E-6"
"720","1.0000100573234094E+0","6.9194917080280732E-21","1.0670504748174931E-2","-3.5243020221228748E-14","-1.6077552835260675E-2","6.3223025921295305E-15","3.0001879069824300E+0","6.2865870831659416E+0","3.6545410304930914E+2","3.7924776286601798E+1","3.054200000000000E-6"
"719","1.0000221869185149E+0","6.9142859799948399E-21","1.0673943945789775E-2","-3.0141813073689681E-14","-1.6093388763597814E-2","9.3577032447213017E-15","3.0001871440578900E+0","6.2915293179046197E+0","3.6574140678654987E+2","3.7902079511260403E+1","3.054200000000000E-6"
"718","1.0000343051809379E+0","6.9230578215444402E-21","1.0677384689019454E-2","-3.0594377200767309E-14","-1.6109181642043304E-2","7.1016679314813361E-15","3.0001863821457202E+0","6.2964717495770195E+0","3.6602872197201128E+2","3.7879249295311901E+1","3.054200000000000E-6"
"717","1.0000464120471375E+0","6.9186255932357074E-21","1.0680827017258700E-2","-2.7466221438519555E-14","-1.6124931519140309E-2","1.4526539739790671E-14","3.0001856212472000E+0","6.3014143778324518E+0","3.6631604858530710E+2","3.7856288055984400E+1","3.054200000000000E-6"
"716","1.0000585074540682E+0","6.9306460260199439E-21","1.0684270970087537E-2","-2.6558707285223899E-14","-1.6140638443797557E-2","1.2128574377297393E-14","3.0001848613635498E+0","6.3063572023191403E+0","3.6660338660598768E+2","3.7833198198941901E+1","3.054200000000000E-6"
"715","1.0000705913391799E+0","6.9339563039183881E-21","1.0687716587266338E-2","-2.9583731508018625E-14","-1.6156302465312428E-2","1.2938937650304975E-14","3.0001841024959801E+0","6.3113002226842241E+0","3.6689073601354033E+2","3.7809982111571600E+1","3.054200000000000E-6"
"714","1.0000826636404234E+0","6.9316594708938796E-21","1.0691163908736109E-2","-2.6445294690885036E-14","-1.6171923633340111E-2","1.5694752775030009E-14","3.0001833446456199E+0","6.3162434385737223E+0","3.6717809678738740E+2","3.7786642168832699E+1","3.054200000000000E-6"
"713","1.0000947242962415E+0","6.9334489957888751E-21","1.0694612974616900E-2","-3.0884754648723053E-14","-1.6187501997906365E-2","7.1026557526994024E-15","3.0001825878135602E+0","6.3211868496325510E+0","3.6746546890688705E+2","3.7763180746926800E+1","3.054200000000000E-6"
"712","1.0001067732455720E+0","6.9420764453683313E-21","1.0698063825205299E-2","-2.7177104402037465E-14","-1.6203037609395791E-2","1.3644395479953104E-14","3.0001818320008802E+0","6.3261304555045141E+0","3.6775285235133271E+2","3.7739600195680403E+1","3.054200000000000E-6"
"711","1.0001188104278498E+0","6.9558001491679432E-21","1.0701516500971217E-2","-2.6497652107196368E-14","-1.6218530518542953E-2","1.2619226991323571E-14","3.0001810772085702E+0","6.3310742558322728E+0","3.6804024709995139E+2","3.7715902866962502E+1","3.054200000000000E-6"
"710","1.0001308357830030E+0","6.9540459802545062E-21","1.0704971042561453E-2","-2.3739755457063464E-14","-1.6233980776435033E-2","2.0090204139609764E-14","3.0001803234376201E+0","6.3360182502573741E+0","3.6832765313190538E+2","3.7692091090691399E+1","3.054200000000000E-6"
"709","1.0001428492514499E+0","6.9622487333416992E-21","1.0708427490788913E-2","-2.6519321547794024E-14","-1.6249388434496605E-2","1.2043427882240182E-14","3.0001795706889398E+0","6.3409624384202337E+0","3.6861507042629125E+2","3.7668167189800698E+1","3.054200000000000E-6"
"708","1.0001548507741065E+0","6.9613759305762587E-21","1.0711885886640666E-2","-2.3909881276283116E-14","-1.6264753544499133E-2","1.9979595319153648E-14","3.0001788189634202E+0","6.3459068199601036E+0","3.6890249896213794E+2","3.7644133472538499E+1","3.054200000000000E-6"
"707","1.0001668402923747E+0","6.9586216323230188E-21","1.0715346271269327E-2","-2.5674400209105319E-14","-1.6280076158537243E-2","1.7579755482566078E-14","3.0001780682619001E+0","6.3508513945151144E+0","3.6918993871840894E+2","3.7619992242146097E+1","3.054200000000000E-6"
"706","1.0001788177481519E+0","6.9556321003189720E-21","1.0718808685993507E-2","-2.3512833830594809E-14","-1.6295356329042422E-2","2.0823810998325771E-14","3.0001773185851901E+0","6.3557961617222256E+0","3.6947738967399999E+2","3.7595745784172600E+1","3.054200000000000E-6"
"705","1.0001907830838244E+0","6.9554852023021914E-21","1.0722273172298818E-2","-2.4688086808629101E-14","-1.6310594108761040E-2","1.3989138335845943E-14","3.0001765699340299E+0","6.3607411212172602E+0","3.6976485180774063E+2","3.7571396372959697E+1","3.054200000000000E-6"
"704","1.0002027362422665E+0","6.9576880042739201E-21","1.0725739771830096E-2","-1.9003921428407956E-14","-1.6325789550771103E-2","3.0753759870727685E-14","3.0001758223091501E+0","6.3656862726348686E+0","3.7005232509839215E+2","3.7546946269758401E+1","3.054200000000000E-6"
"703","1.0002146771668441E+0","6.9448716302129974E-21","1.0729208526395083E-2","-2.1235684190525623E-14","-1.6340942708441691E-2","2.4890082093919330E-14","3.0001750757112200E+0","6.3706316156085405E+0","3.7033980952464850E+2","3.7522397736077799E+1","3.054200000000000E-6"
"702","1.0002266058014058E+0","6.9456688401525039E-21","1.0732679477960637E-2","-2.0787574035066177E-14","-1.6356053635466734E-2","2.4534819508463197E-14","3.0001743301408701E+0","6.3755771497706180E+0","3.7062730506513680E+2","3.7497753003387402E+1","3.054200000000000E-6"
"701","1.0002385220902894E+0","6.9509563193809983E-21","1.0736152668650448E-2","-2.1532923248532299E-14","-1.6371122385837381E-2","1.9357133345960403E-14","3.0001735855987000E+0","6.3805228747522529E+0","3.7091481169841512E+2","3.7473014300553501E+1","3.054200000000000E-6"
"700","1.0002504259783200E+0","6.9479198232991891E-21","1.0739628140747083E-2","-1.8697433980038430E-14","-1.6386149013842447E-2","2.5073666919737051E-14","3.0001728420852500E+0","6.3854687901834337E+0","3.7120232940297376E+2","3.7448183841405502E+1","3.054200000000000E-6"
"699","1.0002623174108054E+0","6.9423507966362044E-21","1.0743105936682347E-2","-1.9347018040215808E-14","-1.6401133574061668E-2","2.2299295077212315E-14","3.0001720996010399E+0","6.3904148956929854E+0","3.7148985815723546E+2","3.7423263837362299E+1","3.054200000000000E-6"
"698","1.0002741963335380E+0","6.9533089967212565E-21","1.0746586099044610E-2","-1.9407834198917861E-14","-1.6416076121367137E-2","2.1397996818372154E-14","3.0001713581465301E+0","6.3953611909085426E+0","3.7177739793955379E+2","3.7398256473455199E+1","3.054200000000000E-6"
"697","1.0002860626927881E+0","6.9588530833393693E-21","1.0750068670572530E-2","-1.9209878809555242E-14","-1.6430976710907028E-2","2.6831278809868853E-14","3.0001706177221599E+0","6.4003076754565855E+0","3.7206494872821509E+2","3.7373163927954302E+1","3.054200000000000E-6"
"696","1.0002979164353123E+0","6.9642763905649541E-21","1.0753553694150556E-2","-1.8907999497836176E-14","-1.6445835398110557E-2","2.2875311993902068E-14","3.0001698783283199E+0","6.4052543489624076E+0","3.7235251050143677E+2","3.7347988375460702E+1","3.054200000000000E-6"
"695","1.0003097575083486E+0","6.9574687629594202E-21","1.0757041212817281E-2","-1.8637268779047911E-14","-1.6460652238676373E-2","2.1168353991987889E-14","3.0001691399653598E+0","6.4102012110501150E+0","3.7264008323736732E+2","3.7322731966912301E+1","3.054200000000000E-6"
"694","1.0003215858596088E+0","6.9571991837301274E-21","1.0760531269750165E-2","-1.9526898852347055E-14","-1.6475427288579581E-2","2.4521553040097545E-14","3.0001684026335802E+0","6.4151482613426500E+0","3.7292766691408752E+2","3.7297396844923000E+1","3.054200000000000E-6"
"693","1.0003334014372882E+0","6.9609607842876401E-21","1.0764023908276927E-2","-1.6631579783187904E-14","-1.6490160604044953E-2","2.7350136859228357E-14","3.0001676663332799E+0","6.4200954994617723E+0","3.7321526150960926E+2","3.7271985140963999E+1","3.054200000000000E-6"
"692","1.0003452041900533E+0","6.9594589565411479E-21","1.0767519171863313E-2","-1.5736822449965423E-14","-1.6504852241563922E-2","2.5248057251883413E-14","3.0001669310646699E+0","6.4250429250280634E+0","3.7350286700187604E+2","3.7246498973060099E+1","3.054200000000000E-6"
"691","1.0003569940670505E+0","6.9673282745334636E-21","1.0771017104120730E-2","-1.7038285937634747E-14","-1.6519502257875959E-2","2.8305704371243393E-14","3.0001661968279500E+0","6.4299905376609310E+0","3.7379048336876326E+2","3.7220940451524001E+1","3.054200000000000E-6"
"690","1.0003687710178977E+0","6.9553027732701074E-21","1.0774517748796236E-2","-1.6987491338492672E-14","-1.6534110709974001E-2","3.1107172151966654E-14","3.0001654636232802E+0","6.4349383369786031E+0","3.7407811058807749E+2","3.7195311665321697E+1","3.054200000000000E-6"
"689","1.0003805349926862E+0","6.9484861233438113E-21","1.0778021149776711E-2","-1.7817602574036195E-14","-1.6548677655085050E-2","2.2420472153549709E-14","3.0001647314507900E+0","6.4398863225981335E+0","3.7436574863755720E+2","3.7169614699229797E+1","3.054200000000000E-6"
"688","1.0003922859419823E+0","6.9512517903441449E-21","1.0781527351085795E-2","-1.4831937494559384E-14","-1.6563203150684897E-2","2.8042568923828706E-14","3.0001640003105399E+0","6.4448344941354003E+0","3.7465339749487248E+2","3.7143851620294200E+1","3.054200000000000E-6"
"687","1.0004040238168159E+0","6.9485900413084524E-21","1.0785036396880212E-2","-1.3623257351317139E-14","-1.6577687254473714E-2","2.9643844713776231E-14","3.0001632702026000E+0","6.4497828512051116E+0","3.7494105713762548E+2","3.7118024488042600E+1","3.054200000000000E-6"
"686","1.0004157485686924E+0","6.9445260000907634E-21","1.0788548331451323E-2","-1.5407873361605741E-14","-1.6592130024387947E-2","2.5930967605644936E-14","3.0001625411269499E+0","6.4547313934208015E+0","3.7522872754334998E+2","3.7092135347193498E+1","3.054200000000000E-6"
"685","1.0004274601495808E+0","6.9456710582272024E-21","1.0792063199222348E-2","-1.2853165802741473E-14","-1.6606531518578906E-2","2.9079800926590086E-14","3.0001618130835799E+0","6.4596801203948475E+0","3.7551640868951250E+2","3.7066186228086401E+1","3.054200000000000E-6"
"684","1.0004391585119161E+0","6.9449198257703820E-21","1.0795581044745213E-2","-9.7942593495873721E-15","-1.6620891795427518E-2","3.5566748686142890E-14","3.0001610860724099E+0","6.4646290317384443E+0","3.7580410055351098E+2","3.7040179152206001E+1","3.054200000000000E-6"
"683","1.0004508436086001E+0","6.9401801573964039E-21","1.0799101912701095E-2","-1.4663483666498729E-14","-1.6635210913517082E-2","3.0178276981880053E-14","3.0001603600933402E+0","6.4695781270616353E+0","3.7609180311267630E+2","3.7014116125679699E+1","3.054200000000000E-6"
"682","1.0004625153929958E+0","6.9359449687891314E-21","1.0802625847899006E-2","-1.2583730407127614E-14","-1.6649488931649584E-2","3.4087893154375772E-14","3.0001596351462401E+0","6.4745274059733049E+0","3.7637951634427191E+2","3.6987999148731298E+1","3.054200000000000E-6"
"681","1.0004741738189271E+0","6.9374821176336586E-21","1.0806152895273178E-2","-1.0368299391825095E-14","-1.6663725908825724E-2","3.3020566581889148E-14","3.0001589112309199E+0","6.4794768680811812E+0","3.7666724022549420E+2","3.6961830198177402E+1","3.054200000000000E-6"
"680","1.0004858188406820E+0","6.9368541765526576E-21","1.0809683099880124E-2","-1.2247301753004731E-14","-1.6677921904252983E-2","2.9837256371371775E-14","3.0001581883471800E+0","6.4844265129918268E+0","3.7695497473347172E+2","3.6935611248422603E+1","3.054200000000000E-6"
"679","1.0004974504130040E+0","6.9384955630688990E-21","1.0813216506902302E-2","-1.3105810415351007E-14","-1.6692076977328916E-2","2.6847022319169948E-14","3.0001574664947599E+0","6.4893763403106695E+0","3.7724271984526706E+2","3.6909344255889998E+1","3.054200000000000E-6"
"678","1.0005090684910918E+0","6.9406937144475213E-21","1.0816753161641462E-2","-1.2383950303265231E-14","-1.6706191187641044E-2","2.8501233245873666E-14","3.0001567456733902E+0","6.4943263496419883E+0","3.7753047553787604E+2","3.6883031166075199E+1","3.054200000000000E-6"
"677","1.0005206730306033E+0","6.9357244374664647E-21","1.0820293109516885E-2","-1.3052164114107989E-14","-1.6720264594968517E-2","2.4309204171402723E-14","3.0001560258827502E+0","6.4992765405889195E+0","3.7781824178822797E+2","3.6856673914924599E+1","3.054200000000000E-6"
"676","1.0005322639876499E+0","6.9307888812545253E-21","1.0823836396070629E-2","-1.0817541864090644E-14","-1.6734297259270836E-2","3.1489941781216620E-14","3.0001553071224900E+0","6.5042269127534533E+0","3.7810601857318562E+2","3.6830274419001000E+1","3.054200000000000E-6"
"675","1.0005438413187917E+0","6.9406014753129840E-21","1.0827383066957259E-2","-1.0352196464245192E-14","-1.6748289240676246E-2","3.0659585081243079E-14","3.0001545893922099E+0","6.5091774657364789E+0","3.7839380586954780E+2","3.6803834589643401E+1","3.054200000000000E-6"
"674","1.0005554049810412E+0","6.9341316060765678E-21","1.0830933167947393E-2","-9.5254100126498369E-15","-1.6762240599500804E-2","3.3333040776525074E-14","3.0001538726915098E+0","6.5141281991377289E+0","3.7868160365404600E+2","3.6777356325931400E+1","3.054200000000000E-6"
"673","1.0005669549318632E+0","6.9434289850533327E-21","1.0834486744928316E-2","-8.9511734805536692E-15","-1.6776151396211154E-2","3.2592317079099540E-14","3.0001531570199198E+0","6.5190791125558247E+0","3.7896941190334712E+2","3.6750841507105498E+1","3.054200000000000E-6"
"672","1.0005784911291626E+0","6.9345308907461828E-21","1.0838043843895206E-2","-8.4997034949244435E-15","-1.6790021691451343E-2","3.2444371920662877E-14","3.0001524423769599E+0","6.5240302055882742E+0","3.7925723059405334E+2","3.6724292006106403E+1","3.054200000000000E-6"
"671","1.0005900135312960E+0","6.9415246432515718E-21","1.0841604510958740E-2","-1.0787652944541605E-14","-1.6803851546016747E-2","3.0177930539483221E-14","3.0001517287620998E+0","6.5289814778314792E+0","3.7954505970270259E+2","3.6697709684143803E+1","3.054200000000000E-6"
"670","1.0006015220970599E+0","6.9326575943781195E-21","1.0845168792335519E-2","-1.2446969866563275E-14","-1.6817641020859631E-2","2.4658146558023529E-14","3.0001510161748000E+0","6.5339329288807271E+0","3.7983289920576794E+2","3.6671096386641203E+1","3.054200000000000E-6"
"669","1.0006130167856977E+0","6.9324847783632970E-21","1.0848736734352478E-2","-7.8907155005580660E-15","-1.6831390177087967E-2","3.2387852271541508E-14","3.0001503046144502E+0","6.5388845583302126E+0","3.8012074907965894E+2","3.6644453949520901E+1","3.054200000000000E-6"
"668","1.0006244975568843E+0","6.9338637549510160E-21","1.0852308383441544E-2","-1.2052918471112743E-14","-1.6845099075945977E-2","2.3514224676505190E-14","3.0001495940804501E+0","6.5438363657730383E+0","3.8040860930072176E+2","3.6617784190916403E+1","3.054200000000000E-6"
"667","1.0006359643707401E+0","6.9330216710988751E-21","1.0855883786143218E-2","-1.0059810887848728E-14","-1.6858767778821039E-2","2.9576842578387053E-14","3.0001488845721398E+0","6.5487883508012255E+0","3.8069647984523954E+2","3.6591088926506004E+1","3.054200000000000E-6"
"666","1.0006474171878217E+0","6.9358802772124202E-21","1.0859462989096683E-2","-9.6879803022738332E-15","-1.6872396347248228E-2","2.8972283159660153E-14","3.0001481760888402E+0","6.5537405130057103E+0","3.8098436068943255E+2","3.6564369949580502E+1","3.054200000000000E-6"
"665","1.0006588559691174E+0","6.9371630412257189E-21","1.0863046039050365E-2","-7.2511172876795198E-15","-1.6885984842881785E-2","3.3266506913708819E-14","3.0001474686298200E+0","6.5586928519763621E+0","3.8127225180945891E+2","3.6537629049371503E+1","3.054200000000000E-6"
"664","1.0006702806760497E+0","6.9295451416137034E-21","1.0866632982849393E-2","-9.0459800728751735E-15","-1.6899533327509993E-2","2.9170260072301368E-14","3.0001467621943401E+0","6.5636453673019828E+0","3.8156015318141465E+2","3.6510867999082102E+1","3.054200000000000E-6"
"663","1.0006816912704712E+0","6.9259137028683694E-21","1.0870223867439466E-2","-2.6905921385170376E-15","-1.6913041863048563E-2","3.6969868161378605E-14","3.0001460567816198E+0","6.5685980585703243E+0","3.8184806478133481E+2","3.6484088558208100E+1","3.054200000000000E-6"
"662","1.0006930877146674E+0","6.9289575290420070E-21","1.0873818739867891E-2","-6.7661767685977418E-15","-1.6926510511530355E-2","3.3929383023766099E-14","3.0001453523908399E+0","6.5735509253680720E+0","3.8213598658519254E+2","3.6457292475867099E+1","3.054200000000000E-6"
"661","1.0007044699713461E+0","6.9283128487213642E-21","1.0877417647275020E-2","-6.7983767718580589E-15","-1.6939939335102537E-2","3.3480603511600353E-14","3.0001446490211801E+0","6.5785039672808852E+0","3.8242391856890112E+2","3.6430481488723800E+1","3.054200000000000E-6"
"660","1.0007158380036434E+0","6.9397178227767038E-21","1.0881020636900050E-2","-6.0699164297148643E-15","-1.6953328396026868E-2","3.1735335876969410E-14","3.0001439466717401E+0","6.5834571838933895E+0","3.8271186070831391E+2","3.6403657323200903E+1","3.054200000000000E-6"
"659","1.0007271917751164E+0","6.9391390849535452E-21","1.0884627756076980E-2","-4.1875118587566153E-15","-1.6966677756670420E-2","3.6801834287863608E-14","3.0001432453416399E+0","6.5884105747891750E+0","3.8299981297922403E+2","3.6376821689759197E+1","3.054200000000000E-6"
"658","1.0007385312497499E+0","6.9430746064753087E-21","1.0888239052233177E-2","-4.0919281305707296E-15","-1.6979987479508563E-2","3.2437407724579285E-14","3.0001425450299299E+0","6.5933641395508111E+0","3.8328777535736526E+2","3.6349976293417903E+1","3.054200000000000E-6"
"657","1.0007498563919393E+0","6.9361275922952114E-21","1.0891854572887416E-2","-4.9250596832503646E-15","-1.6993257627108960E-2","3.4109338228573102E-14","3.0001418457356599E+0","6.5983178777598637E+0","3.8357574781841305E+2","3.6323122819645597E+1","3.054200000000000E-6"
"656","1.0007611671665069E+0","6.9416273019735779E-21","1.0895474365649969E-2","-3.8077206422833793E-15","-1.7006488262141208E-2","3.4534400212781839E-14","3.0001411474578199E+0","6.6032717889968948E+0","3.8386373033798441E+2","3.6296262944722997E+1","3.054200000000000E-6"
"655","1.0007724635386797E+0","6.9551407972287189E-21","1.0899098478220390E-2","-3.0720992362021417E-15","-1.7019679447359565E-2","3.2509068145389800E-14","3.0001404501954099E+0","6.6082258728414880E+0","3.8415172289163968E+2","3.6269398333772102E+1","3.054200000000000E-6"
"654","1.0007837454741082E+0","6.9550298269520593E-21","1.0902726958387853E-2","-6.6347128879977933E-15","-1.7032831245614326E-2","3.0907999805680756E-14","3.0001397539473600E+0","6.6131801288722079E+0","3.8443972545487964E+2","3.6242530640580497E+1","3.054200000000000E-6"
"653","1.0007950129388499E+0","6.9567775681358418E-21","1.0906359854028403E-2","-3.4082545457317782E-15","-1.7045943719830540E-2","3.5242714888146422E-14","3.0001390587126000E+0","6.6181345566666785E+0","3.8472773800315076E+2","3.6215661506346898E+1","3.054200000000000E-6"
"652","1.0008062658993726E+0","6.9572044644617884E-21","1.0909997213103399E-2","-1.1223135984465243E-15","-1.7059016933020147E-2","3.9110067703897724E-14","3.0001383644900099E+0","6.6230891558015363E+0","3.8501576051184185E+2","3.6188792557053098E+1","3.054200000000000E-6"
"651","1.0008175043225520E+0","6.9526404442694755E-21","1.0913639083660630E-2","-3.6862788054844551E-15","-1.7072050948262869E-2","3.4386001890779260E-14","3.0001376712784702E+0","6.6280439258524702E+0","3.8530379295628671E+2","3.6161925416284902E+1","3.054200000000000E-6"
"650","1.0008287281756676E+0","6.9457691971532871E-21","1.0917285513829138E-2","-8.4654989569134462E-16","-1.7085045828718105E-2","3.5631008605358256E-14","3.0001369790768000E+0","6.6329988663942139E+0","3.8559183531176353E+2","3.6135061682623203E+1","3.054200000000000E-6"
"649","1.0008399374264048E+0","6.9512495280603911E-21","1.0920936551823296E-2","-2.6527723415912274E-15","-1.7098001637607930E-2","4.0163502343238930E-14","3.0001362878838100E+0","6.6379539770005671E+0","3.8587988755349642E+2","3.6108202952564902E+1","3.054200000000000E-6"
"648","1.0008511320428493E+0","6.9465131287670161E-21","1.0924592245937594E-2","-7.0114655663504576E-16","-1.7110918438217347E-2","3.5954329413854717E-14","3.0001355976982800E+0","6.6429092572444013E+0","3.8616794965665531E+2","3.6081350809133902E+1","3.054200000000000E-6"
"647","1.0008623119934850E+0","6.9448082141715860E-21","1.0928252644546055E-2","-1.0137822284583801E-16","-1.7123796293897806E-2","3.9518020440648149E-14","3.0001349085189699E+0","6.6478647066976650E+0","3.8645602159635666E+2","3.6054506821949403E+1","3.054200000000000E-6"
"646","1.0008734772471943E+0","6.9508167988676311E-21","1.0931917796100709E-2","-2.5307448029262749E-15","-1.7136635268053802E-2","3.4536014380087594E-14","3.0001342203445800E+0","6.6528203249313913E+0","3.8674410334766344E+2","3.6027672550173698E+1","3.054200000000000E-6"
"645","1.0008846277732553E+0","6.9576303033586511E-21","1.0935587749135802E-2","-3.9384942919402088E-15","-1.7149435424141116E-2","3.1198235831178659E-14","3.0001335331738299E+0","6.6577761115157204E+0","3.8703219488558699E+2","3.6000849539671201E+1","3.054200000000000E-6"
"644","1.0008957635413369E+0","6.9568575687738220E-21","1.0939262552259070E-2","1.3903009119383255E-15","-1.7162196825667601E-2","3.9105550034446037E-14","3.0001328470053901E+0","6.6627320660199008E+0","3.8732029618508676E+2","3.5974039327222599E+1","3.054200000000000E-6"
"643","1.0009068845215003E+0","6.9544300626842948E-21","1.0942942254153928E-2","-3.1867313186489769E-16","-1.7174919536183948E-2","3.5810282307975937E-14","3.0001321618378900E+0","6.6676881880122991E+0","3.8760840722107082E+2","3.5947243435673798E+1","3.054200000000000E-6"
"642","1.0009179906841963E+0","6.9608942862251916E-21","1.0946626903578886E-2","-1.2130913191501675E-16","-1.7187603619285657E-2","3.8497109736074571E-14","3.0001314776699601E+0","6.6726444770604143E+0","3.8789652796839687E+2","3.5920463379992100E+1","3.054200000000000E-6"
"641","1.0009290820002583E+0","6.9709984791963644E-21","1.0950316549366446E-2","-6.2825659933505455E-16","-1.7200249138601645E-2","3.9177669788091955E-14","3.0001307945001798E+0","6.6776009327308827E+0","3.8818465840187247E+2","3.5893700660537696E+1","3.054200000000000E-6"
"640","1.0009401584409090E+0","6.9731538086194904E-21","1.0954011240421519E-2","-1.3412967935920508E-15","-1.7212856157800101E-2","3.1517764908177354E-14","3.0001301123271298E+0","6.6825575545894900E+0","3.8847279849625573E+2","3.5866956766504998E+1","3.054200000000000E-6"
"639","1.0009512199777522E+0","6.9818463382031778E-21","1.0957711025720133E-2","-8.4503525138230153E-16","-1.7225424740580551E-2","3.5157035366407004E-14","3.0001294311493401E+0","6.6875143422011805E+0","3.8876094822625578E+2","3.5840233175460000E+1","3.054200000000000E-6"
"638","1.0009622665827702E+0","6.9862670464012550E-21","1.0961415954306712E-2","-5.3520701094512737E-16","-1.7237954950666313E-2","3.5091380916525575E-14","3.0001287509653398E+0","6.6924712951300762E+0","3.8904910756653408E+2","3.5813531358254899E+1","3.054200000000000E-6"
"637","1.0009732982283233E+0","6.9891254236732988E-21","1.0965126075297928E-2","-1.5445155693263212E-15","-1.7250446851809299E-2","3.4090041186351875E-14","3.0001280717736001E+0","6.6974284129394697E+0","3.8933727649170379E+2","3.5786852766824602E+1","3.054200000000000E-6"
"636","1.0009843148871487E+0","6.9871661207107351E-21","1.0968841437877640E-2","-8.3250978825058619E-16","-1.7262900507777745E-2","3.3909217091988616E-14","3.0001273935725998E+0","6.7023856951918601E+0","3.8962545497633198E+2","3.5760198849371903E+1","3.054200000000000E-6"
"635","1.0009953165323575E+0","6.9881239874233800E-21","1.0972562091295542E-2","6.8482759334127559E-15","-1.7275315982363312E-2","4.7596975750111220E-14","3.0001267163607701E+0","6.7073431414489360E+0","3.8991364299493841E+2","3.5733571038178603E+1","3.054200000000000E-6"
"634","1.0010063031374294E+0","6.9796157596897219E-21","1.0976288084868875E-2","4.0927261681447037E-15","-1.7287693339361716E-2","3.8888132231285505E-14","3.0001260401365402E+0","6.7123007512716102E+0","3.9020184052199818E+2","3.5706970754940301E+1","3.054200000000000E-6"
"633","1.0010172746762176E+0","6.9790962122434358E-21","1.0980019467980525E-2","1.0331526532530598E-15","-1.7300032642589943E-2","4.0046001975443837E-14","3.0001253648982900E+0","6.7172585242200080E+0","3.9049004753194009E+2","3.5680399414851301E+1","3.054200000000000E-6"
"632","1.0010282311229382E+0","6.9710759487043890E-21","1.0983756290075350E-2","2.2979144290148140E-15","-1.7312333955865886E-2","3.6093052759491829E-14","3.0001246906443999E+0","6.7222164598534997E+0","3.9077826399914937E+2","3.5653858416883502E+1","3.054200000000000E-6"
"631","1.0010391724521750E+0","6.9842200137733804E-21","1.0987498600664352E-2","3.2670904637792310E-15","-1.7324597343013153E-2","3.7335380910433793E-14","3.0001240173732100E+0","6.7271745577306934E+0","3.9106648989796696E+2","3.5627349150961898E+1","3.054200000000000E-6"
"630","1.0010500986388737E+0","6.9862942509050532E-21","1.0991246449318350E-2","-9.9489932167423202E-16","-1.7336822867854800E-2","2.9713882727456101E-14","3.0001233450830398E+0","6.7321328174094575E+0","3.9135472520269064E+2","3.5600872995626403E+1","3.054200000000000E-6"
"629","1.0010610096583383E+0","6.9879954366471822E-21","1.0994999885670020E-2","1.9084347923449723E-15","-1.7349010594218121E-2","3.7965678139950094E-14","3.0001226737721800E+0","6.7370912384469328E+0","3.9164296988757604E+2","3.5574431320264402E+1","3.054200000000000E-6"
"628","1.0010719054862347E+0","6.9725110397902155E-21","1.0998758959412464E-2","4.3642152088688403E-15","-1.7361160585914755E-2","4.0394806432265728E-14","3.0001220034389302E+0","6.7420498203995329E+0","3.9193122392683625E+2","3.5548025480933397E+1","3.054200000000000E-6"
"627","1.0010827860985776E+0","6.9814773730000981E-21","1.1002523720298014E-2","-7.2573217510396838E-16","-1.7373272906751783E-2","3.0923686107110191E-14","3.0001213340815198E+0","6.7470085628229715E+0","3.9221948729464407E+2","3.5521656824565397E+1","3.054200000000000E-6"
"626","1.0010936514717468E+0","6.9838113301942272E-21","1.1006294218140020E-2","4.7060031909070817E-15","-1.7385347620527111E-2","3.8935209667802362E-14","3.0001206656981898E+0","6.7519674652722381E+0","3.9250775996512982E+2","3.5495326690439803E+1","3.054200000000000E-6"
"625","1.0011045015824620E+0","6.9844985123302088E-21","1.1010070502804160E-2","2.2132048947434179E-15","-1.7397384791018804E-2","3.5276981355173550E-14","3.0001199982871398E+0","6.7569265273016690E+0","3.9279604191238610E+2","3.5469036399013198E+1","3.054200000000000E-6"
"624","1.0011153364077992E+0","6.9830553349170900E-21","1.1013852624216450E-2","-7.1053490122584137E-16","-1.7409384481991804E-2","3.3142628376832845E-14","3.0001193318465700E+0","6.7618857484649011E+0","3.9308433311046491E+2","3.5442787269930399E+1","3.054200000000000E-6"
"623","1.0011261559251783E+0","6.9780987237199285E-21","1.1017640632358609E-2","5.1427123208893987E-15","-1.7421346757184743E-2","3.5909665853960622E-14","3.0001186663746400E+0","6.7668451283149080E+0","3.9337263353337931E+2","3.5416580606289202E+1","3.054200000000000E-6"
"622","1.0011369601123636E+0","6.9754740305777458E-21","1.1021434577266807E-2","3.8363490851626665E-15","-1.7433271680315179E-2","3.8326252637734302E-14","3.0001180018694802E+0","6.7718046664040168E+0","3.9366094315510520E+2","3.5390417700448801E+1","3.054200000000000E-6"
"621","1.0011477489474652E+0","6.9712421887700698E-21","1.1025234509029282E-2","3.8905598239050018E-15","-1.7445159315073646E-2","3.7238597079564796E-14","3.0001173383292299E+0","6.7767643622839033E+0","3.9394926194958026E+2","3.5364299838458798E+1","3.054200000000000E-6"
"620","1.0011585224089294E+0","6.9784160681301438E-21","1.1029040477790969E-2","1.8081946938281738E-15","-1.7457009725118294E-2","3.3822230444690129E-14","3.0001166757519702E+0","6.7817242155056237E+0","3.9423758989070654E+2","3.5338228293489301E+1","3.054200000000000E-6"
"619","1.0011692804755425E+0","6.9864016356404971E-21","1.1032852533744992E-2","2.7615079050791698E-15","-1.7468822974078577E-2","3.4026664537652153E-14","3.0001160141357901E+0","6.7866842256195978E+0","3.9452592695234870E+2","3.5312204329562299E+1","3.054200000000000E-6"
"618","1.0011800231264261E+0","6.9853440452212328E-21","1.1036670727139807E-2","4.4024545344763884E-15","-1.7480599125541538E-2","3.5559276001887125E-14","3.0001153534787499E+0","6.7916443921756544E+0","3.9481427310833743E+2","3.5286229197064401E+1","3.054200000000000E-6"
"617","1.0011907503410344E+0","6.9939299512361304E-21","1.1040495108271479E-2","3.2403516620767035E-15","-1.7492338243064801E-2","3.7100975204068410E-14","3.0001146937788898E+0","6.7966047147230064E+0","3.9510262833246719E+2","3.5260304141695102E+1","3.054200000000000E-6"
"616","1.0012014620991534E+0","6.9899512182073101E-21","1.1044325727488556E-2","4.0597199230828941E-15","-1.7504040390151267E-2","3.3887992948522424E-14","3.0001140350342101E+0","6.8015651928103003E+0","3.9539099259849985E+2","3.5234430396504600E+1","3.054200000000000E-6"
"615","1.0012121583808997E+0","6.9915048852529387E-21","1.1048162635185587E-2","4.0896440270356532E-15","-1.7515705630274502E-2","3.6563443813553396E-14","3.0001133772427302E+0","6.8065258259855899E+0","3.9567936588016278E+2","3.5208609182088402E+1","3.054200000000000E-6"
"614","1.0012228391667128E+0","6.9919330343725230E-21","1.1052005881808647E-2","2.2681724699802930E-15","-1.7527334026846919E-2","3.2570451017737791E-14","3.0001127204024098E+0","6.8114866137963768E+0","3.9596774815115106E+2","3.5182841714079800E+1","3.054200000000000E-6"
"613","1.0012335044373586E+0","7.0069954284133055E-21","1.1055855517847015E-2","2.2264863698771025E-15","-1.7538925643244687E-2","3.3144177254587310E-14","3.0001120645112200E+0","6.8164475557896065E+0","3.9625613938512765E+2","3.5157129193773699E+1","3.054200000000000E-6"
"612","1.0012441541739252E+0","7.0105306947789383E-21","1.1059711593842385E-2","3.0022574158738710E-15","-1.7550480542777854E-2","3.0983916159053770E-14","3.0001114095670900E+0","6.8214086515116819E+0","3.9654453955572382E+2","3.5131472817026697E+1","3.054200000000000E-6"
"611","1.0012547883578222E+0","6.9992787997357015E-21","1.1063574160377015E-2","4.2686569479500226E-15","-1.7561998788711852E-2","3.3387039148208883E-14","3.0001107555679400E+0","6.8263699005084808E+0","3.9683294863654044E+2","3.5105873764498803E+1","3.054200000000000E-6"
"610","1.0012654069707720E+0","6.9930549032662709E-21","1.1067443268080183E-2","4.6453430670510787E-15","-1.7573480444251402E-2","3.6602060111031577E-14","3.0001101025116701E+0","6.8313313023253572E+0","3.9712136660114777E+2","3.5080333211957999E+1","3.054200000000000E-6"
"609","1.0012760099948166E+0","6.9977072870894376E-21","1.1071318967626908E-2","7.3185929789451272E-15","-1.7584925572534483E-2","3.8486105299408707E-14","3.0001094503961698E+0","6.8362928565071703E+0","3.9740979342308759E+2","3.5054852323315998E+1","3.054200000000000E-6"
"608","1.0012865974123095E+0","6.9911406102001145E-21","1.1075201309734148E-2","7.0327697416041117E-15","-1.7596334236643314E-2","3.6993482471375465E-14","3.0001087992192899E+0","6.8412545625982695E+0","3.9769822907587161E+2","3.5029432253230198E+1","3.054200000000000E-6"
"607","1.0012971692059156E+0","6.9898350209616203E-21","1.1079090345162830E-2","3.6116048533100632E-15","-1.7607706499593350E-2","3.0355627032146279E-14","3.0001081489788799E+0","6.8462164201425226E+0","3.9798667353298401E+2","3.5004074147435702E+1","3.054200000000000E-6"
"606","1.0013077253586058E+0","6.9888224470182020E-21","1.1082986124714828E-2","4.5749331743566206E-15","-1.7619042424332421E-2","3.0819045637954581E-14","3.0001074996727599E+0","6.8511784286833342E+0","3.9827512676788166E+2","3.4978779142341402E+1","3.054200000000000E-6"
"605","1.0013182658536610E+0","6.9917322154802904E-21","1.1086888699235239E-2","4.5299966039764392E-15","-1.7630342073734446E-2","3.5567201870071497E-14","3.0001068512987499E+0","6.8561405877636421E+0","3.9856358875399462E+2","3.4953548361753199E+1","3.054200000000000E-6"
"604","1.0013287906746628E+0","6.9955919727304049E-21","1.1090798119608319E-2","4.2936551184075175E-15","-1.7641605510599970E-2","2.8506577787661194E-14","3.0001062038546200E+0","6.8611028969259298E+0","3.9885205946472627E+2","3.4928382925533001E+1","3.054200000000000E-6"
"603","1.0013392998054977E+0","6.9908228882402888E-21","1.1094714436760262E-2","3.5673449781218831E-15","-1.7652832797660761E-2","2.9916745419480345E-14","3.0001055573381601E+0","6.8660653557122444E+0","3.9914053887345477E+2","3.4903283940188700E+1","3.054200000000000E-6"
"602","1.0013497932303499E+0","6.9882296576144829E-21","1.1098637701655921E-2","4.8868846884136419E-15","-1.7664023997563172E-2","3.3263264986981038E-14","3.0001049117471199E+0","6.8710279636642104E+0","3.9942902695353359E+2","3.4878252505262097E+1","3.054200000000000E-6"
"601","1.0013602709336997E+0","6.9790163684139915E-21","1.1102567965298515E-2","2.9556699890954568E-15","-1.7675179172876913E-2","3.0594859390449553E-14","3.0001042670792399E+0","6.8759907203230242E+0","3.9971752367829151E+2","3.4853289710536600E+1","3.054200000000000E-6"
"600","1.0013707329003214E+0","6.9778348767403583E-21","1.1106505278729584E-2","5.6766808100967937E-15","-1.7686298386087925E-2","3.0305636449113870E-14","3.0001036233322300E+0","6.8809536252294947E+0","4.0000602902103464E+2","3.4828396635792600E+1","3.054200000000000E-6"
"599","1.0013811791152878E+0","6.9796190339766507E-21","1.1110449693029408E-2","3.9781000588341942E-15","-1.7697381699597888E-2","2.6079215109090644E-14","3.0001029805038000E+0","6.8859166779240155E+0","4.0029454295504496E+2","3.4803574354457503E+1","3.054200000000000E-6"
"598","1.0013916095639577E+0","6.9901307760224380E-21","1.1114401259314174E-2","4.5141128052040608E-15","-1.7708429175722136E-2","3.3133273009119375E-14","3.0001023385916401E+0","6.8908798779466096E+0","4.0058306545358289E+2","3.4778823926311901E+1","3.054200000000000E-6"
"597","1.0014020242319797E+0","6.9962886807175634E-21","1.1118360028736509E-2","2.3844191092914644E-15","-1.7719440876682587E-2","2.5379446841270136E-14","3.0001016975934101E+0","6.8958432248369235E+0","4.0087159648988705E+2","3.4754146407683798E+1","3.054200000000000E-6"
"596","1.0014124231052846E+0","6.9953062292700336E-21","1.1122326052485167E-2","4.3005147296296859E-15","-1.7730416864615118E-2","3.1406029600885434E-14","3.0001010575067699E+0","6.9008067181342518E+0","4.0116013603717556E+2","3.4729542842553499E+1","3.054200000000000E-6"
"595","1.0014228061700918E+0","6.9931905916967372E-21","1.1126299381783340E-2","3.3556989708541232E-15","-1.7741357201557936E-2","2.8401272612211102E-14","3.0001004183293598E+0","6.9057703573775173E+0","4.0144868406864487E+2","3.4705014266966103E+1","3.054200000000000E-6"
"594","1.0014331734129012E+0","7.0016979676953780E-21","1.1130280067888850E-2","5.0780256011398813E-15","-1.7752261949454732E-2","3.1197593260520677E-14","3.0000997800587998E+0","6.9107341421053290E+0","4.0173724055747323E+2","3.4680561710480198E+1","3.054200000000000E-6"
"593","1.0014435248204903E+0","7.0020671612766930E-21","1.1134268162094571E-2","3.9799114501234869E-15","-1.7763131170149257E-2","3.3691278077026868E-14","3.0000991426926999E+0","6.9156980718559513E+0","4.0202580547681890E+2","3.4656186189981497E+1","3.054200000000000E-6"
"592","1.0014538603799148E+0","6.9952947433224622E-21","1.1138263715726690E-2","6.3290754759243990E-15","-1.7773964925383173E-2","3.4994281011201740E-14","3.0000985062286398E+0","6.9206621461673361E+0","4.0231437879982195E+2","3.4631888717233402E+1","3.054200000000000E-6"
"591","1.0014641800785038E+0","6.9900015412948663E-21","1.1142266780141951E-2","2.5601073691201205E-15","-1.7784763276802635E-2","2.7855514729379468E-14","3.0000978706642001E+0","6.9256263645771208E+0","4.0260296049960414E+2","3.4607670293864601E+1","3.054200000000000E-6"
"590","1.0014744839038618E+0","6.9922749791799836E-21","1.1146277406731357E-2","2.6801011829231112E-15","-1.7795526285944496E-2","2.6970911050978966E-14","3.0000972359969400E+0","6.9305907266226683E+0","4.0289155054927130E+2","3.4583531914569001E+1","3.054200000000000E-6"
"589","1.0014847718438622E+0","7.0062134649095499E-21","1.1150295646918345E-2","2.0929911000080984E-15","-1.7806254014239041E-2","2.7537588454230600E-14","3.0000966022244002E+0","6.9355552318410227E+0","4.0318014892191064E+2","3.4559474563635298E+1","3.054200000000000E-6"
"588","1.0014950438866461E+0","7.0089969399731090E-21","1.1154321552156107E-2","5.8891160525869515E-15","-1.7816946523009337E-2","2.8332643294822266E-14","3.0000959693441298E+0","6.9405198797689858E+0","4.0346875559059544E+2","3.4535499218997998E+1","3.054200000000000E-6"
"587","1.0015053000206198E+0","7.0070947298996273E-21","1.1158355173929217E-2","3.2676757422550885E-15","-1.7827603873464198E-2","2.5573849544205868E-14","3.0000953373536201E+0","6.9454846699430757E+0","4.0375737052838241E+2","3.4511606849764199E+1","3.054200000000000E-6"
"586","1.0015155402344569E+0","7.0236013968007526E-21","1.1162396563751816E-2","5.9904150160235527E-15","-1.7838226126707178E-2","3.2298194999394725E-14","3.0000947062503802E+0","6.9504496018995638E+0","4.0404599370831380E+2","3.4487798415611699E+1","3.054200000000000E-6"
"585","1.0015257645170881E+0","7.0282858024366053E-21","1.1166445773168790E-2","7.2835969153710281E-15","-1.7848813343719790E-2","3.1525433881703865E-14","3.0000940760319001E+0","6.9554146751744810E+0","4.0433462510341815E+2","3.4464074870417299E+1","3.054200000000000E-6"
"584","1.0015359728577076E+0","7.0192749529802189E-21","1.1170502853753803E-2","3.1597095583942952E-15","-1.7859365585372391E-2","2.8806584916959315E-14","3.0000934466956499E+0","6.9603798893036108E+0","4.0462326468670932E+2","3.4440437158919998E+1","3.054200000000000E-6"
"583","1.0015461652457640E+0","7.0200052098949891E-21","1.1174567857109291E-2","3.1808679534559349E-15","-1.7869882912415234E-2","2.8491414630110775E-14","3.0000928182390800E+0","6.9653452438225303E+0","4.0491191243118942E+2","3.4416886217689502E+1","3.054200000000000E-6"
"582","1.0015563416709625E+0","7.0284563873391856E-21","1.1178640834865399E-2","6.5304887690537372E-15","-1.7880365385479054E-2","3.0099375122760304E-14","3.0000921906596498E+0","6.9703107382666039E+0","4.0520056830984805E+2","3.4393422976865502E+1","3.054200000000000E-6"
"581","1.0015665021232607E+0","7.0276433654135799E-21","1.1182721838681336E-2","2.6988780240389676E-15","-1.7890813065070611E-2","2.7450297819884781E-14","3.0000915639547800E+0","6.9752763721709856E+0","4.0548923229566259E+2","3.4370048355598598E+1","3.054200000000000E-6"
"580","1.0015766465928664E+0","7.0312110964034585E-21","1.1186810920242882E-2","7.8429014249768077E-15","-1.7901226011576326E-2","3.2578300291114957E-14","3.0000909381218799E+0","6.9802421450706387E+0","4.0577790436159938E+2","3.4346763269116302E+1","3.054200000000000E-6"
"579","1.0015867750702363E+0","7.0255226318258831E-21","1.1190908131262604E-2","2.3397704228282301E-15","-1.7911604285254113E-2","2.4761125076956113E-14","3.0000903131583700E+0","6.9852080565003503E+0","4.0606658448061455E+2","3.4323568622663799E+1","3.054200000000000E-6"
"578","1.0015968875460750E+0","7.0234288427666340E-21","1.1195013523480233E-2","1.3687057803580626E-14","-1.7921947946239337E-2","3.7346175888561483E-14","3.0000896890616402E+0","6.9901741059947327E+0","4.0635527262565404E+2","3.4300465314885599E+1","3.054200000000000E-6"
"577","1.0016069840113282E+0","7.0260654582930084E-21","1.1199127148661763E-2","6.0683448887395433E-15","-1.7932257054531209E-2","3.1443912667888479E-14","3.0000890658290502E+0","6.9951402930882427E+0","4.0664396876965458E+2","3.4277454236152700E+1","3.054200000000000E-6"
"576","1.0016170644571860E+0","7.0250198301792887E-21","1.1203249058598090E-2","5.3675111105013567E-15","-1.7942531670003713E-2","3.0079301666788570E-14","3.0000884434579800E+0","7.0001066173151729E+0","4.0693267288554364E+2","3.4254536270012103E+1","3.054200000000000E-6"
"575","1.0016271288750787E+0","7.0223279789288664E-21","1.1207379305105300E-2","3.4863199727417297E-15","-1.7952771852398398E-2","2.6860715122803204E-14","3.0000878219457698E+0","7.0050730782096835E+0","4.0722138494624073E+2","3.4231712291930997E+1","3.054200000000000E-6"
"574","1.0016371772566730E+0","7.0259267769600614E-21","1.1211517940025385E-2","3.9241865602514023E-15","-1.7962977661322415E-2","2.9284150158815560E-14","3.0000872012897801E+0","7.0100396753058005E+0","4.0751010492465787E+2","3.4208983171398899E+1","3.054200000000000E-6"
"573","1.0016472095938731E+0","7.0218048231412369E-21","1.1215665015223931E-2","5.9702247492556318E-15","-1.7973149156245108E-2","2.8215941243264398E-14","3.0000865814873099E+0","7.0150064081374266E+0","4.0779883279369955E+2","3.4186349769167798E+1","3.054200000000000E-6"
"572","1.0016572258788146E+0","7.0239645942403423E-21","1.1219820582591793E-2","6.7629229443650688E-15","-1.7983286396500243E-2","3.0446138297230224E-14","3.0000859625356902E+0","7.0199732762383569E+0","4.0808756852626419E+2","3.4163812939535603E+1","3.054200000000000E-6"
"571","1.0016672261038668E+0","7.0207130772475710E-21","1.1223984694042609E-2","2.7305261963474365E-15","-1.7993389441283605E-2","2.5740413590479585E-14","3.0000853444322200E+0","7.0249402791422701E+0","4.0837631209524358E+2","3.4141373529031100E+1","3.054200000000000E-6"
"570","1.0016772102616276E+0","7.0141894361356039E-21","1.1228157401513594E-2","6.1351101405070494E-15","-1.8003458349650839E-2","2.9539335289268408E-14","3.0000847271742002E+0","7.0299074163827679E+0","4.0866506347352481E+2","3.4119032378857902E+1","3.054200000000000E-6"
"569","1.0016871783449186E+0","7.0151082507717272E-21","1.1232338756965074E-2","1.8508643484219858E-15","-1.8013493180512201E-2","2.3494586627505267E-14","3.0000841107588898E+0","7.0348746874933621E+0","4.0895382263398977E+2","3.4096790320046701E+1","3.054200000000000E-6"
"568","1.0016971303467952E+0","7.0255846947358787E-21","1.1236528812380643E-2","5.8961028131208355E-15","-1.8023493992642074E-2","2.8392573245683695E-14","3.0000834951835702E+0","7.0398420920074773E+0","4.0924258954951540E+2","3.4074648180494201E+1","3.054200000000000E-6"
"567","1.0017070662605265E+0","7.0213076886527207E-21","1.1240727619766031E-2","7.8907780942562142E-15","-1.8033460844662379E-2","3.1235736728407148E-14","3.0000828804455000E+0","7.0448096294584914E+0","4.0953136419297584E+2","3.4052606778920200E+1","3.054200000000000E-6"
"566","1.0017169860796100E+0","7.0260995193996835E-21","1.1244935231148480E-2","4.7465227493241213E-15","-1.8043393795052074E-2","2.8975005795637287E-14","3.0000822665419098E+0","7.0497772993797101E+0","4.0982014653724099E+2","3.4030666927770199E+1","3.054200000000000E-6"
"565","1.0017268897977560E+0","7.0250984250773824E-21","1.1249151698578364E-2","3.8170839807216785E-15","-1.8053292902143386E-2","2.7169151687502800E-14","3.0000816534700401E+0","7.0547451013044054E+0","4.1010893655517896E+2","3.4008829431577396E+1","3.054200000000000E-6"
"564","1.0017367774088972E+0","7.0326705364484212E-21","1.1253377074125760E-2","7.8838070166117000E-15","-1.8063158224119195E-2","3.0999658119542220E-14","3.0000810412271099E+0","7.0597130347657924E+0","4.1039773421965447E+2","3.3987095090889902E+1","3.054200000000000E-6"
"563","1.0017466489071774E+0","7.0297131665431020E-21","1.1257611409884034E-2","7.9178120292812866E-15","-1.8072989819008765E-2","3.2423504874042525E-14","3.0000804298103398E+0","7.0646810992970810E+0","4.1068653950353178E+2","3.3965464697717202E+1","3.054200000000000E-6"
"562","1.0017565042869550E+0","7.0356829893806327E-21","1.1261854757964913E-2","2.9531779291912834E-15","-1.8082787744693404E-2","2.5282750416165563E-14","3.0000798192169200E+0","7.0696492944314384E+0","4.1097535237967287E+2","3.3943939036993001E+1","3.054200000000000E-6"
"561","1.0017663435427995E+0","7.0446068254502000E-21","1.1266107170503463E-2","4.8129730434234307E-15","-1.8092552058901541E-2","2.5675135939249871E-14","3.0000792094440500E+0","7.0746176197020283E+0","4.1126417282093939E+2","3.3922518889416800E+1","3.054200000000000E-6"
"560","1.0017761666694880E+0","7.0565927586889564E-21","1.1270368699653662E-2","2.5600436177770182E-15","-1.8102282819203751E-2","2.3141234051444619E-14","3.0000786004889002E+0","7.0795860746420143E+0","4.1155300080019316E+2","3.3901205027436198E+1","3.054200000000000E-6"
"559","1.0017859736620041E+0","7.0584619428366623E-21","1.1274639397589530E-2","4.1991966209262299E-15","-1.8111980083017742E-2","2.7116024428391036E-14","3.0000779923486398E+0","7.0845546587845663E+0","4.1184183629029610E+2","3.3879998218266401E+1","3.054200000000000E-6"
"558","1.0017957645155382E+0","7.0586371941743656E-21","1.1278919316505570E-2","2.3095899139755045E-15","-1.8121643907603714E-2","2.3424361553988236E-14","3.0000773850204299E+0","7.0895233716628514E+0","4.1213067926411026E+2","3.3858899221632399E+1","3.054200000000000E-6"
"557","1.0018055392254825E+0","7.0646447572567520E-21","1.1283208508615800E-2","8.4311991886535237E-15","-1.8131274350062274E-2","3.1630586143961084E-14","3.0000767785014202E+0","7.0944922128100805E+0","4.1241952969450006E+2","3.3837908792131500E+1","3.054200000000000E-6"
"556","1.0018152977874279E+0","7.0682726060544479E-21","1.1287507026152922E-2","4.7850504426883865E-15","-1.8140871467334379E-2","2.7619988544243787E-14","3.0000761727887499E+0","7.0994611817594855E+0","4.1270838755433101E+2","3.3817027677548502E+1","3.054200000000000E-6"
"555","1.0018250401971678E+0","7.0627410374876256E-21","1.1291814921369634E-2","9.4362978872403195E-15","-1.8150435316202869E-2","3.2249669989277182E-14","3.0000755678795401E+0","7.1044302780443367E+0","4.1299725281647125E+2","3.3796256620584103E+1","3.054200000000000E-6"
"554","1.0018347664506873E+0","7.0606716858522429E-21","1.1296132246537555E-2","6.8756756828899814E-15","-1.8159965953284795E-2","2.9648682898741097E-14","3.0000749637709201E+0","7.1093995011979514E+0","4.1328612545379127E+2","3.3775596356508601E+1","3.054200000000000E-6"
"553","1.0018444765441727E+0","7.0620398694338414E-21","1.1300459053946483E-2","7.2041652335431496E-15","-1.8169463435038460E-2","2.9985257022793520E-14","3.0000743604600002E+0","7.1143688507537046E+0","4.1357500543916512E+2","3.3755047615722802E+1","3.054200000000000E-6"
"552","1.0018541704739989E+0","7.0624261760073881E-21","1.1304795395905306E-2","4.7234379577056096E-15","-1.8178927817757325E-2","2.8178098363845736E-14","3.0000737579438699E+0","7.1193383262450274E+0","4.1386389274546997E+2","3.3734611122930502E+1","3.054200000000000E-6"
"551","1.0018638482367317E+0","7.0695048075706903E-21","1.1309141324740998E-2","7.4639855875630422E-15","-1.8188359157564272E-2","2.7399893138050560E-14","3.0000731562196301E+0","7.1243079272054368E+0","4.1415278734558825E+2","3.3714287595164798E+1","3.054200000000000E-6"
"550","1.0018735098291276E+0","7.0670589266231195E-21","1.1313496892798570E-2","4.6693881428671736E-15","-1.8197757510421946E-2","2.4656224102995085E-14","3.0000725552843499E+0","7.1292776531685051E+0","4.1444168921240509E+2","3.3694077746358097E+1","3.054200000000000E-6"
"549","1.0018831552481287E+0","7.0611897763102439E-21","1.1317862152441833E-2","6.4169130913389855E-15","-1.8207122932123933E-2","2.9505087481054700E-14","3.0000719551351098E+0","7.1342475036679156E+0","4.1473059831881272E+2","3.3673982282909300E+1","3.054200000000000E-6"
"548","1.0018927844908643E+0","7.0541707527742954E-21","1.1322237156052135E-2","6.5675434546255163E-15","-1.8216455478290584E-2","2.4950662361273718E-14","3.0000713557689802E+0","7.1392174782374269E+0","4.1501951463770735E+2","3.3654001906100802E+1","3.054200000000000E-6"
"547","1.0019023975546439E+0","7.0520135889579745E-21","1.1326621956026942E-2","9.0678193781910323E-15","-1.8225755204381085E-2","2.8938136366906403E-14","3.0000707571829999E+0","7.1441875764109142E+0","4.1530843814199193E+2","3.3634137312005201E+1","3.054200000000000E-6"
"546","1.0019119944369619E+0","7.0524665735893330E-21","1.1331016604783927E-2","5.5126899663501095E-15","-1.8235022165675695E-2","2.2695696370446461E-14","3.0000701593742298E+0","7.1491577977223484E+0","4.1559736880457530E+2","3.3614389190639201E+1","3.054200000000000E-6"
"545","1.0019215751354875E+0","7.0440464972754611E-21","1.1335421154755762E-2","3.2174385908905182E-15","-1.8244256417289693E-2","2.0775595401671314E-14","3.0000695623396898E+0","7.1541281417058240E+0","4.1588630659837310E+2","3.3594758226223703E+1","3.054200000000000E-6"
"544","1.0019311396480732E+0","7.0402814402229373E-21","1.1339835658394087E-2","3.0659285362391340E-16","-1.8253458014160454E-2","2.0172755593812721E-14","3.0000689660764301E+0","7.1590986078955599E+0","4.1617525149630842E+2","3.3575245098933998E+1","3.054200000000000E-6"
"543","1.0019406879727395E+0","7.0417307983869703E-21","1.1344260168166816E-2","3.7370935637647845E-15","-1.8262627011054539E-2","2.1540713626003878E-14","3.0000683705814502E+0","7.1640691958259053E+0","4.1646420347131186E+2","3.3555850483899697E+1","3.054200000000000E-6"
"542","1.0019502201076880E+0","7.0383194568830363E-21","1.1348694736558921E-2","7.0112883658301474E-15","-1.8271763462562710E-2","2.5141740464752107E-14","3.0000677758517802E+0","7.1690399050313411E+0","4.1675316249632175E+2","3.3536575048029000E+1","3.054200000000000E-6"
"541","1.0019597360512891E+0","7.0437745630006698E-21","1.1353139416072699E-2","8.0190952197409307E-15","-1.8280867423101518E-2","2.6802087028786557E-14","3.0000671818844098E+0","7.1740107350465028E+0","4.1704212854428533E+2","3.3517419455560301E+1","3.054200000000000E-6"
"540","1.0019692358020817E+0","7.0451458265844192E-21","1.1357594259226399E-2","7.3837258946423144E-15","-1.8289938946910216E-2","2.6186835726928425E-14","3.0000665886763400E+0","7.1789816854061703E+0","4.1733110158815833E+2","3.3498384365574402E+1","3.054200000000000E-6"
"539","1.0019787193587755E+0","7.0451420013290799E-21","1.1362059318556156E-2","2.6234647034005665E-15","-1.8298978088049304E-2","2.1223036019277785E-14","3.0000659962245702E+0","7.1839527556452882E+0","4.1762008160090591E+2","3.3479470431243499E+1","3.054200000000000E-6"
"538","1.0019881867202454E+0","7.0467060105723071E-21","1.1366534646613921E-2","7.3721652835596300E-15","-1.8307984900405975E-2","2.4425272232407879E-14","3.0000654045260600E+0","7.1889239452989608E+0","4.1790906855550259E+2","3.3460678301753902E+1","3.054200000000000E-6"
"537","1.0019976378855304E+0","7.0503261683439184E-21","1.1371020295968112E-2","4.3314914041181050E-15","-1.8316959437682457E-2","2.2984592653449930E-14","3.0000648135777901E+0","7.1938952539024656E+0","4.1819806242493291E+2","3.3442008619979397E+1","3.054200000000000E-6"
"536","1.0020070728538333E+0","7.0459623128722250E-21","1.1375516319203872E-2","1.1987175671625016E-15","-1.8325901753402776E-2","1.7205540173921213E-14","3.0000642233767301E+0","7.1988666809912623E+0","4.1848706318219217E+2","3.3423462024926799E+1","3.054200000000000E-6"
"535","1.0020164916245184E+0","7.0482379081202877E-21","1.1380022768922709E-2","5.1112102779548430E-15","-1.8334811900914495E-2","2.0994112791535477E-14","3.0000636339198299E+0","7.2038382261009932E+0","4.1877607080028616E+2","3.3405039150163198E+1","3.054200000000000E-6"
"534","1.0020258941971043E+0","7.0505823314902181E-21","1.1384539697742882E-2","7.2865444172234623E-15","-1.8343689933377330E-2","2.5598065716990506E-14","3.0000630452040400E+0","7.2088098887674947E+0","4.1906508525223188E+2","3.3386740625135502E+1","3.054200000000000E-6"
"533","1.0020352805712747E+0","7.0458964144691536E-21","1.1389067158298159E-2","4.2438476114810494E-15","-1.8352535903772095E-2","1.8399709396622083E-14","3.0000624572263099E+0","7.2137816685267886E+0","4.1935410651105713E+2","3.3368567073944803E+1","3.054200000000000E-6"
"532","1.0020446507468612E+0","7.0472401077468981E-21","1.1393605203238451E-2","7.0329459196732632E-15","-1.8361349864897594E-2","2.5754556595358245E-14","3.0000618699835702E+0","7.2187535649151178E+0","4.1964313454980271E+2","3.3350519116943801E+1","3.054200000000000E-6"
"531","1.0020540047238546E+0","7.0426262776944047E-21","1.1398153885231183E-2","6.9562969859445951E-15","-1.8370131869363593E-2","2.3146684583824951E-14","3.0000612834727498E+0","7.2237255774689304E+0","4.1993216934152127E+2","3.3332597368892202E+1","3.054200000000000E-6"
"530","1.0020633425023953E+0","7.0457709391175429E-21","1.1402713256958600E-2","2.1420484042928214E-15","-1.8378881969602995E-2","1.7383643090393625E-14","3.0000606976907700E+0","7.2286977057248771E+0","4.2022121085927728E+2","3.3314802440697200E+1","3.054200000000000E-6"
"529","1.0020726640827751E+0","7.0446786231751972E-21","1.1407283371119261E-2","4.0816013126407770E-15","-1.8387600217858503E-2","2.0981134175805412E-14","3.0000601126345501E+0","7.2336699492198431E+0","4.2051025907614854E+2","3.3297134938861397E+1","3.054200000000000E-6"
"528","1.0020819694654304E+0","7.0393721947674936E-21","1.1411864280428655E-2","7.1039849080378811E-15","-1.8396286666185230E-2","2.2139615513832828E-14","3.0000595283009801E+0","7.2386423074909434E+0","4.2079931396522670E+2","3.3279595464572402E+1","3.054200000000000E-6"
"527","1.0020912586509512E+0","7.0347108026401248E-21","1.1416456037618140E-2","3.3603994668903025E-15","-1.8404941366455235E-2","1.9852357964182118E-14","3.0000589446869799E+0","7.2436147800755162E+0","4.2108837549961612E+2","3.3262184615770899E+1","3.054200000000000E-6"
"526","1.0021005316400686E+0","7.0335511272911628E-21","1.1421058695434886E-2","7.0668456107346796E-15","-1.8413564370352933E-2","2.5156490009553280E-14","3.0000583617894399E+0","7.2485873665111438E+0","4.2137744365243526E+2","3.3244902986623998E+1","3.054200000000000E-6"
"525","1.0021097884336549E+0","7.0395090313081178E-21","1.1425672306641448E-2","5.1592530253147348E-15","-1.8422155729370067E-2","1.8616682493104360E-14","3.0000577796052399E+0","7.2535600663356528E+0","4.2166651839681697E+2","3.3227751164267602E+1","3.054200000000000E-6"
"524","1.0021190290327271E+0","7.0445182505514036E-21","1.1430296924018812E-2","6.5724516249546502E-15","-1.8430715494816778E-2","2.4542970290791094E-14","3.0000571981312598E+0","7.2585328790871193E+0","4.2195559970590847E+2","3.3210729735007597E+1","3.054200000000000E-6"
"523","1.0021282534384430E+0","7.0431293665898317E-21","1.1434932600361715E-2","3.8268713492423704E-15","-1.8439243717808695E-2","1.9662246890114258E-14","3.0000566173643799E+0","7.2635058043038727E+0","4.2224468755287177E+2","3.3193839279019002E+1","3.054200000000000E-6"
"522","1.0021374616520957E+0","7.0404190722176953E-21","1.1439579388482578E-2","6.7740722259316688E-15","-1.8447740449273688E-2","2.0837321230763413E-14","3.0000560373014702E+0","7.2684788415245025E+0","4.2253378191088404E+2","3.3177080373760496E+1","3.054200000000000E-6"
"521","1.0021466536751171E+0","7.0421193220387393E-21","1.1444237341209673E-2","7.2345135363910823E-15","-1.8456205739947426E-2","1.9461926665242445E-14","3.0000554579393901E+0","7.2734519902878692E+0","4.2282288275313812E+2","3.3160453590922700E+1","3.054200000000000E-6"
"520","1.0021558295090738E+0","7.0312591916664342E-21","1.1448906511386922E-2","7.1216673268793736E-15","-1.8464639640377443E-2","2.2533459029115195E-14","3.0000548792749901E+0","7.2784252501330933E+0","4.2311199005284197E+2","3.3143959500077301E+1","3.054200000000000E-6"
"519","1.0021649891556625E+0","7.0295596324461847E-21","1.1453586951875530E-2","4.5172828541133726E-15","-1.8473042200914568E-2","1.9223309219443796E-14","3.0000543013051302E+0","7.2833986205995860E+0","4.2340110378322061E+2","3.3127598665951702E+1","3.054200000000000E-6"
"518","1.0021741326167175E+0","7.0363523166122207E-21","1.1458278715552843E-2","5.1148606321476876E-15","-1.8481413471723603E-2","2.0644196112766486E-14","3.0000537240266500E+0","7.2883721012270186E+0","4.2369022391751389E+2","3.3111371649523001E+1","3.054200000000000E-6"
"517","1.0021832598941982E+0","7.0391700867874903E-21","1.1462981855312077E-2","6.2768422356105886E-15","-1.8489753502770809E-2","2.1945991214621104E-14","3.0000531474363901E+0","7.2933456915553645E+0","4.2397935042897956E+2","3.3095279008496902E+1","3.054200000000000E-6"
"516","1.0021923709901948E+0","7.0442503682127971E-21","1.1467696424063737E-2","3.4029195722528871E-15","-1.8498062343834328E-2","1.6912088194679512E-14","3.0000525715311799E+0","7.2983193911248732E+0","4.2426848329089097E+2","3.3079321296626098E+1","3.054200000000000E-6"
"515","1.0022014659069205E+0","7.0515213498036768E-21","1.1472422474734257E-2","7.3007750637976588E-15","-1.8506340044492395E-2","2.1201308780367166E-14","3.0000519963078500E+0","7.3032931994761077E+0","4.2455762247654025E+2","3.3063499063688297E+1","3.054200000000000E-6"
"514","1.0022105446467191E+0","7.0559742855078747E-21","1.1477160060266800E-2","6.4473717624042841E-15","-1.8514586654134774E-2","2.0826178050846637E-14","3.0000514217632102E+0","7.3082671161499055E+0","4.2484676795923502E+2","3.3047812856038000E+1","3.054200000000000E-6"
"513","1.0022196072120551E+0","7.0546146107475513E-21","1.1481909233622203E-2","1.4441437834795889E-15","-1.8522802221952669E-2","1.1583001909032361E-14","3.0000508478940899E+0","7.3132411406874267E+0","4.2513591971230193E+2","3.3032263217198000E+1","3.054200000000000E-6"
"512","1.0022286536055149E+0","7.0542986045200102E-21","1.1486670047776757E-2","6.0149311702133158E-15","-1.8530986796945651E-2","2.0812180572436453E-14","3.0000502746972901E+0","7.3182152726301286E+0","4.2542507770908469E+2","3.3016850686073802E+1","3.054200000000000E-6"
"511","1.0022376838298064E+0","7.0570765657074824E-21","1.1491442555724856E-2","6.1734922029679531E-15","-1.8539140427912468E-2","1.9992130304266908E-14","3.0000497021696102E+0","7.3231895115197796E+0","4.2571424192294540E+2","3.3001575798966499E+1","3.054200000000000E-6"
"510","1.0022466978877527E+0","7.0650889007825686E-21","1.1496226810477328E-2","4.2716815919408989E-15","-1.8547263163458318E-2","1.8355372246705514E-14","3.0000491303078700E+0","7.3281638568984766E+0","4.2600341232726498E+2","3.2986439088302099E+1","3.054200000000000E-6"
"509","1.0022556957822988E+0","7.0667865626219037E-21","1.1501022865062648E-2","9.2592361120264970E-15","-1.8555355051992666E-2","2.3669286586287235E-14","3.0000485591088499E+0","7.3331383083086168E+0","4.2629258889544184E+2","3.2971441083694799E+1","3.054200000000000E-6"
"508","1.0022646775165049E+0","7.0698541687122180E-21","1.1505830772525425E-2","4.5372657950131925E-15","-1.8563416141727025E-2","1.8776540196288878E-14","3.0000479885693299E+0","7.3381128652929304E+0","4.2658177160089394E+2","3.2956582310998300E+1","3.054200000000000E-6"
"507","1.0022736430935408E+0","7.0624984915948936E-21","1.1510650585929623E-2","7.8926696642324760E-15","-1.8571446480675494E-2","2.2875514426185606E-14","3.0000474186861101E+0","7.3430875273944824E+0","4.2687096041705848E+2","3.2941863293255800E+1","3.054200000000000E-6"
"506","1.0022825925166958E+0","7.0595769825114163E-21","1.1515482358355486E-2","3.6642128917134444E-15","-1.8579446116651948E-2","1.6188120662330155E-14","3.0000468494559702E+0","7.3480622941566587E+0","4.2716015531739140E+2","3.2927284550522501E+1","3.054200000000000E-6"
"505","1.0022915257893628E+0","7.0678636336630900E-21","1.1520326142899969E-2","2.6271565913978226E-15","-1.8587415097277793E-2","1.4762653634152888E-14","3.0000462808756700E+0","7.3530371651231814E+0","4.2744935627536830E+2","3.2912846599177499E+1","3.054200000000000E-6"
"504","1.0023004429150510E+0","7.0729415512791121E-21","1.1525181992680883E-2","5.8040090266647556E-15","-1.8595353469969576E-2","1.8090884039237538E-14","3.0000457129419802E+0","7.3580121398381158E+0","4.2773856326448453E+2","3.2898549952902101E+1","3.054200000000000E-6"
"503","1.0023093438973716E+0","7.0738505595014002E-21","1.1530049960830839E-2","5.7775642193735221E-15","-1.8603261281947489E-2","2.0495579431494494E-14","3.0000451456516699E+0","7.3629872178458715E+0","4.2802777625825559E+2","3.2884395122388398E+1","3.054200000000000E-6"
"502","1.0023182287400501E+0","7.0722332560575493E-21","1.1534930100502770E-2","5.2970501346359016E-15","-1.8611138580232608E-2","1.6787859785905237E-14","3.0000445790015098E+0","7.3679623986911853E+0","4.2831699523021587E+2","3.2870382615021100E+1","3.054200000000000E-6"
"501","1.0023270974469078E+0","7.0758742749892760E-21","1.1539822464866168E-2","4.8809953137606588E-15","-1.8618985411646111E-2","1.8798831730563682E-14","3.0000440129882300E+0","7.3729376819191685E+0","4.2860622015392175E+2","3.2856512936463702E+1","3.054200000000000E-6"
"500","1.0023359500218783E+0","7.0689816338886604E-21","1.1544727107111127E-2","8.3379351123405125E-15","-1.8626801822810349E-2","2.0906575812831331E-14","3.0000434476085900E+0","7.3779130670752657E+0","4.2889545100294873E+2","3.2842786588059802E+1","3.054200000000000E-6"
"499","1.0023447864689921E+0","7.0675131881638911E-21","1.1549644080444444E-2","4.1543657421223779E-15","-1.8634587860143350E-2","1.6428624542639406E-14","3.0000428828593502E+0","7.3828885537052811E+0","4.2918468775089349E+2","3.2829204069081200E+1","3.054200000000000E-6"
"498","1.0023536067923804E+0","7.0708030941493784E-21","1.1554573438092949E-2","2.7239480128890902E-15","-1.8642343569867003E-2","1.4410538474008137E-14","3.0000423187372300E+0","7.3878641413553847E+0","4.2947393037137368E+2","3.2815765876114597E+1","3.054200000000000E-6"
"497","1.0023624109962765E+0","7.0698140350755603E-21","1.1559515233301912E-2","1.1581864861245480E-14","-1.8650068998000185E-2","2.4057061735158997E-14","3.0000417552389700E+0","7.3928398295720941E+0","4.2976317883802733E+2","3.2802472503648303E+1","3.054200000000000E-6"
"496","1.0023711990850117E+0","7.0760062377562702E-21","1.1564469519336167E-2","3.1774213043651106E-15","-1.8657764190359361E-2","1.5127970852684316E-14","3.0000411923613099E+0","7.3978156179023014E+0","4.3005243312451427E+2","3.2789324441812603E+1","3.054200000000000E-6"
"495","1.0023799710630112E+0","7.0743093051957398E-21","1.1569436349480076E-2","8.4020264597784165E-16","-1.8665429192562883E-2","9.5393082461900475E-15","3.0000406301009699E+0","7.4027915058932594E+0","4.3034169320451520E+2","3.2776322180504302E+1","3.054200000000000E-6"
"494","1.0023887269347931E+0","7.0610391003734994E-21","1.1574415777036728E-2","7.6373144824601150E-15","-1.8673064050024515E-2","1.8475845411935495E-14","3.0000400684546800E+0","7.4077674930925950E+0","4.3063095905173259E+2","3.2763466204692698E+1","3.054200000000000E-6"
"493","1.0023974667049769E+0","7.0539923144184753E-21","1.1579407855330629E-2","1.3112190776457261E-15","-1.8680668807955852E-2","1.3856296203529018E-14","3.0000395074191601E+0","7.4127435790483007E+0","4.3092023063989018E+2","3.2750756998572498E+1","3.054200000000000E-6"
"492","1.0024061903782679E+0","7.0629408768038500E-21","1.1584412637704501E-2","3.0485948139826566E-15","-1.8688243511369534E-2","1.5502810231548134E-14","3.0000389469911100E+0","7.4177197633087486E+0","4.3120950794273392E+2","3.2738195044148803E+1","3.054200000000000E-6"
"491","1.0024148979594618E+0","7.0710954287967167E-21","1.1589430177522465E-2","5.2904261539746427E-15","-1.8695788205071586E-2","1.8020392022243297E-14","3.0000383871672498E+0","7.4226960454226889E+0","4.3149879093403132E+2","3.2725780819707303E+1","3.054200000000000E-6"
"490","1.0024235894534501E+0","7.0733605724456766E-21","1.1594460528170158E-2","4.0784062606165759E-15","-1.8703302933666507E-2","1.7101642482692861E-14","3.0000378279442899E+0","7.4276724249392423E+0","4.3178807958757204E+2","3.2713514801518400E+1","3.054200000000000E-6"
"489","1.0024322648652046E+0","7.0743548971046961E-21","1.1599503743051236E-2","6.9763519126747712E-15","-1.8710787741559133E-2","1.6887832631615797E-14","3.0000372693189301E+0","7.4326489014079202E+0","4.3207737387716782E+2","3.2877305703667098E+1","3.054200000000000E-6"
"488","1.0024409241997885E+0","7.0811996887173400E-21","1.1604559875592977E-2","2.7486491737568881E-15","-1.8718242672944911E-2","1.3583025668900047E-14","3.0000367112878599E+0","7.4376254743786143E+0","4.3236667377665293E+2","3.3013255452956500E+1","3.054200000000000E-6"
"487","1.0024495674623488E+0","7.0849730536253159E-21","1.1609628979242751E-2","9.7876549423604433E-15","-1.8725667771822510E-2","2.3487592611362012E-14","3.0000361538477902E+0","7.4426021434015963E+0","4.3265597925988362E+2","3.3054413902546798E+1","3.054200000000000E-6"
"486","1.0024581946581188E+0","7.0956079961345493E-21","1.1614711107469342E-2","7.0160115399430158E-15","-1.8733063081983036E-2","1.9844415617384207E-14","3.0000355969953900E+0","7.4475789080275341E+0","4.3294529030073915E+2","3.3043291360729000E+1","3.054200000000000E-6"
"485","1.0024668057924098E+0","7.1040816738085986E-21","1.1619806313763739E-2","1.8434179448632169E-15","-1.8740428647012877E-2","1.1441636657179341E-14","3.0000350407273602E+0","7.4525557678074872E+0","4.3323460687312149E+2","3.2980773133571397E+1","3.054200000000000E-6"
"484","1.0024754008706194E+0","7.0957821942623093E-21","1.1624914651638219E-2","6.9640802977478764E-15","-1.8747764510301100E-2","1.8805432906279127E-14","3.0000344850403899E+0","7.4575327222928935E+0","4.3352392895095483E+2","3.2830169408537003E+1","3.054200000000000E-6"
"483","1.0024839798982221E+0","7.0947327568513524E-21","1.1630036174628173E-2","4.9885453912157398E-15","-1.8755070715024275E-2","1.5231524085934350E-14","3.0000339299311398E+0","7.4625097710355890E+0","4.3381325650818621E+2","3.2631842037558201E+1","3.054200000000000E-6"
"482","1.0024925428807721E+0","7.0885695807240677E-21","1.1635170936291930E-2","9.7380495545051190E-15","-1.8762347304160664E-2","1.9984397865582602E-14","3.0000333753962898E+0","7.4674869135878179E+0","4.3410258951878649E+2","3.2620778570789298E+1","3.054200000000000E-6"
"481","1.0025010898239020E+0","7.0944672061224140E-21","1.1640318990208230E-2","5.3646027809531522E-15","-1.8769594320483408E-2","1.5334031910325043E-14","3.0000328214325300E+0","7.4724641495021968E+0","4.3439192795674825E+2","3.2609867504733700E+1","3.054200000000000E-6"
"480","1.0025096207333180E+0","7.0963030357905027E-21","1.1645480389982206E-2","2.2250353407231334E-15","-1.8776811806558248E-2","1.2181314350102334E-14","3.0000322680365001E+0","7.4774414783317624E+0","4.3468127179608859E+2","3.2599109295557703E+1","3.054200000000000E-6"
"479","1.0025181356148050E+0","7.0940653299834055E-21","1.1650655189239896E-2","4.6186887537983167E-15","-1.8783999804749367E-2","1.4941523964293525E-14","3.0000317152048899E+0","7.4824188996299341E+0","4.3497062101084663E+2","3.2588504397915798E+1","3.054200000000000E-6"
"478","1.0025266344742161E+0","7.0919391570382328E-21","1.1655843441633007E-2","2.9610918870936990E-15","-1.8791158357212859E-2","1.2494239525238519E-14","3.0000311629343401E+0","7.4873964129505497E+0","4.3525997557508589E+2","3.2578053264059797E+1","3.054200000000000E-6"
"477","1.0025351173174815E+0","7.1005439400496334E-21","1.1661045200835529E-2","3.9926546492026642E-15","-1.8798287505906317E-2","1.7150326344561588E-14","3.0000306112215198E+0","7.4923740178478262E+0","4.3554933546289192E+2","3.2567756345225497E+1","3.054200000000000E-6"
"476","1.0025435841506007E+0","7.1087362946233163E-21","1.1666260520547075E-2","3.9762909643217149E-15","-1.8805387292575568E-2","1.3701972025466982E-14","3.0000300600630800E+0","7.4973517138764025E+0","4.3583870064837498E+2","3.2557614091616898E+1","3.054200000000000E-6"
"475","1.0025520349796448E+0","7.1043212816731711E-21","1.1671489454490376E-2","5.3624237093554125E-15","-1.8812457758766190E-2","1.6453270759098332E-14","3.0000295094556799E+0","7.5023295005913067E+0","4.3612807110566757E+2","3.2547626950175903E+1","3.054200000000000E-6"
"474","1.0025604698107489E+0","7.1029221496073017E-21","1.1676732056415584E-2","4.7151848313596414E-15","-1.8819498945814795E-2","1.8159251996789662E-14","3.0000289593959399E+0","7.5073073775479866E+0","4.3641744680892708E+2","3.2537795367526101E+1","3.054200000000000E-6"
"473","1.0025688886501212E+0","7.0950930240018176E-21","1.1681988380095926E-2","7.4659006192604287E-15","-1.8826510894856985E-2","2.0755443486292726E-14","3.0000284098805299E+0","7.5122853443022883E+0","4.3670682773233375E+2","3.2528119789093800E+1","3.054200000000000E-6"
"472","1.0025772915040314E+0","7.1066084662432047E-21","1.1687258479331414E-2","5.4140440667855922E-15","-1.8833493646818921E-2","1.4584650152306661E-14","3.0000278609060800E+0","7.5172634004104602E+0","4.3699621385009112E+2","3.2518600657551502E+1","3.054200000000000E-6"
"471","1.0025856783788167E+0","7.0983794155692977E-21","1.1692542407946991E-2","-2.5504639172694819E-16","-1.8840447242425406E-2","1.0239072445748059E-14","3.0000273124692201E+0","7.5222415454291705E+0","4.3728560513642736E+2","3.2509238414718098E+1","3.054200000000000E-6"
"470","1.0025940492808778E+0","7.0995232411405972E-21","1.1697840219795154E-2","4.4473165017032056E-15","-1.8847371722192873E-2","1.4418793668999511E-14","3.0000267645665999E+0","7.5272197789154820E+0","4.3757500156559342E+2","3.2500033502345801E+1","3.054200000000000E-6"
"469","1.0026024042166763E+0","7.0899261756688779E-21","1.1703151968753904E-2","3.6236793123798836E-15","-1.8854267126435953E-2","1.1969603307536566E-14","3.0000262171948400E+0","7.5321981004268697E+0","4.3786440311186436E+2","3.2490986359004197E+1","3.054200000000000E-6"
"468","1.0026107431927371E+0","7.0850983425527641E-21","1.1708477708729164E-2","4.4185293568717079E-15","-1.8861133495257545E-2","1.6128876675732884E-14","3.0000256703505701E+0","7.5371765095212337E+0","4.3815380974953996E+2","3.2482097422664097E+1","3.054200000000000E-6"
"467","1.0026190662156458E+0","7.0787181835821053E-21","1.1713817493653734E-2","1.9378566636486546E-15","-1.8867970868562411E-2","1.0533409147262186E-14","3.0000251240304001E+0","7.5421550057568600E+0","4.3844322145294211E+2","3.2473367130930598E+1","3.054200000000000E-6"
"466","1.0026273732920443E+0","7.0733664834527867E-21","1.1719171377488203E-2","2.1374982493006926E-15","-1.8874779286043440E-2","1.1981041646867448E-14","3.0000245782309700E+0","7.5471335886924606E+0","4.3873263819641789E+2","3.2464795918321499E+1","3.054200000000000E-6"
"465","1.0026356644286336E+0","7.0853923406020162E-21","1.1724539414220324E-2","1.8304489120859405E-15","-1.8881558787193244E-2","1.0072455161247362E-14","3.0000240329488999E+0","7.5521122578871500E+0","4.3902205995433741E+2","3.2456384221206797E+1","3.054200000000000E-6"
"464","1.0026439396321740E+0","7.0909715528689086E-21","1.1729921657868007E-2","2.3145361080552652E-15","-1.8888309411297641E-2","1.3849693792838126E-14","3.0000234881807799E+0","7.5570910129004600E+0","4.3931148670109542E+2","3.2448132471772901E+1","3.054200000000000E-6"
"463","1.0026521989094765E+0","7.0929872712949291E-21","1.1735318162477311E-2","3.6887101083776870E-15","-1.8895031197432841E-2","1.0817336165529632E-14","3.0000229439232502E+0","7.5620698532923223E+0","4.3960091841110960E+2","3.2440041102834300E+1","3.054200000000000E-6"
"462","1.0026604422674095E+0","7.0931560572819422E-21","1.1740728982122884E-2","6.6931073986309525E-16","-1.8901724184473855E-2","6.1997803451388654E-15","3.0000224001728899E+0","7.5670487786230991E+0","4.3989035505882276E+2","3.2432110545888499E+1","3.054200000000000E-6"
"461","1.0026686697128957E+0","7.1035877154162535E-21","1.1746154170909838E-2","6.3751100010476782E-16","-1.8908388411088616E-2","7.6887127479328055E-15","3.0000218569263302E+0","7.5720277884535401E+0","4.4017979661870032E+2","3.2424341231444501E+1","3.054200000000000E-6"
"460","1.0026768812529068E+0","7.1069665167539863E-21","1.1751593782972447E-2","-1.4446133184329840E-15","-1.8915023915740289E-2","5.2920052833084706E-15","3.0000213141801599E+0","7.5770068823448256E+0","4.4046924306523255E+2","3.2416733588991498E+1","3.054200000000000E-6"
"459","1.0026850768944708E+0","7.1014319267787264E-21","1.1757047872475968E-2","1.9764901721473668E-15","-1.8921630736686460E-2","9.8921897252286580E-15","3.0000207719309802E+0","7.5819860598585285E+0","4.4075869437293278E+2","3.2409288047997897E+1","3.054200000000000E-6"
"458","1.0026932566446574E+0","7.0983193320839654E-21","1.1762516493616046E-2","-4.5839809504347182E-16","-1.8928208911976493E-2","9.5768175090723111E-15","3.0000202301753900E+0","7.5869653205566498E+0","4.4104815051633898E+2","3.2402005035476797E+1","3.054200000000000E-6"
"457","1.0027014205105937E+0","7.1022262104728647E-21","1.1767999700619871E-2","-1.1604666781955595E-15","-1.8934758479457418E-2","4.4780868304553139E-15","3.0000196889099802E+0","7.5919446640015860E+0","4.4133761147001235E+2","3.2394884979273399E+1","3.054200000000000E-6"
"456","1.0027095684994516E+0","7.1075770078648787E-21","1.1773497547745950E-2","5.4735251240250374E-16","-1.8941279476770961E-2","9.6001190590529461E-15","3.0000191481313401E+0","7.5969240897561532E+0","4.4162707720853820E+2","3.2387928306047399E+1","3.054200000000000E-6"
"455","1.0027177006184460E+0","7.1011083537889671E-21","1.1779010089285172E-2","-2.6708689631335832E-15","-1.8947771941350573E-2","3.2599140968329094E-15","3.0000186078360600E+0","7.6019035973835702E+0","4.4191654770652559E+2","3.2381135440936497E+1","3.054200000000000E-6"
"454","1.0027258168748432E+0","7.1040977459651269E-21","1.1784537379560650E-2","3.1372018481917938E-15","-1.8954235910427400E-2","1.2509906515942311E-14","3.0000180680207200E+0","7.6068831864474689E+0","4.4220602293860730E+2","3.2374506809650200E+1","3.054200000000000E-6"
"453","1.0027339172759513E+0","7.1130122250798064E-21","1.1790079472927754E-2","5.5661772578387686E-16","-1.8960671421025300E-2","9.9463312560895398E-15","3.0000175286819100E+0","7.6118628565118831E+0","4.4249550287943953E+2","3.2368042836078203E+1","3.054200000000000E-6"
"452","1.0027420018291180E+0","7.1025689218640094E-21","1.1795636423776108E-2","-4.3992138717700958E-15","-1.8967078509958862E-2","-1.3601029092602082E-15","3.0000169898162099E+0","7.6168426071412645E+0","4.4278498750370295E+2","3.2361743944894400E+1","3.054200000000000E-6"
"451","1.0027500705417447E+0","7.0968957625188852E-21","1.1801208286529660E-2","-6.7209973959607796E-15","-1.8973457213849722E-2","-6.8242382856730334E-15","3.0000164514201799E+0","7.6218224379004598E+0","4.4307447678610112E+2","3.2355610559783301E+1","3.054200000000000E-6"
"450","1.0027581234212626E+0","7.0990866067609103E-21","1.1806795115643996E-2","-9.9993722176828057E-15","-1.8979807569102274E-2","-7.8738664650076387E-15","3.0000159134904099E+0","7.6268023483547260E+0","4.4336397070136127E+2","3.2349643102100302E+1","3.054200000000000E-6"
"449","1.0027661604751501E+0","7.0986024954218108E-21","1.1812396965611859E-2","-4.4668258170178841E-15","-1.8986129611923627E-2","-3.5458728936504503E-15","3.0000153760234598E+0","7.6317823380697298E+0","4.4365346922423464E+2","3.2343841996550800E+1","3.054200000000000E-6"
"448","1.0027741817109219E+0","7.0934317164146929E-21","1.1818013890960129E-2","-6.9682824706057939E-15","-1.8992423378308823E-2","-6.1309926315234097E-15","3.0000148390159000E+0","7.6367624066115365E+0","4.4394297232949560E+2","3.2338207663465603E+1","3.054200000000000E-6"
"447","1.0027821871361313E+0","7.0964314627500095E-21","1.1823645946250671E-2","-3.6345274799316436E-15","-1.8998688904053158E-2","-1.1058001727743085E-15","3.0000143024643000E+0","7.6417425535466164E+0","4.4423247999194206E+2","3.2332740525760300E+1","3.054200000000000E-6"
"446","1.0027901767583729E+0","7.1073426535159952E-21","1.1829293186082817E-2","-1.1409022691154409E-14","-1.9004926224743063E-2","-1.3752326389860855E-14","3.0000137663652202E+0","7.6467227784418377E+0","4.4452199218639510E+2","3.2327441004688602E+1","3.054200000000000E-6"
"445","1.0027981505852712E+0","7.0997076359870443E-21","1.1834955665090231E-2","-1.1292847482685955E-14","-1.9011135375764980E-2","-1.1781923457753648E-14","3.0000132307152101E+0","7.6517030808644728E+0","4.4481150888769906E+2","3.2322309521200900E+1","3.054200000000000E-6"
"444","1.0028061086244919E+0","7.0995925221668606E-21","1.1840633437945992E-2","-7.7510163901966553E-15","-1.9017316392297201E-2","-7.1881980648923638E-15","3.0000126955108501E+0","7.6566834603821929E+0","4.4510103007072178E+2","3.2317346496439399E+1","3.054200000000000E-6"
"443","1.0028140508837318E+0","7.0967768024984075E-21","1.1846326559358291E-2","-8.7785724476472584E-15","-1.9023469309315911E-2","-8.5181979758267655E-15","3.0000121607486601E+0","7.6616639165630653E+0","4.4539055571035396E+2","3.2312552351168002E+1","3.054200000000000E-6"
"442","1.0028219773707245E+0","7.0934755719428182E-21","1.1852035084075386E-2","-4.1702601036452916E-15","-1.9029594161588181E-2","-2.1986097801886455E-15","3.0000116264252199E+0","7.6666444489755579E+0","4.4568008578150966E+2","3.2307927506972703E+1","3.054200000000000E-6"
"441","1.0028298880932289E+0","7.0971400900283612E-21","1.1857759066881270E-2","-3.6524533997935573E-16","-1.9035690983683566E-2","4.5204904561432678E-15","3.0000110925370702E+0","7.6716250571885327E+0","4.4596962025912580E+2","3.2303472382980900E+1","3.054200000000000E-6"
"440","1.0028377830590434E+0","7.1001935219319312E-21","1.1863498562601864E-2","-1.1120037680258798E-15","-1.9041759809957828E-2","2.8427101950148455E-15","3.0000105590807400E+0","7.6766057407712394E+0","4.4625915911816179E+2","3.2299187400188103E+1","3.054200000000000E-6"
"439","1.0028456622759949E+0","7.1001869399080980E-21","1.1869253626099599E-2","1.8935548098488417E-15","-1.9047800674572950E-2","6.1247071379924514E-15","3.0000100260528000E+0","7.6815864992933296E+0","4.4654870233360054E+2","3.2295072979834700E+1","3.054200000000000E-6"
"438","1.0028535257519358E+0","7.0969112105553417E-21","1.1875024312279112E-2","9.3673924488603844E-17","-1.9053813611478537E-2","5.4938269087782187E-15","3.0000094934497699E+0","7.6865673323248362E+0","4.4683824988044705E+2","3.2291129540939501E+1","3.054200000000000E-6"
"437","1.0028613734947525E+0","7.0972058181404857E-21","1.1880810676084125E-2","1.5762110889298057E-15","-1.9059798654425326E-2","6.4035063885454033E-15","3.0000089612681902E+0","7.6915482394361865E+0","4.4712780173372926E+2","3.2287357505360902E+1","3.054200000000000E-6"
"436","1.0028692055123569E+0","7.0973222082730579E-21","1.1886612772498801E-2","3.0543224461123505E-16","-1.9065755836958027E-2","8.1838083465932950E-15","3.0000084295046099E+0","7.6965292201981921E+0","4.4741735786849739E+2","3.2283757292877503E+1","3.054200000000000E-6"
"435","1.0028770218126866E+0","7.0977629389269289E-21","1.1892430656550308E-2","2.5257901784383618E-15","-1.9071685192417066E-2","8.0722310396015460E-15","3.0000078981555398E+0","7.7015102741820494E+0","4.4770691825982396E+2","3.2280329325195900E+1","3.054200000000000E-6"
"434","1.0028848224037057E+0","7.1023334303793246E-21","1.1898264383306200E-2","2.1043937933674831E-15","-1.9077586753941826E-2","9.1324164923563497E-15","3.0000073672175200E+0","7.7064914009593384E+0","4.4799648288280417E+2","3.2277074022215899E+1","3.054200000000000E-6"
"433","1.0028926072934061E+0","7.0902067077506671E-21","1.1904114007877725E-2","1.0011158877625711E-15","-1.9083460554465928E-2","4.1152881283459151E-15","3.0000068366870800E+0","7.7114726001020264E+0","4.4828605171255532E+2","3.2273991806324503E+1","3.054200000000000E-6"
"432","1.0029003764898006E+0","7.0879434257662010E-21","1.1909979585417603E-2","3.3620491815253111E-15","-1.9089306626720454E-2","9.0549375411340294E-15","3.0000063065607399E+0","7.7164538711824449E+0","4.4857562472421608E+2","3.2271083097260799E+1","3.054200000000000E-6"
"431","1.0029081300009235E+0","7.0908659987663943E-21","1.1915861171123875E-2","2.9864365825766121E-15","-1.9095125003232391E-2","9.6267972955116874E-15","3.0000057768350201E+0","7.7214352137733187E+0","4.4886520189294788E+2","3.2268348317692400E+1","3.054200000000000E-6"
"430","1.0029158678348378E+0","7.0943210474660796E-21","1.1921758820237252E-2","-2.1135737142826997E-15","-1.9100915716326067E-2","4.6156814828083210E-15","3.0000052475064400E+0","7.7264166274477315E+0","4.4915478319393304E+2","3.2265787889858899E+1","3.054200000000000E-6"
"429","1.0029235899996207E+0","7.0914992376446749E-21","1.1927672588043165E-2","-1.9048259816684059E-15","-1.9106678798123843E-2","4.8157210780295074E-15","3.0000047185715202E+0","7.7313981117791561E+0","4.4944436860237676E+2","3.2263402235217598E+1","3.054200000000000E-6"
"428","1.0029312965033765E+0","7.0922382709418226E-21","1.1933602529872972E-2","2.2260373212501488E-15","-1.9112414280544492E-2","1.1621126428626331E-14","3.0000041900267602E+0","7.7363796663414242E+0","4.4973395809350455E+2","3.2261191777237300E+1","3.054200000000000E-6"
"427","1.0029389873542229E+0","7.0908377039546454E-21","1.1939548701102714E-2","-2.1472524442105497E-15","-1.9118122195303674E-2","3.6626141675083337E-15","3.0000036618686901E+0","7.7413612907087357E+0","4.5002355164256386E+2","3.2259156939281297E+1","3.054200000000000E-6"
"426","1.0029466625603038E+0","7.0891744458622920E-21","1.1945511157155581E-2","1.4613724077777965E-15","-1.9123802573914658E-2","1.0698422590261562E-14","3.0000031340938000E+0","7.7463429844556595E+0","4.5031314922482335E+2","3.2257298144548500E+1","3.054200000000000E-6"
"425","1.0029543221297705E+0","7.0849015916703697E-21","1.1951489953500960E-2","1.8413155561837754E-15","-1.9129455447687262E-2","9.1053997129138645E-15","3.0000026066986099E+0","7.7513247471571294E+0","4.5060275081557285E+2","3.2255615817359399E+1","3.054200000000000E-6"
"424","1.0029619660708031E+0","7.0805928714468614E-21","1.1957485145655632E-2","6.3488064473644044E-16","-1.9135080847734427E-2","8.9442285461597463E-15","3.0000020796796099E+0","7.7563065783884264E+0","4.5089235639012247E+2","3.2254110382854698E+1","3.054200000000000E-6"
"423","1.0029695943915911E+0","7.0747044211994739E-21","1.1963496789184899E-2","-2.8585938099738562E-16","-1.9140678804958549E-2","7.3339205331610475E-15","3.0000015530333002E+0","7.7612884777252091E+0","4.5118196592380428E+2","3.2252782266003500E+1","3.054200000000000E-6"
"422","1.0029772071003396E+0","7.0749126172104785E-21","1.1969524939701897E-2","-2.3296044860628463E-15","-1.9146249350068180E-2","2.7793730014244157E-15","3.0000010267561898E+0","7.7662704447434736E+0","4.5147157939196995E+2","3.2251631893259898E+1","3.054200000000000E-6"
"421","1.0029848042052709E+0","7.0769866937657755E-21","1.1975569652869528E-2","-1.1360243813841246E-15","-1.9151792513565521E-2","5.1996396293631458E-15","3.0000005008447501E+0","7.7712524790195765E+0","4.5176119676999207E+2","3.2250659690238699E+1","3.054200000000000E-6"
"420","1.0029923857146166E+0","7.0806101231755841E-21","1.1981630984399640E-2","8.2747828418579132E-16","-1.9157308325749647E-2","5.9321914393568721E-15","2.9999999752955002E+0","7.7762345801302253E+0","4.5205081803326368E+2","3.2249866084806598E+1","3.054200000000000E-6"
"419","1.0029999516366268E+0","7.0799459275993732E-21","1.1987708990054706E-2","-4.0034191986429597E-15","-1.9162796816722619E-2","-3.0404123276808125E-16","2.9999994501049101E+0","7.7812167476524694E+0","4.5234044315719751E+2","3.2249251505327997E+1","3.054200000000000E-6"
"418","1.0030075019795626E+0","7.0816952368879328E-21","1.1993803725648301E-2","-5.7739521546700986E-15","-1.9168258016384946E-2","1.1633129747383020E-16","2.9999989252694799E+0","7.7861989811636976E+0","4.5263007211722629E+2","3.2248816380671897E+1","3.054200000000000E-6"
"417","1.0030150367516919E+0","7.0774577036634736E-21","1.1999915247045275E-2","-2.5338214457254392E-15","-1.9173691954432515E-2","2.8370966575258736E-15","2.9999984007856701E+0","7.7911812802416494E+0","4.5291970488880315E+2","3.2248561140328498E+1","3.054200000000000E-6"
"416","1.0030225559612986E+0","7.0822437357559269E-21","1.2006043610162248E-2","-6.9779343660944508E-15","-1.9179098660361243E-2","-4.8246472076902757E-15","2.9999978766499900E+0","7.7961636444643929E+0","4.5320934144739999E+2","3.2248486215495397E+1","3.054200000000000E-6"
"415","1.0030300596166726E+0","7.0811410644479813E-21","1.2012188870968896E-2","-8.9621853129972863E-15","-1.9184478163469961E-2","-3.0149806299619010E-15","2.9999973528588901E+0","7.8011460734103375E+0","4.5349898176850888E+2","3.2248592036457097E+1","3.054200000000000E-6"
"414","1.0030375477261153E+0","7.0793604786284655E-21","1.2018351085488278E-2","-6.4437427086925770E-15","-1.9189830492852843E-2","-4.7679344160220846E-15","2.9999968294088601E+0","7.8061285666582165E+0","4.5378862582764054E+2","3.2248879036582302E+1","3.054200000000000E-6"
"413","1.0030450202979340E+0","7.0875651948743839E-21","1.2024530309797778E-2","-7.8716959783544279E-15","-1.9195155677403746E-2","-5.5209325250690615E-15","2.9999963062963699E+0","7.8111111237871009E+0","4.5407827360032542E+2","3.2249347648246697E+1","3.054200000000000E-6"
"412","1.0030524773404448E+0","7.0905530370260569E-21","1.2030726600027485E-2","-6.1808582344593821E-15","-1.9200453745821779E-2","-4.0210693130493756E-15","2.9999957835178899E+0","7.8160937443763707E+0","4.5436792506211179E+2","3.2249998306301698E+1","3.054200000000000E-6"
"411","1.0030599188619700E+0","7.0923553179347804E-21","1.2036940012364824E-2","-4.1468478898347379E-15","-1.9205724726598584E-2","5.8533831562979467E-16","2.9999952610698801E+0","7.8210764280057434E+0","4.5465758018856781E+2","3.2250831446262502E+1","3.054200000000000E-6"
"410","1.0030673448708385E+0","7.1041355873971652E-21","1.2043170603052477E-2","-2.6158531469788106E-15","-1.9210968648029524E-2","1.4937972924344557E-15","2.9999947389488102E+0","7.8260591742552412E+0","4.5494723895527898E+2","3.2251847504072103E+1","3.054200000000000E-6"
"409","1.0030747553753820E+0","7.0943949323316929E-21","1.2049418428388324E-2","-4.7799337816788921E-15","-1.9216185538209498E-2","7.1977507739160118E-16","2.9999942171511398E+0","7.8310419827052087E+0","4.5523690133784993E+2","3.2253046917441900E+1","3.054200000000000E-6"
"408","1.0030821503839409E+0","7.1007277715377203E-21","1.2055683544728789E-2","-9.5907309835548874E-16","-1.9221375425036203E-2","1.8979948877956704E-15","2.9999936956733202E+0","7.8360248529362977E+0","4.5552656731190280E+2","3.2254430125673800E+1","3.054200000000000E-6"
"407","1.0030895299048548E+0","7.0996933928389869E-21","1.2061966008487603E-2","-5.1760152470701644E-15","-1.9226538336205846E-2","-6.8139696617575788E-16","2.9999931745118098E+0","7.8410077845294692E+0","4.5581623685307801E+2","3.2255997567442400E+1","3.054200000000000E-6"
"406","1.0030968939464682E+0","7.1039149324630982E-21","1.2068265876136242E-2","-2.2547737557739809E-15","-1.9231674299214740E-2","1.4974601699083443E-15","2.9999926536630701E+0","7.8459907770659782E+0","4.5610590993703283E+2","3.2257749685377298E+1","3.054200000000000E-6"
"405","1.0031042425171266E+0","7.0993360815035290E-21","1.2074583204205892E-2","-3.4306937047059255E-15","-1.9236783341362203E-2","-5.8344277341350543E-16","2.9999921331235400E+0","7.8509738301273977E+0","4.5639558653944317E+2","3.2259686919652900E+1","3.054200000000000E-6"
"404","1.0031115756251801E+0","7.1039651940529021E-21","1.2080918049287711E-2","-5.4122452575837826E-15","-1.9241865489745942E-2","-3.0093393754737822E-15","2.9999916128896600E+0","7.8559569432955776E+0","4.5668526663600096E+2","3.2261809715945397E+1","3.054200000000000E-6"
"403","1.0031188932789736E+0","7.1021721580842693E-21","1.2087270468032570E-2","-4.4786420818407929E-15","-1.9246920771272637E-2","6.9139318253004436E-16","2.9999910929578801E+0","7.8609401161526655E+0","4.5697495020241547E+2","3.2264118517220297E+1","3.054200000000000E-6"
"402","1.0031261954868591E+0","7.0900569914967505E-21","1.2093640517152542E-2","-5.8097984387267258E-15","-1.9251949212640090E-2","-1.9792214745404187E-15","2.9999905733246499E+0","7.8659233482811066E+0","4.5726463721441320E+2","3.2266613771034102E+1","3.054200000000000E-6"
"401","1.0031334822571822E+0","7.0852602177414182E-21","1.2100028253421612E-2","-5.3663734678033188E-15","-1.9256950840352345E-2","-5.7419073922275712E-15","2.9999900539863900E+0","7.8709066392636187E+0","4.5755432764773661E+2","3.2269295926188398E+1","3.054200000000000E-6"
"400","1.0031407535982895E+0","7.0800490059334457E-21","1.2106433733676139E-2","-3.7602356242272158E-15","-1.9261925680721152E-2","-1.9960683682637578E-15","2.9999895349395400E+0","7.8758899886832001E+0","4.5784402147814444E+2","3.2272165428818298E+1","3.054200000000000E-6"
"399","1.0031480095185243E+0","7.0813855585956810E-21","1.2112857014815374E-2","-3.7105494537697008E-15","-1.9266873759850336E-2","-1.4375794807283841E-15","2.9999890161805300E+0","7.8808733961231328E+0","4.5813371868141178E+2","3.2275222731407098E+1","3.054200000000000E-6"
"398","1.0031552500262284E+0","7.0808534477356428E-21","1.2119298153801934E-2","-5.3289337386429625E-15","-1.9271795103654312E-2","-4.5562018909926827E-15","2.9999884977057900E+0","7.8858568611669630E+0","4.5842341923332918E+2","3.2278468285188097E+1","3.054200000000000E-6"
"397","1.0031624751297410E+0","7.0840335385810255E-21","1.2125757207664269E-2","-6.7011471782341902E-15","-1.9276689737844577E-2","-2.3173791843924690E-15","2.9999879795117499E+0","7.8908403833985101E+0","4.5871312310970330E+2","3.2281902544121102E+1","3.054200000000000E-6"
"396","1.0031696848373928E+0","7.0917950289381676E-21","1.2132234233494627E-2","-4.0730842703011811E-15","-1.9281557687940175E-2","-1.5242154655460244E-15","2.9999874615948201E+0","7.8958239624018480E+0","4.5900283028635516E+2","3.2285525963552800E+1","3.054200000000000E-6"
"395","1.0031768791575146E+0","7.0900167499683689E-21","1.2138729288451130E-2","-7.2046274443391737E-15","-1.9286398979258771E-2","-3.9444085590852479E-15","2.9999869439514302E+0","7.9008075977613181E+0","4.5929254073912165E+2","3.2289339000650699E+1","3.054200000000000E-6"
"394","1.0031840580984270E+0","7.0845981527654016E-21","1.2145242429760039E-2","-8.7615246488803985E-15","-1.9291213636922492E-2","-8.5310309698316018E-15","2.9999864265779799E+0","7.9057912890615176E+0","4.5958225444385448E+2","3.2293342112706497E+1","3.054200000000000E-6"
"393","1.0031912216684502E+0","7.0937158615720412E-21","1.2151773714712835E-2","-4.4690404661745260E-15","-1.9296001685862551E-2","1.1366814626897158E-16","2.9999859094709000E+0","7.9107750358872861E+0","4.5987197137641920E+2","3.2297535760136597E+1","3.054200000000000E-6"
"392","1.0031983698758911E+0","7.0950729442192576E-21","1.2158323200671464E-2","-4.8344589331325851E-15","-1.9300763150801738E-2","-3.0941083396034739E-15","2.9999853926265798E+0","7.9157588378237174E+0","4.6016169151269651E+2","3.2301920404506397E+1","3.054200000000000E-6"
"391","1.0032055027290527E+0","7.0935934974540255E-21","1.2164890945062626E-2","-3.7636881211124956E-15","-1.9305498056278115E-2","-3.2228891372081435E-15","2.9999848760414398E+0","7.9207426944561368E+0","4.6045141482858031E+2","3.2306496509882102E+1","3.054200000000000E-6"
"390","1.0032126202362306E+0","7.0872490397021466E-21","1.2171477005387617E-2","-1.7048413830423447E-15","-1.9310206426627372E-2","3.0442493363014326E-17","2.9999843597118798E+0","7.9257266053701079E+0","4.6074114129997844E+2","3.2311264540451198E+1","3.054200000000000E-6"
"389","1.0032197224057073E+0","7.0824139517736044E-21","1.2178081439213785E-2","-6.0447025309882212E-15","-1.9314888285991663E-2","-5.4787526545906006E-15","2.9999838436343000E+0","7.9307105701514393E+0","4.6103087090281304E+2","3.2316224963960202E+1","3.054200000000000E-6"
"388","1.0032268092457612E+0","7.0809391540175848E-21","1.2184704304181525E-2","-8.0004746853569591E-15","-1.9319543658316604E-2","-6.6635895892835360E-15","2.9999833278050900E+0","7.9356945883861485E+0","4.6132060361301831E+2","3.2321378249677402E+1","3.054200000000000E-6"
"387","1.0032338807646568E+0","7.0808168806102225E-21","1.2191345658001850E-2","-5.6953620923211798E-15","-1.9324172567355965E-2","-1.2473911716329039E-15","2.9999828122206398E+0","7.9406786596604881E+0","4.6161033940654215E+2","3.2326724866666098E+1","3.054200000000000E-6"
"386","1.0032409369706492E+0","7.0852895497933474E-21","1.2198005558459126E-2","-5.1953983625596417E-15","-1.9328775036660632E-2","-2.1710644547166745E-15","2.9999822968773500E+0","7.9456627835609197E+0","4.6190007825934447E+2","3.2332265290777002E+1","3.054200000000000E-6"
"385","1.0032479778719805E+0","7.0819948119491388E-21","1.2204684063409958E-2","-5.2469725148778667E-15","-1.9333351089590164E-2","-3.9394121541322083E-15","2.9999817817715999E+0","7.9506469596741276E+0","4.6218982014739851E+2","3.2337999994304298E+1","3.054200000000000E-6"
"384","1.0032550034768841E+0","7.0738265465423659E-21","1.2211381230785485E-2","-9.5743267571568452E-15","-1.9337900749315060E-2","-9.0085965901434113E-15","2.9999812668997698E+0","7.9556311875869943E+0","4.6247956504668849E+2","3.2343929453833397E+1","3.054200000000000E-6"
"383","1.0032620137935782E+0","7.0739937437468190E-21","1.2218097118591479E-2","-7.2935216670028965E-15","-1.9342424038802594E-2","-1.7437027049328165E-15","2.9999807522582400E+0","7.9606154668866127E+0","4.6276931293321144E+2","3.2350054148777801E+1","3.054200000000000E-6"
"382","1.0032690088302689E+0","7.0765881310237779E-21","1.2224831784909403E-2","-9.4697191341762515E-15","-1.9346920980828557E-2","-1.2520864919844947E-14","2.9999802378433800E+0","7.9655997971602659E+0","4.6305906378297487E+2","3.2356374560664300E+1","3.054200000000000E-6"
"381","1.0032759885951454E+0","7.0760613886241112E-21","1.2231585287895480E-2","-7.3929331254790360E-15","-1.9351391597976650E-2","-9.3093969146485458E-15","2.9999797236515700E+0","7.9705841779954314E+0","4.6334881757199810E+2","3.2362891169534599E+1","3.054200000000000E-6"
"380","1.0032829530963889E+0","7.0781819048224836E-21","1.2238357685785472E-2","-8.4027733733142919E-15","-1.9355835912636621E-2","-4.3945457713739917E-15","2.9999792096791800E+0","7.9755686089797786E+0","4.6363857427631126E+2","3.2369604461514200E+1","3.054200000000000E-6"
"379","1.0032899023421575E+0","7.0737824508532728E-21","1.2245149036890828E-2","-9.2884989255539748E-15","-1.9360253947000170E-2","-5.5144460363596249E-15","2.9999786959225601E+0","7.9805530897011590E+0","4.6392833387195520E+2","3.2376514924024299E+1","3.054200000000000E-6"
"378","1.0032968363406012E+0","7.0732040091061458E-21","1.2251959399602783E-2","-9.3621390677528560E-15","-1.9364645723065722E-2","-8.8006166931141030E-15","2.9999781823780798E+0","7.9855376197475971E+0","4.6421809633498083E+2","3.2383623047607699E+1","3.054200000000000E-6"
"377","1.0033037550998474E+0","7.0676782068225107E-21","1.2258788832390887E-2","-1.3156409659247564E-14","-1.9369011262644016E-2","-1.1964414282212950E-14","2.9999776690420998E+0","7.9905221987072892E+0","4.6450786164144910E+2","3.2390929320803501E+1","3.054200000000000E-6"
"376","1.0033106586280118E+0","7.0670753372910961E-21","1.2265637393805181E-2","-1.0794639241549520E-14","-1.9373350587350489E-2","-6.9457591786946257E-15","2.9999771559109698E+0","7.9955068261685982E+0","4.6479762976743041E+2","3.2398434238243098E+1","3.054200000000000E-6"
"375","1.0033175469331905E+0","7.0714406144501569E-21","1.2272505142477678E-2","-1.1933485724199752E-14","-1.9377663718599940E-2","-1.1139068162570716E-14","2.9999766429810402E+0","8.0004915017200524E+0","4.6508740068900511E+2","3.2406138297626903E+1","3.054200000000000E-6"
"374","1.0033244200234592E+0","7.0663461916148800E-21","1.2279392137120782E-2","-1.0133974238782400E-14","-1.9381950677624705E-2","-9.2865652931636263E-15","2.9999761302486601E+0","8.0054762249503320E+0","4.6537717438226213E+2","3.2414041994674399E+1","3.054200000000000E-6"
"373","1.0033312779068806E+0","7.0700136305794794E-21","1.2286298436531210E-2","-8.8691309727986352E-15","-1.9386211485460339E-2","-5.6532780251188788E-15","2.9999756177101600E+0","8.0104609954482680E+0","4.6566695082329920E+2","3.2422145831066601E+1","3.054200000000000E-6"
"372","1.0033381205914926E+0","7.0816652838936292E-21","1.2293224099586544E-2","-1.1043685926137002E-14","-1.9390446162947245E-2","-1.0772072953815618E-14","2.9999751053618802E+0","8.0154458128028256E+0","4.6595672998822209E+2","3.2430450310975701E+1","3.054200000000000E-6"
"371","1.0033449480853180E+0","7.0861419603890051E-21","1.2300169185250813E-2","-1.1409425408852390E-14","-1.9394654730735771E-2","-1.1926547987128399E-14","2.9999745932001698E+0","8.0204306766031248E+0","4.6624651185314514E+2","3.2438955938159502E+1","3.054200000000000E-6"
"370","1.0033517603963544E+0","7.0885272815609864E-21","1.2307133752571931E-2","-1.2130760797152832E-14","-1.9398837209284956E-2","-1.3707748182073463E-14","2.9999740812213398E+0","8.0254155864384185E+0","4.6653629639419091E+2","3.2447663221000099E+1","3.054200000000000E-6"
"369","1.0033585575325852E+0","7.0853493348075586E-21","1.2314117860684580E-2","-1.1444661266826561E-14","-1.9402993618863985E-2","-9.4568220969694781E-15","2.9999735694217402E+0","8.0304005418980680E+0","4.6682608358748774E+2","3.2456572669012502E+1","3.054200000000000E-6"
"368","1.0033653395019666E+0","7.0907184101901229E-21","1.2321121568809153E-2","-5.0093763861919294E-15","-1.9407123979544832E-2","-4.5324333890381399E-15","2.9999730577976700E+0","8.0353855425715714E+0","4.6711587340917231E+2","3.2465684797222700E+1","3.054200000000000E-6"
"367","1.0033721063124341E+0","7.0901038585055192E-21","1.2328144936254377E-2","-9.8672206780289128E-15","-1.9411228311210674E-2","-8.9756209143556777E-15","2.9999725463454499E+0","8.0403705880485372E+0","4.6740566583538765E+2","3.2475000118704997E+1","3.054200000000000E-6"
"366","1.0033788579719041E+0","7.0866058617522230E-21","1.2335188022416510E-2","-1.1727187979919840E-14","-1.9415306633552686E-2","-1.4149793732235402E-14","2.9999720350614099E+0","8.0453556779186890E+0","4.6769546084228335E+2","3.2484519153496002E+1","3.054200000000000E-6"
"365","1.0033855944882653E+0","7.0819358584849457E-21","1.2342250886782556E-2","-1.5143786434860785E-14","-1.9419358966077251E-2","-1.5450246230232482E-14","2.9999715239418498E+0","8.0503408117718394E+0","4.6798525840601428E+2","3.2494242419225003E+1","3.054200000000000E-6"
"364","1.0033923158693865E+0","7.0783974364857306E-21","1.2349333588928530E-2","-1.5812825432492408E-14","-1.9423385328087850E-2","-1.9912889860344127E-14","2.9999710129830701E+0","8.0553259891979163E+0","4.6827505850274201E+2","3.2504170442738399E+1","3.054200000000000E-6"
"363","1.0033990221231124E+0","7.0795562897665121E-21","1.2356436188521364E-2","-8.0895748453511032E-15","-1.9427385738709644E-2","-9.3719333164093712E-15","2.9999705021813798E+0","8.0603112097869278E+0","4.6856486110863267E+2","3.2514303748371802E+1","3.054200000000000E-6"
"362","1.0034057132572602E+0","7.0780625249496903E-21","1.2363558745320920E-2","-1.0222886260802949E-14","-1.9431360216866790E-2","-8.0921566641711272E-15","2.9999699915330802E+0","8.0652964731289707E+0","4.6885466619985766E+2","3.2524642863476501E+1","3.054200000000000E-6"
"361","1.0034123892796241E+0","7.0799914046300750E-21","1.2370701319177233E-2","-1.2109634937959655E-14","-1.9435308781300210E-2","-1.1774566890803663E-14","2.9999694810344599E+0","8.0702817788142216E+0","4.6914447375259300E+2","3.2535188321712198E+1","3.054200000000000E-6"
"360","1.0034190501979721E+0","7.0765111511585099E-21","1.2377863970037194E-2","-1.1788124569682403E-14","-1.9439231450556694E-2","-7.7924558891904745E-15","2.9999689706817998E+0","8.0752671264329283E+0","4.6943428374301885E+2","3.2545940655340999E+1","3.054200000000000E-6"
"359","1.0034256960200476E+0","7.0808704314923223E-21","1.2385046757940237E-2","-1.4307977684888065E-14","-1.9443128242993567E-2","-1.6328011086026869E-14","2.9999684604713899E+0","8.0802525155754008E+0","4.6972409614731896E+2","3.2556900405657203E+1","3.054200000000000E-6"
"358","1.0034323267535645E+0","7.0777681952245171E-21","1.2392249743022136E-2","-6.6220990118394409E-15","-1.9446999176783667E-2","-6.7834498215231210E-15","2.9999679503995198E+0","8.0852379458320183E+0","4.7001391094168099E+2","3.2568068106675099E+1","3.054200000000000E-6"
"357","1.0034389424062113E+0","7.0768203801293317E-21","1.2399472985513712E-2","-1.0371769487522108E-14","-1.9450844269899476E-2","-1.1433670029873614E-14","2.9999674404624499E+0","8.0902234167932079E+0","4.7030372810229562E+2","3.2579444304981003E+1","3.054200000000000E-6"
"356","1.0034455429856497E+0","7.0812029703777879E-21","1.2406716545744278E-2","-1.3835598117217795E-14","-1.9454663540135815E-2","-1.4250242830547676E-14","2.9999669306564600E+0","8.0952089280494395E+0","4.7059354760535598E+2","3.2591029543678502E+1","3.054200000000000E-6"
"355","1.0034521284995113E+0","7.0956349132051101E-21","1.2413980484140040E-2","-1.2393564657664472E-14","-1.9458457005091065E-2","-1.3863765053677186E-14","2.9999664209778198E+0","8.1001944791912379E+0","4.7088336942705808E+2","3.2602824374442001E+1","3.054200000000000E-6"
"354","1.0034586989554024E+0","7.0953007184858019E-21","1.2421264861227603E-2","-1.1716111382947999E-14","-1.9462224682177537E-2","-1.2651621018435225E-14","2.9999659114227799E+0","8.1051800698091476E+0","4.7117319354359950E+2","3.2614829346752501E+1","3.054200000000000E-6"
"353","1.0034652543608935E+0","7.1018591298763686E-21","1.2428569737631078E-2","-1.6512352645352045E-14","-1.9465966588612233E-2","-2.2399013192914580E-14","2.9999654019876001E+0","8.1101656994937450E+0","4.7146301993117942E+2","3.2627045016842999E+1","3.054200000000000E-6"
"352","1.0034717947235332E+0","7.1012019858973929E-21","1.2435895174078724E-2","-1.7772926176382637E-14","-1.9469682741436612E-2","-2.3787539236569263E-14","2.9999648926685398E+0","8.1151513678356295E+0","4.7175284856599842E+2","3.2639471940360998E+1","3.054200000000000E-6"
"351","1.0034783200508381E+0","7.1016018632296907E-21","1.2443241231398377E-2","-1.5357593350682412E-14","-1.9473373157491734E-2","-1.6879327705952212E-14","2.9999643834618399E+0","8.1201370744254113E+0","4.7204267942425770E+2","3.2652110680132303E+1","3.054200000000000E-6"
"350","1.0034848303502866E+0","7.1073455467209850E-21","1.2450607970520340E-2","-1.6982136782008031E-14","-1.9477037853432255E-2","-2.4536536087392757E-14","2.9999638743637500E+0","8.1251228188537095E+0","4.7233251248215902E+2","3.2664961799074902E+1","3.054200000000000E-6"
"349","1.0034913256293383E+0","7.1111570727621577E-21","1.2457995452479642E-2","-1.6343864333496332E-14","-1.9480676845730568E-2","-2.2596809355834249E-14","2.9999633653704998E+0","8.1301086007111429E+0","4.7262234771590403E+2","3.2678025864686198E+1","3.054200000000000E-6"
"348","1.0034978058954136E+0","7.1106554916004998E-21","1.2465403738416002E-2","-1.3518357251272571E-14","-1.9484290150668215E-2","-1.5558642433635915E-14","2.9999628564783198E+0","8.1350944195883219E+0","4.7291218510169398E+2","3.2691303445801601E+1","3.054200000000000E-6"
"347","1.0035042711559006E+0","7.1110658195106428E-21","1.2472832889572556E-2","-1.5364275015284136E-14","-1.9487877784332475E-2","-2.0484485316806393E-14","2.9999623476834500E+0","8.1400802750758476E+0","4.7320202461572961E+2","3.2704795118885500E+1","3.054200000000000E-6"
"346","1.0035107214181578E+0","7.1074297281907440E-21","1.2480282967302504E-2","-2.0066562033600868E-14","-1.9491439762631204E-2","-2.5945405292796109E-14","2.9999618389821001E+0","8.1450661667642947E+0","4.7349186623420991E+2","3.2718501458750197E+1","3.054200000000000E-6"
"345","1.0035171566895105E+0","7.1022412633860184E-21","1.2487754033061524E-2","-1.5651468197447296E-14","-1.9494976101286060E-2","-1.6935608669046285E-14","2.9999613303705002E+0","8.1500520942442130E+0","4.7378170993333271E+2","3.2732423044800399E+1","3.054200000000000E-6"
"344","1.0035235769772497E+0","7.1018660310876725E-21","1.2495246148418781E-2","-1.2680326433120263E-14","-1.9498486815822114E-2","-1.3462761902861165E-14","2.9999608218448599E+0","8.1550380571061183E+0","4.7407155568929375E+2","3.2746560463205299E+1","3.054200000000000E-6"
"343","1.0035299822886303E+0","7.0937112810234947E-21","1.2502759375050160E-2","-1.7429134950653279E-14","-1.9501971921581283E-2","-2.1878701990408623E-14","2.9999603134013699E+0","8.1600240549404841E+0","4.7436140347828615E+2","3.2760914297736200E+1","3.054200000000000E-6"
"342","1.0035363726308795E+0","7.0986203227700664E-21","1.2510293774742498E-2","-1.6844146335164370E-14","-1.9505431433724220E-2","-1.9415980551881705E-14","2.9999598050362599E+0","8.1650100873377323E+0","4.7465125327650026E+2","3.2775485139587502E+1","3.054200000000000E-6"
"341","1.0035427480111836E+0","7.1098616815182520E-21","1.2517849409394035E-2","-1.6954189085518366E-14","-1.9508865367221264E-2","-1.9208652481378384E-14","2.9999592967457098E+0","8.1699961538882278E+0","4.7494110506012305E+2","3.2790273583432203E+1","3.054200000000000E-6"
"340","1.0035491084366928E+0","7.1044679751405028E-21","1.2525426341013146E-2","-1.6628401626690621E-14","-1.9512273736848683E-2","-2.2135024148330451E-14","2.9999587885259200E+0","8.1749822541822752E+0","4.7523095880533782E+2","3.2805280226398700E+1","3.054200000000000E-6"
"339","1.0035554539145297E+0","7.0923143114556656E-21","1.2533024631724865E-2","-1.6600560922666899E-14","-1.9515656557209052E-2","-2.1019008172452952E-14","2.9999582803730700E+0","8.1799683878100975E+0","4.7552081448832354E+2","3.2820505666178903E+1","3.054200000000000E-6"
"338","1.0035617844517728E+0","7.0930511752431061E-21","1.2540644343767653E-2","-2.5312906272011908E-14","-1.9519013842706791E-2","-3.3838972222050290E-14","2.9999577722833402E+0","8.1849545543618536E+0","4.7581067208525491E+2","3.2835950511910703E+1","3.054200000000000E-6"
"337","1.0035681000554648E+0","7.1003020993683587E-21","1.2548285539493078E-2","-2.9635422761104441E-14","-1.9522345607570855E-2","-3.5261943133539898E-14","2.9999572642529100E+0","8.1899407534276030E+0","4.7610053157230124E+2","3.2851615364191701E+1","3.054200000000000E-6"
"336","1.0035744007326173E+0","7.1007622310381456E-21","1.2555948281373037E-2","-4.0802520038768078E-14","-1.9525651865837566E-2","-5.2178326647075284E-14","2.9999567562779399E+0","8.1949269845973198E+0","4.7639039292562683E+2","3.2867500840873298E+1","3.054200000000000E-6"
"335","1.0035806864902019E+0","7.1085613476616638E-21","1.2563632631991671E-2","-2.9453780631865359E-14","-1.9528932631361507E-2","-4.0979536816629649E-14","2.9999562483546098E+0","8.1999132474608665E+0","4.7668025612138928E+2","3.2883607554451402E+1","3.054200000000000E-6"
"334","1.0035869573351468E+0","7.1001995499886012E-21","1.2571338654056722E-2","-3.4072824705723646E-14","-1.9532187917802982E-2","-4.9419759877224123E-14","2.9999557404790700E+0","8.2048995416080022E+0","4.7697012113574038E+2","3.2899936122961698E+1","3.054200000000000E-6"
"333","1.0035932132743490E+0","7.0956296237888036E-21","1.2579066410390629E-2","-2.8187676310103613E-14","-1.9535417738649585E-2","-4.0224858565303411E-14","2.9999552326474701E+0","8.2098858666283707E+0","4.7725998794482518E+2","3.2916487168194500E+1","3.054200000000000E-6"
"332","1.0035994543146640E+0","7.0909231426476222E-21","1.2586815963940991E-2","-3.4132990553595402E-14","-1.9538622107189769E-2","-4.6710916614732984E-14","2.9999547248559599E+0","8.2148722221114863E+0","4.7754985652478121E+2","3.2933261317285101E+1","3.054200000000000E-6"
"331","1.0036056804629097E+0","7.0902931516124804E-21","1.2594587377772429E-2","-3.3697451568514626E-14","-1.9541801036538391E-2","-4.9745834183517832E-14","2.9999542171006799E+0","8.2198586076467333E+0","4.7783972685173836E+2","3.2950259201328599E+1","3.054200000000000E-6"
"330","1.0036118917258596E+0","7.0874557021538171E-21","1.2602380715074519E-2","-3.1088612470596387E-14","-1.9544954539619838E-2","-4.4785234244911780E-14","2.9999537093777602E+0","8.2248450228233434E+0","4.7812959890181770E+2","3.2967481449928698E+1","3.054200000000000E-6"
"329","1.0036180881102541E+0","7.0822800861217687E-21","1.2610196039159496E-2","-2.7815971033519313E-14","-1.9548082629173662E-2","-4.0068037475838841E-14","2.9999532016833399E+0","8.2298314672304222E+0","4.7841947265113288E+2","3.2984928703635497E+1","3.054200000000000E-6"
"328","1.0036242696227899E+0","7.0847978037119371E-21","1.2618033413466113E-2","-2.6902560530288003E-14","-1.9551185317755397E-2","-3.6559913055421815E-14","2.9999526940135399E+0","8.2348179404568960E+0","4.7870934807578749E+2","3.3002601603627902E+1","3.054200000000000E-6"
"327","1.0036304362701214E+0","7.0817856802116736E-21","1.2625892901556312E-2","-3.4736583592513611E-14","-1.9554262617733850E-2","-4.8909600681861572E-14","2.9999521863644700E+0","8.2398044420915344E+0","4.7899922515187541E+2","3.3020500794138300E+1","3.054200000000000E-6"
"326","1.0036365880588654E+0","7.0782813036641052E-21","1.2633774567119846E-2","-2.8829917718228948E-14","-1.9557314541298172E-2","-3.8763640042393882E-14","2.9999516787322400E+0","8.2447909717229280E+0","4.7928910385548068E+2","3.3038626925137798E+1","3.054200000000000E-6"
"325","1.0036427249955935E+0","7.0834424375253333E-21","1.2641678473973938E-2","-3.2318089914304271E-14","-1.9560341100448537E-2","-4.4258758731649331E-14","2.9999511711129698E+0","8.2497775289394966E+0","4.7957898416267716E+2","3.3056980648182801E+1","3.054200000000000E-6"
"324","1.0036488470868397E+0","7.0875974846133889E-21","1.2649604686065625E-2","-2.4611983634266816E-14","-1.9563342307004159E-2","-3.6064948684016468E-14","2.9999506635027400E+0","8.2547641133294629E+0","4.7986886604952713E+2","3.3075562624158898E+1","3.054200000000000E-6"
"323","1.0036549543390918E+0","7.0841203602260570E-21","1.2657553267471266E-2","-2.3089340185623614E-14","-1.9566318172597377E-2","-2.9810428137662943E-14","2.9999501558976500E+0","8.2597507244808472E+0","4.8015874949208131E+2","3.3094373509861697E+1","3.054200000000000E-6"
"322","1.0036610467587965E+0","7.0836042674288925E-21","1.2665524282399448E-2","-2.6117881474212727E-14","-1.9569268708674408E-2","-3.6445263746397665E-14","2.9999496482937902E+0","8.2647373619814708E+0","4.8044863446637873E+2","3.3113413975155098E+1","3.054200000000000E-6"
"321","1.0036671243523569E+0","7.0855699473184987E-21","1.2673517795189753E-2","-3.2028107366716605E-14","-1.9572193926503834E-2","-4.6507667145981417E-14","2.9999491406872298E+0","8.2697240254189346E+0","4.8073852094844580E+2","3.3132684686920598E+1","3.054200000000000E-6"
"320","1.0036731871261328E+0","7.0894343064390022E-21","1.2681533870314066E-2","-3.6887128692636265E-14","-1.9575093837169114E-2","-5.0807921386038300E-14","2.9999486330740499E+0","8.2747107143806158E+0","4.8102840891429565E+2","3.3152186316805803E+1","3.054200000000000E-6"
"319","1.0036792350864412E+0","7.0951622290744776E-21","1.2689572572380617E-2","-3.1090673151259404E-14","-1.9577968451570001E-2","-4.0764978613249431E-14","2.9999481254503100E+0","8.2796974284536535E+0","4.8131829833992782E+2","3.3171919545494397E+1","3.054200000000000E-6"
"318","1.0036852682395516E+0","7.0937958663434192E-21","1.2697633966133567E-2","-2.9316814176542597E-14","-1.9580817780417602E-2","-3.9521186351427315E-14","2.9999476178120701E+0","8.2846841672249631E+0","4.8160818920132868E+2","3.3191885054118501E+1","3.054200000000000E-6"
"317","1.0036912865916923E+0","7.0951689165390211E-21","1.2705718116452823E-2","-3.4185079132975506E-14","-1.9583641834243007E-2","-4.8430451615709132E-14","2.9999471101553801E+0","8.2896709302811882E+0","4.8189808147446871E+2","3.3212083529754103E+1","3.054200000000000E-6"
"316","1.0036972901490446E+0","7.0943723699139894E-21","1.2713825088354815E-2","-3.2735610532935655E-14","-1.9586440623397070E-2","-4.5438310362804036E-14","2.9999466024762902E+0","8.2946577172087217E+0","4.8218797513530416E+2","3.3232515662528400E+1","3.054200000000000E-6"
"315","1.0037032789177460E+0","7.0936589485911681E-21","1.2721954946996680E-2","-2.9299393773141982E-14","-1.9589214158045362E-2","-4.3006131150859198E-14","2.9999460947708401E+0","8.2996445275936974E+0","4.8247787015977593E+2","3.3253182147513400E+1","3.054200000000000E-6"
"314","1.0037092529038867E+0","7.0980079588197425E-21","1.2730107757676605E-2","-3.4791920673159122E-14","-1.9591962448167247E-2","-4.9209851461754746E-14","2.9999455870350502E+0","8.3046313610219542E+0","4.8276776652380789E+2","3.3274083683878999E+1","3.054200000000000E-6"
"313","1.0037152121135109E+0","7.0949666837802705E-21","1.2738283585831716E-2","-3.3247927815838930E-14","-1.9594685503566172E-2","-4.6245328217276351E-14","2.9999450792649598E+0","8.3096182170790662E+0","4.8305766420330843E+2","3.3295220974888601E+1","3.054200000000000E-6"
"312","1.0037211565526156E+0","7.0966707336020127E-21","1.2746482497041302E-2","-3.0905447914147722E-14","-1.9597383333858163E-2","-4.0555551767370882E-14","2.9999445714565800E+0","8.3146050953502986E+0","4.8334756317416810E+2","3.3316594728683398E+1","3.054200000000000E-6"
"311","1.0037270862271526E+0","7.0989362703182792E-21","1.2754704557031054E-2","-2.6523811265104058E-14","-1.9600055948475623E-2","-3.3679614401878677E-14","2.9999440636059198E+0","8.3195919954206126E+0","4.8363746341225959E+2","3.3338205658278000E+1","3.054200000000000E-6"
"310","1.0037330011430261E+0","7.0993776741210945E-21","1.2762949831671326E-2","-3.1628188295865613E-14","-1.9602703356668746E-2","-4.2433590929452415E-14","2.9999435557089802E+0","8.3245789168746605E+0","4.8392736489343793E+2","3.3360054484022001E+1","3.054200000000000E-6"
"309","1.0037389013060916E+0","7.0976247556487717E-21","1.2771218386974178E-2","-2.8513120871414722E-14","-1.9605325567509314E-2","-3.9308884777282394E-14","2.9999430477617599E+0","8.3295658592967730E+0","4.8421726759353930E+2","3.3382141923751803E+1","3.054200000000000E-6"
"308","1.0037447867221567E+0","7.1008530120799011E-21","1.2779510289102309E-2","-2.5523383417235725E-14","-1.9607922589885037E-2","-3.4056986810592801E-14","2.9999425397602399E+0","8.3345528222709380E+0","4.8450717148837970E+2","3.3404468703901401E+1","3.054200000000000E-6"
"307","1.0037506573969821E+0","7.0942394070527358E-21","1.2787825604367512E-2","-3.3810302152137296E-14","-1.9610494432497412E-2","-4.6959232079566122E-14","2.9999420317004102E+0","8.3395398053808218E+0","4.8479707655375694E+2","3.3427035557662101E+1","3.054200000000000E-6"
"306","1.0037565133362776E+0","7.0901371099933619E-21","1.2796164399228068E-2","-2.6158358894890233E-14","-1.9613041103872558E-2","-3.4960621184384314E-14","2.9999415235782498E+0","8.3445268082097250E+0","4.8508698276544715E+2","3.3449843219062899E+1","3.054200000000000E-6"
"305","1.0037623545457059E+0","7.0894460076242430E-21","1.2804526740295991E-2","-2.7609758914671233E-14","-1.9615562612349140E-2","-4.0636497778960938E-14","2.9999410153897101E+0","8.3495138303405962E+0","4.8537689009920615E+2","3.3472892431205402E+1","3.054200000000000E-6"
"304","1.0037681810308803E+0","7.0916717978641582E-21","1.2812912694333954E-2","-2.7114517604911995E-14","-1.9618058966089653E-2","-3.5473694622051461E-14","2.9999405071307499E+0","8.3545008713559987E+0","4.8566679853076744E+2","3.3496183934526897E+1","3.054200000000000E-6"
"303","1.0037739927973581E+0","7.0918947349642672E-21","1.2821322328255072E-2","-2.1110668683196244E-14","-1.9620530173066721E-2","-2.3890712676450168E-14","2.9999399987973301E+0","8.3594879308381369E+0","4.8595670803584346E+2","3.3519718480744103E+1","3.054200000000000E-6"
"302","1.0037797898506600E+0","7.0890099258479668E-21","1.2829755709132992E-2","-3.0125035147996425E-14","-1.9622976241071434E-2","-3.8839112485918063E-14","2.9999394903853802E+0","8.3644750083688120E+0","4.8624661859012355E+2","3.3543496829653598E+1","3.054200000000000E-6"
"301","1.0037855721962416E+0","7.0905605699802241E-21","1.2838212904191243E-2","-2.3410322140334275E-14","-1.9625397177725129E-2","-2.9337167435308256E-14","2.9999389818908400E+0","8.3694621035294343E+0","4.8653653016927387E+2","3.3567519734256102E+1","3.054200000000000E-6"
"300","1.0037913398395155E+0","7.0852512653666009E-21","1.2846693980813272E-2","-2.2909611504842733E-14","-1.9627792990459397E-2","-2.7510437549443215E-14","2.9999384733096401E+0","8.3744492159010004E+0","4.8682644274893693E+2","3.3591787960265400E+1","3.054200000000000E-6"
"299","1.0037970927858426E+0","7.0860464238726914E-21","1.2855199006540648E-2","-2.3289699989542075E-14","-1.9630163686520978E-2","-2.7439630648746676E-14","2.9999379646376898E+0","8.3794363450640912E+0","4.8711635630473074E+2","3.3616302280703700E+1","3.054200000000000E-6"
"298","1.0038028310405331E+0","7.0859931516485488E-21","1.2863728049073602E-2","-2.6623101709721036E-14","-1.9632509272979857E-2","-3.2726747946564608E-14","2.9999374558709100E+0","8.3844234905988486E+0","4.8740627081224807E+2","3.3641063468533901E+1","3.054200000000000E-6"
"297","1.0038085546088407E+0","7.0840076060784155E-21","1.2872281176272298E-2","-2.9605954647044233E-14","-1.9634829756726181E-2","-3.8315379813550182E-14","2.9999369470051902E+0","8.3894106520849903E+0","4.8769618624705703E+2","3.3666072301469200E+1","3.054200000000000E-6"
"296","1.0038142634959708E+0","7.0838265261983668E-21","1.2880858456160141E-2","-3.1081380591630302E-14","-1.9637125144466555E-2","-4.0075632678193277E-14","2.9999364380364302E+0","8.3943978291017789E+0","4.8798610258469893E+2","3.3691329565725802E+1","3.054200000000000E-6"
"295","1.0038199577070754E+0","7.0861533046632709E-21","1.2889459956923265E-2","-2.6086220779223611E-14","-1.9639395442725409E-2","-3.5619661917501812E-14","2.9999359289605199E+0","8.3993850212280137E+0","4.8827601980068852E+2","3.3716836050119802E+1","3.054200000000000E-6"
"294","1.0038256372472532E+0","7.0867484140566079E-21","1.2898085746911387E-2","-2.9673321009500501E-14","-1.9641640657848364E-2","-3.6120723584074253E-14","2.9999354197733199E+0","8.4043722280420301E+0","4.8856593787051349E+2","3.3742592547687799E+1","3.054200000000000E-6"
"293","1.0038313021215490E+0","7.0859001706517447E-21","1.2906735894642593E-2","-2.9123139832691206E-14","-1.9643860795996802E-2","-3.8441251573862097E-14","2.9999349104707100E+0","8.4093594491216788E+0","4.8885585676963319E+2","3.3768599861168802E+1","3.054200000000000E-6"
"292","1.0038369523349584E+0","7.0890558332520145E-21","1.2915410468798950E-2","-2.3830720023311030E-14","-1.9646055863159040E-2","-2.9237153153764810E-14","2.9999344010485598E+0","8.4143466840443253E+0","4.8914577647347892E+2","3.3794858795144798E+1","3.054200000000000E-6"
"291","1.0038425878924186E+0","7.0849850200354205E-21","1.2924109538233582E-2","-2.9503850629975580E-14","-1.9648225865129647E-2","-3.9542433642179205E-14","2.9999338915027001E+0","8.4193339323868273E+0","4.8943569695745242E+2","3.3821370158552803E+1","3.054200000000000E-6"
"290","1.0038482087988123E+0","7.0852733636545087E-21","1.2932833171966336E-2","-2.5289721354367866E-14","-1.9650370807537620E-2","-2.9638870910370926E-14","2.9999333818289702E+0","8.4243211937255413E+0","4.8972561819692635E+2","3.3848134768110199E+1","3.054200000000000E-6"
"289","1.0038538150589720E+0","7.0825919210426629E-21","1.2941581439193529E-2","-2.7580489879475121E-14","-1.9652490695814116E-2","-3.8214670813530966E-14","2.9999328720232299E+0","8.4293084676362913E+0","4.9001554016724236E+2","3.3875153447104097E+1","3.054200000000000E-6"
"288","1.0038594066776705E+0","7.0832629065711052E-21","1.2950354409276499E-2","-2.8668122751532925E-14","-1.9654585535227972E-2","-3.5232370321430843E-14","2.9999323620812701E+0","8.4342957536943768E+0","4.9030546284371150E+2","3.3902427015781903E+1","3.054200000000000E-6"
"287","1.0038649836596290E+0","7.0838277932039004E-21","1.2959152151755313E-2","-2.4987936017090339E-14","-1.9656655330855217E-2","-3.1525638981173925E-14","2.9999318519989302E+0","8.4392830514745416E+0","4.9059538620161271E+2","3.3929956311901400E+1","3.054200000000000E-6"
"286","1.0038705460095110E+0","7.0835618620766679E-21","1.2967974736344704E-2","-2.4894450334554378E-14","-1.9658700087591578E-2","-3.1364364740476931E-14","2.9999313417720002E+0","8.4442703605509912E+0","4.9088531021619355E+2","3.3957742169195100E+1","3.054200000000000E-6"
"285","1.0038760937319271E+0","7.0791395855330229E-21","1.2976822232934846E-2","-3.0237189595811042E-14","-1.9660719810158211E-2","-3.8108595274482942E-14","2.9999308313962900E+0","8.4492576804973556E+0","4.9117523486266816E+2","3.3985785432161101E+1","3.054200000000000E-6"
"284","1.0038816268314261E+0","7.0769891890689850E-21","1.2985694711592423E-2","-3.3390577001917791E-14","-1.9662714503091532E-2","-4.4869989675071857E-14","2.9999303208675698E+0","8.4542450108866802E+0","4.9146516011621657E+2","3.4014086948015198E+1","3.054200000000000E-6"
"283","1.0038871453125093E+0","7.0782462756195111E-21","1.2994592242566019E-2","-2.9927912697546313E-14","-1.9664684170751567E-2","-4.0230583337504494E-14","2.9999298101816301E+0","8.4592323512914476E+0","4.9175508595198625E+2","3.4042647572364899E+1","3.054200000000000E-6"
"282","1.0038926491796134E+0","7.0797950601971248E-21","1.3003514896283345E-2","-2.6149465548947468E-14","-1.9666628817313871E-2","-3.3330474020458058E-14","2.9999292993342399E+0","8.4642197012835201E+0","4.9204501234508859E+2","3.4071468159701801E+1","3.054200000000000E-6"
"281","1.0038981384371206E+0","7.0843079246628659E-21","1.3012462743353430E-2","-2.7465692040797104E-14","-1.9668548446774757E-2","-3.3757129438533525E-14","2.9999287883211401E+0","8.4692070604341492E+0","4.9233493927059936E+2","3.4100549580849197E+1","3.054200000000000E-6"
"280","1.0039036130893573E+0","7.0811313379989575E-21","1.3021435854569701E-2","-2.9102497833301658E-14","-1.9670443062952753E-2","-3.3392577392902303E-14","2.9999282771381002E+0","8.4741944283139841E+0","4.9262486670355935E+2","3.4129892703573702E+1","3.054200000000000E-6"
"279","1.0039090731405889E+0","7.0784629803314472E-21","1.3030434300910445E-2","-3.3715113158161238E-14","-1.9672312669481135E-2","-4.3243757092844820E-14","2.9999277657808499E+0","8.4791818044930238E+0","4.9291479461897171E+2","3.4159498406125103E+1","3.054200000000000E-6"
"278","1.0039145185950280E+0","7.0800071551835846E-21","1.3039458153538771E-2","-3.1109222721014993E-14","-1.9674157269819168E-2","-4.1260698398281419E-14","2.9999272542451099E+0","8.4841691885406263E+0","4.9320472299180210E+2","3.4189367569616799E+1","3.054200000000000E-6"
"277","1.0039199494568234E+0","7.0817279222376876E-21","1.3048507483805797E-2","-2.9199557763870008E-14","-1.9675976867242477E-2","-3.5897843485385106E-14","2.9999267425266201E+0","8.4891565800255027E+0","4.9349465179697876E+2","3.4219501081432597E+1","3.054200000000000E-6"
"276","1.0039253657300689E+0","7.0775120991790881E-21","1.3057582363253663E-2","-3.2504984223369145E-14","-1.9677771464844264E-2","-4.1124584484075092E-14","2.9999262306210701E+0","8.4941439785156820E+0","4.9378458100939014E+2","3.4249899836618397E+1","3.054200000000000E-6"
"275","1.0039307674187992E+0","7.0823938886825421E-21","1.3066682863611350E-2","-3.3578965651486778E-14","-1.9679541065543787E-2","-4.4408299658508261E-14","2.9999257185241599E+0","8.4991313835785292E+0","4.9407451060388627E+2","3.4280564735588101E+1","3.054200000000000E-6"
"274","1.0039361545269874E+0","7.0809958582039058E-21","1.3075809056802390E-2","-3.3972376744345245E-14","-1.9681285672076391E-2","-4.4783187545589871E-14","2.9999252062315902E+0","8.5041187947807035E+0","4.9436444055527579E+2","3.4311496683043700E+1","3.054200000000000E-6"
"273","1.0039415270585497E+0","7.0799719099552712E-21","1.3084961014942739E-2","-3.4925329881969430E-14","-1.9683005286997891E-2","-4.5875358285821477E-14","2.9999246937390200E+0","8.5091062116881737E+0","4.9465437083832762E+2","3.4342696588743202E+1","3.054200000000000E-6"
"272","1.0039468850173419E+0","7.0806599363718890E-21","1.3094138810342533E-2","-2.8354966787376903E-14","-1.9684699912684091E-2","-3.6074767368273742E-14","2.9999241810421400E+0","8.5140936338661817E+0","4.9494430142776832E+2","3.4374165374623800E+1","3.054200000000000E-6"
"271","1.0039522284071587E+0","7.0804745260237791E-21","1.3103342515509977E-2","-3.6236719063922386E-14","-1.9686369551330601E-2","-4.5131828554174191E-14","2.9999236681365899E+0","8.5190810608792571E+0","4.9523423229828279E+2","3.4405903962604903E+1","3.054200000000000E-6"
"270","1.0039575572317345E+0","7.0827543218504465E-21","1.3112572203148317E-2","-2.9652478830004306E-14","-1.9688014204954436E-2","-4.0392731388028536E-14","2.9999231550180299E+0","8.5240684922911747E+0","4.9552416342451227E+2","3.4437913283833097E+1","3.054200000000000E-6"
"269","1.0039628714947471E+0","7.0854076790969702E-21","1.3121827946162731E-2","-3.1741240574216444E-14","-1.9689633875389960E-2","-4.2411618121499730E-14","2.9999226416820801E+0","8.5290559276649685E+0","4.9581409478105502E+2","3.4470194273636302E+1","3.054200000000000E-6"
"268","1.0039681711998061E+0","7.0857241949387702E-21","1.3131109817656904E-2","-3.2334095574207064E-14","-1.9691228564294751E-2","-3.9171590151983491E-14","2.9999221281243700E+0","8.5340433665629050E+0","4.9610402634246446E+2","3.4502747871729902E+1","3.054200000000000E-6"
"267","1.0039734563504668E+0","7.0891404705610305E-21","1.3140417890938517E-2","-3.0774431743806404E-14","-1.9692798273144765E-2","-3.9574290501013285E-14","2.9999216143405198E+0","8.5390308085464728E+0","4.9639395808324889E+2","3.4535575033452098E+1","3.054200000000000E-6"
"266","1.0039787269502161E+0","7.0926939121935872E-21","1.3149752239516990E-2","-2.9288163320866658E-14","-1.9694343003235630E-2","-3.9029443903444597E-14","2.9999211003261301E+0","8.5440182531763753E+0","4.9668388997787099E+2","3.4568676707391397E+1","3.054200000000000E-6"
"265","1.0039839830024879E+0","7.0930704159156552E-21","1.3159112937109023E-2","-3.0792784972237408E-14","-1.9695862755686872E-2","-3.9090476826790420E-14","2.9999205860767901E+0","8.5490057000125113E+0","4.9697382200074657E+2","3.4602053857305499E+1","3.054200000000000E-6"
"264","1.0039892245106459E+0","7.0945267300023976E-21","1.3168500057636834E-2","-3.1752889655760691E-14","-1.9697357531430138E-2","-3.9750015829342771E-14","2.9999200715880701E+0","8.5539931486139693E+0","4.9726375412624458E+2","3.4635707451387702E+1","3.054200000000000E-6"
"263","1.0039944514779948E+0","7.0998107711188567E-21","1.3177913675230657E-2","-3.2654089265373819E-14","-1.9698827331225504E-2","-4.1731139123094928E-14","2.9999195568555601E+0","8.5589805985390051E+0","4.9755368632868527E+2","3.4669638465490699E+1","3.054200000000000E-6"
"262","1.0039996639077782E+0","7.1022309015773823E-21","1.3187353864231951E-2","-3.4492973243141851E-14","-1.9700272155650334E-2","-4.2273688283154104E-14","2.9999190418748101E+0","8.5639680493450481E+0","4.9784361858234092E+2","3.4703847874559401E+1","3.054200000000000E-6"
"261","1.0040048618031734E+0","7.1024358029658482E-21","1.3196820699192674E-2","-3.1982527345134900E-14","-1.9701692005099632E-2","-3.9755228409836414E-14","2.9999185266413502E+0","8.5689555005886504E+0","4.9813355086143292E+2","3.4738336670521598E+1","3.054200000000000E-6"
"260","1.0040100451672949E+0","7.0969461973823567E-21","1.3206314254876899E-2","-3.4074442604813751E-14","-1.9703086879790867E-2","-4.2354939847889055E-14","2.9999180111507400E+0","8.5739429518255221E+0","4.9842348314013373E+2","3.4773105845769400E+1","3.054200000000000E-6"
"259","1.0040152140031973E+0","7.0938778007138773E-21","1.3215834606265681E-2","-3.0174155217466285E-14","-1.9704456779759575E-2","-3.9002415637727877E-14","2.9999174953984800E+0","8.5789304026104869E+0","4.9871341539256406E+2","3.4808156401238598E+1","3.054200000000000E-6"
"258","1.0040203683138669E+0","7.0950871965234658E-21","1.3225381828553229E-2","-3.1494081043759797E-14","-1.9705801704865935E-2","-4.0069815292779517E-14","2.9999169793800902E+0","8.5839178524974731E+0","4.9900334759279286E+2","3.4843489341828104E+1","3.054200000000000E-6"
"257","1.0040255081022318E+0","7.0947195092002046E-21","1.3234955997154661E-2","-3.0219476114404322E-14","-1.9707121654785276E-2","-3.3996015958735662E-14","2.9999164630910702E+0","8.5889053010395084E+0","4.9929327971483639E+2","3.4879105683972099E+1","3.054200000000000E-6"
"256","1.0040306333711462E+0","7.0945872998131264E-21","1.3244557187701260E-2","-3.6285399334589677E-14","-1.9708416629013743E-2","-4.6540307040356008E-14","2.9999159465269098E+0","8.5938927477886988E+0","4.9958321173265773E+2","3.4915006447608597E+1","3.054200000000000E-6"
"255","1.0040357441234089E+0","7.0968574931938669E-21","1.3254185476047552E-2","-3.4331069060273644E-14","-1.9709686626871774E-2","-4.5434985230226702E-14","2.9999154296830701E+0","8.5988801922962139E+0","4.9987314362016514E+2","3.4951192659208800E+1","3.054200000000000E-6"
"254","1.0040408403617478E+0","7.0986213654975597E-21","1.3263840938268842E-2","-3.8560328215315614E-14","-1.9710931647492675E-2","-4.8766038678949903E-14","2.9999149125550302E+0","8.6038676341122873E+0","5.0016307535121268E+2","3.4987665350810900E+1","3.054200000000000E-6"
"253","1.0040459220888303E+0","7.1003877904739171E-21","1.3273523650667092E-2","-3.1831262615834270E-14","-1.9712151689835450E-2","-4.3913616732915103E-14","2.9999143951382301E+0","8.6088550727861879E+0","5.0045300689959839E+2","3.5024425567765697E+1","3.054200000000000E-6"
"252","1.0040509893072549E+0","7.1022759114743569E-21","1.3283233689767047E-2","-3.0498585653141904E-14","-1.9713346752679679E-2","-3.8289721943986881E-14","2.9999138774281100E+0","8.6138425078662095E+0","5.0074293823906351E+2","3.5061474353481898E+1","3.054200000000000E-6"
"251","1.0040560420195557E+0","7.1024423582593370E-21","1.3292971132323746E-2","-3.4739159238593567E-14","-1.9714516834618345E-2","-4.4274870388679484E-14","2.9999133594200802E+0","8.6188299388996619E+0","5.0103286934329191E+2","3.5098812767549099E+1","3.054200000000000E-6"
"250","1.0040610802281995E+0","7.1020031757452302E-21","1.3302736055319602E-2","-3.6407545656981752E-14","-1.9715661934067381E-2","-4.5164322622421293E-14","2.9999128411095799E+0","8.6238173654328438E+0","5.0132280018590910E+2","3.5136441868864800E+1","3.054200000000000E-6"
"249","1.0040661039355891E+0","7.0989527794301679E-21","1.3312528535968485E-2","-3.5920606639224794E-14","-1.9716782049267280E-2","-4.8895499122022287E-14","2.9999123224919799E+0","8.6288047870110614E+0","5.0161273074048245E+2","3.5174362727583102E+1","3.054200000000000E-6"
"248","1.0040711131440589E+0","7.1000566821080885E-21","1.3322348651716337E-2","-3.5212239870239944E-14","-1.9717877178272954E-2","-4.4265498810458472E-14","2.9999118035626799E+0","8.6337922031785634E+0","5.0190266098051825E+2","3.5212576419529299E+1","3.054200000000000E-6"
"247","1.0040761078558764E+0","7.1009782949548978E-21","1.3332196480243827E-2","-3.6553765550537970E-14","-1.9718947318960550E-2","-4.2673119956269498E-14","2.9999112843170601E+0","8.6387796134785706E+0","5.0219259087946273E+2","3.5251084026594398E+1","3.054200000000000E-6"
"246","1.0040810880732449E+0","7.1059640875639006E-21","1.3342072099467493E-2","-3.3912433099480852E-14","-1.9719992469025383E-2","-4.3136781494674812E-14","2.9999107647504601E+0","8.6437670174532482E+0","5.0248252041070094E+2","3.5289886646117701E+1","3.054200000000000E-6"
"245","1.0040860537982943E+0","7.1028713416159397E-21","1.3351975587540827E-2","-3.4441024046600236E-14","-1.9721012625982148E-2","-3.9880044566381627E-14","2.9999102448582402E+0","8.6487544146436761E+0","5.0277244954755469E+2","3.5328985367407498E+1","3.054200000000000E-6"
"244","1.0040910050330931E+0","7.1065882537025366E-21","1.3361907022857597E-2","-3.4280823780488160E-14","-1.9722007787167112E-2","-4.4568987625228926E-14","2.9999097246357298E+0","8.6537418045898580E+0","5.0306237826328339E+2","3.5368381301456800E+1","3.054200000000000E-6"
"243","1.0040959417796391E+0","7.1068822113201019E-21","1.3371866484052140E-2","-3.1456564411700239E-14","-1.9722977949736362E-2","-3.9872331893866308E-14","2.9999092040782398E+0","8.6587291868306853E+0","5.0335230653108175E+2","3.5408075557199098E+1","3.054200000000000E-6"
"242","1.0041008640398605E+0","7.1032796519233129E-21","1.3381854050001009E-2","-3.8766198771372987E-14","-1.9723923110660242E-2","-5.0509465721590122E-14","2.9999086831810899E+0","8.6637165609039428E+0","5.0364223432407999E+2","3.5448069258990401E+1","3.054200000000000E-6"
"241","1.0041057718156199E+0","7.1000335302210235E-21","1.3391869799826600E-2","-3.2587911884905011E-14","-1.9724843266735299E-2","-3.9378517240389786E-14","2.9999081619395702E+0","8.6687039263462733E+0","5.0393216161534218E+2","3.5488363531034700E+1","3.054200000000000E-6"
"240","1.0041106651087088E+0","7.1020162180369837E-21","1.3401913812896149E-2","-3.5222378855037426E-14","-1.9725738414572071E-2","-4.4182767497647848E-14","2.9999076403489502E+0","8.6736912826931771E+0","5.0422208837786576E+2","3.5528959509203602E+1","3.054200000000000E-6"
"239","1.0041155439208536E+0","7.1014468279089320E-21","1.3411986168826455E-2","-3.8177101057712060E-14","-1.9726608550605720E-2","-4.6283596987287508E-14","2.9999071184044901E+0","8.6786786294790002E+0","5.0451201458458127E+2","3.5569858338686302E+1","3.054200000000000E-6"
"238","1.0041204082537059E+0","7.1040370911422043E-21","1.3422086947482917E-2","-3.7418112540294146E-14","-1.9727453671085571E-2","-4.9625362206066203E-14","2.9999065961014502E+0","8.6836659662368927E+0","5.0480194020834949E+2","3.5611061166825799E+1","3.054200000000000E-6"
"237","1.0041252581088513E+0","7.1040966771147547E-21","1.3432216228983003E-2","-4.1385048431956385E-14","-1.9728273772083072E-2","-4.9026324418800543E-14","2.9999060734350600E+0","8.6886532924988309E+0","5.0509186522196325E+2","3.5652569151478801E+1","3.054200000000000E-6"
"236","1.0041300934878039E+0","7.1027062259389723E-21","1.3442374093698304E-2","-3.9211318351230593E-14","-1.9729068849487462E-2","-5.3642158949094997E-14","2.9999055504005399E+0","8.6936406077955670E+0","5.0538178959814400E+2","3.5694383464016802E+1","3.054200000000000E-6"
"235","1.0041349143920113E+0","7.1025435069412293E-21","1.3452560622255111E-2","-4.1706914206175355E-14","-1.9729838899008409E-2","-5.4042380689676139E-14","2.9999050269930998E+0","8.6986279116566418E+0","5.0567171330954284E+2","3.5736505271505401E+1","3.054200000000000E-6"
"234","1.0041397208228446E+0","7.1019146798630648E-21","1.3462775895536407E-2","-3.4998926242570948E-14","-1.9730583916173321E-2","-4.6185788803835351E-14","2.9999045032079201E+0","8.7036152036103491E+0","5.0596163632873834E+2","3.5778935756766700E+1","3.054200000000000E-6"
"233","1.0041445127816107E+0","7.1028097698522321E-21","1.3473019994684466E-2","-3.9396339789679185E-14","-1.9731303896325714E-2","-4.9180113326012278E-14","2.9999039790401900E+0","8.7086024831837268E+0","5.0625155862823618E+2","3.5821676114790300E+1","3.054200000000000E-6"
"232","1.0041492902695432E+0","7.1011535150508577E-21","1.3483293001103401E-2","-3.9561792330586005E-14","-1.9731998834638019E-2","-4.8962259086848383E-14","2.9999034544850698E+0","8.7135897499025479E+0","5.0654148018046845E+2","3.5864727536856400E+1","3.054200000000000E-6"
"231","1.0041540532878019E+0","7.1088061742289675E-21","1.3493594996458540E-2","-4.1221047201612470E-14","-1.9732668726085201E-2","-5.4003355164765659E-14","2.9999029295377002E+0","8.7185770032912853E+0","5.0683140095779146E+2","3.5908091233116103E+1","3.054200000000000E-6"
"230","1.0041588018374776E+0","7.1081998027687230E-21","1.3503926062679542E-2","-3.5878034503621494E-14","-1.9733313565476696E-2","-4.2183361609574005E-14","2.9999024041932199E+0","8.7235642428731257E+0","5.0712132093248715E+2","3.5951768411299902E+1","3.054200000000000E-6"
"229","1.0041635359195915E+0","7.1044810920042502E-21","1.3514286281964253E-2","-4.2104611398384010E-14","-1.9733933347429809E-2","-5.3509517680865294E-14","2.9999018784467402E+0","8.7285514681699166E+0","5.0741124007675927E+2","3.5995760300753702E+1","3.054200000000000E-6"
"228","1.0041682555350897E+0","7.1060134914543003E-21","1.3524675736777363E-2","-3.9359402432596543E-14","-1.9734528066387688E-2","-5.0801819713633788E-14","2.9999013522933602E+0","8.7335386787021836E+0","5.0770115836273482E+2","3.6040068126452098E+1","3.054200000000000E-6"
"227","1.0041729606848471E+0","7.1074342671812882E-21","1.3535094509853718E-2","-3.8664387975032907E-14","-1.9735097716605272E-2","-4.6809804847303661E-14","2.9999008257281599E+0","8.7385258739890865E+0","5.0799107576246149E+2","3.6084693124266799E+1","3.054200000000000E-6"
"226","1.0041776513696667E+0","7.1151918754092122E-21","1.3545542684201354E-2","-4.1340840545084152E-14","-1.9735642292157501E-2","-5.5372739138811153E-14","2.9999002987462200E+0","8.7435130535484280E+0","5.0828099224790799E+2","3.6129636548872497E+1","3.054200000000000E-6"
"225","1.0041823275902793E+0","7.1176133590825435E-21","1.3556020343100947E-2","-4.2610849884198740E-14","-1.9736161786942472E-2","-5.0731977534517413E-14","2.9998997713426001E+0","8.7485002168966215E+0","5.0857090779096239E+2","3.6174899646822801E+1","3.054200000000000E-6"
"224","1.0041869893473405E+0","7.1235708775595989E-21","1.3566527570111453E-2","-4.3946949763708263E-14","-1.9736656194668915E-2","-5.8731953565860619E-14","2.9998992435123100E+0","8.7534873635486647E+0","5.0886082236343020E+2","3.6220483686973800E+1","3.054200000000000E-6"
"223","1.0041916366414350E+0","7.1232428426056567E-21","1.3577064449065920E-2","-3.1500922752695914E-14","-1.9737125508871210E-2","-3.8836892292403013E-14","2.9998987152504002E+0","8.7584744930181451E+0","5.0915073593703522E+2","3.6266389937426098E+1","3.054200000000000E-6"
"222","1.0041962694730728E+0","7.1207271303884404E-21","1.3587631064081451E-2","-4.1644343619994728E-14","-1.9737569722892687E-2","-5.0573798954030440E-14","2.9998981865518601E+0","8.7634616048172180E+0","5.0944064848341787E+2","3.6312619678999603E+1","3.054200000000000E-6"
"221","1.0042008878426927E+0","7.1154566042215754E-21","1.3598227499554558E-2","-3.9901841611211779E-14","-1.9737988829902551E-2","-4.8735706151096978E-14","2.9998976574116800E+0","8.7684486984565631E+0","5.0973055997413275E+2","3.6359174203539901E+1","3.054200000000000E-6"
"220","1.0042054917506553E+0","7.1209514659487503E-21","1.3608853840166352E-2","-3.8121169344972695E-14","-1.9738382822880846E-2","-4.6621055927112156E-14","2.9998971278248399E+0","8.7734357734454100E+0","5.1002047038065035E+2","3.6406054807190102E+1","3.054200000000000E-6"
"219","1.0042100811972496E+0","7.1207344660153629E-21","1.3619510170883616E-2","-4.0927610040094345E-14","-1.9738751694630272E-2","-5.1046227846630501E-14","2.9998965977862802E+0","8.7784228292914861E+0","5.1031037967435361E+2","3.6453262795505097E+1","3.054200000000000E-6"
"218","1.0042146561826901E+0","7.1201365331286540E-21","1.3630196576960903E-2","-3.9955960377320113E-14","-1.9739095437767720E-2","-4.8999103281995247E-14","2.9998960672909600E+0","8.7834098655010102E+0","5.1060028782653785E+2","3.6500799481921000E+1","3.054200000000000E-6"
"217","1.0042192167071169E+0","7.1183131433186457E-21","1.3640913143943088E-2","-3.8222037248233271E-14","-1.9739414044729744E-2","-4.7339556858350654E-14","2.9998955363337800E+0","8.7883968815786790E+0","5.1089019480840994E+2","3.6548666193514400E+1","3.054200000000000E-6"
"216","1.0042237627705934E+0","7.1201673191474572E-21","1.3651659957667046E-2","-4.3525636690611437E-14","-1.9739707507766907E-2","-5.7567315870528745E-14","2.9998950049096602E+0","8.7933838770276491E+0","5.1118010059108724E+2","3.6596864262035801E+1","3.054200000000000E-6"
"215","1.0042282943731091E+0","7.1170691496398219E-21","1.3662437104262883E-2","-4.2419945132345289E-14","-1.9739975818950390E-2","-5.3226940175491183E-14","2.9998944730134798E+0","8.7983708513495014E+0","5.1147000514559551E+2","3.6645395025783799E+1","3.054200000000000E-6"
"214","1.0042328115145782E+0","7.1204063822587923E-21","1.3673244670157250E-2","-3.9360445564728518E-14","-1.9740218970164557E-2","-4.8947619132553593E-14","2.9998939406401099E+0","8.8033578040442535E+0","5.1175990844286952E+2","3.6694259841279099E+1","3.054200000000000E-6"
"213","1.0042373141948393E+0","7.1204575464657407E-21","1.3684082742075708E-2","-3.9702794158272242E-14","-1.9740436953111961E-2","-5.0686446581669844E-14","2.9998934077844099E+0","8.8083447346103121E+0","5.1204981045375052E+2","3.6743460064572197E+1","3.054200000000000E-6"
"212","1.0042418024136537E+0","7.1185291440303478E-21","1.3694951407042334E-2","-4.6139721071555060E-14","-1.9740629759312470E-2","-5.9017548512777306E-14","2.9998928744412101E+0","8.8133316425444690E+0","5.1233971114898577E+2","3.6792997066487104E+1","3.054200000000000E-6"
"211","1.0042462761707061E+0","7.1226698954782421E-21","1.3705850752384455E-2","-4.1488276278382276E-14","-1.9740797380102908E-2","-5.0160940918466983E-14","2.9998923406053200E+0","8.8183185273418836E+0","5.1262961049922762E+2","3.6842872222384401E+1","3.054200000000000E-6"
"210","1.0042507354656058E+0","7.1200652590154511E-21","1.3716780865734045E-2","-4.3719275248526652E-14","-1.9740939806631583E-2","-5.7739286897114259E-14","2.9998918062715401E+0","8.8233053884960615E+0","5.1291950847503267E+2","3.6893086922708498E+1","3.054200000000000E-6"
"209","1.0042551802978876E+0","7.1265070334014486E-21","1.3727741835029138E-2","-4.1852387829591377E-14","-1.9741057029871233E-2","-5.1332263766435682E-14","2.9998912714346702E+0","8.8282922254988279E+0","5.1320940504685927E+2","3.6943642562238701E+1","3.054200000000000E-6"
"208","1.0042596106670068E+0","7.1279664278232043E-21","1.3738733748517076E-2","-4.7379830974055193E-14","-1.9741149040600075E-2","-6.2030840219152365E-14","2.9998907360894500E+0","8.8332790378403185E+0","5.1349930018506791E+2","3.6994540550510997E+1","3.054200000000000E-6"
"207","1.0042640265723373E+0","7.1288915296665625E-21","1.3749756694755227E-2","-4.7952414776620095E-14","-1.9741215829422901E-2","-6.2015980723209479E-14","2.9998902002306300E+0","8.8382658250089570E+0","5.1378919385991935E+2","3.7045782295038599E+1","3.054200000000000E-6"
"206","1.0042684280131844E+0","7.1244078105404688E-21","1.3760810762614010E-2","-4.3561878200537197E-14","-1.9741257386753096E-2","-5.5615989464893456E-14","2.9998896638529300E+0","8.8432525864914417E+0","5.1407908604157421E+2","3.7097369228321902E+1","3.054200000000000E-6"
"205","1.0042728149887699E+0","7.1247776488905373E-21","1.3771896041279883E-2","-4.1254819827714209E-14","-1.9741273702821048E-2","-5.3287852310354271E-14","2.9998891269510799E+0","8.8482393217727111E+0","5.1436897670009068E+2","3.7149302783524298E+1","3.054200000000000E-6"
"204","1.0042771874982372E+0","7.1239801249126964E-21","1.3783012620256777E-2","-4.2198066025846643E-14","-1.9741264767672718E-2","-5.4905545454016433E-14","2.9998885895197400E+0","8.8532260303359305E+0","5.1465886580542417E+2","3.7201584404801800E+1","3.054200000000000E-6"
"203","1.0042815455406531E+0","7.1236147633193625E-21","1.3794160589365653E-2","-4.1783317944321070E-14","-1.9741230571169794E-2","-5.1567386187135198E-14","2.9998880515535902E+0","8.8582127116624836E+0","5.1494875332742606E+2","3.7254215542850197E+1","3.054200000000000E-6"
"202","1.0042858891150070E+0","7.1255059105041986E-21","1.3805340038753109E-2","-4.8289528594538954E-14","-1.9741171102988255E-2","-6.4279924002722977E-14","2.9998875130472800E+0","8.8631993652319352E+0","5.1523863923584236E+2","3.7307197669772698E+1","3.054200000000000E-6"
"201","1.0042902182202058E+0","7.1244342104398083E-21","1.3816551058886802E-2","-4.2905140464287337E-14","-1.9741086352621163E-2","-5.3531432188539758E-14","2.9998869739954399E+0","8.8681859905220310E+0","5.1552852350031310E+2","3.7360532247441398E+1","3.054200000000000E-6"
"200","1.0042945328550805E+0","7.1220293446800706E-21","1.3827793740561920E-2","-4.5347797823494035E-14","-1.9740976309371248E-2","-6.2610030939577734E-14","2.9998864343926801E+0","8.8731725870086482E+0","5.1581840609036988E+2","3.7414220768151701E+1","3.054200000000000E-6"
"199","1.0042988330183853E+0","7.1224032780306351E-21","1.3839068174901999E-2","-4.4888761281227127E-14","-1.9740840962361225E-2","-5.7358369356610825E-14","2.9998858942335902E+0","8.8781591541658127E+0","5.1610828697543650E+2","3.7468264723052002E+1","3.054200000000000E-6"
"198","1.0043031187087863E+0","7.1299015618498097E-21","1.3850374453361453E-2","-4.1728264238426335E-14","-1.9740680300522617E-2","-5.6340023617813021E-14","2.9998853535127501E+0","8.8831456914656375E+0","5.1639816612482571E+2","3.7522665615436701E+1","3.054200000000000E-6"
"197","1.0043073899248782E+0","7.1276181789648444E-21","1.3861712667728187E-2","-4.4565724650041284E-14","-1.9740494312607073E-2","-6.0548236929230947E-14","2.9998848122246899E+0","8.8881321983783312E+0","5.1668804350773951E+2","3.7577424959461702E+1","3.054200000000000E-6"
"196","1.0043116466651709E+0","7.1257752175418047E-21","1.3873082910124269E-2","-4.4559760243292939E-14","-1.9740282987175770E-2","-5.9136480053326433E-14","2.9998842703639599E+0","8.8931186743721717E+0","5.1697791909326759E+2","3.7632544278310696E+1","3.054200000000000E-6"
"195","1.0043158889280954E+0","7.1248251715019511E-21","1.3884485273010535E-2","-4.4689916049263296E-14","-1.9740046312604443E-2","-6.0167733790913580E-14","2.9998837279250599E+0","8.8981051189134757E+0","5.1726779285038560E+2","3.7688025105666100E+1","3.054200000000000E-6"
"194","1.0043201167120017E+0","7.1281052073895758E-21","1.3895919849187163E-2","-4.3821320799341584E-14","-1.9739784277084713E-2","-5.9884788550608203E-14","2.9998831849024801E+0","8.9030915314665879E+0","5.1755766474795485E+2","3.7743868985839001E+1","3.054200000000000E-6"
"193","1.0043243300151614E+0","7.1293727581519844E-21","1.3907386731798426E-2","-4.3906006310159338E-14","-1.9739496868615938E-2","-5.8405283741165817E-14","2.9998826412906898E+0","8.9080779114938462E+0","5.1784753475471973E+2","3.7800077475084500E+1","3.054200000000000E-6"
"192","1.0043285288357622E+0","7.1308584221586035E-21","1.3918886014331075E-2","-4.5319263280075424E-14","-1.9739184075018439E-2","-6.1294079857476217E-14","2.9998820970841500E+0","8.9130642584555808E+0","5.1813740283930770E+2","3.7856652140901900E+1","3.054200000000000E-6"
"191","1.0043327131719089E+0","7.1318401616049363E-21","1.3930417790619411E-2","-4.5101301827206453E-14","-1.9738845883919390E-2","-5.9564745208164387E-14","2.9998815522772699E+0","8.9180505718100651E+0","5.1842726897022726E+2","3.7913594551468300E+1","3.054200000000000E-6"
"190","1.0043368830216302E+0","7.1359226011928519E-21","1.3941982154849224E-2","-4.3785932213601832E-14","-1.9738482282761326E-2","-5.3945605894249821E-14","2.9998810068644599E+0","8.9230368510135243E+0","5.1871713311586723E+2","3.7970906298772398E+1","3.054200000000000E-6"
"189","1.0043410383828686E+0","7.1360002316865995E-21","1.3953579201556311E-2","-4.7437995240019298E-14","-1.9738093258800441E-2","-6.0546877151774483E-14","2.9998804608401102E+0","8.9280230955200839E+0","5.1900699524449487E+2","3.8028588981263901E+1","3.054200000000000E-6"
"188","1.0043451792534863E+0","7.1411850636196949E-21","1.3965209025631786E-2","-5.0730519701857811E-14","-1.9737678799100610E-2","-6.8219581514851198E-14","2.9998799141985799E+0","8.9330093047817698E+0","5.1929685532425503E+2","3.8086644208215397E+1","3.054200000000000E-6"
"187","1.0043493056312596E+0","7.1425780378510754E-21","1.3976871722322011E-2","-4.8886328760397282E-14","-1.9737238890542488E-2","-6.5099509213673984E-14","2.9998793669342101E+0","8.9379954782484710E+0","5.1958671332316840E+2","3.8145073588773400E+1","3.054200000000000E-6"
"186","1.0043534175138873E+0","7.1414936135192114E-21","1.3988567387234781E-2","-4.7768303546406182E-14","-1.9736773519815239E-2","-6.5928278334951082E-14","2.9998788190413199E+0","8.9429816153679269E+0","5.1987656920913093E+2","3.8203878760689904E+1","3.054200000000000E-6"
"185","1.0043575148989836E+0","7.1395297757596926E-21","1.4000296116338861E-2","-5.1342122833319454E-14","-1.9736282673423981E-2","-7.1625239739010852E-14","2.9998782705142100E+0","8.9479677155856994E+0","5.2016642294991175E+2","3.8263061363756300E+1","3.054200000000000E-6"
"184","1.0043615977840792E+0","7.1382941565947711E-21","1.4012058005966299E-2","-4.1209661068295778E-14","-1.9735766337684105E-2","-5.4339246465724163E-14","2.9998777213471501E+0","8.9529537783451492E+0","5.2045627451315215E+2","3.8322623046434003E+1","3.054200000000000E-6"
"183","1.0043656661666194E+0","7.1362680823152885E-21","1.4023853152816285E-2","-4.4481004281006169E-14","-1.9735224498716109E-2","-5.8597304302136116E-14","2.9998771715343899E+0","8.9579398030874131E+0","5.2074612386636397E+2","3.8382565474423700E+1","3.054200000000000E-6"
"182","1.0043697200439681E+0","7.1368078967625507E-21","1.4035681653957946E-2","-4.7582200820833891E-14","-1.9734657142460175E-2","-5.8203264232758396E-14","2.9998766210701602E+0","8.9629257892513809E+0","5.2103597097692875E+2","3.8442890318983302E+1","3.054200000000000E-6"
"181","1.0043737594134055E+0","7.1376469445379727E-21","1.4047543606831390E-2","-4.8869240672971990E-14","-1.9734064254661503E-2","-6.7200815447151130E-14","2.9998760699486802E+0","8.9679117362736775E+0","5.2132581581209593E+2","3.8503599269953803E+1","3.054200000000000E-6"
"180","1.0043777842721273E+0","7.1394242385021951E-21","1.4059439109252116E-2","-5.0049246680196870E-14","-1.9733445820876761E-2","-6.6219021047172280E-14","2.9998755181641199E+0","8.9728976435886292E+0","5.2161565833898180E+2","3.8564694021054898E+1","3.054200000000000E-6"
"179","1.0043817946172444E+0","7.1393684984882675E-21","1.4071368259410156E-2","-4.8884841082779190E-14","-1.9732801826478734E-2","-6.7050340433282702E-14","2.9998749657106498E+0","8.9778835106282457E+0","5.2190549852456763E+2","3.8626176279970302E+1","3.054200000000000E-6"
"178","1.0043857904457805E+0","7.1387920995198471E-21","1.4083331155877130E-2","-4.7545748169162795E-14","-1.9732132256642956E-2","-6.0531825362631635E-14","2.9998744125824000E+0","8.9828693368221852E+0","5.2219533633569813E+2","3.8688047762371099E+1","3.054200000000000E-6"
"177","1.0043897717546808E+0","7.1439282230205476E-21","1.4095327897606319E-2","-4.0591718397507484E-14","-1.9731437096356011E-2","-5.4800028307099523E-14","2.9998738587734799E+0","8.9878551215977538E+0","5.2248517173908112E+2","3.8750310209265798E+1","3.054200000000000E-6"
"176","1.0043937385407988E+0","7.1414791808699708E-21","1.4107358583935137E-2","-4.9310156142309198E-14","-1.9730716330415708E-2","-6.5556028496777414E-14","2.9998733042779899E+0","8.9928408643798559E+0","5.2277500470128518E+2","3.8812965354441999E+1","3.054200000000000E-6"
"175","1.0043976908009062E+0","7.1434723740587943E-21","1.4119423314588628E-2","-4.8417945106479133E-14","-1.9729969943430983E-2","-6.4823969264490730E-14","2.9998727490899899E+0","8.9978265645909890E+0","5.2306483518873870E+2","3.8876014957652998E+1","3.054200000000000E-6"
"174","1.0044016285316875E+0","7.1468319002493791E-21","1.4131522189680317E-2","-4.8596050612685824E-14","-1.9729197919818194E-2","-6.4110975742162812E-14","2.9998721932035202E+0","9.0028122216511957E+0","5.2335466316772715E+2","3.8939460782661200E+1","3.054200000000000E-6"
"173","1.0044055517297401E+0","7.1495602903837536E-21","1.4143655309719158E-2","-4.5424129251375007E-14","-1.9728400243800820E-2","-5.9201190613543173E-14","2.9998716366126001E+0","9.0077978349780548E+0","5.2364448860439325E+2","3.9003304607487202E+1","3.054200000000000E-6"
"172","1.0044094603915792E+0","7.1467074355559400E-21","1.4155822775607313E-2","-5.4276324367870739E-14","-1.9727576899412406E-2","-7.3014597864895455E-14","2.9998710793112200E+0","9.0127834039866688E+0","5.2393431146473552E+2","3.9067548224544502E+1","3.054200000000000E-6"
"171","1.0044133545136296E+0","7.1460231894604890E-21","1.4168024688645245E-2","-5.2609305406433168E-14","-1.9726727870495682E-2","-6.9664818679621561E-14","2.9998705212933601E+0","9.0177689280895965E+0","5.2422413171460448E+2","3.9132193436108899E+1","3.054200000000000E-6"
"170","1.0044172340922308E+0","7.1445720302440997E-21","1.4180261150533363E-2","-5.0637057242445146E-14","-1.9725853140702462E-2","-6.9437856861229465E-14","2.9998699625529399E+0","9.0227544066968761E+0","5.2451394931970435E+2","3.9197242053178400E+1","3.054200000000000E-6"
"169","1.0044210991236360E+0","7.1381561801947001E-21","1.4192532263378056E-2","-5.2336182557533169E-14","-1.9724952693488042E-2","-7.0775282109891864E-14","2.9998694030838999E+0","9.0277398392159629E+0","5.2480376424558904E+2","3.9262695907100102E+1","3.054200000000000E-6"
"168","1.0044249496040074E+0","7.1397796172593443E-21","1.4204838129689302E-2","-5.0287374926952394E-14","-1.9724026512118884E-2","-6.3354456540105870E-14","2.9998688428801201E+0","9.0327252250517116E+0","5.2509357645766147E+2","3.9328556830213600E+1","3.054200000000000E-6"
"167","1.0044287855294265E+0","7.1426917643052800E-21","1.4217178852387109E-2","-5.3288521200763195E-14","-1.9723074579666454E-2","-7.0669850867223222E-14","2.9998682819354698E+0","9.0377105636063764E+0","5.2538338592117316E+2","3.9394826685234200E+1","3.054200000000000E-6"
"166","1.0044326068958793E+0","7.1390951289904475E-21","1.4229554534802069E-2","-4.7738358705083573E-14","-1.9722096879012663E-2","-6.2798468724161619E-14","2.9998677202437900E+0","9.0426958542795273E+0","5.2567319260121985E+2","3.9461507326044703E+1","3.054200000000000E-6"
"165","1.0044364136992681E+0","7.1358667879003368E-21","1.4241965280680974E-2","-5.3173563935716259E-14","-1.9721093392841345E-2","-7.5549074185405013E-14","2.9998671577988900E+0","9.0476810964680947E+0","5.2596299646274349E+2","3.9528600633189598E+1","3.054200000000000E-6"
"164","1.0044402059354085E+0","7.1334900312988867E-21","1.4254411194186944E-2","-4.9748909778262083E-14","-1.9720064103649685E-2","-6.8488247101995979E-14","2.9998665945945699E+0","9.0526662895662753E+0","5.2625279747052753E+2","3.9596108493934800E+1","3.054200000000000E-6"
"163","1.0044439836000230E+0","7.1340477723059742E-21","1.4266892379903423E-2","-5.0568167172339622E-14","-1.9719008993734008E-2","-6.6911091709513831E-14","2.9998660306245899E+0","9.0576514329655495E+0","5.2654259558919705E+2","3.9664032814116602E+1","3.054200000000000E-6"
"162","1.0044477466887480E+0","7.1332792654538260E-21","1.4279408942837390E-2","-5.4848670532482058E-14","-1.9717928045199687E-2","-7.3763060426055265E-14","2.9998654658826802E+0","9.0626365260546340E+0","5.2683239078321697E+2","3.9732375505889699E+1","3.054200000000000E-6"
"161","1.0044514951971284E+0","7.1381300446801863E-21","1.4291960988420465E-2","-5.4749700917327520E-14","-1.9716821239958174E-2","-7.4495749924855981E-14","2.9998649003625499E+0","9.0676215682194599E+0","5.2712218301688972E+2","3.9801138497439503E+1","3.054200000000000E-6"
"160","1.0044552291206217E+0","7.1414637973252841E-21","1.4304548622513269E-2","-6.1273384759281913E-14","-1.9715688559724980E-2","-8.3198676342322100E-14","2.9998643340578899E+0","9.0726065588431464E+0","5.2741197225435485E+2","3.9870323728269099E+1","3.054200000000000E-6"
"159","1.0044589484545972E+0","7.1413047142572517E-21","1.4317171951410804E-2","-5.6819239816885873E-14","-1.9714529986020888E-2","-7.9908772463794769E-14","2.9998637669623398E+0","9.0775914973059582E+0","5.2770175845958556E+2","3.9939933155342899E+1","3.054200000000000E-6"
"158","1.0044626531943315E+0","7.1414051790902145E-21","1.4329831081839313E-2","-5.7684700144960171E-14","-1.9713345500173503E-2","-7.6771257835877727E-14","2.9998631990695301E+0","9.0825763829853017E+0","5.2799154159638897E+2","4.0009968742915902E+1","3.054200000000000E-6"
"157","1.0044663433350096E+0","7.1447420955939079E-21","1.4342526120963733E-2","-5.6939746694737584E-14","-1.9712135083311162E-2","-7.7559348688773405E-14","2.9998626303730700E+0","9.0875612152556702E+0","5.2828132162840302E+2","4.0080432469435699E+1","3.054200000000000E-6"
"156","1.0044700188717310E+0","7.1404296243208536E-21","1.4355257176390577E-2","-5.3129479828822853E-14","-1.9710898716368285E-2","-6.9315793443648351E-14","2.9998620608665298E+0","9.0925459934886401E+0","5.2857109851909581E+2","4.0151326334794803E+1","3.054200000000000E-6"
"155","1.0044736797994989E+0","7.1431562158667741E-21","1.4368024356168695E-2","-5.3939713435033947E-14","-1.9709636380084463E-2","-7.2612988707153896E-14","2.9998614905434402E+0","9.0975307170528126E+0","5.2886087223176287E+2","4.0222652341410601E+1","3.054200000000000E-6"
"154","1.0044773261132298E+0","7.1451139861474379E-21","1.4380827768794303E-2","-5.9975709380443340E-14","-1.9708348055000241E-2","-8.0533997199991416E-14","2.9998609193973298E+0","9.1025153853138061E+0","5.2915064272952588E+2","4.0294412512957997E+1","3.054200000000000E-6"
"153","1.0044809578077480E+0","7.1490432690666558E-21","1.4393667523212892E-2","-5.5364066804453268E-14","-1.9707033721460761E-2","-7.3661954313818650E-14","2.9998603474216701E+0","9.1074999976342248E+0","5.2944040997533170E+2","4.0366608883254202E+1","3.054200000000000E-6"
"152","1.0044845748777842E+0","7.1452912744687140E-21","1.4406543728822449E-2","-5.4671853070891588E-14","-1.9705693359613016E-2","-7.6096410002296697E-14","2.9998597746099400E+0","9.1124845533736192E+0","5.2973017393194937E+2","4.0439243500861501E+1","3.054200000000000E-6"
"151","1.0044881773179795E+0","7.1395022298887855E-21","1.4419456495476471E-2","-4.9415305193347693E-14","-1.9704326949411606E-2","-6.6561370683631987E-14","2.9998592009555400E+0","9.1174690518884631E+0","5.3001993456196919E+2","4.0512318425324700E+1","3.054200000000000E-6"
"150","1.0044917651228802E+0","7.1431102127833453E-21","1.4432405933488877E-2","-5.1503466181173508E-14","-1.9702934470603679E-2","-6.9882607495291373E-14","2.9998586264518901E+0","9.1224534925321112E+0","5.3030969182780029E+2","4.0585835735450402E+1","3.054200000000000E-6"
"149","1.0044953382869426E+0","7.1474257101999842E-21","1.4445392153633227E-2","-5.6826231934356693E-14","-1.9701515902747619E-2","-7.9698238791471561E-14","2.9998580510923598E+0","9.1274378746547864E+0","5.3059944569166942E+2","4.0659797519703702E+1","3.054200000000000E-6"
"148","1.0044988968045292E+0","7.1396179129995623E-21","1.4458415267149001E-2","-5.9261862344645931E-14","-1.9700071225196313E-2","-8.2948331616582487E-14","2.9998574748702702E+0","9.1324221976035318E+0","5.3088919611561880E+2","4.0734205882923099E+1","3.054200000000000E-6"
"147","1.0045024406699112E+0","7.1445113595737725E-21","1.4471475385745468E-2","-5.9323347332500331E-14","-1.9698600417110846E-2","-7.9559066412726038E-14","2.9998568977789501E+0","9.1374064607222021E+0","5.3117894306150504E+2","4.0809062943010403E+1","3.054200000000000E-6"
"146","1.0045059698772645E+0","7.1404891122467916E-21","1.4484572621600552E-2","-5.5392360634051631E-14","-1.9697103457448684E-2","-7.6127419522163874E-14","2.9998563198116699E+0","9.1423906633513905E+0","5.3146868649099542E+2","4.0884370837061503E+1","3.054200000000000E-6"
"145","1.0045094844206699E+0","7.1394530521338154E-21","1.4497707087369095E-2","-6.0739761774592103E-14","-1.9695580324967547E-2","-8.3317443946196958E-14","2.9998557409616802E+0","9.1473748048284449E+0","5.3175842636556820E+2","4.0960131703288098E+1","3.054200000000000E-6"
"144","1.0045129842941225E+0","7.1441837621766180E-21","1.4510878896182421E-2","-5.6751909102635336E-14","-1.9694030998229559E-2","-7.6120367830921932E-14","2.9998551612221900E+0","9.1523588844874055E+0","5.3204816264650970E+2","4.1036347712678698E+1","3.054200000000000E-6"
"143","1.0045164694915103E+0","7.1528198908266615E-21","1.4524088161652824E-2","-6.0663634913313097E-14","-1.9692455455589949E-2","-8.3325556511030533E-14","2.9998545805863999E+0","9.1573429016589767E+0","5.3233789529491230E+2","4.1113021036658402E+1","3.054200000000000E-6"
"142","1.0045199400066378E+0","7.1563251270483216E-21","1.4537334997877377E-2","-5.6847490585129766E-14","-1.9690853675210646E-2","-7.9745655965583716E-14","2.9998539990474602E+0","9.1623268556705000E+0","5.3262762427167263E+2","4.1190153867828997E+1","3.054200000000000E-6"
"141","1.0045233958332118E+0","7.1509932250509996E-21","1.4550619519441621E-2","-6.2577344989304234E-14","-1.9689225635048029E-2","-8.3297585715896189E-14","2.9998534165985000E+0","9.1673107458459242E+0","5.3291734953749028E+2","4.1267748410529101E+1","3.054200000000000E-6"
"140","1.0045268369648426E+0","7.1509148039601900E-21","1.4563941841419752E-2","-5.8243530759698253E-14","-1.9687571312861269E-2","-8.0862866474796040E-14","2.9998528332326000E+0","9.1722945715057573E+0","5.3320707105286476E+2","4.1345806891992900E+1","3.054200000000000E-6"
"139","1.0045302633950470E+0","7.1515911284798742E-21","1.4577302079382071E-2","-5.9128262771194075E-14","-1.9685890686204546E-2","-8.4193454011248502E-14","2.9998522489428301E+0","9.1772783319670399E+0","5.3349678877809401E+2","4.1424331539901701E+1","3.054200000000000E-6"
"138","1.0045336751172447E+0","7.1469677992538455E-21","1.4590700349395877E-2","-5.6809597839166682E-14","-1.9684183732431269E-2","-7.7192856910216352E-14","2.9998516637222101E+0","9.1822620265433290E+0","5.3378650267327362E+2","4.1503324609899700E+1","3.054200000000000E-6"
"137","1.0045370721247604E+0","7.1493423330123812E-21","1.4604136768028015E-2","-6.0238597141056166E-14","-1.9682450428694400E-2","-8.4186647072760134E-14","2.9998510775637399E+0","9.1872456545446308E+0","5.3407621269829247E+2","4.1582788367248199E+1","3.054200000000000E-6"
"136","1.0045404544108238E+0","7.1434222376300106E-21","1.4617611452352014E-2","-5.9342344213907116E-14","-1.9680690751940608E-2","-8.2926522020157366E-14","2.9998504904603900E+0","9.1922292152773899E+0","5.3436591881283255E+2","4.1662725096433903E+1","3.054200000000000E-6"
"135","1.0045438219685661E+0","7.1390641867144419E-21","1.4631124519947388E-2","-6.0105568339529733E-14","-1.9678904678918648E-2","-8.6268760251582198E-14","2.9998499024050802E+0","9.1972127080444466E+0","5.3465562097636644E+2","4.1743137091333402E+1","3.054200000000000E-6"
"134","1.0045471747910217E+0","7.1399007079907767E-21","1.4644676088905241E-2","-6.3158148454229288E-14","-1.9677092186170742E-2","-8.5571056102871458E-14","2.9998493133907100E+0","9.2021961321450014E+0","5.3494531914815491E+2","4.1824026663119000E+1","3.054200000000000E-6"
"133","1.0045505128711338E+0","7.1365863743527009E-21","1.4658266277832328E-2","-6.6746149525781535E-14","-1.9675253250033990E-2","-8.8976169032891794E-14","2.9998487234101399E+0","9.2071794868745833E+0","5.3523501328724558E+2","4.1905396144577402E+1","3.054200000000000E-6"
"132","1.0045538362017399E+0","7.1347426767194481E-21","1.4671895205851172E-2","-6.3115819816943850E-14","-1.9673387846646677E-2","-8.6599671559329993E-14","2.9998481324561999E+0","9.2121627715250103E+0","5.3552470335246994E+2","4.1987247883286898E+1","3.054200000000000E-6"
"131","1.0045571447755863E+0","7.1343225467468739E-21","1.4685562992608064E-2","-6.5466086585382207E-14","-1.9671495951937179E-2","-8.8392091396405733E-14","2.9998475405216900E+0","9.2171459853843469E+0","5.3581438930244167E+2","4.2069584230914998E+1","3.054200000000000E-6"
"130","1.0045604385853182E+0","7.1266045929642438E-21","1.4699269758272611E-2","-6.8522906803544044E-14","-1.9669577541632805E-2","-9.7532132061255261E-14","2.9998469475993601E+0","9.2221291277368849E+0","5.3610407109555490E+2","4.2152407572087697E+1","3.054200000000000E-6"
"129","1.0045637176234841E+0","7.1195565524124874E-21","1.4713015623545513E-2","-6.7163178258152002E-14","-1.9667632591254154E-2","-9.7620152785102800E-14","2.9998463536819502E+0","9.2271121978630948E+0","5.3639374868998163E+2","4.2235720291638700E+1","3.054200000000000E-6"
"128","1.0045669818825349E+0","7.1141301275792362E-21","1.4726800709656812E-2","-6.8806829623830669E-14","-1.9665661076118727E-2","-9.5193065106739197E-14","2.9998457587621301E+0","9.2320951950395820E+0","5.3668342204366934E+2","4.2319524803860403E+1","3.054200000000000E-6"
"127","1.0045702313548177E+0","7.1065567576772071E-21","1.4740625138374422E-2","-6.3435648934767590E-14","-1.9663662971332780E-2","-8.8099442352296518E-14","2.9998451628325800E+0","9.2370781185390687E+0","5.3697309111433958E+2","4.2403823528644800E+1","3.054200000000000E-6"
"126","1.0045734660325878E+0","7.1121007205808957E-21","1.4754489032005144E-2","-6.3326818347557510E-14","-1.9661638251799417E-2","-9.0754712126680562E-14","2.9998445658858999E+0","9.2420609676303371E+0","5.3726275585948497E+2","4.2488618913000103E+1","3.054200000000000E-6"
"125","1.0045766859079985E+0","7.1123430447387854E-21","1.4768392513399051E-2","-6.2370363614462548E-14","-1.9659586892219111E-2","-8.8205211053712246E-14","2.9998439679146900E+0","9.2470437415782030E+0","5.3755241623636743E+2","4.2573913412922899E+1","3.054200000000000E-6"
"124","1.0045798909731025E+0","7.1127248063482844E-21","1.4782335705952037E-2","-6.9004289890288766E-14","-1.9657508867076224E-2","-9.8039004290461394E-14","2.9998433689114798E+0","9.2520264396434708E+0","5.3784207220201608E+2","4.2659709504923200E+1","3.054200000000000E-6"
"123","1.0045830812198515E+0","7.1137268430505580E-21","1.4796318733611731E-2","-6.8005079951480366E-14","-1.9655404150654091E-2","-9.5187095008643134E-14","2.9998427688687999E+0","9.2570090610828970E+0","5.3813172371322401E+2","4.2746009679572197E+1","3.054200000000000E-6"
"122","1.0045862566400989E+0","7.1162529884910286E-21","1.4810341720879847E-2","-7.1545670539913549E-14","-1.9653272717028641E-2","-1.0484124136802518E-13","2.9998421677791201E+0","9.2619916051491558E+0","5.3842137072654771E+2","4.2832816443597899E+1","3.054200000000000E-6"
"121","1.0045894172255996E+0","7.1164868603200887E-21","1.4824404792815072E-2","-6.3228077555505914E-14","-1.9651114540064719E-2","-8.8822132409377942E-14","2.9998415656348700E+0","9.2669740710907895E+0","5.3871101319830302E+2","4.2920132324461797E+1","3.054200000000000E-6"
"120","1.0045925629680028E+0","7.1169834537719263E-21","1.4838508075038705E-2","-6.6458708099709350E-14","-1.9648929593416124E-2","-9.7464578392354604E-14","2.9998409624284501E+0","9.2719564581521769E+0","5.3900065108456408E+2","4.3007959868228497E+1","3.054200000000000E-6"
"119","1.0045956938588625E+0","7.1174150618098139E-21","1.4852651693737954E-2","-7.3709059778023352E-14","-1.9646717850534127E-2","-1.0564085250809275E-13","2.9998403581522401E+0","9.2769387655734903E+0","5.3929028434116015E+2","4.3096301628188002E+1","3.054200000000000E-6"
"118","1.0045988098896248E+0","7.1151961761504802E-21","1.4866835775667307E-2","-6.8968968304055068E-14","-1.9644479284656891E-2","-1.0011096063499522E-13","2.9998397527985499E+0","9.2819209925906527E+0","5.3957991292367365E+2","4.3185160184494400E+1","3.054200000000000E-6"
"117","1.0046019110516400E+0","7.1134286268428276E-21","1.4881060448156737E-2","-6.0723301709248657E-14","-1.9642213868813260E-2","-8.6074788438969605E-14","2.9998391463596699E+0","9.2869031384353047E+0","5.3986953678743805E+2","4.3274538134717503E+1","3.054200000000000E-6"
"116","1.0046049973361506E+0","7.1136985429776576E-21","1.4895325839112787E-2","-6.8493213271382972E-14","-1.9639921575815733E-2","-9.5200221579105800E-14","2.9998385388278601E+0","9.2918852023347469E+0","5.4015915588753467E+2","4.3364438092954799E+1","3.054200000000000E-6"
"115","1.0046080687343018E+0","7.1136511864143685E-21","1.4909632077021950E-2","-7.0981942072673737E-14","-1.9637602378274912E-2","-1.0311525209577550E-13","2.9998379301953100E+0","9.2968671835119139E+0","5.4044877017879060E+2","4.3454862687496203E+1","3.054200000000000E-6"
"114","1.0046111252371352E+0","7.1128172059734650E-21","1.4923979290957028E-2","-7.4414505372614358E-14","-1.9635256248586676E-2","-1.0439650675039163E-13","2.9998373204542101E+0","9.3018490811853312E+0","5.4073837961577703E+2","4.3545814566890698E+1","3.054200000000000E-6"
"113","1.0046141668355872E+0","7.1128440454535415E-21","1.4938367610578764E-2","-7.1706160556914369E-14","-1.9632883158936559E-2","-1.0276287329697972E-13","2.9998367095966798E+0","9.3068308945690621E+0","5.4102798415280563E+2","4.3637296396244899E+1","3.054200000000000E-6"
"112","1.0046171935204926E+0","7.1121533012639190E-21","1.4952797166141210E-2","-7.2782132473182665E-14","-1.9630483081291263E-2","-1.0696528779015591E-13","2.9998360976148102E+0","9.3118126228726723E+0","5.4131758374392666E+2","4.3729310865983699E+1","3.054200000000000E-6"
"111","1.0046202052825817E+0","7.1112239351595265E-21","1.4967268088494634E-2","-7.5908882611998001E-14","-1.9628055987415068E-2","-1.0513653223686006E-13","2.9998354845006601E+0","9.3167942653011853E+0","5.4160717834292609E+2","4.3821860671287197E+1","3.054200000000000E-6"
"110","1.0046232021124837E+0","7.1126155990680614E-21","1.4981780509091602E-2","-7.3297481462625704E-14","-1.9625601848853386E-2","-1.0117824236910448E-13","2.9998348702462501E+0","9.3217758210550379E+0","5.4189676790332351E+2","4.3914948539213000E+1","3.054200000000000E-6"
"109","1.0046261840007202E+0","7.1127459439396676E-21","1.4996334559988549E-2","-7.1419349588257096E-14","-1.9623120636937601E-2","-1.0198417153910512E-13","2.9998342548435200E+0","9.3267572893300414E+0","5.4218635237836963E+2","4.4008577211556201E+1","3.054200000000000E-6"
"108","1.0046291509377101E+0","7.1130855724519421E-21","1.5010930373850409E-2","-6.9872664560000754E-14","-1.9620612322788798E-2","-9.8009178755894332E-14","2.9998336382844299E+0","9.3317386693173194E+0","5.4247593172104246E+2","4.4102749445509197E+1","3.054200000000000E-6"
"107","1.0046321029137639E+0","7.1130974628118218E-21","1.5025568083956695E-2","-7.2567779085674727E-14","-1.9618076877310670E-2","-1.0070667186119068E-13","2.9998330205608599E+0","9.3367199602032951E+0","5.4276550588404677E+2","4.4197468012155802E+1","3.054200000000000E-6"
"106","1.0046350399190940E+0","7.1149607715566406E-21","1.5040247824203512E-2","-6.7327724517532571E-14","-1.9615514271193089E-2","-9.3945642077441966E-14","2.9998324016646500E+0","9.3417011611696115E+0","5.4305507481980976E+2","4.4292735718178101E+1","3.054200000000000E-6"
"105","1.0046379619438026E+0","7.1148745390282952E-21","1.5054969729110109E-2","-7.4947194514554656E-14","-1.9612924474910830E-2","-1.0422195275271840E-13","2.9998317815876101E+0","9.3466822713931048E+0","5.4334463848047881E+2","4.4388555375263003E+1","3.054200000000000E-6"
"104","1.0046408689778830E+0","7.1141931029665328E-21","1.5069733933818566E-2","-8.2530190334266916E-14","-1.9610307458719549E-2","-1.1785834337967920E-13","2.9998311603215000E+0","9.3516632900457548E+0","5.4363419681791936E+2","4.4484929821186903E+1","3.054200000000000E-6"
"103","1.0046437610112302E+0","7.1140564602980215E-21","1.5084540574102351E-2","-7.2565116318297369E-14","-1.9607663192672466E-2","-1.0183521433651255E-13","2.9998305378580401E+0","9.3566442162946419E+0","5.4392374978371151E+2","4.4581861901735998E+1","3.054200000000000E-6"
"102","1.0046466380336274E+0","7.1127466379256361E-21","1.5099389786370123E-2","-7.1943671042465578E-14","-1.9604991646585690E-2","-1.0246230201912391E-13","2.9998299141889202E+0","9.3616250493018853E+0","5.4421329732914762E+2","4.4679354500253602E+1","3.054200000000000E-6"
"101","1.0046495000347515E+0","7.1132173715255243E-21","1.5114281707668441E-2","-7.7733011578177735E-14","-1.9602292790070353E-2","-1.1204815455350286E-13","2.9998292893057501E+0","9.3666057882246161E+0","5.4450283940522945E+2","4.4777410508200298E+1","3.054200000000000E-6"
"100","1.0046523470041737E+0","7.1125409473197995E-21","1.5129216475685242E-2","-7.3941419747050761E-14","-1.9599566592522835E-2","-1.0435004047584108E-13","2.9998286632001299E+0","9.3715864322149152E+0","5.4479237596266557E+2","4.4876032834757801E+1","3.054200000000000E-6"
"99","1.0046551789313583E+0","7.1129202771032715E-21","1.5144194228758567E-2","-8.1980542226658063E-14","-1.9596813023111035E-2","-1.1643400455613194E-13","2.9998280358636098E+0","9.3765669804197653E+0","5.4508190695186818E+2","4.4975224417367599E+1","3.054200000000000E-6"
"98","1.0046579958056598E+0","7.1137160586273067E-21","1.5159215105877451E-2","-8.1435845608804213E-14","-1.9594032050794678E-2","-1.1639362570061667E-13","2.9998274072876900E+0","9.3815474319810139E+0","5.4537143232295080E+2","4.5074988211723600E+1","3.054200000000000E-6"
"97","1.0046607976163251E+0","7.1102875740780621E-21","1.5174279246683235E-2","-7.9925386981141905E-14","-1.9591223644309163E-2","-1.1396760715459309E-13","2.9998267774638201E+0","9.3865277860353107E+0","5.4566095202572478E+2","4.5175327183810403E+1","3.054200000000000E-6"
"96","1.0046635843524920E+0","7.1117526842078980E-21","1.5189386791482859E-2","-8.2224314730733060E-14","-1.9588387772168491E-2","-1.1488275691034770E-13","2.9998261463834202E+0","9.3915080417140580E+0","5.4595046600969658E+2","4.5276244331532901E+1","3.054200000000000E-6"
"95","1.0046663560031925E+0","7.1112958306328291E-21","1.5204537881245209E-2","-7.5455736950223942E-14","-1.9585524402674616E-2","-1.0911157685411964E-13","2.9998255140378500E+0","9.3964881981433788E+0","5.4623997422406558E+2","4.5377742672615398E+1","3.054200000000000E-6"
"94","1.0046691125573461E+0","7.1110801699359306E-21","1.5219732657609154E-2","-8.3570678411882727E-14","-1.9582633503898172E-2","-1.2031363565707391E-13","2.9998248804184402E+0","9.4014682544440404E+0","5.4652947661771998E+2","4.5479825239143501E+1","3.054200000000000E-6"
"93","1.0046718540037654E+0","7.1100387693081229E-21","1.5234971262889642E-2","-8.9430534238181413E-14","-1.9579715043695142E-2","-1.2840344493361102E-13","2.9998242455164501E+0","9.4064482097314137E+0","5.4681897313923423E+2","4.5582495089209800E+1","3.054200000000000E-6"
"92","1.0046745803311523E+0","7.1097320153760187E-21","1.5250253840075908E-2","-8.8595144018398886E-14","-1.9576768989707078E-2","-1.2393950303510284E-13","2.9998236093231099E+0","9.4114280631154372E+0","5.4710846373686684E+2","4.5685755295201901E+1","3.054200000000000E-6"
"91","1.0046772915280984E+0","7.1109603803948008E-21","1.5265580532845661E-2","-8.9228353080564990E-14","-1.9573795309339406E-2","-1.2727757974785253E-13","2.9998229718295999E+0","9.4164078137005429E+0","5.4739794835855639E+2","4.5789608959972497E+1","3.054200000000000E-6"
"90","1.0046799875830836E+0","7.1111959309252838E-21","1.5280951485559491E-2","-8.9323670234425265E-14","-1.9570793969784572E-2","-1.2800642951927609E-13","2.9998223330270601E+0","9.4213874605856045E+0","5.4768742695191838E+2","4.5894059200582198E+1","3.054200000000000E-6"
"89","1.0046826684844778E+0","7.1105733251945782E-21","1.5296366843274397E-2","-8.9202409991556067E-14","-1.9567764938009734E-2","-1.2846755498054434E-13","2.9998216929065702E+0","9.4263670028638984E+0","5.4797689946424282E+2","4.5999109157567098E+1","3.054200000000000E-6"
"88","1.0046853342205417E+0","7.1084970190624926E-21","1.5311826751741871E-2","-8.7077103819459549E-14","-1.9564708180756930E-2","-1.2686538091965464E-13","2.9998210514591701E+0","9.4313464396230522E+0","5.4826636584249115E+2","4.6104761991683397E+1","3.054200000000000E-6"
"87","1.0046879847794217E+0","7.1080980494091527E-21","1.5327331357417090E-2","-9.2045349580363915E-14","-1.9561623664547587E-2","-1.3280771888239011E-13","2.9998204086758400E+0","9.4363257699449594E+0","5.4855582603329196E+2","4.6211020892974098E+1","3.054200000000000E-6"
"86","1.0046906201491543E+0","7.1076810350949194E-21","1.5342880807461962E-2","-8.9035051647838759E-14","-1.9558511355678095E-2","-1.2380283044159888E-13","2.9998197645475302E+0","9.4413049929057618E+0","5.4884527998293902E+2","4.6317889056063301E+1","3.054200000000000E-6"
"85","1.0046932403176625E+0","7.1078818244741563E-21","1.5358475249748194E-2","-8.6808561685160480E-14","-1.9555371220214675E-2","-1.2876894225529661E-13","2.9998191190651302E+0","9.4462841075757780E+0","5.4913472763738787E+2","4.6425369724483900E+1","3.054200000000000E-6"
"84","1.0046958452727601E+0","7.1101324287007499E-21","1.5374114832867922E-2","-9.5054106328498470E-14","-1.9552203224007379E-2","-1.3677797954883965E-13","2.9998184722194701E+0","9.4512631130194453E+0","5.4942416894225187E+2","4.6533466137128300E+1","3.054200000000000E-6"
"83","1.0046984350021388E+0","7.1113139856017679E-21","1.5389799706127067E-2","-8.8192374339443177E-14","-1.9549007332672199E-2","-1.3238714038190444E-13","2.9998178240013500E+0","9.4562420082952698E+0","5.4971360384279990E+2","4.6642181567994001E+1","3.054200000000000E-6"
"82","1.0047010094933904E+0","7.1107306741567060E-21","1.5405530019566873E-2","-9.2213731749234664E-14","-1.9545783511604711E-2","-1.3382965137259389E-13","2.9998171744015099E+0","9.4612207924557623E+0","5.5000303228395228E+2","4.6751519313446799E+1","3.054200000000000E-6"
"81","1.0047035687339823E+0","7.1113725190628120E-21","1.5421305923951970E-2","-8.4047806218766941E-14","-1.9542531725971715E-2","-1.1951131468045523E-13","2.9998165234106300E+0","9.4661994645473850E+0","5.5029245421027736E+2","4.6861482689229000E+1","3.054200000000000E-6"
"80","1.0047061127112717E+0","7.1114921539629753E-21","1.5437127570788540E-2","-8.5530600642893285E-14","-1.9539251940704331E-2","-1.2634777588687602E-13","2.9998158710193499E+0","9.4711780236104968E+0","5.5058186956598911E+2","4.6972075040180798E+1","3.054200000000000E-6"
"79","1.0047086414125008E+0","7.1133718172750443E-21","1.5452995112320010E-2","-8.9033367078937089E-14","-1.9535944120516281E-2","-1.2931101499917189E-13","2.9998152172182699E+0","9.4761564686792905E+0","5.5087127829494295E+2","4.7083299724317300E+1","3.054200000000000E-6"
"78","1.0047111548247989E+0","7.1130545974329321E-21","1.5468908701538300E-2","-9.8481609404522869E-14","-1.9532608229887997E-2","-1.4753377523738502E-13","2.9998145619979102E+0","9.4811347987817367E+0","5.5116068034063233E+2","4.7195160133146800E+1","3.054200000000000E-6"
"77","1.0047136529351794E+0","7.1121463454503585E-21","1.5484868492186141E-2","-9.4603635160836537E-14","-1.9529244233077950E-2","-1.4136801019189444E-13","2.9998139053487600E+0","9.4861130129395175E+0","5.5145007564618550E+2","4.7307659673862801E+1","3.054200000000000E-6"
"76","1.0047161357305403E+0","7.1135825398404945E-21","1.5500874638760823E-2","-9.1838779055238617E-14","-1.9525852094107649E-2","-1.3379080441043851E-13","2.9998132472612400E+0","9.4910911101679769E+0","5.5173946415436194E+2","4.7420801777728897E+1","3.054200000000000E-6"
"75","1.0047186031976609E+0","7.1147057817261669E-21","1.5516927296523523E-2","-9.6283148627691405E-14","-1.9522431776764246E-2","-1.4272969020591171E-13","2.9998125877257200E+0","9.4960690894760518E+0","5.5202884580754892E+2","4.7534589905741399E+1","3.054200000000000E-6"
"74","1.0047210553232080E+0","7.1151319365839613E-21","1.5533026621501418E-2","-1.0301658495835809E-13","-1.9518983244610121E-2","-1.5556011804266901E-13","2.9998119267325398E+0","9.5010469498662093E+0","5.5231822054775751E+2","4.7649027540239999E+1","3.054200000000000E-6"
"73","1.0047234920937314E+0","7.1156481438589102E-21","1.5549172770492533E-2","-9.5311483574896033E-14","-1.9515506460985949E-2","-1.4047344549751381E-13","2.9998112642719499E+0","9.5060246903343959E+0","5.5260758831661963E+2","4.7764118175585203E+1","3.054200000000000E-6"
"72","1.0047259134956614E+0","7.1152683406728738E-21","1.5565365901074225E-2","-9.5764188200008870E-14","-1.9512001388977098E-2","-1.3941921708955713E-13","2.9998106003341798E+0","9.5110023098699585E+0","5.5289694905538374E+2","4.7879865352396799E+1","3.054200000000000E-6"
"71","1.0047283195153152E+0","7.1145488075307605E-21","1.5581606171602884E-2","-1.0055186110804063E-13","-1.9508467991458320E-2","-1.5335433571425459E-13","2.9998099349093601E+0","9.5159798074555972E+0","5.5318630270491178E+2","4.7996272623755402E+1","3.054200000000000E-6"
"70","1.0047307101388883E+0","7.1137427422590166E-21","1.5597893741228056E-2","-9.6117071513415153E-14","-1.9504906231066148E-2","-1.4072408052426219E-13","2.9998092679876098E+0","9.5209571820672956E+0","5.5347564920567515E+2","4.8113343555363301E+1","3.054200000000000E-6"
"69","1.0047330853524599E+0","7.1143855947420035E-21","1.5614228769885819E-2","-9.8019358613508016E-14","-1.9501316070190448E-2","-1.4679690395047129E-13","2.9998085995589800E+0","9.5259344326742497E+0","5.5376498849775101E+2","4.8231081766331002E+1","3.054200000000000E-6"
"68","1.0047354451419910E+0","7.1153967411200470E-21","1.5630611418316915E-2","-9.9617988622986004E-14","-1.9497697471004646E-2","-1.4976237460972680E-13","2.9998079296134401E+0","9.5309115582388060E+0","5.5405432052081790E+2","4.8349490877167099E+1","3.054200000000000E-6"
"67","1.0047377894933236E+0","7.1162563357071376E-21","1.5647041848063353E-2","-9.8421242741179226E-14","-1.9494050395443538E-2","-1.4707153275855451E-13","2.9998072581409301E+0","9.5358885577164081E+0","5.5434364521415330E+2","4.8468574532590303E+1","3.054200000000000E-6"
"66","1.0047401183921807E+0","7.1157179662622168E-21","1.5663520221475432E-2","-9.9397774568680368E-14","-1.9490374805197382E-2","-1.4751954240497863E-13","2.9998065851313300E+0","9.5408654300555131E+0","5.5463296251662882E+2","4.8588336422022799E+1","3.054200000000000E-6"
"65","1.0047424318241622E+0","7.1144340416757080E-21","1.5680046701721444E-2","-1.0143793340686107E-13","-1.9486670661727185E-2","-1.5251213335564014E-13","2.9998059105744601E+0","9.5458421741975314E+0","5.5492227236670590E+2","4.8708780243687698E+1","3.054200000000000E-6"
"64","1.0047447297747569E+0","7.1134577321866367E-21","1.5696621452789231E-2","-1.0278425023675007E-13","-1.9482937926261542E-2","-1.5315879823160563E-13","2.9998052344600601E+0","9.5508187890767609E+0","5.5521157470243281E+2","4.8829909727648698E+1","3.054200000000000E-6"
"63","1.0047470122293203E+0","7.1133948985528998E-21","1.5713244639492516E-2","-1.0869617595772371E-13","-1.9479176559784202E-2","-1.6202845382216455E-13","2.9998045567778400E+0","9.5557952736203173E+0","5.5550086946144040E+2","4.8951728625831301E+1","3.054200000000000E-6"
"62","1.0047492791731021E+0","7.1126632411055334E-21","1.5729916427477116E-2","-1.0371838807116438E-13","-1.9475386523052009E-2","-1.5512564610948741E-13","2.9998038775174298E+0","9.5607716267480694E+0","5.5579015658093783E+2","4.9074240723484898E+1","3.054200000000000E-6"
"61","1.0047515305912189E+0","7.1132077416538059E-21","1.5746636983227789E-2","-1.0693511678073630E-13","-1.9471567776569852E-2","-1.6247519493962485E-13","2.9998031966684300E+0","9.5657478473725561E+0","5.5607943599770863E+2","4.9197449825982197E+1","3.054200000000000E-6"
"60","1.0047537664686703E+0","7.1149546206714968E-21","1.5763406474070943E-2","-1.0689605287609482E-13","-1.9467720280616472E-2","-1.6164258579035304E-13","2.9998025142203399E+0","9.5707239343989308E+0","5.5636870764810681E+2","4.9321359762161599E+1","3.054200000000000E-6"
"59","1.0047559867903357E+0","7.1134163237929311E-21","1.5780225068182867E-2","-1.1378980189588423E-13","-1.9463843995224599E-2","-1.7380043263276318E-13","2.9998018301626299E+0","9.5756998867248839E+0","5.5665797146805244E+2","4.9445974402399202E+1","3.054200000000000E-6"
"58","1.0047581915409667E+0","7.1141046983871689E-21","1.5797092934595306E-2","-1.0759545159810109E-13","-1.9459938880189868E-2","-1.6372203881402860E-13","2.9998011444846799E+0","9.5806757032405638E+0","5.5694722739302722E+2","4.9571297622529499E+1","3.054200000000000E-6"
"57","1.0047603807051984E+0","7.1137054562399370E-21","1.5814010243200703E-2","-1.1181739313392308E-13","-1.9456004895065195E-2","-1.7560603214147338E-13","2.9998004571758501E+0","9.5856513828285212E+0","5.5723647535807129E+2","4.9697333341823800E+1","3.054200000000000E-6"
"56","1.0047625542675402E+0","7.1151099254016880E-21","1.5830977164757263E-2","-1.1115537755009025E-13","-1.9452041999168987E-2","-1.6942294687419492E-13","2.9997997682254001E+0","9.5906269243636295E+0","5.5752571529777811E+2","4.9824085496879299E+1","3.054200000000000E-6"
"55","1.0047647122123773E+0","7.1147063047254298E-21","1.5847993870897591E-2","-1.1500884972375835E-13","-1.9448050151569255E-2","-1.7545073877260061E-13","2.9997990776225398E+0","9.5956023267129904E+0","5.5781494714629014E+2","4.9951558058933699E+1","3.054200000000000E-6"
"54","1.0047668545239707E+0","7.1164184118587483E-21","1.5865060534132412E-2","-1.1590591480821884E-13","-1.9444029311096445E-2","-1.7899891027259014E-13","2.9997983853564198E+0","9.6005775887359004E+0","5.5810417083729510E+2","5.0079755022671698E+1","3.054200000000000E-6"
"53","1.0047689811864600E+0","7.1172516120822119E-21","1.5882177327856344E-2","-1.1375543184764355E-13","-1.9439979436339787E-2","-1.7178360786062172E-13","2.9997976914161200E+0","9.6055527092837263E+0","5.5839338630402051E+2","5.0208680412172100E+1","3.054200000000000E-6"
"52","1.0047710921838546E+0","7.1163643314684692E-21","1.5899344426356283E-2","-1.0660647561614848E-13","-1.9435900485645655E-2","-1.6194869459111299E-13","2.9997969957906601E+0","9.6105276871998768E+0","5.5868259347923095E+2","5.0338338274856802E+1","3.054200000000000E-6"
"51","1.0047731875000450E+0","7.1147292372980003E-21","1.5916562004814092E-2","-1.1508023723842037E-13","-1.9431792417107557E-2","-1.7810185613513204E-13","2.9997962984689899E+0","9.6155025213196872E+0","5.5897179229522180E+2","5.0468732695125603E+1","3.054200000000000E-6"
"50","1.0047752671187922E+0","7.1148736158690449E-21","1.5933830239318117E-2","-1.1695830958251606E-13","-1.9427655188586787E-2","-1.7943584620730784E-13","2.9997955994400001E+0","9.6204772104703622E+0","5.5926098268381554E+2","5.0599867779071502E+1","3.054200000000000E-6"
"49","1.0047773310237336E+0","7.1137853051471166E-21","1.5951149306862436E-2","-1.1291028019278117E-13","-1.9423488757695000E-2","-1.7548736564653649E-13","2.9997948986925200E+0","9.6254517534708963E+0","5.5955016457635759E+2","5.0731747660316003E+1","3.054200000000000E-6"
"48","1.0047793791983786E+0","7.1164701447900468E-21","1.5968519385359453E-2","-1.1992172673063629E-13","-1.9419293081794960E-2","-1.8546693825157678E-13","2.9997941962153001E+0","9.6304261491319867E+0","5.5983933790371100E+2","5.0864376510105501E+1","3.054200000000000E-6"
"47","1.0047814116261085E+0","7.1148662934369995E-21","1.5985940653641742E-2","-1.2042584203065483E-13","-1.9415068118006525E-2","-1.8714617868011569E-13","2.9997934919970302E+0","9.6354003962559549E+0","5.6012850259625191E+2","5.0997758518234299E+1","3.054200000000000E-6"
"46","1.0047834282901797E+0","7.1144198159046560E-21","1.6003413291470550E-2","-1.1597949526388876E-13","-1.9410813823202960E-2","-1.8030733652823090E-13","2.9997927860263198E+0","9.6403744936366760E+0","5.6041765858386543E+2","5.1131897906205303E+1","3.054200000000000E-6"
"45","1.0047854291737206E+0","7.1152631990808296E-21","1.6020937479542200E-2","-1.1789361407432772E-13","-1.9406530154005695E-2","-1.8240491722699058E-13","2.9997920782917400E+0","9.6453484400594807E+0","5.6070680579594000E+2","5.1266798929920498E+1","3.054200000000000E-6"
"44","1.0047874142597308E+0","7.1169074213575470E-21","1.6038513399494754E-2","-1.1925779127885656E-13","-1.9402217066793084E-2","-1.8771882305789492E-13","2.9997913687817701E+0","9.6503222343010790E+0","5.6099594416136290E+2","5.1402465873434700E+1","3.054200000000000E-6"
"43","1.0047893835310826E+0","7.1167843474359077E-21","1.6056141233912639E-2","-1.2078798755620502E-13","-1.9397874517694706E-2","-1.9141077124124453E-13","2.9997906574848101E+0","9.6552958751294877E+0","5.6128507360851597E+2","5.1538903042475198E+1","3.054200000000000E-6"
"42","1.0047913369705184E+0","7.1187045444415800E-21","1.6073821166334681E-2","-1.1789997509851312E-13","-1.9393502462587569E-2","-1.8024419059551162E-13","2.9997899443892200E+0","9.6602693613039321E+0","5.6157419406527015E+2","5.1676114781094803E+1","3.054200000000000E-6"
"41","1.0047932745606494E+0","7.1188077745569772E-21","1.6091553381261520E-2","-1.1741756043735146E-13","-1.9389100857097302E-2","-1.8179989514505846E-13","2.9997892294832802E+0","9.6652426915747593E+0","5.6186330545898011E+2","5.1814105464736201E+1","3.054200000000000E-6"
"40","1.0047951962839621E+0","7.1185543230283724E-21","1.6109338064158974E-2","-1.2037371989558489E-13","-1.9384669656605624E-2","-1.9012846312163506E-13","2.9997885127551700E+0","9.6702158646833709E+0","5.6215240771648064E+2","5.1952879498468000E+1","3.054200000000000E-6"
"39","1.0047971021228079E+0","7.1196737088341576E-21","1.6127175401469390E-2","-1.2470467945983221E-13","-1.9380208816237962E-2","-1.9643421579566415E-13","2.9997877941930402E+0","9.6751888793621106E+0","5.6244150076407971E+2","5.2092441310477597E+1","3.054200000000000E-6"
"38","1.0047989920594071E+0","7.1189849865662841E-21","1.6145065580614317E-2","-1.2276409732026661E-13","-1.9375718290868104E-2","-1.9345333596505879E-13","2.9997870737849501E+0","9.6801617343341935E+0","5.6273058452755492E+2","5.2232795364340397E+1","3.054200000000000E-6"
"37","1.0048008660758576E+0","7.1193335434430946E-21","1.6163008790004332E-2","-1.2708786606630128E-13","-1.9371198035119042E-2","-1.9715884211381156E-13","2.9997863515188699E+0","9.6851344283136260E+0","5.6301965893214867E+2","5.2373946163805499E+1","3.054200000000000E-6"
"36","1.0048027241541135E+0","7.1181528898056851E-21","1.6181005219042283E-2","-1.2870079197738411E-13","-1.9366648003361832E-2","-2.0084159078704141E-13","2.9997856273827299E+0","9.6901069600050835E+0","5.6330872390256036E+2","5.2515898226638797E+1","3.054200000000000E-6"
"35","1.0048045662760052E+0","7.1173733003941620E-21","1.6199055058134400E-2","-1.2174332622592740E-13","-1.9362068149708082E-2","-1.9206146975213149E-13","2.9997849013643698E+0","9.6950793281038479E+0","5.6359777936294370E+2","5.2658656119379799E+1","3.054200000000000E-6"
"34","1.0048063924232264E+0","7.1178720984188609E-21","1.6217158498693634E-2","-1.2377304355738079E-13","-1.9357458428022681E-2","-1.9547437851462471E-13","2.9997841734515398E+0","9.7000515312957152E+0","5.6388682523690113E+2","5.2802224426953003E+1","3.054200000000000E-6"
"33","1.0048082025773433E+0","7.1192646251074784E-21","1.6235315733150252E-2","-1.1853626427953011E-13","-1.9352818791912266E-2","-1.8068830633772339E-13","2.9997834436319399E+0","9.7050235682568768E+0","5.6417586144747634E+2","5.2946607771710603E+1","3.054200000000000E-6"
"32","1.0048099967197806E+0","7.1195927992368432E-21","1.6253526954952482E-2","-1.2451252408814761E-13","-1.9348149194719284E-2","-1.9540402721694010E-13","2.9997827118931699E+0","9.7099954376538680E+0","5.6446488791715194E+2","5.3091810819338903E+1","3.054200000000000E-6"
"31","1.0048117748318357E+0","7.1191021137222766E-21","1.6271792358583014E-2","-1.2463769280026594E-13","-1.9343449589544690E-2","-1.9791937713416152E-13","2.9997819782227899E+0","9.7149671381434306E+0","5.6475390456784123E+2","5.3237838243692600E+1","3.054200000000000E-6"
"30","1.0048135368946725E+0","7.1210004655195377E-21","1.6290112139558565E-2","-1.2399429714995199E-13","-1.9338719929228958E-2","-1.9186535004628381E-13","2.9997812426082402E+0","9.7199386683724569E+0","5.6504291132088474E+2","5.3384694773373703E+1","3.054200000000000E-6"
"29","1.0048152828893135E+0","7.1191435609343356E-21","1.6308486494438976E-2","-1.3083876347207131E-13","-1.9333960166343856E-2","-2.0855046517664680E-13","2.9997805050369100E+0","9.7249100269778594E+0","5.6533190809704308E+2","5.3532385159666298E+1","3.054200000000000E-6"
"28","1.0048170127966527E+0","7.1190771479191599E-21","1.6326915620835884E-2","-1.2809664202928905E-13","-1.9329170253216215E-2","-2.0121306799011100E-13","2.9997797654961000E+0","9.7298812125864860E+0","5.6562089481649173E+2","5.3680914186732302E+1","3.054200000000000E-6"
"27","1.0048187265974469E+0","7.1200783876510647E-21","1.6345399717418690E-2","-1.2877744265371131E-13","-1.9324350141908319E-2","-2.0346719746494915E-13","2.9997790239730402E+0","9.7348522238150430E+0","5.6590987139881645E+2","5.3830286679780500E+1","3.054200000000000E-6"
"26","1.0048204242723131E+0","7.1193929130298068E-21","1.6363938983923708E-2","-1.2139256787636035E-13","-1.9319499784222094E-2","-1.9125469410979209E-13","2.9997782804548700E+0","9.7398230592699502E+0","5.6619883776300537E+2","5.3980507486362498E+1","3.054200000000000E-6"
"25","1.0048221058017384E+0","7.1192996675840812E-21","1.6382533621159316E-2","-1.2022836165232089E-13","-1.9314619131701561E-2","-1.9029946787153010E-13","2.9997775349286502E+0","9.7447937175472905E+0","5.6648779382744522E+2","5.4131581504324899E+1","3.054200000000000E-6"
"24","1.0048237711660655E+0","7.1206874522540818E-21","1.6401183831013938E-2","-1.3191545732334478E-13","-1.9309708135621446E-2","-2.0940179501107488E-13","2.9997767873813701E+0","9.7497641972326683E+0","5.6677673950991391E+2","5.4283513646983302E+1","3.054200000000000E-6"
"23","1.0048254203455067E+0","7.1217802910958956E-21","1.6419889816464209E-2","-1.2836383754900072E-13","-1.9304766747014396E-2","-2.0354157922953119E-13","2.9997760377999199E+0","9.7547344969011363E+0","5.6706567472757604E+2","5.4436308876649100E+1","3.054200000000000E-6"
"22","1.0048270533201307E+0","7.1218170705690582E-21","1.6438651781582721E-2","-1.3435853148672414E-13","-1.9299794916630496E-2","-2.1656900581009182E-13","2.9997752861711300E+0","9.7597046151170677E+0","5.6735459939697512E+2","5.4589972187003603E+1","3.054200000000000E-6"
"21","1.0048286700698712E+0","7.1206189853354203E-21","1.6457469931543775E-2","-1.3211568829821226E-13","-1.9294792594974186E-2","-2.0682127959092525E-13","2.9997745324817400E+0","9.7646745504340746E+0","5.6764351343402927E+2","5.4744508592277903E+1","3.054200000000000E-6"
"20","1.0048302705745220E+0","7.1230352234833954E-21","1.6476344472635691E-2","-1.3192332513379269E-13","-1.9289759732267438E-2","-2.0677280135826870E-13","2.9997737767183801E+0","9.7696443013948748E+0","5.6793241675402317E+2","5.4899923167271702E+1","3.054200000000000E-6"
"19","1.0048318548137378E+0","7.1234737370436261E-21","1.6495275612262873E-2","-1.3665709398967834E-13","-1.9284696278482148E-2","-2.1744121651857781E-13","2.9997730188676401E+0","9.7746138665312170E+0","5.6822130927160401E+2","5.5056221007752598E+1","3.054200000000000E-6"
"18","1.0048334227670332E+0","7.1233558699132130E-21","1.6514263558957153E-2","-1.3581771972899914E-13","-1.9279602183327100E-2","-2.1924312965619037E-13","2.9997722589159901E+0","9.7795832443637494E+0","5.6851019090077352E+2","5.5213407246533102E+1","3.054200000000000E-6"
"17","1.0048349744137834E+0","7.1245229206672982E-21","1.6533308522384028E-2","-1.3245418511924450E-13","-1.9274477396238325E-2","-2.1234818920793438E-13","2.9997714968498301E+0","9.7845524334019167E+0","5.6879906155488231E+2","5.5371487050107902E+1","3.054200000000000E-6"
"16","1.0048365097332210E+0","7.1231925835822071E-21","1.6552410713351094E-2","-1.3109403274710341E-13","-1.9269321866384647E-2","-2.0706897239502007E-13","2.9997707326554601E+0","9.7895214321438502E+0","5.6908792114662322E+2","5.5530465621699598E+1","3.054200000000000E-6"
"15","1.0048380287044405E+0","7.1274027147775627E-21","1.6571570343818089E-2","-1.3159061776953937E-13","-1.9264135542674702E-2","-2.0938495540009625E-13","2.9997699663191102E+0","9.7944902390762607E+0","5.6937676958802490E+2","5.5690348209090800E+1","3.054200000000000E-6"
"14","1.0048395313063898E+0","7.1252103205154999E-21","1.6590787626900610E-2","-1.3637622718940828E-13","-1.9258918373742256E-2","-2.1924329318791436E-13","2.9997691978269101E+0","9.7994588526743147E+0","5.6966560679044562E+2","5.5851140096116097E+1","3.054200000000000E-6"
"13","1.0048410175178797E+0","7.1263687422296730E-21","1.6610062776883056E-2","-1.3654547929235748E-13","-1.9253670307962000E-2","-2.1751103221488462E-13","2.9997684271648999E+0","9.8044272714015381E+0","5.6995443266456630E+2","5.6012846594924099E+1","3.054200000000000E-6"
"12","1.0048424873175752E+0","7.1274599899846809E-21","1.6629396009221059E-2","-1.3768856518731268E-13","-1.9248391293434808E-2","-2.2572070757685248E-13","2.9997676543190499E+0","9.8093954937096868E+0","5.7024324712038378E+2","5.6175473056881202E+1","3.054200000000000E-6"
"11","1.0048439406839988E+0","7.1279058944354821E-21","1.6648787540555404E-2","-1.3602598032537992E-13","-1.9243081277993242E-2","-2.1721728601334526E-13","2.9997668792752101E+0","9.8143635180386308E+0","5.7053205006720407E+2","5.6339024872884998E+1","3.054200000000000E-6"
"10","1.0048453775955282E+0","7.1296223141902863E-21","1.6668237588718222E-2","-1.3254745484710950E-13","-1.9237740209195383E-2","-2.1302828428367098E-13","2.9997661020191502E+0","9.8193313428162448E+0","5.7082084141363600E+2","5.6503507475861902E+1","3.054200000000000E-6"
"9","1.0048467980304008E+0","7.1298393555163092E-21","1.6687746372740137E-2","-1.3665581031246195E-13","-1.9232368034334254E-2","-2.1996830725374018E-13","2.9997653225365601E+0","9.8242989664582812E+0","5.7110962106758348E+2","5.6668926334267503E+1","3.054200000000000E-6"
"8","1.0048482019667058E+0","7.1281883345755833E-21","1.6707314112859240E-2","-1.3278728283018144E-13","-1.9226964700433325E-2","-2.1019358388406163E-13","2.9997645408130298E+0","9.8292663873682606E+0","5.7139838893623926E+2","5.6835286952345797E+1","3.054200000000000E-6"
"7","1.0048495893823863E+0","7.1277827950012850E-21","1.6726941030530993E-2","-1.3901873754242918E-13","-1.9221530154234518E-2","-2.2271850384149389E-13","2.9997637568340498E+0","9.8342336039373350E+0","5.7168714492607728E+2","5.7002594878130303E+1","3.054200000000000E-6"
"6","1.0048509602552447E+0","7.1294979131831721E-21","1.6746627348434569E-2","-1.3912549692332747E-13","-1.9216064342217249E-2","-2.2473546863509722E-13","2.9997629705850302E+0","9.8392006145441808E+0","5.7197588894284627E+2","5.7170855692886803E+1","3.054200000000000E-6"
"5","1.0048523145629309E+0","7.1288493073166978E-21","1.6766373290483614E-2","-1.3767504150660087E-13","-1.9210567210583535E-2","-2.2152471354050856E-13","2.9997621820512501E+0","9.8441674175548677E+0","5.7226462089156200E+2","5.7340075026958402E+1","3.054200000000000E-6"
"4","1.0048536522829525E+0","7.1283614771295183E-21","1.6786179081832622E-2","-1.4100530959391583E-13","-1.9205038705257308E-2","-2.2606390970528691E-13","2.9997613912179499E+0","9.8491340113227306E+0","5.7255334067649983E+2","5.7510258531521600E+1","3.054200000000000E-6"
"3","1.0048549733926704E+0","7.1279041863007534E-21","1.6806044948888786E-2","-1.4039159334045081E-13","-1.9199478771895078E-2","-2.3062655469121502E-13","2.9997605980702202E+0","9.8541003941882472E+0","5.7284204820118794E+2","5.7681411931643801E+1","3.054200000000000E-6"
"2","1.0048562778692927E+0","7.1276924194751097E-21","1.6825971119317766E-2","-1.3534063808102978E-13","-1.9193887355875239E-2","-2.1408707489857448E-13","2.9997598025930801E+0","9.8590665644789137E+0","5.7313074336839964E+2","5.7853540945655801E+1","3.054200000000000E-6"
"1","1.0048575656898846E+0","7.1252888883705309E-21","1.6845957822053087E-2","-1.4097062128322157E-13","-1.9188264402293233E-2","-2.2763839809076119E-13","2.9997590047714602E+0","9.8640325205091024E+0","5.7341942608014551E+2","5.8026651375613000E+1","3.054200000000000E-6"