"Id ","x0 (LU) ","y0 (LU) ","z0 (LU) ","vx0 (LU/TU) ","vy0 (LU/TU) ","vz0 (LU/TU) ","Jacobi constant (LU2/TU2) ","Period (TU) ","Period (days) ","Stability index  ","Mass ratio"
"1258","1.0002052721269323E+0","-3.6778816842854946E-22","-5.9605625108140006E-26","-2.1985243974346765E-11","-1.2128984679501061E-1","4.4030232820030225E-23","3.0145979925517801E+0","1.0792021511079799E-2","6.2736561018642800E-1","1.0000000000000000E+0","3.054200000000000E-6"
"1257","1.0002063683208342E+0","-3.6778417843990567E-22","-1.3143264788986173E-32","1.1507988903559889E-10","-1.2097364012478351E-1","-1.3179648286159956E-29","3.0145211208390101E+0","1.0877166549793515E-2","6.3231529168142286E-1","1.0000000009582699E+0","3.054200000000000E-6"
"1256","1.0002080289607542E+0","-3.6778149121753293E-22","-1.4845779526895468E-25","1.3058084071412797E-10","-1.2049933102502500E-1","-6.0662306305976645E-23","3.0144061857320299E+0","1.1006574490070814E-2","6.3983807982001994E-1","1.0000000001750600E+0","3.054200000000000E-6"
"1255","1.0002097094998454E+0","-3.6777281486278759E-22","9.4165214609468279E-26","8.8035880193414770E-11","-1.2002502271255737E-1","4.0002074696979081E-23","3.0142916975494898E+0","1.1138046906672623E-2","6.4748088082624455E-1","1.0000000016337600E+0","3.054200000000000E-6"
"1254","1.0002114102581532E+0","-3.6777392006659176E-22","-1.3848888836508283E-26","9.1405468809074655E-12","-1.1955071549197568E-1","-3.7412447279606368E-23","3.0141776562558298E+0","1.1271625215251468E-2","6.5524610228945246E-1","1.0000000012694099E+0","3.054200000000000E-6"
"1253","1.0002131315630840E+0","-3.6777811377722882E-22","9.9443037651298927E-26","2.3653906762564452E-11","-1.1907640918402489E-1","-2.3371763082560665E-23","3.0140640618162400E+0","1.1407351834766476E-2","6.6313621012357360E-1","1.0000000008087899E+0","3.054200000000000E-6"
"1252","1.0002148737481373E+0","-3.6776932787868595E-22","6.0884176744752595E-41","1.9770727941032777E-10","-1.1860210393684806E-1","3.1603988733364756E-39","3.0139509141945999E+0","1.1545270215796240E-2","6.7115373021300528E-1","1.0000000019424700E+0","3.054200000000000E-6"
"1251","1.0002166371539531E+0","-3.6777428139923675E-22","3.3925303733443780E-26","7.3601885937632443E-11","-1.1812779973093454E-1","-2.7501132330922600E-23","3.0138382133542398E+0","1.1685424870287382E-2","6.7930125014196674E-1","1.0000000000000000E+0","3.054200000000000E-6"
"1250","1.0002184221279529E+0","-3.6777019284707448E-22","-6.4008007661793377E-41","-1.9485034358501930E-11","-1.1765349666691038E-1","2.3158755252449095E-39","3.0137259592584100E+0","1.1827861401662802E-2","6.8758142094476182E-1","1.0000000000000000E+0","3.054200000000000E-6"
"1249","1.0002202290248612E+0","-3.6776715048614598E-22","-4.5183849391115540E-26","-6.3410555322971204E-11","-1.1717919477975072E-1","-1.6424723418465147E-23","3.0136141518695498E+0","1.1972626536511462E-2","6.9599695894798097E-1","1.0000000000000000E+0","3.054200000000000E-6"
"1248","1.0002220582072330E+0","-3.6777139778803731E-22","2.3379893205826766E-32","6.2319561922602407E-11","-1.1670489386148472E-1","2.3601288852901256E-29","3.0135027911497798E+0","1.2119768157037865E-2","7.0455064765686592E-1","1.0000000012032400E+0","3.054200000000000E-6"
"1247","1.0002239100441590E+0","-3.6777572080439321E-22","2.1163347446124667E-32","1.5429138467690559E-10","-1.1623059423278637E-1","-4.7513153961799211E-30","3.0133918770603998E+0","1.2269335334369141E-2","7.1324533969152892E-1","1.0000000023742399E+0","3.054200000000000E-6"
"1246","1.0002257849131044E+0","-3.6777131451796896E-22","-5.1028817370000300E-26","4.5752145331733871E-11","-1.1575629588056220E-1","-1.0450769910584847E-23","3.0132814095619200E+0","1.2421378363531453E-2","7.2208395882021359E-1","1.0000000003045399E+0","3.054200000000000E-6"
"1245","1.0002276831992234E+0","-3.6776025265794918E-22","2.9524989410733384E-27","-1.3365064223040195E-10","-1.1528199891287749E-1","9.4569371316446731E-25","3.0131713886149898E+0","1.2575948799129330E-2","7.3106950203341847E-1","1.0000000006420300E+0","3.054200000000000E-6"
"1244","1.0002296052963975E+0","-3.6775690066837919E-22","1.2536222691698665E-25","-1.4906467601815939E-11","-1.1480770314431302E-1","2.1689688779423743E-23","3.0130618141794701E+0","1.2733099492435002E-2","7.4020504169998724E-1","1.0000000000000000E+0","3.054200000000000E-6"
"1243","1.0002315516060216E+0","-3.6775464344861990E-22","1.2522723713903359E-26","1.0359072133022363E-10","-1.1433340880480783E-1","-8.2200990295543044E-24","3.0129526862143399E+0","1.2892884629754320E-2","7.4949372779741019E-1","1.0000000006757701E+0","3.054200000000000E-6"
"1242","1.0002335225384722E+0","-3.6775711182959708E-22","4.5397759492995465E-26","-1.5190245393323184E-10","-1.1385911591272613E-1","3.6774677692423241E-23","3.0128440046778802E+0","1.3055359771804751E-2","7.5893879020095956E-1","1.0000000000000000E+0","3.054200000000000E-6"
"1241","1.0002355185131016E+0","-3.6776667153173046E-22","1.0679329810364003E-32","3.5436356779262116E-11","-1.1338482439060091E-1","4.7603534137176166E-30","3.0127357695286601E+0","1.3220581894915933E-2","7.6854354107877465E-1","1.0000000008435099E+0","3.054200000000000E-6"
"1240","1.0002375399574486E+0","-3.6777254384114367E-22","3.3772343295772635E-26","-9.2951630876966956E-11","-1.1291053455511875E-1","-2.3321110890830199E-23","3.0126279807235199E+0","1.3388609433200232E-2","7.7831137734333611E-1","1.0000000006012799E+0","3.054200000000000E-6"
"1239","1.0002395873093135E+0","-3.6776852554479736E-22","-1.1670472576008282E-32","4.0752373011983037E-11","-1.1243624623464649E-1","2.7471932162068137E-30","3.0125206382196299E+0","1.3559502322540506E-2","7.8824578320857752E-1","1.0000000017864099E+0","3.054200000000000E-6"
"1238","1.0002416610151219E+0","-3.6776766497408483E-22","1.3417165061640651E-26","5.0838638392417434E-12","-1.1196195966251352E-1","3.9847605673760265E-23","3.0124137419727899E+0","1.3733322045768137E-2","7.9835033281619117E-1","1.0000000000000000E+0","3.054200000000000E-6"
"1237","1.0002437615317534E+0","-3.6777097490393802E-22","-1.4393320920616372E-26","1.3897757879469636E-11","-1.1148767473687757E-1","6.7173127065469868E-24","3.0123072919384399E+0","1.3910131679693280E-2","8.0862869296960682E-1","1.0000000015585899E+0","3.054200000000000E-6"
"1236","1.0002458893258552E+0","-3.6776529563305992E-22","-3.6388736458592194E-26","9.4578882230602198E-11","-1.1101339145983129E-1","-2.5068325013437197E-23","3.0122012880718998E+0","1.4089995943440108E-2","8.1908462594383324E-1","1.0000000012087400E+0","3.054200000000000E-6"
"1235","1.0002480448734208E+0","-3.6776344597454344E-22","5.8796678294342991E-26","4.2942413347696969E-11","-1.1053911023819794E-1","-3.2420513802344815E-23","3.0120957303268399E+0","1.4272981248756880E-2","8.2972199241010158E-1","1.0000000000000000E+0","3.054200000000000E-6"
"1234","1.0002502286625001E+0","-3.6775606799534214E-22","4.5125705325353246E-26","-7.9056004643850586E-12","-1.1006483079491741E-1","-2.1049375707466958E-24","3.0119906186573000E+0","1.4459155752243357E-2","8.4054475447196686E-1","1.0000000009592400E+0","3.054200000000000E-6"
"1233","1.0002524411909577E+0","-3.6774340166237456E-22","-9.9495269449169692E-28","1.9770092254722930E-11","-1.0959055329738114E-1","1.5910396375778767E-24","3.0118859530160100E+0","1.4648589408903546E-2","8.5155697877845593E-1","1.0000000000000000E+0","3.054200000000000E-6"
"1232","1.0002546829677734E+0","-3.6774186643325856E-22","1.2945229410278170E-26","8.6060717601585174E-11","-1.0911627790020850E-1","-1.6812934812173634E-23","3.0117817333551802E+0","1.4841354027872004E-2","8.6276283976356827E-1","1.0000000020749600E+0","3.054200000000000E-6"
"1231","1.0002569545135820E+0","-3.6774018338266126E-22","-1.3278105206533023E-42","8.4865782689169309E-12","-1.0864200464820332E-1","-6.4857728776213740E-40","3.0116779596261001E+0","1.5037523330616052E-2","8.7416662302970749E-1","1.0000000000000000E+0","3.054200000000000E-6"
"1230","1.0002592563607344E+0","-3.6774144273562765E-22","1.1884204944594098E-27","2.9505828230865261E-11","-1.0816773358080820E-1","1.8936548344376694E-23","3.0115746317800798E+0","1.5237173009992305E-2","8.8577272878077662E-1","1.0000000000000000E+0","3.054200000000000E-6"
"1229","1.0002615890535242E+0","-3.6774221703506674E-22","-2.8440716704643608E-26","-2.0241330223367566E-12","-1.0769346477686507E-1","-1.4474100352807457E-23","3.0114717497670398E+0","1.5440380792875144E-2","8.9758567546291945E-1","1.0000000000000000E+0","3.054200000000000E-6"
"1228","1.0002639531487185E+0","-3.6775170332910912E-22","9.4558539481994209E-27","-4.4343966350859618E-11","-1.0721919826715391E-1","-7.7867406085500507E-25","3.0113693135364499E+0","1.5647226504116991E-2","9.0961010348268012E-1","1.0000000014778700E+0","3.054200000000000E-6"
"1227","1.0002663492153232E+0","-3.6774365273634640E-22","1.1429198985547523E-34","-7.0407546415305747E-11","-1.0674493426608118E-1","9.5405960331594090E-31","3.0112673230370302E+0","1.5857792132778617E-2","9.2185077905712798E-1","1.0000000000000000E+0","3.054200000000000E-6"
"1226","1.0002687778355634E+0","-3.6773563661745541E-22","4.4761267572359677E-26","4.6297128658536355E-11","-1.0627067291353132E-1","-1.6352205013169990E-24","3.0111657782169798E+0","1.6072161901531590E-2","9.3431259824838486E-1","1.0000000004831699E+0","3.054200000000000E-6"
"1225","1.0002712396056392E+0","-3.6774065180762041E-22","3.2113650070087101E-27","-4.1383460560772024E-11","-1.0579641413244621E-1","9.1548417386546387E-25","3.0110646790232600E+0","1.6290422337992268E-2","9.4700059111043844E-1","1.0000000000000000E+0","3.054200000000000E-6"
"1224","1.0002737351350024E+0","-3.6773583489802124E-22","3.2061882156517566E-27","-1.5918705903392282E-11","-1.0532215805321492E-1","-9.0700925873659021E-24","3.0109640254028300E+0","1.6512662348681512E-2","9.5991992598859366E-1","1.0000000004003000E+0","3.054200000000000E-6"
"1223","1.0002762650470247E+0","-3.6775363623857449E-22","2.7813898056042997E-26","-7.4823769945435856E-12","-1.0484790490178729E-1","3.2219737337438651E-24","3.0108638173011801E+0","1.6738973296057041E-2","9.7307591399754578E-1","1.0000000000000000E+0","3.054200000000000E-6"
"1222","1.0002788299803294E+0","-3.6775086221363416E-22","1.0316770103764030E-26","4.2356679520164462E-11","-1.0437365464436860E-1","-8.8372693877422338E-24","3.0107640546636101E+0","1.6969449078105301E-2","9.8647401364824161E-1","1.0000000007832499E+0","3.054200000000000E-6"
"1221","1.0002814305877576E+0","-3.6775613709091287E-22","-7.0931253794669689E-27","-1.7326827649777762E-11","-1.0389940753483497E-1","-2.9000089313554797E-24","3.0106647374342401E+0","1.7204186210914935E-2","1.0001198356480714E+0","1.0000000002450899E+0","3.054200000000000E-6"
"1220","1.0002840675381703E+0","-3.6774173393296323E-22","-3.5695468700974854E-27","-3.4358091075049258E-11","-1.0342516360053591E-1","6.5752519723292319E-24","3.0105658655565501E+0","1.7443283914977650E-2","1.0140191479177401E+0","1.0000000000000000E+0","3.054200000000000E-6"
"1219","1.0002867415158552E+0","-3.6775012619463227E-22","1.9153409119228026E-26","2.9521778985216051E-11","-1.0295092302225595E-1","-1.2449991109761275E-23","3.0104674389735502E+0","1.7686844203366942E-2","1.0281778807173043E+0","1.0000000000000000E+0","3.054200000000000E-6"
"1218","1.0002894532217084E+0","-3.6774880769874137E-22","-5.2346219294691143E-27","-2.8921920972019950E-11","-1.0247668587439709E-1","-1.1125936139233267E-23","3.0103694576270601E+0","1.7934971974883116E-2","1.0426021320609129E+0","1.0000000000000000E+0","3.054200000000000E-6"
"1217","1.0002922033731079E+0","-3.6776894976250105E-22","3.1464621814034935E-26","2.6520769774653610E-11","-1.0200245233434037E-1","-2.5655423106449583E-25","3.0102719214585099E+0","1.8187775109497661E-2","1.0572981732652105E+0","1.0000000012040700E+0","3.054200000000000E-6"
"1216","1.0002949927048561E+0","-3.6776928243030252E-22","1.2501561884563924E-26","-4.7116755174867076E-11","-1.0152822252621042E-1","4.3160609715839270E-24","3.0101748304078799E+0","1.8445364568139871E-2","1.0722724547501712E+0","1.0000000000000000E+0","3.054200000000000E-6"
"1215","1.0002978219692948E+0","-3.6776187041448723E-22","1.9238322696400579E-26","-8.0984744777972943E-12","-1.0105399664772909E-1","7.7257412734524471E-24","3.0100781844152400E+0","1.8707854495793680E-2","1.0875316120323595E+0","1.0000000000000000E+0","3.054200000000000E-6"
"1214","1.0003006919374891E+0","-3.6775996290019131E-22","-3.1422383474052600E-26","-8.1759025784121348E-12","-1.0057977475398504E-1","2.1412012600406728E-24","3.0099819834192600E+0","1.8975362329279186E-2","1.1030824719905223E+0","1.0000000007730301E+0","3.054200000000000E-6"
"1213","1.0003036033984305E+0","-3.6776534581858083E-22","4.1364661603844885E-27","-2.1090662001582302E-11","-1.0010555719809802E-1","3.6905041098530766E-24","3.0098862273578999E+0","1.9248008908332722E-2","1.1189320593229377E+0","1.0000000000000000E+0","3.054200000000000E-6"
"1212","1.0003065571617744E+0","-3.6777033535472679E-22","-1.7319534774322611E-26","2.6096589496828568E-12","-9.9631343913096609E-2","6.5530734561277342E-24","3.0097909161685501E+0","1.9525918591980180E-2","1.1350876033124677E+0","1.0000000000000000E+0","3.054200000000000E-6"
"1211","1.0003095540559426E+0","-3.6777249563379835E-22","-5.6132807491720386E-27","7.1766565176337073E-11","-9.9157135223537377E-2","1.1824309028687672E-23","3.0096960497876699E+0","1.9809219378383421E-2","1.1515565447935139E+0","1.0000000019040300E+0","3.054200000000000E-6"
"1210","1.0003125949302305E+0","-3.6777295683175687E-22","-2.9152379717309395E-26","4.7159090822166606E-11","-9.8682931349587888E-2","-5.2432710451155321E-24","3.0096016281507598E+0","2.0098043030331029E-2","1.1683465434470890E+0","1.0000000007493499E+0","3.054200000000000E-6"
"1209","1.0003156806555267E+0","-3.6778553452558555E-22","-3.8885433340183454E-26","-1.3827763117118151E-11","-9.8208732382974853E-2","-4.6967183318716299E-24","3.0095076511925600E+0","2.0392525205410950E-2","1.1854654853680595E+0","1.0000000000000000E+0","3.054200000000000E-6"
"1208","1.0003188121240931E+0","-3.6777525200478629E-22","2.5542339953464050E-26","4.7945230776213956E-11","-9.7734538553671008E-2","-4.0024100482313757E-25","3.0094141188475398E+0","2.0692805590969178E-2","1.2029214909106121E+0","1.0000000004664999E+0","3.054200000000000E-6"
"1207","1.0003219902505318E+0","-3.6779185719142107E-22","6.2694968887402739E-27","-3.8136554230588743E-11","-9.7260350137513357E-2","7.4987613391170739E-24","3.0093210310484801E+0","2.0999028044903261E-2","1.2207229228729100E+0","1.0000000003106599E+0","3.054200000000000E-6"
"1206","1.0003252159728535E+0","-3.6779773830010411E-22","4.2911140015764086E-27","1.1134459126898618E-11","-9.6786167333381273E-2","-2.3797331902719290E-24","3.0092283877281498E+0","2.1311340741874473E-2","1.2388783949967519E+0","1.0000000000962601E+0","3.054200000000000E-6"
"1205","1.0003284902528347E+0","-3.6779824967103861E-22","3.0439439771284384E-27","-1.7721938926990382E-11","-9.6311990377742462E-2","-2.5363408523826537E-24","3.0091361888180499E+0","2.1629896325805014E-2","1.2573967808325934E+0","1.0000000000000000E+0","3.054200000000000E-6"
"1204","1.0003318140767932E+0","-3.6778172466317853E-22","-9.2871496591601419E-27","-2.7470403484066783E-12","-9.5837819528429735E-2","5.5368436033744862E-24","3.0090444342491200E+0","2.1954852067713169E-2","1.2762872229148754E+0","1.0000000000000000E+0","3.054200000000000E-6"
"1203","1.0003351884564513E+0","-3.6777296357672558E-22","1.0297232796332685E-26","-5.6576406661071145E-11","-9.5363655038131087E-2","2.3450058168353336E-24","3.0089531239512999E+0","2.2286370031022181E-2","1.2955591423718178E+0","1.0000000000000000E+0","3.054200000000000E-6"
"1202","1.0003386144297253E+0","-3.6778563772464748E-22","2.2081423958173511E-26","-5.0123071740711493E-12","-9.4889497152379362E-2","5.2952976051062157E-25","3.0088622578543101E+0","2.2624617242527748E-2","1.3152222488641634E+0","1.0000000000000000E+0","3.054200000000000E-6"
"1201","1.0003420930611449E+0","-3.6776598129848909E-22","4.3871523519608496E-27","1.7892590210088351E-11","-9.4415346226254804E-2","-4.2737673836048361E-25","3.0087718358864000E+0","2.2969765871633602E-2","1.3352865510045637E+0","1.0000000000899101E+0","3.054200000000000E-6"
"1200","1.0003456254434109E+0","-3.6776328198029452E-22","3.6400636394532574E-27","-3.3507348186615581E-11","-9.3941202522702646E-2","5.0666300014717352E-24","3.0086818579754802E+0","2.3321993415567278E-2","1.3557623671246066E+0","1.0000000000000000E+0","3.054200000000000E-6"
"1199","1.0003492126978601E+0","-3.6775031297281834E-22","1.6194439049027648E-27","4.2195376345879615E-11","-9.3467066330917795E-2","5.6452013339374423E-24","3.0085923240489301E+0","2.3681482893661118E-2","1.3766603365688295E+0","1.0000000019298501E+0","3.054200000000000E-6"
"1198","1.0003528559750874E+0","-3.6774599785061094E-22","1.8668114919853987E-26","-2.5267698836923620E-11","-9.2992938046409929E-2","2.4066941726298411E-24","3.0085032340327502E+0","2.4048423048999148E-2","1.3979914314169266E+0","1.0000000000000000E+0","3.054200000000000E-6"
"1197","1.0003565564566101E+0","-3.6773561122748442E-22","-2.5987612934379937E-26","2.2536175258556629E-11","-9.2518817973805720E-2","-3.0074151046144888E-25","3.0084145878530499E+0","2.4423008558041550E-2","1.4197669686697121E+0","1.0000000000000000E+0","3.054200000000000E-6"
"1196","1.0003603153551608E+0","-3.6772543541649816E-22","-6.9349636911285764E-27","-9.9271001763976013E-12","-9.2044706516278871E-2","-1.5513341789692995E-24","3.0083263854346298E+0","2.4805440250621688E-2","1.4419986230380659E+0","1.0000000000000000E+0","3.054200000000000E-6"
"1195","1.0003641339162634E+0","-3.6773800983639227E-22","2.3432998018979481E-26","-6.8444832747448178E-12","-9.1570604026310204E-2","5.3426218145446834E-24","3.0082386267021901E+0","2.5195925337318976E-2","1.4646984401606538E+0","1.0000000000000000E+0","3.054200000000000E-6"
"1194","1.0003680134188129E+0","-3.6774583516541237E-22","-5.9920221679477693E-27","-1.8187388944933271E-11","-9.1096510932988123E-2","-6.6740991403520610E-25","3.0081513115794398E+0","2.5594677648237137E-2","1.4878788504846681E+0","1.0000000000000000E+0","3.054200000000000E-6"
"1193","1.0003719551764256E+0","-3.6774320802324441E-22","7.4211814250684638E-27","1.8868943866544715E-12","-9.0622427674580230E-2","3.6208094814719646E-24","3.0080644399897500E+0","2.6001917880882863E-2","1.5115526836755997E+0","1.0000000000000000E+0","3.054200000000000E-6"
"1192","1.0003759605387488E+0","-3.6772340795006395E-22","-1.1487525487291034E-26","-2.1676278721918112E-12","-9.0148354662428140E-2","1.2092506070178277E-24","3.0079780118558102E+0","2.6417873859172894E-2","1.5357331836739276E+0","1.0000000009469701E+0","3.054200000000000E-6"
"1191","1.0003800308920530E+0","-3.6770194875251567E-22","7.5704920329020009E-27","1.4065662903774771E-11","-8.9674292421840218E-2","-1.3011572227221268E-24","3.0078920270998499E+0","2.6842780803174520E-2","1.5604340243757691E+0","1.0000000000000000E+0","3.054200000000000E-6"
"1190","1.0003841676612584E+0","-3.6767006993918450E-22","1.0075676800721791E-26","-7.3516088486075147E-12","-8.9200241403742789E-2","4.2854354930466941E-24","3.0078064856437501E+0","2.7276881611597865E-2","1.5856693260548229E+0","1.0000000000000000E+0","3.054200000000000E-6"
"1189","1.0003883723104181E+0","-3.6765594765246044E-22","-6.0687015512613995E-28","-1.0360215069170063E-11","-8.8726202172248386E-2","-2.0247335093561241E-24","3.0077213874089899E+0","2.7720427154935001E-2","1.6114536724032327E+0","1.0000000008572101E+0","3.054200000000000E-6"
"1188","1.0003926463447252E+0","-3.6765240310494150E-22","6.7517580523877229E-27","-7.6129337589727404E-12","-8.8252175249888890E-2","1.0693710300621781E-25","3.0076367323164899E+0","2.8173676583323721E-2","1.6378021284284363E+0","1.0000000000000000E+0","3.054200000000000E-6"
"1187","1.0003969913113238E+0","-3.6765150524452687E-22","-5.6491025646551551E-27","3.6298220538831965E-12","-8.7778161244643202E-2","3.1588373652095541E-24","3.0075525202872102E+0","2.8636897646474875E-2","1.6647302590512927E+0","1.0000000000000000E+0","3.054200000000000E-6"
"1186","1.0004014088012663E+0","-3.6765806708742259E-22","1.1290432461240752E-26","8.3872616021890871E-12","-8.7304160737349840E-2","-1.6079162011464565E-24","3.0074687512417202E+0","2.9110367028446184E-2","1.6922541485672709E+0","1.0000000000000000E+0","3.054200000000000E-6"
"1185","1.0004059004504409E+0","-3.6764416560982758E-22","-3.7794642303132041E-27","1.4247655408421487E-11","-8.6830174404457935E-2","1.6230701498022741E-24","3.0073854251005598E+0","2.9594370697303422E-2","1.7203904209730798E+0","1.0000000016329900E+0","3.054200000000000E-6"
"1184","1.0004104679415609E+0","-3.6763214035699050E-22","-5.0625621889842266E-27","-5.5937358388773288E-12","-8.6356202924989328E-2","1.9987133237463737E-24","3.0073025417840000E+0","3.0089204270271008E-2","1.7491562611937297E+0","1.0000000000000000E+0","3.054200000000000E-6"
"1183","1.0004151130056085E+0","-3.6761396595453826E-22","-4.0051100826057501E-27","-6.6267197520832953E-12","-8.5882247015691318E-2","-3.6979760277840070E-24","3.0072201012126700E+0","3.0595173395266791E-2","1.7785694372620484E+0","1.0000000000000000E+0","3.054200000000000E-6"
"1182","1.0004198374236069E+0","-3.6759902695150043E-22","-8.2191587196812326E-27","-1.1941214614728219E-11","-8.5408307415640372E-2","1.4337633850350980E-24","3.0071381033072000E+0","3.1112594149809741E-2","1.8086483235081232E+0","1.0000000000000000E+0","3.054200000000000E-6"
"1181","1.0004246430280497E+0","-3.6761679516483917E-22","2.7468310835899666E-27","-2.7160497113464218E-11","-8.4934384950738878E-2","4.5453522560456462E-25","3.0070565479883600E+0","3.1641793457770566E-2","1.8394119247859952E+0","1.0000000000000000E+0","3.054200000000000E-6"
"1180","1.0004295317051235E+0","-3.6761276638948688E-22","-3.4826698795690029E-27","-9.0410013393039601E-12","-8.4460480450895589E-2","7.8300856957305067E-25","3.0069754351775302E+0","3.2183109525254078E-2","1.8708799018125286E+0","1.0000000001768301E+0","3.054200000000000E-6"
"1179","1.0004345053962451E+0","-3.6760158893840358E-22","6.4274854480137282E-28","1.4758826635250764E-11","-8.3986594824358746E-2","-5.4530587852385757E-25","3.0068947647963302E+0","3.2736892296740823E-2","1.9030725976839946E+0","1.0000000013398200E+0","3.054200000000000E-6"
"1178","1.0004395661002468E+0","-3.6759123379940474E-22","-2.7749180695084012E-27","1.3976800075337336E-11","-8.3512729013977147E-2","8.5290463713002194E-25","3.0068145367670800E+0","3.3303503931521809E-2","1.9360110655723464E+0","1.0000000001686000E+0","3.054200000000000E-6"
"1177","1.0004447158754362E+0","-3.6758443225237412E-22","-5.6619930545141820E-27","-6.4154942748268412E-12","-8.3038883997917770E-2","1.4554359825513645E-25","3.0067347510129898E+0","3.3883319302856235E-2","1.9697170977424301E+0","1.0000000000000000E+0","3.054200000000000E-6"
"1176","1.0004499568414440E+0","-3.6757150053040786E-22","-1.3375300833550014E-27","-1.7867074575329361E-11","-8.2565060844146082E-2","-1.8659148919951944E-24","3.0066554074582301E+0","3.4476726519652036E-2","2.0042132558785046E+0","1.0000000000000000E+0","3.054200000000000E-6"
"1175","1.0004552911816260E+0","-3.6757674572629148E-22","-4.1814020059951801E-27","4.8472042240174183E-12","-8.2091260678483449E-2","-6.7733064110521719E-25","3.0065765060279701E+0","3.5084127473148520E-2","2.0395229028641890E+0","1.0000000000000000E+0","3.054200000000000E-6"
"1174","1.0004607211455621E+0","-3.6761415280847268E-22","3.0926989177447256E-27","3.5427843380440296E-12","-8.1617484652517835E-2","8.4294715330183623E-25","3.0064980466488298E+0","3.5705938408693218E-2","2.0756702360211965E+0","1.0000000005390901E+0","3.054200000000000E-6"
"1173","1.0004662490509169E+0","-3.6762763741386578E-22","3.4455132742638045E-27","-1.0207628470418245E-11","-8.1143734043778698E-2","-1.1486527366393635E-24","3.0064200292489001E+0","3.6342590524651330E-2","2.1126803219253505E+0","1.0000000001917799E+0","3.054200000000000E-6"
"1172","1.0004718772865278E+0","-3.6762741828453894E-22","2.0247892585280005E-27","4.9643135006729376E-13","-8.0670010155948782E-2","-5.7876858004763536E-26","3.0063424537580099E+0","3.6994530599686007E-2","2.1505791328718638E+0","1.0000000000000000E+0","3.054200000000000E-6"
"1171","1.0004776083145430E+0","-3.6762649291663632E-22","-3.7281393528532509E-28","1.4523800312050618E-12","-8.0196314402176463E-2","-7.4653902764215380E-25","3.0062653201081799E+0","3.7662221649220569E-2","2.1893935850370316E+0","1.0000000000000000E+0","3.054200000000000E-6"
"1170","1.0004834446734991E+0","-3.6763848101856496E-22","4.6299144010775267E-28","-5.4817059266334799E-12","-7.9722648250295791E-2","-1.2141341552221873E-24","3.0061886282335699E+0","3.8346143614420979E-2","2.2291515785304048E+0","1.0000000000000000E+0","3.054200000000000E-6"
"1169","1.0004893889808759E+0","-3.6764050632605353E-22","1.1723704202301185E-27","-7.3942020796340174E-12","-7.9249013270977733E-2","-2.0251555684293448E-24","3.0061123780710801E+0","3.9046794082701480E-2","2.2698820392794792E+0","1.0000000000000000E+0","3.054200000000000E-6"
"1168","1.0004954439360083E+0","-3.6764317554683370E-22","-8.5017553315425299E-29","2.3743387971015053E-12","-7.8775411148969743E-2","-3.3618247714992268E-25","3.0060365695604099E+0","3.9764689043854308E-2","2.3116149629852942E+0","1.0000000000000000E+0","3.054200000000000E-6"
"1167","1.0005016123234387E+0","-3.6764349491981324E-22","-5.2525425150086430E-27","-7.2292302294107544E-12","-7.8301843642454516E-2","-7.2960524546529827E-25","3.0059612026445799E+0","4.0500363682179984E-2","2.3543814611708309E+0","1.0000000000000000E+0","3.054200000000000E-6"
"1166","1.0005078970159473E+0","-3.6765845278858137E-22","-2.5611928809772616E-27","8.7035556984936400E-12","-7.7828312617006679E-2","7.9664845379569213E-25","3.0058862772703101E+0","4.1254373207180034E-2","2.3982138094711360E+0","1.0000000000301199E+0","3.054200000000000E-6"
"1165","1.0005143009777726E+0","-3.6766663235373722E-22","1.1695541689836275E-27","-1.1979086713097616E-11","-7.7354820070180255E-2","1.0984421490895663E-25","3.0058117933883000E+0","4.2027293724460617E-2","2.4431454982609990E+0","1.0000000000000000E+0","3.054200000000000E-6"
"1164","1.0005208272682096E+0","-3.6767634345980508E-22","-8.5512523329663895E-28","-9.4481419038659777E-12","-7.6881368117706170E-2","-4.1155037822760239E-25","3.0057377509538998E+0","4.2819723148919707E-2","2.4892112857406716E+0","1.0000000000000000E+0","3.054200000000000E-6"
"1163","1.0005274790452028E+0","-3.6764192437231175E-22","1.1595112411771626E-26","7.9444285985674051E-12","-7.6407959007896306E-2","1.0616110361523981E-24","3.0056641499273300E+0","4.3632282162981283E-2","2.5364472536402776E+0","1.0000000000000000E+0","3.054200000000000E-6"
"1162","1.0005342595692350E+0","-3.6762221161997889E-22","9.7748535249045536E-28","1.5491317789163360E-13","-7.5934595112777059E-2","-4.4558990539937388E-25","3.0055909902744200E+0","4.4465615221598719E-2","2.5848908656430245E+0","1.0000000002666600E+0","3.054200000000000E-6"
"1161","1.0005411722070079E+0","-3.6760284124673685E-22","-7.4642403797259771E-27","-1.0413089795703016E-11","-7.5461278975040527E-2","3.5434338562051595E-25","3.0055182719670599E+0","4.5320391606272083E-2","2.6345810286577107E+0","1.0000000000000000E+0","3.054200000000000E-6"
"1160","1.0005482204356808E+0","-3.6758516441599853E-22","-2.8890861253131450E-27","7.5983134358764199E-12","-7.4988013296644174E-2","-5.2130996854517462E-25","3.0054459949839498E+0","4.6197306531959560E-2","2.6855581571660903E+0","1.0000000001172400E+0","3.054200000000000E-6"
"1159","1.0005554078472794E+0","-3.6757185857710264E-22","2.4076396179951096E-27","-3.2243100489406414E-12","-7.4514800934207120E-2","-3.5617593357746867E-25","3.0053741593110801E+0","4.7097082307601963E-2","2.7378642406868949E+0","1.0000000005899401E+0","3.054200000000000E-6"
"1158","1.0005627381528093E+0","-3.6759218629554034E-22","-9.9084312832447642E-27","8.9797323798244105E-12","-7.4041644955106137E-2","3.8950648144772950E-26","3.0053027649426900E+0","4.8020469554671263E-2","2.7915429146129287E+0","1.0000000011903700E+0","3.054200000000000E-6"
"1157","1.0005702151871947E+0","-3.6761705684655530E-22","1.7956748485353307E-27","1.2531222205221134E-12","-7.3568548612673895E-2","8.3423180569500285E-25","3.0052318118817900E+0","4.8968248486349404E-2","2.8466395345727427E+0","1.0000000000000000E+0","3.054200000000000E-6"
"1156","1.0005778429140810E+0","-3.6762117899951542E-22","1.0271663765205011E-27","-4.2200834226723249E-12","-7.3095515363809593E-2","-2.1959078959937170E-25","3.0051613001413400E+0","4.9941230249378903E-2","2.9032012544355670E+0","1.0000000002929501E+0","3.054200000000000E-6"
"1155","1.0005856254308170E+0","-3.6763006460597098E-22","1.0209097162437297E-27","1.5994925931326769E-11","-7.2622548894033676E-2","-1.9294908470578157E-25","3.0050912297449801E+0","5.0940258333390741E-2","2.9612771082388596E+0","1.0000000012020001E+0","3.054200000000000E-6"
"1154","1.0005935669735269E+0","-3.6760880544136092E-22","9.3232713178614752E-27","-3.6927131536321756E-12","-7.2149653156137306E-2","-7.7381276715633880E-27","3.0050216007279000E+0","5.1966210049899507E-2","3.0209180961657767E+0","1.0000000000000000E+0","3.054200000000000E-6"
"1153","1.0006016719230284E+0","-3.6756571865342138E-22","3.2531550145741152E-27","8.4390277330929660E-13","-7.1676832330838242E-2","5.2073579336197039E-25","3.0049524131384500E+0","5.3019998084606348E-2","3.0821772747841916E+0","1.0000000002329399E+0","3.054200000000000E-6"
"1152","1.0006099448100614E+0","-3.6758092871800049E-22","1.9494381341779181E-27","-4.1126429184318295E-13","-7.1204090906921133E-2","-7.1492287616380340E-25","3.0048836670387100E+0","5.4102572127400383E-2","3.1451098518025180E+0","1.0000000000000000E+0","3.054200000000000E-6"
"1151","1.0006183903214896E+0","-3.6759915162168857E-22","2.6096726346044393E-27","-5.6732052577479798E-13","-7.0731433666689977E-2","1.4143665125634382E-25","3.0048153625062199E+0","5.5214920582539316E-2","3.2097732854865324E+0","1.0000000003487000E+0","3.054200000000000E-6"
"1150","1.0006270133064206E+0","-3.6756915279989068E-22","-2.0916557526748646E-27","9.3381768944759662E-12","-7.0258865716723545E-2","4.8534614038056286E-26","3.0047474996351902E+0","5.6358072363962501E-2","3.2762273890251481E+0","1.0000000004255301E+0","3.054200000000000E-6"
"1149","1.0006358187826476E+0","-3.6758288068867889E-22","-1.2903151283593084E-27","-3.5498584476117913E-13","-6.9786392510242296E-2","-3.9501473045182641E-25","3.0046800785380299E+0","5.7533098779571218E-2","3.3445344400680597E+0","1.0000000000000000E+0","3.054200000000000E-6"
"1148","1.0006448119431912E+0","-3.6753772205903571E-22","7.3970113413041443E-28","5.0556700518258910E-12","-6.9314019887013911E-2","3.3251057153291988E-25","3.0046130993471900E+0","5.8741115507060314E-2","3.4147592955854931E+0","1.0000000002419900E+0","3.054200000000000E-6"
"1147","1.0006539981634897E+0","-3.6755549760309149E-22","3.4083290920492149E-27","2.0996369361679601E-13","-6.8841754077564862E-2","-1.0958307652705321E-25","3.0045465622165999E+0","5.9983284668447677E-2","3.4869695124654796E+0","1.0000000003413800E+0","3.054200000000000E-6"
"1146","1.0006633830083438E+0","-3.6753085301052403E-22","2.8929754806505242E-29","4.6782081961421297E-12","-6.8369601759805027E-2","1.9640768195364144E-25","3.0044804673239600E+0","6.1260817003957441E-2","3.5612354738868057E+0","1.0000000005277001E+0","3.054200000000000E-6"
"1145","1.0006729722396221E+0","-3.6751226173183700E-22","1.1457917624588172E-27","4.3775854701577089E-12","-6.7897570070409460E-2","2.1124336336761530E-25","3.0044148148726699E+0","6.2574974152553711E-2","3.6376305218918072E+0","1.0000000004229801E+0","3.054200000000000E-6"
"1144","1.0006827718237599E+0","-3.6758435594841793E-22","8.7064413303800271E-28","3.9026293515026915E-13","-6.7425666667224354E-2","1.1176283055660107E-25","3.0043496050941401E+0","6.3927071041779818E-2","3.7162310963133494E+0","1.0000000000000000E+0","3.054200000000000E-6"
"1143","1.0006927879401462E+0","-3.6758726494698149E-22","2.1412037491125329E-27","1.4493051650172960E-12","-6.6953899733403210E-2","-1.4481331913140584E-25","3.0042848382503400E+0","6.5318478391267823E-2","3.7971168803097237E+0","1.0000000001557701E+0","3.054200000000000E-6"
"1142","1.0007030269890747E+0","-3.6757398646241801E-22","-1.7189898732540143E-27","2.9381503018169282E-14","-6.6482278056650690E-2","3.9992308155238186E-26","3.0042205146363901E+0","6.6750625334420916E-2","3.8803709527692183E+0","1.0000000000000000E+0","3.054200000000000E-6"
"1141","1.0007134956006274E+0","-3.6756283488630724E-22","7.8495402993966970E-28","1.6971922292465789E-12","-6.6010811046952084E-2","-6.8484812008676648E-26","3.0041566345836199E+0","6.8225002162289342E-2","3.9660799478180855E+0","1.0000000002493801E+0","3.054200000000000E-6"
"1140","1.0007242006433181E+0","-3.6760793265760143E-22","-3.8217139994860521E-28","3.9447917754841713E-12","-6.5539508809267205E-2","1.1252956368231904E-26","3.0040931984626198E+0","6.9743163193130620E-2","4.0543342216348259E+0","1.0000000003017600E+0","3.054200000000000E-6"
"1139","1.0007351492334058E+0","-3.6762431854879947E-22","2.2426175362336797E-27","-3.7088477174189081E-12","-6.5068382181122375E-2","8.0894142889689066E-26","3.0040302066867999E+0","7.1306729771288449E-2","4.1452280267820836E+0","1.0000000000000000E+0","3.054200000000000E-6"
"1138","1.0007463487442823E+0","-3.6769183882125995E-22","2.5239123541172040E-28","1.2493945145420338E-12","-6.4597442794080001E-2","-1.2689621259172859E-25","3.0039676597160900E+0","7.2917393398883534E-2","4.2388596942591965E+0","1.0000000003802301E+0","3.054200000000000E-6"
"1137","1.0007578068159644E+0","-3.6768010435964095E-22","8.9310013915181761E-28","1.1543326340991676E-12","-6.4126703152318346E-2","1.2232806546026949E-26","3.0039055580609100E+0","7.4576919001558051E-2","4.3353318233476168E+0","1.0000000005256100E+0","3.054200000000000E-6"
"1136","1.0007695313651515E+0","-3.6765113104562922E-22","4.4162192028867399E-28","1.2046525807513880E-12","-6.3656176686039290E-2","-2.9897956719255389E-26","3.0038439022867198E+0","7.6287148332371449E-2","4.4347514794873790E+0","1.0000000000710301E+0","3.054200000000000E-6"
"1135","1.0007815305953121E+0","-3.6768609723091290E-22","-1.1219118441147439E-27","1.5949860802215401E-12","-6.3185877828588005E-2","3.4776390664795966E-26","3.0037826930187101E+0","7.8050003512664307E-2","4.5372304001158534E+0","1.0000000000000000E+0","3.054200000000000E-6"
"1134","1.0007938130068037E+0","-3.6768094093679337E-22","-5.9560097929814015E-28","-5.0852552194742677E-13","-6.2715822110434805E-2","6.1590973337614867E-26","3.0037219309469898E+0","7.9867490711241676E-2","4.6428852085473302E+0","1.0000000000000000E+0","3.054200000000000E-6"
"1133","1.0008063874074571E+0","-3.6763790745218194E-22","1.7931799191398347E-27","2.9576911092279077E-12","-6.2246026234804908E-2","7.6364492016330350E-26","3.0036616168322099E+0","8.1741703960542589E-2","4.7518376358159369E+0","1.0000000008991801E+0","3.054200000000000E-6"
"1132","1.0008192629229831E+0","-3.6755118040891481E-22","5.4868815456247290E-28","7.6000623575802544E-13","-6.1776508182837891E-2","3.3861033525269634E-26","3.0036017515115598E+0","8.3674829106276341E-2","4.8642147502772879E+0","1.0000000000000000E+0","3.054200000000000E-6"
"1131","1.0008324490076308E+0","-3.6754256341955708E-22","6.2687904155069551E-28","-9.8215242282338125E-13","-6.1307287310533802E-2","6.6401448028395196E-26","3.0035423359054900E+0","8.5669147887037556E-2","4.9801491947661152E+0","1.0000000000000000E+0","3.054200000000000E-6"
"1130","1.0008459554545872E+0","-3.6748945504129143E-22","1.0767281884962549E-27","6.3917821125933156E-13","-6.0838384473017482E-2","-3.3253334064709441E-26","3.0034833710246800E+0","8.7727042135668745E-2","5.0997794308313580E+0","1.0000000003481599E+0","3.054200000000000E-6"
"1129","1.0008597924065910E+0","-3.6744427955918223E-22","-6.4990973914138449E-28","-1.0287738100332404E-13","-6.0369822135223787E-2","-9.8761360140086909E-28","3.0034248579778100E+0","8.9850998094285359E-2","5.2232499895787230E+0","1.0000000004639300E+0","3.054200000000000E-6"
"1128","1.0008739703659784E+0","-3.6742975629783916E-22","1.6734922880453246E-29","-4.8192518624589382E-13","-5.9901624519758993E-2","4.8337613552939832E-26","3.0033667979798300E+0","9.2043610829216138E-2","5.3507117283215653E+0","1.0000000000000000E+0","3.054200000000000E-6"
"1127","1.0008885002049210E+0","-3.6746082516647594E-22","4.5038228347461776E-29","-7.3364054578425140E-13","-5.9433817731253544E-2","-1.9328316515654561E-26","3.0033091923609900E+0","9.4307588730447908E-2","5.4823220921441953E+0","1.0000000000000000E+0","3.054200000000000E-6"
"1126","1.0009033931746396E+0","-3.6741822880538825E-22","-1.1146916591423888E-27","-7.5759234209937214E-13","-5.8966429934340120E-2","2.8401770838197701E-26","3.0032520425764302E+0","9.6645758073848717E-2","5.6182453791146525E+0","1.0000000003961500E+0","3.054200000000000E-6"
"1125","1.0009186609144631E+0","-3.6744977326759279E-22","-4.9507342915344557E-28","-1.2384955967348187E-12","-5.8499491513538449E-2","1.8436847142636825E-26","3.0031953502166400E+0","9.9061067621719914E-2","5.7586530077256244E+0","1.0000000000000000E+0","3.054200000000000E-6"
"1124","1.0009343154601198E+0","-3.6748524300180600E-22","-4.3653901745227206E-28","-3.5834978146620076E-13","-5.8033035249474806E-2","-9.6636642447594828E-27","3.0031391170186401E+0","1.0155659322976716E-1","5.9037237847085153E+0","1.0000000000000000E+0","3.054200000000000E-6"
"1123","1.0009503692507793E+0","-3.6756728224550915E-22","3.9644121976894340E-28","-6.9048313211421198E-13","-5.7567096527313288E-2","-2.9208091953460629E-26","3.0030833448780299E+0","1.0413554242081620E-1","6.0536441709143052E+0","1.0000000000000000E+0","3.054200000000000E-6"
"1122","1.0009668351351093E+0","-3.6753029803184433E-22","4.2574645417833293E-28","1.0844943646014463E-12","-5.7101713546571634E-2","-1.4048610371746664E-26","3.0030280358617998E+0","1.0680125888180841E-1","6.2086085427344884E+0","1.0000000004462199E+0","3.054200000000000E-6"
"1121","1.0009837263759074E+0","-3.6759843497967571E-22","-1.3260755006586679E-28","1.4610227315419862E-12","-5.6636927545519793E-2","-2.8495997442209332E-26","3.0029731922221599E+0","1.0955722682704086E-1","6.3688194457464853E+0","1.0000000005823200E+0","3.054200000000000E-6"
"1120","1.0010010566527119E+0","-3.6761394647894193E-22","2.4855603180769934E-28","1.3059751627333385E-12","-5.6172783056283711E-2","-1.2052418013163999E-26","3.0029188164111700E+0","1.1240707516306139E-1","6.5344878368287986E+0","1.0000000001377800E+0","3.054200000000000E-6"
"1119","1.0010188400625919E+0","-3.6768955262860878E-22","4.8149048773387478E-28","1.3198553805252367E-12","-5.5709328160139522E-2","-1.1546624284675009E-26","3.0028649110963799E+0","1.1535458137887879E-1","6.7058333103080807E+0","1.0000000000653999E+0","3.054200000000000E-6"
"1118","1.0010370911181583E+0","-3.6782001746939196E-22","-4.5245965922110844E-28","6.2020197521487112E-13","-5.5246614775347355E-2","1.6369124241286849E-26","3.0028114791773302E+0","1.1840367507224533E-1","6.8830843029502455E+0","1.0000000005190000E+0","3.054200000000000E-6"
"1117","1.0010558247426204E+0","-3.6781425804622216E-22","9.2101144715740319E-29","3.8836134158497263E-13","-5.4784698962140534E-2","1.4753784493095573E-26","3.0027585238030401E+0","1.2155844100674275E-1","7.0664782716760639E+0","1.0000000000098399E+0","3.054200000000000E-6"
"1116","1.0010750562615902E+0","-3.6790244439386001E-22","-2.9967174123862994E-28","-8.3258695654097678E-13","-5.4323641234987577E-2","1.2908614894067006E-26","3.0027060483903099E+0","1.2482312158270378E-1","7.2562618372016532E+0","1.0000000001644100E+0","3.054200000000000E-6"
"1115","1.0010948013905285E+0","-3.6776812995189067E-22","-1.9724861410639823E-29","1.0086614254532662E-12","-5.3863506910260137E-2","-1.6261797269200501E-26","3.0026540566428799E+0","1.2820211858170633E-1","7.4526908854500222E+0","1.0000000003458001E+0","3.054200000000000E-6"
"1114","1.0011150762176599E+0","-3.6782424762835333E-22","5.9417447458562067E-28","4.0405406863794228E-13","-5.3404366465962617E-2","2.4978364976727777E-26","3.0026025525713300E+0","1.3169999403041188E-1","7.6560306177680424E+0","1.0000000000000000E+0","3.054200000000000E-6"
"1113","1.0011358971817015E+0","-3.6777704651714736E-22","-5.6178851605442095E-28","7.6041062664563660E-13","-5.2946295911602083E-2","-1.2671706721053356E-26","3.0025515405136298E+0","1.3532147000777051E-1","7.8665555397188101E+0","1.0000000002898899E+0","3.054200000000000E-6"
"1112","1.0011572810431548E+0","-3.6764793591418565E-22","-3.6345135336599743E-28","-3.1637367703166534E-14","-5.2489377192758105E-2","-1.4165740038360451E-27","3.0025010251559801E+0","1.3907142719755056E-1","8.0845493769367973E+0","1.0000000000000000E+0","3.054200000000000E-6"
"1111","1.0011792448490520E+0","-3.6763440121852928E-22","-4.4628242248968420E-28","2.2256365022050694E-13","-5.2033698593579390E-2","-2.3592060380493429E-26","3.0024510115540601E+0","1.4295490196758059E-1","8.3103049053373077E+0","1.0000000000000000E+0","3.054200000000000E-6"
"1110","1.0012018058898942E+0","-3.6757041893541344E-22","1.6150254860772330E-28","6.7012936889357554E-13","-5.1579355156841568E-2","-6.8542505671647323E-27","3.0024015051541100E+0","1.4697708173548632E-1","8.5441236817158597E+0","1.0000000004522100E+0","3.054200000000000E-6"
"1109","1.0012249816478436E+0","-3.6755561103498009E-22","2.8353618957404515E-28","1.2631476772406766E-13","-5.1126449118545580E-2","1.0895441274126938E-26","3.0023525118135299E+0","1.5114329835863613E-1","8.7863156594901604E+0","1.0000000002285301E+0","3.054200000000000E-6"
"1108","1.0012487897356819E+0","-3.6746731373910346E-22","-1.4121444146168359E-28","3.7877937216711983E-13","-5.0675090333325817E-2","4.8034746215450244E-27","3.0023040378207901E+0","1.5545901926867386E-1","9.0371986733296357E+0","1.0000000000000000E+0","3.054200000000000E-6"
"1107","1.0012732478251622E+0","-3.6739138344881782E-22","-1.4850785691090852E-28","-7.5410297508254831E-13","-5.0225396707293604E-2","-9.1871794264977372E-27","3.0022560899137400E+0","1.5992983605367023E-1","9.2970977754090125E+0","1.0000000000000000E+0","3.054200000000000E-6"
"1106","1.0012983735642382E+0","-3.6741885996728935E-22","-5.7696649666721008E-29","-7.3058558417115814E-13","-4.9777494613061843E-2","-8.0141178020476402E-27","3.0022086752961199E+0","1.6456145018233032E-1","9.5663444055229103E+0","1.0000000000000000E+0","3.054200000000000E-6"
"1105","1.0013241844821197E+0","-3.6750107882684434E-22","1.1653477130424868E-28","3.0086436199922866E-13","-4.9331519288596505E-2","3.6428428526595054E-27","3.0021618016511300E+0","1.6935965555781976E-1","9.8452753768986838E+0","1.0000000001025000E+0","3.054200000000000E-6"
"1104","1.0013506978816376E+0","-3.6744028574907368E-22","2.3091771123790469E-28","7.2070194519005931E-13","-4.8887615201409017E-2","9.1230815168312405E-28","3.0021154771515199E+0","1.7433031759848452E-1","1.0134231660109442E+1","1.0000000001766001E+0","3.054200000000000E-6"
"1103","1.0013779307182435E+0","-3.6763270791157822E-22","1.0819060139120789E-29","4.8579201042910976E-13","-4.8445936369752703E-2","-6.4428532273298248E-28","3.0020697104651402E+0","1.7947934855553163E-1","1.0433556948232727E+1","1.0000000001852001E+0","3.054200000000000E-6"
"1102","1.0014058994654034E+0","-3.6776846547810291E-22","-1.5055105153862644E-29","8.0944809696382999E-14","-4.8006646623743703E-2","-1.8980565410903682E-27","3.0020245107548100E+0","1.8481267881668598E-1","1.0743595988664557E+1","1.0000000001786100E+0","3.054200000000000E-6"
"1101","1.0014346199663551E+0","-3.6769202423627234E-22","1.0571259591701912E-28","-3.7920378840811265E-13","-4.7569919790064114E-2","2.6418328557144055E-27","3.0019798876714301E+0","1.9033622398864944E-1","1.1064692669545286E+1","1.0000000000000000E+0","3.054200000000000E-6"
"1100","1.0014641072725967E+0","-3.6774884065854804E-22","3.4732780246429951E-29","1.2105130919997196E-13","-4.7135939780423755E-2","-4.6139861930747321E-28","3.0019358513391499E+0","1.9605584762859038E-1","1.1397187853253389E+1","1.0000000002360301E+0","3.054200000000000E-6"
"1099","1.0014943754698944E+0","-3.6752254529160658E-22","-1.1101247940001786E-28","-4.2183879558450854E-13","-4.6704900566649235E-2","9.5641783353298428E-29","3.0018924123310899E+0","2.0197731958792062E-1","1.1741416954831164E+1","1.0000000000000000E+0","3.054200000000000E-6"
"1098","1.0015254374933018E+0","-3.6738268885101512E-22","-1.3357720087376969E-29","1.4799135042444668E-13","-4.6277006014878289E-2","-2.0074193505263517E-27","3.0018495816346298E+0","2.0810627005142909E-1","1.2097707270171416E+1","1.0000000000000000E+0","3.054200000000000E-6"
"1097","1.0015573049328936E+0","-3.6743726921451291E-22","-4.2076250031864310E-29","-2.4664103603647762E-13","-4.5852469568269862E-2","-3.6203714451246665E-28","3.0018073706047099E+0","2.1444813950284550E-1","1.2466375067397891E+1","1.0000000000000000E+0","3.054200000000000E-6"
"1096","1.0015899878332297E+0","-3.6751061468162105E-22","-1.2068445547618252E-29","-2.2740725707648144E-14","-4.5431513744367963E-2","-3.4986997826913922E-28","3.0017657909043201E+0","2.2100812501928530E-1","1.2847722464834980E+1","1.0000000001417499E+0","3.054200000000000E-6"
"1095","1.0016234944897147E+0","-3.6758054700587845E-22","-1.1193574426044183E-29","2.0983668627233467E-13","-4.5014369436299294E-2","-1.0296413198789258E-27","3.0017248544310098E+0","2.2779112349105682E-1","1.3242034130241473E+1","1.0000000002144600E+0","3.054200000000000E-6"
"1094","1.0016578312459421E+0","-3.6754980739290785E-22","1.6216124843407098E-29","-3.6903742373929631E-14","-4.4601275000002223E-2","5.7492363719644147E-28","3.0016845732289901E+0","2.3480167256971465E-1","1.3649573847981898E+1","1.0000000000000000E+0","3.054200000000000E-6"
"1093","1.0016930022970318E+0","-3.6757853184720426E-22","-6.2815084782122305E-29","-4.9140035954759520E-15","-4.4192475110781330E-2","-7.0583663523124761E-28","3.0016449593864900E+0","2.4204389036869081E-1","1.4070581013682322E+1","1.0000000000000000E+0","3.054200000000000E-6"
"1092","1.0017290095041707E+0","-3.6752459298009758E-22","1.2494941652348002E-30","4.3040087764906365E-13","-4.3788219387874805E-2","-2.6693662947602695E-28","3.0016060249186398E+0","2.4952141514846438E-1","1.4505267127987278E+1","1.0000000002945000E+0","3.054200000000000E-6"
"1091","1.0017658522263040E+0","-3.6743468355704433E-22","-4.0359809214536551E-29","2.3120419190513224E-13","-4.3388760785627478E-2","-5.3129967337392292E-28","3.0015677816368602E+0","2.5723734641387419E-1","1.4953812372407942E+1","1.0000000000909099E+0","3.054200000000000E-6"
"1090","1.0018035271751731E+0","-3.6757697025190273E-22","-1.9172578053437055E-30","-1.7999593942268533E-13","-4.2994353758888659E-2","4.3751937579119683E-28","3.0015302410060598E+0","2.6519418900718289E-1","1.5416362359320356E+1","1.0000000000756200E+0","3.054200000000000E-6"
"1089","1.0018420282996814E+0","-3.6750729341715349E-22","2.6158983530487107E-29","8.8529121466891608E-14","-4.2605252225677327E-2","-2.4520628141565262E-28","3.0014934139920300E+0","2.7339380188581341E-1","1.5893025154294703E+1","1.0000000001850899E+0","3.054200000000000E-6"
"1088","1.0018813467054815E+0","-3.6750965806226448E-22","2.3609380670220252E-29","4.4001836608309866E-14","-4.2221707353407488E-2","-1.9228425658389254E-28","3.0014573109018201E+0","2.8183735330787613E-1","1.6383868670924503E+1","1.0000000000613301E+0","3.054200000000000E-6"
"1087","1.0019214706148185E+0","-3.6760950019719875E-22","2.6200001935661310E-29","-6.5200498341268259E-14","-4.1843965210752086E-2","2.8858874566020716E-28","3.0014219412207401E+0","2.9052528409889139E-1","1.6888918535434769E+1","1.0000000000000500E+0","3.054200000000000E-6"
"1086","1.0019623853707749E+0","-3.6760789030650380E-22","7.4130266073589563E-30","2.2836790293758994E-14","-4.1472264333344416E-2","3.2219898569552840E-28","3.0013873134500102E+0","2.9945728053185161E-1","1.7408156510136173E+1","1.0000000000000000E+0","3.054200000000000E-6"
"1085","1.0020040734885456E+0","-3.6761253327111212E-22","-9.8172191237172287E-30","-1.1285793758906329E-13","-4.1106833263661109E-2","1.1478230934333093E-28","3.0013534349496100E+0","3.0863225811533468E-1","1.7941519550989931E+1","1.0000000000000000E+0","3.054200000000000E-6"
"1084","1.0020465147550135E+0","-3.6761815629360248E-22","-1.4774268339235093E-31","6.5667883022637804E-14","-4.0747888125205474E-2","1.0965369548128654E-29","3.0013203117911198E+0","3.1804835725712249E-1","1.8488899555523719E+1","1.0000000001268601E+0","3.054200000000000E-6"
"1083","1.0020896863757578E+0","-3.6753401103740213E-22","-2.3770112313457904E-30","6.5754899135552436E-14","-4.0395630302021979E-2","-1.2968685172644647E-28","3.0012879486250101E+0","3.2770295136796307E-1","1.9050143833922469E+1","1.0000000000000000E+0","3.054200000000000E-6"
"1082","1.0021335631670296E+0","-3.6754993269638186E-22","-1.0199446628412526E-30","-2.3466890888438428E-13","-4.0050244287206611E-2","3.6478731661356007E-29","3.0012563485669901E+0","3.3759266751482880E-1","1.9625056309650866E+1","1.0000000000000000E+0","3.054200000000000E-6"
"1081","1.0021781177882851E+0","-3.6750063092131289E-22","1.3451022944316884E-30","-4.2281918367399679E-14","-3.9711895764108128E-2","6.0551974721591531E-30","3.0012255131070500E+0","3.4771341925405469E-1","2.0213399428120940E+1","1.0000000000000000E+0","3.054200000000000E-6"
"1080","1.0022233210092397E+0","-3.6754304086841274E-22","-3.6051875361647278E-30","-2.2468248456847921E-14","-3.9380729975483274E-2","-3.2587321465811961E-30","3.0011954420442799E+0","3.5806045080262550E-1","2.0814896724472959E+1","1.0000000000000000E+0","3.054200000000000E-6"
"1079","1.0022691420041163E+0","-3.6760716187485470E-22","-4.1002921562614363E-30","-2.6273634371441494E-14","-3.9056870424620534E-2","-4.0978028730004061E-29","3.0011661334495399E+0","3.6862839127509989E-1","2.1429235976495484E+1","1.0000000000299600E+0","3.054200000000000E-6"
"1078","1.0023155486648296E+0","-3.6762545809105270E-22","1.2366083961610863E-30","-6.7127124498936449E-14","-3.8740417940372029E-2","2.1194900791540872E-29","3.0011375836568899E+0","3.7941131735663153E-1","2.2056072847955573E+1","1.0000000000000000E+0","3.054200000000000E-6"
"1077","1.0023625079243903E+0","-3.6765813883087494E-22","2.9255905588293433E-31","-7.2941561375574764E-14","-3.8431450122662178E-2","9.0830406170241526E-30","3.0011097872837298E+0","3.9040282251482522E-1","2.2695034912046893E+1","1.0000000000000000E+0","3.054200000000000E-6"
"1076","1.0024099860816900E+0","-3.6765539136048351E-22","7.7303136915442065E-31","7.4306641537162811E-14","-3.8130021172529414E-2","2.0752577125575039E-29","3.0010827372783400E+0","4.0159609069678931E-1","2.3345725935572808E+1","1.0000000000000000E+0","3.054200000000000E-6"
"1075","1.0024579491195245E+0","-3.6767648216278334E-22","-3.6538560350641956E-31","6.6963053337191613E-14","-3.7836162092328644E-2","-2.7902289048688785E-30","3.0010564249925702E+0","4.1298397241435619E-1","2.4007730301959342E+1","1.0000000000133100E+0","3.054200000000000E-6"
"1074","1.0025063630082294E+0","-3.6769868313514838E-22","1.9039552529929640E-32","-7.3200876331288864E-15","-3.7549881233511072E-2","-8.4436044629593291E-30","3.0010308402768899E+0","4.2455906118232156E-1","2.4680617454789903E+1","1.0000000000000000E+0","3.054200000000000E-6"
"1073","1.0025551939886930E+0","-3.6773244866675541E-22","4.3523536450071295E-31","-8.0579162060365588E-14","-3.7271165155329140E-2","-1.7112965249101424E-30","3.0010059715937900E+0","4.3631376843236086E-1","2.5363946252727583E+1","1.0000000000517599E+0","3.054200000000000E-6"
"1072","1.0026044088296500E+0","-3.6779855776733077E-22","-1.1578734443843317E-31","1.2672416985773850E-13","-3.6999979751644339E-2","-9.9861771585405791E-32","3.0009818061460001E+0","4.4824039525660564E-1","2.6057269140138086E+1","1.0000000001279301E+0","3.054200000000000E-6"
"1071","1.0026539750556582E+0","-3.6779668881086666E-22","-3.0811061104544303E-31","-3.6832758715248774E-14","-3.6736271597570501E-2","3.5285594456881550E-30","3.0009583300150200E+0","4.6033119961707941E-1","2.6760136054132442E+1","1.0000000000687701E+0","3.054200000000000E-6"
"1070","1.0027038611435213E+0","-3.6778715774668717E-22","-7.6755502309258381E-32","-5.9027849409861939E-14","-3.6479969464857882E-2","-2.2088783465369433E-30","3.0009355283061399E+0","4.7257845796637504E-1","2.7472098006721982E+1","1.0000000000000000E+0","3.054200000000000E-6"
"1069","1.0027540366862580E+0","-3.6777699047267978E-22","5.8424739812095964E-33","1.0794960948127901E-13","-3.6230985956063388E-2","1.3094447312444101E-31","3.0009133852959500E+0","4.8497452054043549E-1","2.8192710299117838E+1","1.0000000000979199E+0","3.054200000000000E-6"
"1068","1.0028044725248950E+0","-3.6778178617001009E-22","-1.0267527029432490E-31","-2.0946215858991506E-14","-3.5989219209030650E-2","-8.4719537661785622E-31","3.0008918845790098E+0","4.9751185988433733E-1","2.8921535342648934E+1","1.0000000000000000E+0","3.054200000000000E-6"
"1067","1.0028551408492259E+0","-3.6778277305282499E-22","-8.7848577845779013E-32","-1.5817786294444198E-14","-3.5754554628440342E-2","6.1844718521337717E-31","3.0008710092106199E+0","5.1018311244352421E-1","2.9658145076558302E+1","1.0000000000000000E+0","3.054200000000000E-6"
"1066","1.0029060152696274E+0","-3.6778315039979267E-22","7.7131413647707840E-33","8.4461477144962399E-14","-3.5526866605276111E-2","-1.8430205645822137E-32","3.0008507418432502E+0","5.2298111328862817E-1","3.0402122986638624E+1","1.0000000000058400E+0","3.054200000000000E-6"
"1065","1.0029570708623363E+0","-3.6778499042260746E-22","-4.1772414270594842E-32","-2.7511139011033202E-14","-3.5306020192596176E-2","-2.6694456378077636E-31","3.0008310648546801E+0","5.3589892423032537E-1","3.1153065739615023E+1","1.0000000000000000E+0","3.054200000000000E-6"
"1064","1.0030082841912025E+0","-3.6778530798210936E-22","-4.4084441211981412E-32","-5.5892261729521014E-14","-3.5091872709703348E-2","-3.0310074816178651E-31","3.0008119604664900E+0","5.4892985572906960E-1","3.1910584456809392E+1","1.0000000000000000E+0","3.054200000000000E-6"
"1063","1.0030596333088442E+0","-3.6778539105012711E-22","8.1230127350154993E-33","2.7001021389533101E-14","-3.4884275256344126E-2","-6.9673201742799886E-32","3.0007934108518901E+0","5.6206748310570864E-1","3.2674305656501701E+1","1.0000000000000000E+0","3.054200000000000E-6"
"1062","1.0031110977403654E+0","-3.6778597084402342E-22","1.5354665736217720E-32","-3.0724544643254584E-14","-3.4683074121117416E-2","1.8041454382578646E-31","3.0007753982324901E+0","5.7530565762450903E-1","3.3443871898212301E+1","1.0000000000000000E+0","3.054200000000000E-6"
"1061","1.0031626584526030E+0","-3.6778381315495176E-22","1.8157404263722993E-32","-5.0907038305101735E-15","-3.4488112075146057E-2","-6.5809169610022649E-32","3.0007579049638200E+0","5.8863851305211501E-1","3.4218942163989652E+1","1.0000000000000000E+0","3.054200000000000E-6"
"1060","1.0032142978117358E+0","-3.6778377356701276E-22","-1.0083512682563472E-32","3.7288843547989080E-14","-3.4299229546063528E-2","6.2233139470668627E-33","3.0007409136097598E+0","6.0206046829804560E-1","3.4999192011908612E+1","1.0000000000000000E+0","3.054200000000000E-6"
"1059","1.0032659995317996E+0","-3.6778308877598240E-22","7.7228627030520844E-33","1.5018217472071034E-14","-3.4116265671398339E-2","8.6580754291171389E-32","3.0007244070063499E+0","6.1556622672744932E-1","3.5784313536119285E+1","1.0000000000000000E+0","3.054200000000000E-6"
"1058","1.0033177486164984E+0","-3.6778298844968855E-22","5.3618631976423190E-34","-1.5889710346587627E-14","-3.3939059232549196E-2","-7.4046718106478457E-33","3.0007083683155300E+0","6.2915077270248843E-1","3.6574015165789525E+1","1.0000000000000000E+0","3.054200000000000E-6"
"1057","1.0033695312962581E+0","-3.6777926104466288E-22","-4.5639067755774412E-33","-2.5167558531995810E-14","-3.3767449474384294E-2","3.8792647763223671E-32","3.0006927810694299E+0","6.4280936586680981E-1","3.7368021332847775E+1","1.0000000000000000E+0","3.054200000000000E-6"
"1056","1.0034213349623549E+0","-3.6777764885036266E-22","4.9177540850619662E-35","1.8606075975851196E-14","-3.3601276815552451E-2","1.2347599290903663E-32","3.0006776292061801E+0","6.5653753363801515E-1","3.8166072035552695E+1","1.0000000000411899E+0","3.054200000000000E-6"
"1055","1.0034731480995196E+0","-3.6778071840603844E-22","-3.3113088115488428E-34","-1.1286974072970363E-14","-3.3440383457261968E-2","1.9414870978415903E-32","3.0006628970978202E+0","6.7033106231988027E-1","3.8967922321825569E+1","1.0000000000000000E+0","3.054200000000000E-6"
"1054","1.0035249602182923E+0","-3.6778067002396435E-22","-9.3567550349729389E-34","6.9653134347456363E-15","-3.3284613897785954E-2","-4.2409103153302471E-33","3.0006485695713998E+0","6.8418598719548485E-1","3.9773341713340578E+1","1.0000000000000000E+0","3.054200000000000E-6"
"1053","1.0035767617880633E+0","-3.6778075440393734E-22","2.8613075335349932E-34","-8.6186387997475623E-15","-3.3133815361477748E-2","-9.4058554340067858E-33","3.0006346319237802E+0","6.9809858191025798E-1","4.0582113588336298E+1","1.0000000000000000E+0","3.054200000000000E-6"
"1052","1.0036285441716297E+0","-3.6778161333857472E-22","-3.7884125811888387E-34","-1.2464717501399771E-14","-3.2987838149937825E-2","1.0999350433193694E-32","3.0006210699311500E+0","7.1206534740742677E-1","4.1394034538407247E+1","1.0000000000757201E+0","3.054200000000000E-6"
"1051","1.0036802995618050E+0","-3.6778142776488978E-22","1.8092474363887385E-34","-4.9718401254256022E-16","-3.2846535924096872E-2","7.2152042995676151E-33","3.0006078698538898E+0","7.2608300063396480E-1","4.2208913711954118E+1","1.0000000000000000E+0","3.054200000000000E-6"
"1050","1.0037320209205882E+0","-4.1462241016119382E-22","3.6765281002513303E-24","-5.9869226866107312E-12","-3.2709765925672318E-2","-6.9541137523074856E-25","3.0005950184373500E+0","7.4014846320290062E-1","4.3026572155097078E+1","1.0000000000000000E+0","3.054200000000000E-6"
"1049","1.0037837019210996E+0","-4.9869472798135777E-22","-6.0552614887464277E-25","-5.3461468968711587E-12","-3.2577389138325842E-2","1.6025041352986017E-26","3.0005825029097100E+0","7.5425885011982452E-1","4.3846842156321046E+1","1.0000000000000000E+0","3.054200000000000E-6"
"1048","1.0038353368926587E+0","-5.1160332637132159E-22","5.4170301050905019E-24","-4.7959705574004611E-12","-3.2449270414175113E-2","1.3107836449706622E-24","3.0005703109761002E+0","7.6841145878027817E-1","4.4669566606868109E+1","1.0000000000000000E+0","3.054200000000000E-6"
"1047","1.0038869207688970E+0","-4.5252706381660907E-22","-4.5687518477504788E-24","-4.3286717345734412E-12","-3.2325278546246464E-2","-3.1979684059677541E-24","3.0005584308114099E+0","7.8260375820083505E-1","4.5494598374714847E+1","1.0000000000000000E+0","3.054200000000000E-6"
"1046","1.0039384490391077E+0","-3.9811001489905058E-22","3.4266269870056311E-24","-3.9058378432341705E-12","-3.2205286312333617E-2","8.6729276169905536E-25","3.0005468510506499E+0","7.9683337864606496E-1","4.6321799701563364E+1","1.0000000000000000E+0","3.054200000000000E-6"
"1045","1.0039899177027396E+0","-4.3156049607896297E-22","-7.2268742776272265E-25","-3.5755429443872496E-12","-3.2089170487532320E-2","-3.0871696959413133E-24","3.0005355607779900E+0","8.1109810165948193E-1","4.7151041623316843E+1","1.0000000000000000E+0","3.054200000000000E-6"
"1044","1.0040413232270093E+0","-4.3638021267347010E-22","-3.6475450523873325E-25","-3.2837052299351219E-12","-3.1976811831152904E-2","-2.7330699337180075E-24","3.0005245495146000E+0","8.2539585053762166E-1","4.7982203416315244E+1","1.0000000000000000E+0","3.054200000000000E-6"
"1043","1.0040926625074971E+0","-3.9349612261734726E-22","-2.6519491523517326E-24","-2.9755244335212758E-12","-3.1868095052648704E-2","-5.3980215929736021E-24","3.0005138072056701E+0","8.3972468126603439E-1","4.8815172070423252E+1","1.0000000000000000E+0","3.054200000000000E-6"
"1042","1.0041439328316526E+0","-3.7784784673393764E-22","-1.0741798313365039E-25","-2.7125246315673731E-12","-3.1762908759715998E-2","-2.3800905958769166E-24","3.0005033242067198E+0","8.5408277392739829E-1","4.9649841789563617E+1","1.0000000000000000E+0","3.054200000000000E-6"
"1041","1.0041951318450315E+0","-3.6769206872419405E-22","-1.9068194414482725E-24","-2.5165723025353314E-12","-3.1661145392216823E-2","-3.1224443508272212E-24","3.0004930912696000E+0","8.6846842458172435E-1","5.0486113519694470E+1","1.0000000000000000E+0","3.054200000000000E-6"
"1040","1.0042462575201585E+0","-4.4967955754995544E-22","-1.9430939931556547E-24","-2.3383287372700558E-12","-3.1562701144225734E-2","5.4534710895247764E-26","3.0004830995282399E+0","8.8288003761439260E-1","5.1323894503982551E+1","1.0000000000000000E+0","3.054200000000000E-6"
"1039","1.0042973081278304E+0","-4.6970663954684749E-22","-2.2621528083362406E-24","-2.1596429120442650E-12","-3.1467475877268260E-2","-4.1397935504530284E-24","3.0004733404842199E+0","8.9731611854115390E-1","5.2163097864541093E+1","1.0000000000000000E+0","3.054200000000000E-6"
"1038","1.0043482822107381E+0","-4.3917536348405925E-22","1.7289162432987625E-25","-2.0235506623111510E-12","-3.1375373026227019E-2","-4.0784718452087241E-24","3.0004638059925299E+0","9.1177526725651814E-1","5.3003642209942711E+1","1.0000000000000000E+0","3.054200000000000E-6"
"1037","1.0043991785592201E+0","-4.0674439550843485E-22","-8.4932241506495908E-25","-1.8844892923190248E-12","-3.1286299500143867E-2","-1.2659590154105419E-25","3.0004544882473501E+0","9.2625617170881691E-1","5.3845451267535928E+1","1.0000000000000000E+0","3.054200000000000E-6"
"1036","1.0044499961890385E+0","-3.7030229880909471E-22","1.6035674210467817E-24","-1.7368543099524264E-12","-3.1200165579245816E-2","9.8505901464918480E-25","3.0004453797681201E+0","9.4075760198381064E-1","5.4688453539511301E+1","1.0000000000000000E+0","3.054200000000000E-6"
"1035","1.0045007343209975E+0","-3.0566103523869417E-22","1.9533688601275433E-24","-1.6413532059423356E-12","-3.1116884809599687E-2","3.3668483789880661E-24","3.0004364733858702E+0","9.5527840477693449E-1","5.5532581981560106E+1","1.0000000000000000E+0","3.054200000000000E-6"
"1034","1.0045513923622926E+0","-2.7536048741467199E-22","6.0860985248380393E-25","-1.5250431687569084E-12","-3.1036373896417054E-2","6.9184689840974827E-24","3.0004277622298998E+0","9.6981749823429675E-1","5.6377773702969392E+1","1.0000000000000000E+0","3.054200000000000E-6"
"1033","1.0046019698894442E+0","-3.1017760524615243E-22","4.8124879236105781E-25","-1.4315699249896355E-12","-3.0958552597033076E-2","-2.6160385703241450E-24","3.0004192397148000E+0","9.8437386714196662E-1","5.7223969686963990E+1","1.0000000000000000E+0","3.054200000000000E-6"
"1032","1.0046524666326970E+0","-2.7804137507653750E-22","-7.3622823143603951E-25","-1.3928415586359034E-12","-3.0883343614193585E-2","-2.7553051407748279E-24","3.0004108995279699E+0","9.9894655844319102E-1","5.8071114530111757E+1","1.0000000000000000E+0","3.054200000000000E-6"
"1031","1.0047028824617730E+0","-2.7998277363858642E-22","-6.1059449493217654E-25","-1.3227539118030127E-12","-3.0810672490408739E-2","-6.6174013605889309E-25","3.0004027356174499E+0","1.0135346770637590E+0","5.8919156199642210E+1","1.0000000000000000E+0","3.054200000000000E-6"
"1030","1.0047532173728599E+0","-2.8006918483974395E-22","1.8258550395388395E-26","-1.2411513999286472E-12","-3.0740467503800918E-2","1.8834436287912031E-24","3.0003947421802502E+0","1.0281373820261643E+0","5.9768045807553605E+1","1.0000000000000000E+0","3.054200000000000E-6"
"1029","1.0048034714767384E+0","-2.9507587262093157E-22","-2.4311951373938045E-25","-1.1622436073438542E-12","-3.0672659565961536E-2","-1.4780540473403526E-24","3.0003869136511501E+0","1.0427538828338345E+0","6.0617737400419685E+1","1.0000000000000000E+0","3.054200000000000E-6"
"1028","1.0048536449879601E+0","-3.0046917036630498E-22","1.2406502255365107E-25","-1.1258231740135475E-12","-3.0607182121924391E-2","-3.3310414376770726E-24","3.0003792446918802E+0","1.0573834361077561E+0","6.1468187763868819E+1","1.0000000000000000E+0","3.054200000000000E-6"
"1027","1.0049037382149717E+0","-2.9411715008419128E-22","-3.0516706967224951E-25","-1.0675838724753721E-12","-3.0543971052847712E-2","-1.3633323622452736E-24","3.0003717301807900E+0","1.0720253424583626E+0","6.2319356240739438E+1","1.0000000000000000E+0","3.054200000000000E-6"
"1026","1.0049537515511247E+0","-2.9191332872642108E-22","-5.7553039089299128E-27","-9.8372254596758764E-13","-3.0482964581266550E-2","3.2819274093004361E-24","3.0003643652029499E+0","1.0866789435765623E+0","6.3171204561974669E+1","1.0000000000000000E+0","3.054200000000000E-6"
"1025","1.0050036854664837E+0","-3.3967495257270724E-22","4.6639079210329336E-25","-9.3868213947076166E-13","-3.0424103179283908E-2","-1.0091981624927064E-24","3.0003571450407098E+0","1.1013436195289104E+0","6.4023696689384323E+1","1.0000000000000000E+0","3.054200000000000E-6"
"1024","1.0050535405003642E+0","-3.1559794899302596E-22","7.7886025569575837E-26","-8.8400151199408246E-13","-3.0367329479643664E-2","-2.1467343877263088E-24","3.0003500651646000E+0","1.1160187862423134E+0","6.4876798669424801E+1","1.0000000000000000E+0","3.054200000000000E-6"
"1023","1.0051033172545474E+0","-2.7998731931042914E-22","-2.9787279726845876E-25","-8.5957732001918104E-13","-3.0312588189893758E-2","-1.9462070200472954E-25","3.0003431212247298E+0","1.1307038931651590E+0","6.5730478497235126E+1","1.0000000000000000E+0","3.054200000000000E-6"
"1022","1.0051530163870983E+0","-2.6384539239859417E-22","-3.9527249996697846E-26","-8.1694283717755362E-13","-3.0259826009466695E-2","6.1071440082680517E-25","3.0003363090425599E+0","1.1453984210919641E+0","6.6584705990178591E+1","1.0000000000000000E+0","3.054200000000000E-6"
"1021","1.0052026386067523E+0","-2.5607558656916582E-22","1.0524544529878878E-26","-7.8735188552532727E-13","-3.0208991549908418E-2","2.0060753047812536E-24","3.0003296246030300E+0","1.1601018801401406E+0","6.7439452670227368E+1","1.0000000000000000E+0","3.054200000000000E-6"
"1020","1.0052521846678049E+0","-2.6612595528269589E-22","7.9404477677792338E-27","-7.4006030706838551E-13","-3.0160035258023851E-2","2.6240967818228240E-24","3.0003230640470901E+0","1.1748138078676909E+0","6.8294691654539747E+1","1.0000000000000000E+0","3.054200000000000E-6"
"1019","1.0053016553654688E+0","-2.2397604174524243E-22","1.6940553354131765E-25","-7.1663976726454137E-13","-3.0112909342060273E-2","-1.0552908703579369E-24","3.0003166236645602E+0","1.1895337675216997E+0","6.9150397553640829E+1","1.0000000000000000E+0","3.054200000000000E-6"
"1018","1.0053510515316593E+0","-2.1455950551327264E-22","-5.0431027577338894E-26","-6.8305130732155023E-13","-3.0067567700755481E-2","2.5743798068436923E-25","3.0003102998873601E+0","1.2042613464081739E+0","7.0006546376657511E+1","1.0000000000000000E+0","3.054200000000000E-6"
"1017","1.0054003740311661E+0","-2.3704400436038996E-22","1.0322838235962251E-25","-6.3864103568081202E-13","-3.0023965855291143E-2","6.6479997963493685E-25","3.0003040892830701E+0","1.2189961543744008E+0","7.0863115443094344E+1","1.0000000000000000E+0","3.054200000000000E-6"
"1016","1.0054496237581738E+0","-3.0625139550343161E-22","-9.2121842589308468E-26","-5.9570694252254924E-13","-2.9982060884005953E-2","1.9935341022991646E-24","3.0002979885487600E+0","1.2337378223956750E+0","7.1720083300676663E+1","1.0000000000000000E+0","3.054200000000000E-6"
"1015","1.0054988016331163E+0","-3.3737861563942322E-22","-1.5369871190785403E-25","-5.8695102936919074E-13","-2.9941811359822205E-2","4.2378113264712534E-25","3.0002919945051501E+0","1.2484860012587315E+0","7.2577429648815496E+1","1.0000000000000000E+0","3.054200000000000E-6"
"1014","1.0055479085998147E+0","-3.1085774414483862E-22","1.7530947787659017E-26","-5.6321414238314932E-13","-2.9903177290277565E-2","9.8793993530398844E-25","3.0002861040910802E+0","1.2632403603349187E+0","7.3435135267289169E+1","1.0000000000000000E+0","3.054200000000000E-6"
"1013","1.0055969456228893E+0","-3.4472956330697827E-22","-3.1607765473815922E-26","-5.4659156658297460E-13","-2.9866120060151699E-2","-2.3727371628774648E-24","3.0002803143582000E+0","1.2780005864366686E+0","7.4293181949767231E+1","1.0000000000000000E+0","3.054200000000000E-6"
"1012","1.0056459136854174E+0","-3.6837246331844569E-22","1.2827528263073837E-26","-5.1944120751069166E-13","-2.9830602376478940E-2","3.4799779922394051E-25","3.0002746224659602E+0","1.2927663827510247E+0","7.5151552441813976E+1","1.0000000000000000E+0","3.054200000000000E-6"
"1011","1.0056948137868122E+0","-3.9914138093300510E-22","8.6113800782843060E-26","-4.7918874961286795E-13","-2.9796588215954666E-2","-2.8399512314596392E-25","3.0002690256768201E+0","1.3075374678449150E+0","7.6010230383062535E+1","1.0000000000000000E+0","3.054200000000000E-6"
"1010","1.0057436469409062E+0","-4.1482524293340442E-22","4.8419004622299694E-26","-4.7554816314860470E-13","-2.9764042774647198E-2","-1.8355112480152647E-24","3.0002635213516902E+0","1.3223135747368013E+0","7.6869200253247740E+1","1.0000000000000000E+0","3.054200000000000E-6"
"1009","1.0057924141742223E+0","-4.3338805084249135E-22","-1.0526550440082737E-26","-4.4970517909363198E-13","-2.9732932419811828E-2","6.4133103485275985E-25","3.0002581069456702E+0","1.3370944500299766E+0","7.7728447321822614E+1","1.0000000000000000E+0","3.054200000000000E-6"
"1008","1.0058411165244099E+0","-4.1166359288596590E-22","-7.5790483642733425E-26","-4.4474692274916097E-13","-2.9703224643885161E-2","-1.2268348100184558E-25","3.0002527800038399E+0","1.3518798531031797E+0","7.8587957600906961E+1","1.0000000000000000E+0","3.054200000000000E-6"
"1007","1.0058897550388419E+0","-3.9184541476309210E-22","2.2685034106729114E-27","-4.2115446824540446E-13","-2.9674888020448448E-2","4.3088047577104714E-25","3.0002475381574598E+0","1.3666695553543160E+0","7.9447717801322952E+1","1.0000000000000000E+0","3.054200000000000E-6"
"1006","1.0059383307733494E+0","-3.6692112671062708E-22","-4.5345254321406156E-26","-4.1208733050997975E-13","-2.9647892162122682E-2","-1.7304939006507366E-25","3.0002423791201598E+0","1.3814633394935536E+0","8.0307715291501282E+1","1.0000000000000000E+0","3.054200000000000E-6"
"1005","1.0059868447910869E+0","-3.8008069364380234E-22","-6.0900016810282882E-26","-3.8392169174637939E-13","-2.9622207680317439E-2","-1.9004016677427446E-25","3.0002373006844500E+0","1.3962609988822929E+0","8.1167938059053796E+1","1.0000000000000000E+0","3.054200000000000E-6"
"1004","1.0060352981615062E+0","-4.0641701347606498E-22","2.2504672377394313E-26","-3.7171895375276037E-13","-2.9597806146742709E-2","-8.0598550691175383E-25","3.0002323007183498E+0","1.4110623369148210E+0","8.2028374674827688E+1","1.0000000000000000E+0","3.054200000000000E-6"
"1003","1.0060836919594540E+0","-4.1653071491623710E-22","4.6952492037414728E-26","-3.6378815326914284E-13","-2.9574660056599603E-2","-4.9316992828224559E-25","3.0002273771621599E+0","1.4258671664394764E+0","8.2889014259256399E+1","1.0000000000000000E+0","3.054200000000000E-6"
"1002","1.0061320272643535E+0","-4.0059760031279704E-22","5.6344577328717973E-26","-3.4680237749773921E-13","-2.9552742793403176E-2","-1.2400787009467421E-25","3.0002225280254602E+0","1.4406753092168365E+0","8.3749846450862805E+1","1.0000000000000000E+0","3.054200000000000E-6"
"1001","1.0061803051594791E+0","-4.3582039067605227E-22","8.4411116434351336E-27","-3.3521364193541280E-13","-2.9532028595312725E-2","-8.9605912496649528E-25","3.0002177513841302E+0","1.4554865954120346E+0","8.4610861376746385E+1","1.0000000000000000E+0","3.054200000000000E-6"
"1000","1.0062285267313136E+0","-4.5482480474074938E-22","3.9086643726097774E-26","-3.2199874086116448E-13","-2.9512492522980650E-2","-9.4558278499227445E-25","3.0002130453776901E+0","1.4703008631191297E+0","8.5472049624933703E+1","1.0000000000000000E+0","3.054200000000000E-6"
"999","1.0062766930689779E+0","-4.9650930847328863E-22","-8.8066712656676358E-27","-3.0134324218798519E-13","-2.9494110428768872E-2","-1.4202764217685639E-24","3.0002084082065599E+0","1.4851179579150935E+0","8.6333402218450715E+1","1.0000000000000000E+0","3.054200000000000E-6"
"998","1.0063248052637319E+0","-4.7449407005995692E-22","3.5193067064748665E-28","-2.9230160038730247E-13","-2.9476858927321180E-2","-6.8267692647878368E-25","3.0002038381296199E+0","1.4999377324415200E+0","8.7194910591006462E+1","1.0000000000000000E+0","3.054200000000000E-6"
"997","1.0063728644085281E+0","-4.6248586644601892E-22","-8.3643586461137407E-26","-2.7010322876639705E-13","-2.9460715367411031E-2","3.9312938779432380E-25","3.0001993334618202E+0","1.5147600460121062E+0","8.8056566564175014E+1","1.0000000000000000E+0","3.054200000000000E-6"
"996","1.0064208715976335E+0","-4.7713081912356461E-22","6.6569435763161604E-27","-2.7352481321216821E-13","-2.9445657805016623E-2","-3.6804272747138268E-25","3.0001948925718702E+0","1.5295847642441460E+0","8.8918362325973376E+1","1.0000000000000000E+0","3.054200000000000E-6"
"995","1.0064688279262928E+0","-4.8983994837077205E-22","1.9394978527198845E-26","-2.5612064417611832E-13","-2.9431664977547640E-2","-7.8975386431287859E-25","3.0001905138800802E+0","1.5444117587124786E+0","8.9780290410744740E+1","1.0000000000000000E+0","3.054200000000000E-6"
"994","1.0065167344904447E+0","-4.9951162772780255E-22","-5.9162935882615136E-26","-2.5572623606040287E-13","-2.9418716279211450E-2","2.7255609050429787E-25","3.0001861958563101E+0","1.5592409066242821E+0","9.0642343680253333E+1","1.0000000000000000E+0","3.054200000000000E-6"
"993","1.0065645923864752E+0","-4.9477842148809209E-22","2.0444710028810838E-26","-2.3566834187140326E-13","-2.9406791737389821E-2","9.9548033134724317E-26","3.0001819370179899E+0","1.5740720905134193E+0","9.1504515305916144E+1","1.0000000000000000E+0","3.054200000000000E-6"
"992","1.0066124027110162E+0","-5.0707552617659499E-22","2.0693462998992413E-26","-2.3050332519792182E-13","-2.9395871990089719E-2","-2.8755485567266707E-25","3.0001777359282000E+0","1.5889051979529576E+0","9.2366798752090972E+1","1.0000000000000000E+0","3.054200000000000E-6"
"991","1.0066601665607733E+0","-4.9721377013240006E-22","2.5625989205776361E-26","-2.2238934739718720E-13","-2.9385938264296325E-2","1.5626717138991902E-24","3.0001735911939500E+0","1.6037401212847227E+0","9.3229187760354776E+1","1.0000000000000000E+0","3.054200000000000E-6"
"990","1.0067078850323889E+0","-4.9924830702547164E-22","2.1889576643936486E-26","-2.0713217621796137E-13","-2.9376972355287544E-2","-7.3790008904289629E-25","3.0001695014643901E+0","1.6185767573647256E+0","9.4091676334704701E+1","1.0000000000000000E+0","3.054200000000000E-6"
"989","1.0067555592223363E+0","-5.0941371620085167E-22","1.7446476957706555E-26","-2.0411581712447034E-13","-2.9368956606813670E-2","4.2456537741123327E-25","3.0001654654292000E+0","1.6334150073234286E+0","9.4954258727621834E+1","1.0000000000000000E+0","3.054200000000000E-6"
"988","1.0068031902268355E+0","-5.2263588962748546E-22","2.0653679885660698E-26","-1.8874691422919889E-13","-2.9361873892096674E-2","2.7250644076459236E-25","3.0001614818170599E+0","1.6482547763399118E+0","9.5816929426942934E+1","1.0000000000000000E+0","3.054200000000000E-6"
"987","1.0068507791417984E+0","-5.3165610771293090E-22","4.3276935261983590E-26","-1.8813450475213583E-13","-2.9355707595661345E-2","6.1290009408726378E-26","3.0001575493941002E+0","1.6630959734290265E+0","9.6679683143487182E+1","1.0000000000000000E+0","3.054200000000000E-6"
"986","1.0068983270627936E+0","-5.2116809600304791E-22","4.2287899544883988E-26","-1.6948997826144164E-13","-2.9350441595893537E-2","-1.8556202557135386E-25","3.0001536669625199E+0","1.6779385112406890E+0","9.7542514799388613E+1","1.0000000000000000E+0","3.054200000000000E-6"
"985","1.0069458350850324E+0","-5.3871741419729062E-22","7.0140200952467784E-26","-1.5850538016535587E-13","-2.9346060248344304E-2","4.9452826245345285E-26","3.0001498333591998E+0","1.6927823058705485E+0","9.8405419517089825E+1","1.0000000000000000E+0","3.054200000000000E-6"
"984","1.0069933043033699E+0","-5.5576933773683109E-22","-1.2598937243802854E-25","-1.5817898089444727E-13","-2.9342548369725795E-2","4.8877352740404320E-25","3.0001460474543999E+0","1.7076272766813325E+0","9.9268392608956418E+1","1.0000000000000000E+0","3.054200000000000E-6"
"983","1.0070407358123290E+0","-5.4578974764018754E-22","5.8050303924298100E-27","-1.5552437042637532E-13","-2.9339891222557854E-2","-8.0910414835862775E-25","3.0001423081505298E+0","1.7224733461341430E+0","1.0013142956746972E+2","1.0000000000000000E+0","3.054200000000000E-6"
"982","1.0070881307061348E+0","-5.2621859273114894E-22","1.1506534249730678E-25","-1.5291161669844262E-13","-2.9338074500461313E-2","4.6576622437327819E-25","3.0001386143809499E+0","1.7373204396291106E+0","1.0099452605596379E+2","1.0000000000000000E+0","3.054200000000000E-6"
"981","1.0071354900787639E+0","-5.3263645092770537E-22","2.9534200336202020E-27","-1.4433397005107553E-13","-2.9337084314035908E-2","-5.0501312320284616E-25","3.0001349651088201E+0","1.7521684853548454E+0","1.0185767789987347E+2","1.0000000000044300E+0","3.054200000000000E-6"
"980","1.0071828150240045E+0","-5.1085458590568289E-22","4.9978692765021798E-26","-1.2997374810593580E-13","-2.9336907177334830E-2","-1.6061091162463363E-26","3.0001313593260099E+0","1.7670174141460813E+0","1.0272088107845910E+2","1.0000000000368201E+0","3.054200000000000E-6"
"979","1.0072301066355345E+0","-5.1367451385391016E-22","8.0815868041183065E-26","-1.3626823413548035E-13","-2.9337529994869049E-2","-8.2122754660415158E-25","3.0001277960520700E+0","1.7818671593490334E+0","1.0358413171697927E+2","1.0000000000394900E+0","3.054200000000000E-6"
"978","1.0072773660070011E+0","-5.0464021743259017E-22","1.0425500453454457E-25","-1.1912574561018426E-13","-2.9338940049141414E-2","-5.4364859147980975E-25","3.0001242743332202E+0","1.7967176566940404E+0","1.0444742607928731E+2","1.0000000000319200E+0","3.054200000000000E-6"
"977","1.0073245942321130E+0","-5.0163609651665956E-22","5.6859889444978000E-27","-1.0808825868555154E-13","-2.9341124988697224E-2","-7.9373128323029919E-26","3.0001207932414000E+0","1.8115688441749560E+0","1.0531076056082000E+2","1.0000000000440901E+0","3.054200000000000E-6"
"976","1.0073717924047487E+0","-4.9186168091002023E-22","1.4705425207702971E-26","-1.0173878802421183E-13","-2.9344072816630085E-2","-3.3978177605061643E-25","3.0001173518733202E+0","1.8264206619349528E+0","1.0617413168195907E+2","1.0000000000411300E+0","3.054200000000000E-6"
"975","1.0074189616190576E+0","-4.7926107587677491E-22","1.2561403146749370E-26","-9.9514909884136499E-14","-2.9347771879561706E-2","2.8430406948872998E-25","3.0001139493496201E+0","1.8412730521583325E+0","1.0703753608174193E+2","1.0000000000944800E+0","3.054200000000000E-6"
"974","1.0074661029695835E+0","-4.8072616261429132E-22","5.9298825533279120E-26","-9.4313366062965165E-14","-2.9352210857056225E-2","1.3460261506330091E-25","3.0001105848140099E+0","1.8561259589679628E+0","1.0790097051189936E+2","1.0000000001426901E+0","3.054200000000000E-6"
"973","1.0075132175513821E+0","-4.9965527802126425E-22","1.7937810203072294E-26","-9.4874353399830864E-14","-2.9357378751450385E-2","-2.6018756113526984E-25","3.0001072574324699E+0","1.8709793283280265E+0","1.0876443183120210E+2","1.0000000001298299E+0","3.054200000000000E-6"
"972","1.0075603064601535E+0","-5.0972118433657030E-22","7.6498288518182525E-26","-8.9848383949364310E-14","-2.9363264878077847E-2","-2.4925736074671971E-26","3.0001039663924498E+0","1.8858331079517463E+0","1.0962791700009679E+2","1.0000000001641001E+0","3.054200000000000E-6"
"971","1.0076073707923727E+0","-4.5440066513228057E-22","1.9719722126768536E-26","-9.4298506373079892E-14","-2.9369858855893802E-2","-2.8291172401762280E-26","3.0001007109021498E+0","1.9006872472138223E+0","1.1049142307561554E+2","1.0000000001850200E+0","3.054200000000000E-6"
"970","1.0076544116454311E+0","-4.3873487511052386E-22","1.8342762250957914E-26","-7.4789885608303497E-14","-2.9377150598445367E-2","-2.5887867972928302E-25","3.0000974901897899E+0","1.9155416970672732E+0","1.1135494720654191E+2","1.0000000001455800E+0","3.054200000000000E-6"
"969","1.0077014301177789E+0","-4.5984425363387637E-22","1.4029444111570992E-25","-7.5565109556835485E-14","-2.9385130305203420E-2","-5.9463309901569071E-25","3.0000943035029599E+0","1.9303964099644233E+0","1.1221848662881763E+2","1.0000000001975999E+0","3.054200000000000E-6"
"968","1.0077484273090707E+0","-4.4614231027217969E-22","-7.4896893670383642E-26","-7.3272617165565005E-14","-2.9393788453232941E-2","1.6419445729407856E-25","3.0000911501078900E+0","1.9452513397818438E+0","1.1308203866117918E+2","1.0000000002080001E+0","3.054200000000000E-6"
"967","1.0077954043203154E+0","-4.4758399558157080E-22","-1.0549369258296153E-26","-6.4601318601742429E-14","-2.9403115789171628E-2","5.2758371702056363E-25","3.0000880292889001E+0","1.9601064417489371E+0","1.1394560070100637E+2","1.0000000002039500E+0","3.054200000000000E-6"
"966","1.0078423622540353E+0","-4.3111218127644024E-22","-5.6735391402486592E-26","-7.1797984684896249E-14","-2.9413103321525299E-2","-4.8604556067786936E-26","3.0000849403477199E+0","1.9749616723800245E+0","1.1480917022037437E+2","1.0000000002288101E+0","3.054200000000000E-6"
"965","1.0078893022144138E+0","-4.4404404411699799E-22","1.4551052524724058E-25","-6.2317554069408405E-14","-2.9423742313256764E-2","-4.9125284659567213E-25","3.0000818826029700E+0","1.9898169894097051E+0","1.1567274476229592E+2","1.0000000002359000E+0","3.054200000000000E-6"
"964","1.0079362253074640E+0","-4.3107954284650078E-22","8.1544769393751909E-26","-6.1485242286012032E-14","-2.9435024274653099E-2","4.5823364311577348E-26","3.0000788553895501E+0","2.0046723517312954E+0","1.1653632193714282E+2","1.0000000002767500E+0","3.054200000000000E-6"
"963","1.0079831326411848E+0","-4.4628769649211887E-22","-6.9445003936658371E-27","-6.0505041285853217E-14","-2.9446940956468253E-2","8.0485979545461858E-26","3.0000758580581199E+0","2.0195277193381873E+0","1.1739989941923670E+2","1.0000000002972600E+0","3.054200000000000E-6"
"962","1.0080300253257284E+0","-4.7893427441399614E-22","6.5298150856916345E-26","-5.3462880458688265E-14","-2.9459484343318038E-2","1.6987532989377203E-25","3.0000728899745801E+0","2.0343830532679514E+0","1.1826347494359990E+2","1.0000000002941700E+0","3.054200000000000E-6"
"961","1.0080769044735631E+0","-4.5453730142546573E-22","-6.0745299241399178E-26","-6.3210794794317234E-14","-2.9472646647330035E-2","-2.7971587301728969E-26","3.0000699505195900E+0","2.0492383155490339E+0","1.1912704630285658E+2","1.0000000003110201E+0","3.054200000000000E-6"
"960","1.0081237711996456E+0","-4.4964280261124295E-22","3.5840523834188584E-26","-5.1746803519597184E-14","-2.9486420302026809E-2","1.9638861826247607E-25","3.0000670390880302E+0","2.0640934691498929E+0","1.1999061134427612E+2","1.0000000002806100E+0","3.054200000000000E-6"
"959","1.0081706266215884E+0","-4.3191019184413795E-22","-3.8919044639480245E-26","-4.9028542148944118E-14","-2.9500797956438368E-2","1.1619646846573943E-25","3.0000641550886100E+0","2.0789484779304472E+0","1.2085416796695048E+2","1.0000000003313501E+0","3.054200000000000E-6"
"958","1.0082174718598327E+0","-4.2295988574688428E-22","1.2462441610491383E-26","-4.7771620635150430E-14","-2.9515772469442925E-2","-3.7070645985380906E-25","3.0000612979433900E+0","2.0938033065957113E+0","1.2171771411909911E+2","1.0000000003302600E+0","3.054200000000000E-6"
"957","1.0082643080378206E+0","-4.0535840681908580E-22","2.9524801749925162E-26","-4.5826284229950479E-14","-2.9531336904300053E-2","1.0690325161417469E-25","3.0000584670873200E+0","2.1086579206514684E+0","1.2258124779549200E+2","1.0000000003335900E+0","3.054200000000000E-6"
"956","1.0083111362821735E+0","-4.1376694364680738E-22","-2.6689036931584751E-26","-3.4480550041932543E-14","-2.9547484523400152E-2","-1.5125134526622757E-25","3.0000556619678900E+0","2.1235122863619100E+0","1.2344476703498722E+2","1.0000000003489999E+0","3.054200000000000E-6"
"955","1.0083579577228636E+0","-4.0856779993361684E-22","8.9667126754743718E-26","-3.7779698514912922E-14","-2.9564208783208073E-2","-1.4799646074399391E-25","3.0000528820446899E+0","2.1383663707090887E+0","1.2430826991817375E+2","1.0000000003639600E+0","3.054200000000000E-6"
"954","1.0084047734933943E+0","-3.9491665884153730E-22","-3.7092258634596165E-26","-3.9964330562320908E-14","-2.9581503329381240E-2","-5.3584418301346971E-26","3.0000501267890498E+0","2.1532201413541263E+0","1.2517175456511650E+2","1.0000000004018399E+0","3.054200000000000E-6"
"953","1.0084515847309796E+0","-4.0104343964713942E-22","-3.4112743011573697E-26","-3.9725020197264015E-14","-2.9599361992081970E-2","-2.0020153779176057E-25","3.0000473956836302E+0","2.1680735666000377E+0","1.2603521913319511E+2","1.0000000003885099E+0","3.054200000000000E-6"
"952","1.0084983925767217E+0","-3.9569385821809870E-22","4.6667587824442314E-26","-2.9454937135372272E-14","-2.9617778781448934E-2","-1.4627563661355623E-25","3.0000446882221201E+0","2.1829266153561204E+0","1.2689866181503390E+2","1.0000000003837299E+0","3.054200000000000E-6"
"951","1.0085451981757969E+0","-3.8863431014591651E-22","1.3448724077951641E-25","-3.2506381744384896E-14","-2.9636747883244011E-2","4.8702489418884563E-27","3.0000420039088298E+0","2.1977792571037940E+0","1.2776208083651593E+2","1.0000000004016301E+0","3.054200000000000E-6"
"950","1.0085920026776329E+0","-4.0057130578439948E-22","-2.5224981191206789E-27","-3.5086571062302843E-14","-2.9656263654650145E-2","-9.5656594690452348E-26","3.0000393422584199E+0","2.2126314618638294E+0","1.2862547445487812E+2","1.0000000004221601E+0","3.054200000000000E-6"
"949","1.0086388072360990E+0","-3.9780434855062547E-22","9.0064482273642573E-26","-2.3933314248978990E-14","-2.9676320620229180E-2","6.9552279961879159E-26","3.0000367027955401E+0","2.2274832001648766E+0","1.2948884095688140E+2","1.0000000004410201E+0","3.054200000000000E-6"
"948","1.0086856130096848E+0","-4.0306128662686629E-22","-2.5822488628620494E-26","-2.5817698243216860E-14","-2.9696913468026550E-2","-1.4861514268614965E-25","3.0000340850545402E+0","2.2423344430132293E+0","1.3035217865705354E+2","1.0000000004423599E+0","3.054200000000000E-6"
"947","1.0087324211616899E+0","-3.8411743006318576E-22","4.6965872643342680E-26","-2.9646810759040270E-14","-2.9718037045808332E-2","7.3282381509523876E-26","3.0000314885791601E+0","2.2571851618637613E+0","1.3121548589599908E+2","1.0000000004393099E+0","3.054200000000000E-6"
"946","1.0087792328604142E+0","-3.9703798186537787E-22","1.9682262968401504E-26","-1.1576369052060816E-14","-2.9739686357445484E-2","-2.9887054896508688E-26","3.0000289129222399E+0","2.2720353285919477E+0","1.3207876103877319E+2","1.0000000004554701E+0","3.054200000000000E-6"
"945","1.0088260492793397E+0","-4.1072266105967341E-22","9.8610238544215478E-26","-1.4902126994473831E-14","-2.9761856559433506E-2","-7.3572687036471595E-26","3.0000263576454400E+0","2.2868849154669486E+0","1.3294200247331693E+2","1.0000000004607701E+0","3.054200000000000E-6"
"944","1.0088728715973299E+0","-4.5463222292806205E-22","-3.8571038794383035E-26","-2.6115887115025455E-15","-2.9784542957516865E-2","-2.1487925931272450E-25","3.0000238223189801E+0","2.3017338951256501E+0","1.3380520860894805E+2","1.0000000004247300E+0","3.054200000000000E-6"
"943","1.0089197009988118E+0","-4.6603321957889333E-22","-4.8272849518272352E-26","-1.4885298381346833E-14","-2.9807741003463631E-2","2.5022874731403132E-26","3.0000213065213899E+0","2.3165822405476617E+0","1.3466837787490766E+2","1.0000000004775400E+0","3.054200000000000E-6"
"942","1.0089665386739752E+0","-4.6785953097383390E-22","-4.2746559554252803E-26","-1.0068156309548474E-14","-2.9831446291938502E-2","-7.0697117197346352E-27","3.0000188098392102E+0","2.3314299250311672E+0","1.3553150871895636E+2","1.0000000004619700E+0","3.054200000000000E-6"
"941","1.0090133858189647E+0","-4.6352107205857108E-22","-1.2190592493450614E-26","1.4711292111247350E-15","-2.9855654557493717E-2","6.2345581341042974E-26","3.0000163318667998E+0","2.3462769221696127E+0","1.3639459960601900E+2","1.0000000004990699E+0","3.054200000000000E-6"
"940","1.0090602436360749E+0","-4.6291578264533546E-22","6.9528158345345597E-26","-1.4000081750323721E-15","-2.9880361671681545E-2","7.8922085860863021E-26","3.0000138722060599E+0","2.3611232058291782E+0","1.3725764901687515E+2","1.0000000004896401E+0","3.054200000000000E-6"
"939","1.0091071133339493E+0","-4.6671274845210716E-22","-4.1941364672416155E-26","-1.7105542239686987E-15","-2.9905563640248350E-2","-1.4495474139500254E-25","3.0000114304662500E+0","2.3759687501269759E+0","1.3812065544689156E+2","1.0000000004865099E+0","3.054200000000000E-6"
"938","1.0091539961277765E+0","-4.6714040082879900E-22","-5.6387381034463279E-27","-3.3486980942319095E-15","-2.9931256600455421E-2","-1.6726910049446245E-25","3.0000090062637299E+0","2.3908135294099546E+0","1.3898361740479606E+2","1.0000000005185099E+0","3.054200000000000E-6"
"937","1.0092008932394922E+0","-4.5666395157566044E-22","5.3571694460099546E-26","2.7510932551915821E-15","-2.9957436818485839E-2","6.1434518119503699E-26","3.0000065992217300E+0","2.4056575182344493E+0","1.3984653341148845E+2","1.0000000005336300E+0","3.054200000000000E-6"
"936","1.0092478058979812E+0","-4.6545956982408981E-22","1.4668919388570455E-25","4.5384427506015632E-15","-2.9984100686947606E-2","1.6052031284670999E-25","3.0000042089701999E+0","2.4205006913463518E+0","1.4070940199888807E+2","1.0000000005252601E+0","3.054200000000000E-6"
"935","1.0092947353392792E+0","-4.6787845273034877E-22","-2.5953009083858538E-26","9.1219525204714156E-17","-3.0011244722470916E-2","-2.4563346520789941E-25","3.0000018351455600E+0","2.4353430236618618E+0","1.4157222170881451E+2","1.0000000005159400E+0","3.054200000000000E-6"
"934","1.0093416828067807E+0","-4.7178026367976036E-22","-1.3108190821779354E-25","5.6592491008056896E-17","-3.0038865563391359E-2","2.4637454554861125E-25","2.9999994773905398E+0","2.4501844902487839E+0","1.4243499109190057E+2","1.0000000005637399E+0","3.054200000000000E-6"
"933","1.0093886495514437E+0","-4.8875173510266236E-22","5.6634209937435834E-26","2.4985035118553792E-15","-3.0066959967531778E-2","-5.1771633864334630E-26","2.9999971353539401E+0","2.4650250663083280E+0","1.4329770870653422E+2","1.0000000005677601E+0","3.054200000000000E-6"
"932","1.0094356368320003E+0","-4.8570357454540036E-22","-5.4638518534296563E-26","-2.9062741747203814E-15","-3.0095524810043968E-2","1.4954228443452388E-25","2.9999948086905102E+0","2.4798647271574121E+0","1.4416037311782986E+2","1.0000000005541501E+0","3.054200000000000E-6"
"931","1.0094826459151680E+0","-4.8715713767681114E-22","-1.5483498459831006E-26","5.5544098635208435E-15","-3.0124557081352886E-2","1.2001817168471977E-26","2.9999924970607199E+0","2.4947034482113923E+0","1.4502298289662420E+2","1.0000000005611300E+0","3.054200000000000E-6"
"930","1.0095296780758634E+0","-4.9021832632871673E-22","2.9444448209777274E-26","5.3082064780298776E-16","-3.0154053885172727E-2","-6.6145709884842730E-27","2.9999902001306098E+0","2.5095412049672334E+0","1.4588553661849821E+2","1.0000000005455001E+0","3.054200000000000E-6"
"929","1.0095767345974154E+0","-4.8572487444617568E-22","-7.8653278007633140E-26","7.0261334971865179E-15","-3.0184012436589625E-2","-2.3331965560119255E-25","2.9999879175716302E+0","2.5243779729870659E+0","1.4674803286282096E+2","1.0000000005815499E+0","3.054200000000000E-6"
"928","1.0096238167717833E+0","-4.7752337867271319E-22","5.4009762830496870E-26","1.3983191079316134E-15","-3.0214430060234686E-2","1.0606399898818613E-25","2.9999856490604602E+0","2.5392137278821152E+0","1.4761047021181560E+2","1.0000000005850600E+0","3.054200000000000E-6"
"927","1.0096709258997782E+0","-4.7731058646013214E-22","3.5129550909305260E-26","3.1084114756339697E-15","-3.0245304188512318E-2","4.1119871761145356E-26","2.9999833942788401E+0","2.5540484452969765E+0","1.4847284724964516E+2","1.0000000005658400E+0","3.054200000000000E-6"
"926","1.0097180632912874E+0","-4.7411270621200196E-22","-2.2146684967026078E-26","1.0548556145393814E-14","-3.0276632359903882E-2","9.3603807186425445E-26","2.9999811529134699E+0","2.5688821008942009E+0","1.4933516256151640E+2","1.0000000005827201E+0","3.054200000000000E-6"
"925","1.0097652302654923E+0","-4.7399421258925217E-22","-9.2601699926817638E-27","8.6714766599411763E-15","-3.0308412217345523E-2","6.2789046270964133E-26","2.9999789246557800E+0","2.5837146703391913E+0","1.5019741473280195E+2","1.0000000005858101E+0","3.054200000000000E-6"
"924","1.0098124281511032E+0","-4.7495270812404766E-22","5.6786527361265329E-26","1.2759982392355348E-14","-3.0340641506656590E-2","1.5473471574494356E-25","2.9999767092018601E+0","2.5985461292853658E+0","1.5105960234817772E+2","1.0000000005898699E+0","3.054200000000000E-6"
"923","1.0098596582865831E+0","-4.7112844535705972E-22","-1.1247866533213793E-25","1.3899119804258773E-14","-3.0373318075046452E-2","-1.5758011372632343E-25","2.9999745062522800E+0","2.6133764533595625E+0","1.5192172399077438E+2","1.0000000005752401E+0","3.054200000000000E-6"
"922","1.0099069220203887E+0","-4.7225547894166281E-22","-6.1316800136963313E-26","9.2945450404797407E-15","-3.0406439869665361E-2","3.1665837746326567E-25","2.9999723155119500E+0","2.6282056181477071E+0","1.5278377824134441E+2","1.0000000006183800E+0","3.054200000000000E-6"
"921","1.0099542207111960E+0","-4.7366788983759747E-22","1.0985687111094256E-26","9.0861560625642255E-15","-3.0440004936240196E-2","-1.7146514200629237E-25","2.9999701366900000E+0","2.6430335991806593E+0","1.5364576367743905E+2","1.0000000006638901E+0","3.054200000000000E-6"
"920","1.0100015557281468E+0","-4.6938495542095192E-22","4.2564874149065868E-26","9.4789808626914576E-15","-3.0474011417743613E-2","-6.7994285295375686E-26","2.9999679694996302E+0","2.6578603719202669E+0","1.5450767887259775E+2","1.0000000006235801E+0","3.054200000000000E-6"
"919","1.0100489284510890E+0","-4.6963497076109660E-22","3.7090635791858244E-26","1.6091392550339138E-14","-3.0508457553126377E-2","-4.6143218336130105E-26","2.9999658136580201E+0","2.6726859117456079E+0","1.5536952239554842E+2","1.0000000006442000E+0","3.054200000000000E-6"
"918","1.0100963402708178E+0","-4.6655351618418159E-22","1.5925954283184854E-25","1.8409606799414484E-14","-3.0543341676122077E-2","-2.4418725219546219E-25","2.9999636688861600E+0","2.6875101939393602E+0","1.5623129280941490E+2","1.0000000006356999E+0","3.054200000000000E-6"
"917","1.0101437925893308E+0","-4.6266969641309237E-22","-1.5848461130522827E-25","2.0509784513543183E-14","-3.0578662214078199E-2","3.7671225914882463E-25","2.9999615349087700E+0","2.7023331936743324E+0","1.5709298867093415E+2","1.0000000006415100E+0","3.054200000000000E-6"
"916","1.0101912868200718E+0","-4.6273276893479941E-22","-1.3153768940952374E-25","1.8366121816257520E-14","-3.0614417686863883E-2","-4.9327137087029488E-26","2.9999594114541299E+0","2.7171548860001153E+0","1.5795460852968012E+2","1.0000000006516201E+0","3.054200000000000E-6"
"915","1.0102388243881928E+0","-4.6495374887950537E-22","2.5236719887314214E-26","1.2495662546664599E-14","-3.0650606705813686E-2","3.4203150640950354E-26","2.9999572982540301E+0","2.7319752458298225E+0","1.5881615092729314E+2","1.0000000006748200E+0","3.054200000000000E-6"
"914","1.0102864067308091E+0","-4.6211383104145615E-22","-1.7045109410158807E-25","2.1911728446294106E-14","-3.0687227972723177E-2","2.6425365050529433E-25","2.9999551950436101E+0","2.7467942479269425E+0","1.5967761439671531E+2","1.0000000006681100E+0","3.054200000000000E-6"
"913","1.0103340352972625E+0","-4.6000203893760837E-22","5.8218857009781151E-26","1.5342766667500731E-14","-3.0724280278905277E-2","-7.6966628494450022E-26","2.9999531015612702E+0","2.7616118668922476E+0","1.6053899746142980E+2","1.0000000006685199E+0","3.054200000000000E-6"
"912","1.0103817115493889E+0","-4.6418881360804234E-22","-3.5531284006782396E-26","2.3988367860718363E-14","-3.0761762504278364E-2","-7.1738088188318390E-26","2.9999510175485402E+0","2.7764280771507717E+0","1.6140029863470360E+2","1.0000000006519600E+0","3.054200000000000E-6"
"911","1.0104294369617868E+0","-4.6251956313191030E-22","-4.7938165562313915E-26","1.9922605283275366E-14","-3.0799673616510648E-2","-2.6392386718942221E-25","2.9999489427500201E+0","2.7912428529388253E+0","1.6226151641883288E+2","1.0000000006297300E+0","3.054200000000000E-6"
"910","1.0104772130220949E+0","-4.6238349192114620E-22","2.1895163243243413E-25","1.4632830451714990E-14","-3.0838012670206711E-2","-3.8181574475396470E-26","2.9999468769132198E+0","2.8060561682910485E+0","1.6312264930439008E+2","1.0000000006547101E+0","3.054200000000000E-6"
"909","1.0105250412312690E+0","-4.6794628154056410E-22","7.6692264703470246E-26","1.8351809867326742E-14","-3.0876778806143451E-2","4.3413870333000144E-26","2.9999448197885199E+0","2.8208679970274635E+0","1.6398369576947150E+2","1.0000000006531400E+0","3.054200000000000E-6"
"908","1.0105729231038627E+0","-4.6802155497630672E-22","-5.7057632393015134E-28","1.8663903603592817E-14","-3.0915971250539485E-2","-8.6779426599336294E-26","2.9999427711290001E+0","2.8356783127405532E+0","1.6484465427894600E+2","1.0000000006884400E+0","3.054200000000000E-6"
"907","1.0106208601683178E+0","-4.7059739540379650E-22","3.5912390788768931E-26","1.4875628680754189E-14","-3.0955589314387060E-2","-2.4576944301198807E-26","2.9999407306904300E+0","2.8504870887822831E+0","1.6570552328370064E+2","1.0000000006569401E+0","3.054200000000000E-6"
"906","1.0106688539672597E+0","-4.7084927190031755E-22","-6.7196115148971642E-26","2.4944311493944037E-14","-3.0995632392793550E-2","-1.1375203248763522E-26","2.9999386982310998E+0","2.8652942982511607E+0","1.6656630121988835E+2","1.0000000006745200E+0","3.054200000000000E-6"
"905","1.0107169060577861E+0","-4.6526083968190828E-22","-1.6193691737051712E-26","2.0222987096297853E-14","-3.1036099964406504E-2","-2.1761703838113110E-25","2.9999366735117698E+0","2.8800999139791821E+0","1.6742698650816914E+2","1.0000000006908700E+0","3.054200000000000E-6"
"904","1.0107650180117771E+0","-4.6889423052254739E-22","7.8143996167236560E-26","2.1880877923880489E-14","-3.1076991590843536E-2","-7.8385014373304978E-26","2.9999346562955500E+0","2.8949039085187853E+0","1.6828757755295155E+2","1.0000000006897301E+0","3.054200000000000E-6"
"903","1.0108131914161955E+0","-4.6825688786057635E-22","4.8489082512846225E-26","2.3892208177497054E-14","-3.1118306916179693E-2","-5.8420216497279720E-26","2.9999326463478502E+0","2.9097062541296963E+0","1.6914807274162825E+2","1.0000000006795899E+0","3.054200000000000E-6"
"902","1.0108614278734041E+0","-4.6206461379500373E-22","1.4439349728461238E-26","2.4370921352064207E-14","-3.1160045666469356E-2","8.7905342224605871E-26","2.9999306434362700E+0","2.9245069227657212E+0","1.7000847044380797E+2","1.0000000007061700E+0","3.054200000000000E-6"
"901","1.0109097290014788E+0","-4.6197196956639697E-22","-4.3822894164670911E-27","2.5703927904064656E-14","-3.1202207649311715E-2","-2.6337586351638050E-27","2.9999286473304898E+0","2.9393058860614238E+0","1.7086876901054109E+2","1.0000000007159999E+0","3.054200000000000E-6"
"900","1.0109580964345357E+0","-4.6124487780796520E-22","-7.8623465081539450E-26","3.1591670359276321E-14","-3.1244792753449772E-2","-1.3110422910788469E-25","2.9999266578022401E+0","2.9541031153187123E+0","1.7172896677354001E+2","1.0000000006549601E+0","3.054200000000000E-6"
"899","1.0110065318230552E+0","-4.6467354144699786E-22","-9.7639234549815824E-27","2.6289858369529870E-14","-3.1287800948403374E-2","1.7839174359247338E-26","2.9999246746251700E+0","2.9688985814933000E+0","1.7258906204439202E+2","1.0000000006868000E+0","3.054200000000000E-6"
"898","1.0110550368342186E+0","-4.6515413338288977E-22","9.4362252072439665E-26","2.9573414461271853E-14","-3.1331232284152105E-2","-1.2118228881636073E-25","2.9999226975747901E+0","2.9836922551810336E+0","1.7344905311376448E+2","1.0000000006610801E+0","3.054200000000000E-6"
"897","1.0111036131522488E+0","-4.6486007067513027E-22","1.5872016789069961E-25","2.3844628839615966E-14","-3.1375086890843784E-2","8.8513395520626566E-26","2.9999207264283898E+0","2.9984841066040762E+0","1.7430893825060159E+2","1.0000000006903300E+0","3.054200000000000E-6"
"896","1.0111522624787548E+0","-4.6782675394205142E-22","-1.4592365214626871E-25","3.4901592786813040E-14","-3.1419364978541253E-2","-1.4426127293141087E-25","2.9999187609649498E+0","3.0132741055969352E+0","1.7516871570131232E+2","1.0000000006822700E+0","3.054200000000000E-6"
"895","1.0112009865330838E+0","-4.7108708632642985E-22","-1.2305398138971108E-25","3.1143862982021518E-14","-3.1464066837009086E-2","-2.4951868433387067E-25","2.9999168009650901E+0","3.0280622215923141E+0","1.7602838368894780E+2","1.0000000007203700E+0","3.054200000000000E-6"
"894","1.0112497870526813E+0","-4.7152052896740867E-22","2.3959384745875668E-26","2.8639555935616262E-14","-3.1509192835536597E-2","9.0551735217497060E-26","2.9999148462109400E+0","3.0428484236067770E+0","1.7688794041236793E+2","1.0000000007216201E+0","3.054200000000000E-6"
"893","1.0112986657934591E+0","-4.7008412983370961E-22","-6.0146036365108622E-26","3.1844907460972965E-14","-3.1554743422781521E-2","-3.8537996003124291E-25","2.9999128964861299E+0","3.0576326802262268E+0","1.7774738404539733E+2","1.0000000007422900E+0","3.054200000000000E-6"
"892","1.0113476245301618E+0","-4.7135509284489747E-22","-1.2882340532625064E-25","3.3077333891528233E-14","-3.1600719126679735E-2","-1.0500551583521193E-25","2.9999109515756501E+0","3.0724149595911530E+0","1.7860671273596765E+2","1.0000000007312599E+0","3.054200000000000E-6"
"891","1.0113966650567494E+0","-4.6868578100818858E-22","2.4680345776668663E-26","2.9051628479178616E-14","-3.1647120554348672E-2","-2.3039168102621997E-25","2.9999090112658400E+0","3.0871952293816798E+0","1.7946592460524849E+2","1.0000000007322900E+0","3.054200000000000E-6"
"890","1.0114457891867836E+0","-4.6879910475210849E-22","1.0731381548111894E-25","3.4944273660297626E-14","-3.1693948392064054E-2","6.1328918974402099E-26","2.9999070753442600E+0","3.1019734568023467E+0","1.8032501774676251E+2","1.0000000006721499E+0","3.054200000000000E-6"
"889","1.0114949987538215E+0","-4.7228567103401360E-22","-7.1826986093248704E-26","3.0000263148182247E-14","-3.1741203405239483E-2","-9.0862236401123036E-26","2.9999051435996500E+0","3.1167496085666668E+0","1.8118399022548792E+2","1.0000000007227901E+0","3.054200000000000E-6"
"888","1.0115442956118152E+0","-4.6945257743602084E-22","3.1360857610724912E-26","3.5489708632953419E-14","-3.1788886438471615E-2","4.1143912566862158E-26","2.9999032158218699E+0","3.1315236508813720E+0","1.8204284007694247E+2","1.0000000007310099E+0","3.054200000000000E-6"
"887","1.0115936816355209E+0","-4.6480919906745410E-22","-1.6193176436439498E-26","3.3044941066456758E-14","-3.1836998415585148E-2","-2.0057067098001415E-27","2.9999012918017902E+0","3.1462955494304503E+0","1.8290156530625563E+2","1.0000000007248699E+0","3.054200000000000E-6"
"886","1.0116431587209183E+0","-4.6444896191068609E-22","1.1873891105250153E-25","3.4366193028738948E-14","-3.1885540339739324E-2","-1.0752381245756704E-25","2.9998993713312401E+0","3.1610652693588044E+0","1.8376016388721854E+2","1.0000000007070300E+0","3.054200000000000E-6"
"885","1.0116927287856303E+0","-4.6756743282000986E-22","-7.9853678640978051E-26","3.0327466845121667E-14","-3.1934513293550196E-2","-1.3291758362617910E-25","2.9998974542029702E+0","3.1758327752556692E+0","1.8461863376132015E+2","1.0000000007075200E+0","3.054200000000000E-6"
"884","1.0117423937693617E+0","-4.6791153995483281E-22","-4.2256554959807448E-26","3.7459555326138180E-14","-3.1983918439259955E-2","1.5730369507040802E-25","2.9998955402105101E+0","3.1905980311376552E+0","1.8547697283676123E+2","1.0000000007361600E+0","3.054200000000000E-6"
"883","1.0117921556343370E+0","-4.6412842942331968E-22","1.5310761930787005E-25","3.8822156094410579E-14","-3.2033757018931235E-2","-1.5235347892625097E-25","2.9998936291481901E+0","3.2053610004314801E+0","1.8633517898745094E+2","1.0000000007311201E+0","3.054200000000000E-6"
"882","1.0118420163657502E+0","-4.6558633525294349E-22","8.2534405784327041E-26","3.5679270119476990E-14","-3.2084030354675441E-2","-1.1331257068717482E-25","2.9998917208109899E+0","3.2201216459563313E+0","1.8719325005198101E+2","1.0000000007612300E+0","3.054200000000000E-6"
"881","1.0118919779722275E+0","-4.6402172312429967E-22","-9.6845879695743341E-26","3.3268699815165902E-14","-3.2134739848920672E-2","1.5375746301093615E-26","2.9998898149945199E+0","3.2348799299058633E+0","1.8805118383257968E+2","1.0000000007766701E+0","3.054200000000000E-6"
"880","1.0119420424862935E+0","-4.6322390742349073E-22","-3.7691609041393428E-26","3.5821576211567433E-14","-3.2185886984702913E-2","2.1501744644734886E-26","2.9998879114949499E+0","3.2496358138297987E+0","1.8890897809404177E+2","1.0000000007922401E+0","3.054200000000000E-6"
"879","1.0119922119648490E+0","-4.6644329436754622E-22","5.3496127311108912E-26","4.3393864853906750E-14","-3.2237473326007349E-2","5.5332324140952795E-26","2.9998860101089400E+0","3.2643892586151275E+0","1.8976663056263601E+2","1.0000000007151499E+0","3.054200000000000E-6"
"878","1.0120424884896579E+0","-4.6327684698269287E-22","-8.4392926104267502E-26","4.2415599840988399E-14","-3.2289500518118332E-2","7.5874115371340191E-26","2.9998841106335501E+0","3.2791402244668806E+0","1.9062413892498711E+2","1.0000000007288501E+0","3.054200000000000E-6"
"877","1.0120928741678461E+0","-4.6632666190117806E-22","-5.5019998299700218E-26","4.5632643819625043E-14","-3.2341970288035912E-2","-4.4101660503609771E-26","2.9998822128662002E+0","3.2938886708884763E+0","1.9148150082693354E+2","1.0000000007266900E+0","3.054200000000000E-6"
"876","1.0121433711324099E+0","-4.6202987220927093E-22","1.0050162868042414E-25","3.8478515388647755E-14","-3.2394884444889339E-2","7.1009550370072876E-27","2.9998803166046000E+0","3.3086345566615893E+0","1.9233871387235703E+2","1.0000000007699199E+0","3.054200000000000E-6"
"875","1.0121939815427281E+0","-4.6124570498857115E-22","-1.2612580443056487E-26","3.2292484109330165E-14","-3.2448244880426989E-2","-1.0182770669381953E-25","2.9998784216466801E+0","3.3233778398255436E+0","1.9319577562198472E+2","1.0000000007279699E+0","3.054200000000000E-6"
"874","1.0122447075850987E+0","-4.5222281886684318E-22","-4.9411279275092534E-26","3.9699698695852634E-14","-3.2502053569490902E-2","-1.6353002726491830E-25","2.9998765277905100E+0","3.3381184776562414E+0","1.9405268359216421E+2","1.0000000007617600E+0","3.054200000000000E-6"
"873","1.0122955514732699E+0","-4.5654897347049440E-22","9.7900989161122776E-26","3.9576425176102620E-14","-3.2556312570574342E-2","-5.5698203572880359E-26","2.9998746348342800E+0","3.3528564266445220E+0","1.9490943525360561E+2","1.0000000007232099E+0","3.054200000000000E-6"
"872","1.0123465154489988E+0","-4.6054508300973819E-22","6.1781514485411292E-26","4.0354153945407610E-14","-3.2611024026378541E-2","-1.1467179958731781E-25","2.9998727425761502E+0","3.3675916424740429E+0","1.9576602803009567E+2","1.0000000007540599E+0","3.054200000000000E-6"
"871","1.0123976017826042E+0","-4.6492583153382075E-22","8.4366104746221287E-26","4.0886622440295973E-14","-3.2666190164424048E-2","-9.8759003512021646E-26","2.9998708508142999E+0","3.3823240799985617E+0","1.9662245929717702E+2","1.0000000007921901E+0","3.054200000000000E-6"
"870","1.0124488127735483E+0","-4.6342036281897185E-22","5.7871049096115445E-26","4.4270345201335710E-14","-3.2721813297693005E-2","1.0369225720574016E-25","2.9998689593467400E+0","3.3970536932186510E+0","1.9747872638079468E+2","1.0000000007455800E+0","3.054200000000000E-6"
"869","1.0125001507510194E+0","-4.5944824151749210E-22","-6.8792226839913862E-26","4.5771463407045814E-14","-3.2777895825293023E-2","3.3229381635855278E-26","2.9998670679713499E+0","3.4117804352578460E+0","1.9833482655590944E+2","1.0000000007174601E+0","3.054200000000000E-6"
"868","1.0125516180745275E+0","-4.5749692245247995E-22","-2.3935529345522566E-26","3.8484044555332027E-14","-3.2834440233182438E-2","-8.0784715089145256E-26","2.9998651764857400E+0","3.4265042583381096E+0","1.9919075704507154E+2","1.0000000007566900E+0","3.054200000000000E-6"
"867","1.0126032171345174E+0","-4.5636037629083150E-22","1.4796214491695397E-26","3.5617071194562572E-14","-3.2891449094910763E-2","8.8528310836932624E-26","2.9998632846872200E+0","3.4412251137547010E+0","2.0004651501695980E+2","1.0000000007911700E+0","3.054200000000000E-6"
"866","1.0126549503529894E+0","-4.6848849843208346E-22","1.5771142520076836E-25","4.1694136743193789E-14","-3.2948925072406793E-2","-3.6872069112235729E-26","2.9998613923727300E+0","3.4559429518503606E+0","2.0090209758488081E+2","1.0000000007405501E+0","3.054200000000000E-6"
"865","1.0127068201841412E+0","-4.6699295588458853E-22","1.0984545997451743E-25","4.3196785231637563E-14","-3.3006870916793600E-2","-7.3780977471880691E-26","2.9998594993387400E+0","3.4706577219887875E+0","2.0175750180522726E+2","1.0000000007579100E+0","3.054200000000000E-6"
"864","1.0127588291150100E+0","-4.7653282988915970E-22","1.5059083617464652E-25","4.3286642738071941E-14","-3.3065289469246181E-2","1.6700807872235094E-26","2.9998576053812398E+0","3.4853693725274315E+0","2.0261272467589615E+2","1.0000000007808700E+0","3.054200000000000E-6"
"863","1.0128109796661429E+0","-4.7336555532369438E-22","-2.7365053836472000E-25","4.6159968050882136E-14","-3.3124183661900036E-2","-4.1007335376059915E-25","2.9998557102956398E+0","3.5000778507894816E+0","2.0346776313466046E+2","1.0000000007290399E+0","3.054200000000000E-6"
"862","1.0128632743922719E+0","-4.8049006193961460E-22","-3.8693299084201891E-26","4.8964978821850753E-14","-3.3183556518766637E-2","2.6830202440131836E-25","2.9998538138766699E+0","3.5147831030351413E+0","2.0432261405749932E+2","1.0000000007643699E+0","3.054200000000000E-6"
"861","1.0129157158830051E+0","-4.8026341445177629E-22","-1.2388004067937539E-25","5.3419755242317479E-14","-3.3243411156716286E-2","8.2931548473673029E-26","2.9998519159183901E+0","3.5294850744320700E+0","2.0517727425687977E+2","1.0000000007324501E+0","3.054200000000000E-6"
"860","1.0129683067635387E+0","-4.7726405755065922E-22","4.9999314401104488E-26","5.7686531686356627E-14","-3.3303750786488041E-2","-2.9159531830062171E-26","2.9998500162140300E+0","3.5441837090249875E+0","2.0603174047998968E+2","1.0000000007619301E+0","3.054200000000000E-6"
"859","1.0130210496953713E+0","-4.7340608717371172E-22","-1.1007070839912889E-26","5.1613694754897519E-14","-3.3364578713743355E-2","6.3137833715608820E-26","2.9998481145559901E+0","3.5588789497044404E+0","2.0688600940692203E+2","1.0000000007020300E+0","3.054200000000000E-6"
"858","1.0130739473770511E+0","-4.7528544152543290E-22","8.9181410845924965E-29","5.3723525826477971E-14","-3.3425898340142562E-2","7.2650912212374180E-26","2.9998462107357500E+0","3.5735707381746624E+0","2.0774007764880685E+2","1.0000000007357299E+0","3.054200000000000E-6"
"857","1.0131270025449230E+0","-4.7203131299564837E-22","1.3675723523161057E-25","5.0174033800931180E-14","-3.3487713164493865E-2","-1.4543830441206075E-25","2.9998443045437599E+0","3.5882590149205025E+0","2.0859394174588823E+2","1.0000000007754000E+0","3.054200000000000E-6"
"856","1.0131802179738989E+0","-4.6972761498968831E-22","-2.4650214198243436E-25","5.3344250513562877E-14","-3.3550026783918545E-2","-1.2304968195574030E-25","2.9998423957694400E+0","3.6029437191734197E+0","2.0944759816554790E+2","1.0000000007460399E+0","3.054200000000000E-6"
"855","1.0132335964782500E+0","-4.6415903510598135E-22","1.5055954485056074E-25","5.6488653872209169E-14","-3.3612842895061341E-2","8.8428613905766390E-26","2.9998404842010302E+0","3.6176247888764483E+0","2.1030104330026842E+2","1.0000000007637599E+0","3.054200000000000E-6"
"854","1.0132871409124020E+0","-4.6791443508697395E-22","2.1108360158056792E-25","5.5484873854763942E-14","-3.3676165295346144E-2","-1.1239448934099509E-25","2.9998385696255898E+0","3.6323021606481953E+0","2.1115427346554020E+2","1.0000000007877601E+0","3.054200000000000E-6"
"853","1.0133408541717639E+0","-4.6803851217885397E-22","-2.0592720147634603E-25","5.0810603505130476E-14","-3.3739997884288497E-2","-8.2481733478129746E-26","2.9998366518288599E+0","3.6469757697456768E+0","2.1200728489770120E+2","1.0000000008141900E+0","3.054200000000000E-6"
"852","1.0133947391935594E+0","-4.7200980629972401E-22","-1.6634876610271078E-25","5.1024057912726571E-14","-3.3804344664821968E-2","2.2066137557296887E-26","2.9998347305952202E+0","3.6616455500261669E+0","2.1286007375171911E+2","1.0000000008098400E+0","3.054200000000000E-6"
"851","1.0134487989576908E+0","-4.7263763638465196E-22","1.4547809829555383E-25","5.2848345247155566E-14","-3.3869209744695761E-2","-1.0337430485946082E-25","2.9998328057076198E+0","3.6763114339078129E+0","2.1371263609890178E+2","1.0000000007782299E+0","3.054200000000000E-6"
"850","1.0135030364876096E+0","-4.7294452039190939E-22","2.3482989847176540E-25","4.8612374247820460E-14","-3.3934597337896333E-2","-2.6449701987234484E-25","2.9998308769474802E+0","3.6909733523291113E+0","2.1456496792454146E+2","1.0000000007819301E+0","3.054200000000000E-6"
"849","1.0135574548512114E+0","-4.6931733340586344E-22","4.4819167664927734E-26","5.4358534489329719E-14","-3.4000511766141578E-2","2.6966375042254255E-26","2.9998289440946300E+0","3.7056312347071292E+0","2.1541706512548620E+2","1.0000000008168299E+0","3.054200000000000E-6"
"848","1.0136120571617517E+0","-4.6502592038793749E-22","3.1120387385140135E-26","6.0924543247228960E-14","-3.4066957460390075E-2","1.8001926431191364E-25","2.9998270069271999E+0","3.7202850088945056E+0","2.1626892350764001E+2","1.0000000007600300E+0","3.054200000000000E-6"
"847","1.0136668465787779E+0","-4.6357587277413228E-22","-1.3366807618514069E-25","5.9530862521061468E-14","-3.4133938962414997E-2","-7.7766615809923375E-26","2.9998250652215899E+0","3.7349346011350644E+0","2.1712053878338278E+2","1.0000000007948600E+0","3.054200000000000E-6"
"846","1.0137218263090833E+0","-4.6319785123419452E-22","3.7453796703252492E-25","5.1262619138022192E-14","-3.4201460926433197E-2","1.2120714558442819E-26","2.9998231187523299E+0","3.7495799360181401E+0","2.1797190656891516E+2","1.0000000007812000E+0","3.054200000000000E-6"
"845","1.0137769996076818E+0","-4.6683165566513924E-22","9.1407262748971059E-26","5.1303769470102613E-14","-3.4269528120755594E-2","8.7496325389477480E-26","2.9998211672920601E+0","3.7642209364314372E+0","2.1882302238151777E+2","1.0000000007818799E+0","3.054200000000000E-6"
"844","1.0138323697788039E+0","-4.6908406847312336E-22","-5.4972384283744568E-26","5.5559927171014359E-14","-3.4338145429521787E-2","1.3848228985224093E-25","2.9998192106113799E+0","3.7788575235124409E+0","2.1967388163672712E+2","1.0000000008100600E+0","3.054200000000000E-6"
"843","1.0138879401769105E+0","-4.6693257169987246E-22","1.3742798425798322E-25","5.6806501828200457E-14","-3.4407317854461869E-2","-2.0937038978001803E-25","2.9998172484787999E+0","3.7934896165983147E+0","2.2052447964542264E+2","1.0000000007886500E+0","3.054200000000000E-6"
"842","1.0139437142077388E+0","-4.6192233872963970E-22","-5.3645822397753925E-26","5.4568729600573612E-14","-3.4477050516702031E-2","-1.4446566867304552E-26","2.9998152806606599E+0","3.8081171331742745E+0","2.2137481161082579E+2","1.0000000007735701E+0","3.054200000000000E-6"
"841","1.0139996953293566E+0","-4.6080150899963372E-22","1.4761942926136698E-25","5.8688851790969422E-14","-3.4547348658655871E-2","5.8966236733312606E-26","2.9998133069210300E+0","3.8227399888202425E+0","2.2222487262539863E+2","1.0000000007898999E+0","3.054200000000000E-6"
"840","1.0140558870532506E+0","-4.6616908399448996E-22","-1.5958169268526563E-25","6.7099492058880315E-14","-3.4618217645936054E-2","-7.5432735426845752E-26","2.9998113270215998E+0","3.8373580971558958E+0","2.2307465766764983E+2","1.0000000008047700E+0","3.054200000000000E-6"
"839","1.0141122929454327E+0","-4.6334508938323187E-22","-2.8321226432919222E-25","6.4147984275202880E-14","-3.4689662969333013E-2","1.4245881761178361E-25","2.9998093407216100E+0","3.8519713697839468E+0","2.2392416159883689E+2","1.0000000007862400E+0","3.054200000000000E-6"
"838","1.0141689166275729E+0","-4.6615088602101075E-22","9.7340882417689071E-26","4.9991414939217284E-14","-3.4761690246845750E-2","-6.8860255873523407E-26","2.9998073477777698E+0","3.8665797162316089E+0","2.2477337915956389E+2","1.0000000007868399E+0","3.054200000000000E-6"
"837","1.0142257617781529E+0","-4.6975739349174177E-22","1.2511334137361180E-25","5.6893605836421114E-14","-3.4834305225769607E-2","1.1961163436834998E-25","2.9998053479441200E+0","3.8811830438902035E+0","2.2562230496627029E+2","1.0000000007915100E+0","3.054200000000000E-6"
"836","1.0142828321336488E+0","-4.6766628090320751E-22","-1.7344167175764522E-25","5.9474059070209005E-14","-3.4907513784842879E-2","-1.2998998520338025E-25","2.9998033409719702E+0","3.8957812579528195E+0","2.2647093350760730E+2","1.0000000007947700E+0","3.054200000000000E-6"
"835","1.0143401314897347E+0","-4.7834518261126698E-22","1.4482409297610774E-25","5.7005414128577354E-14","-3.4981321936441614E-2","-1.0250660905358146E-25","2.9998013266097998E+0","3.9103742613499555E+0","2.2731925914069629E+2","1.0000000007621599E+0","3.054200000000000E-6"
"834","1.0143976637025158E+0","-4.8058187898761127E-22","-2.3301133023842588E-25","6.8624815236528052E-14","-3.5055735828842916E-2","1.0610437451531179E-25","2.9997993046031199E+0","3.9249619546831167E+0","2.2816727608726885E+2","1.0000000007828800E+0","3.054200000000000E-6"
"833","1.0144554326897819E+0","-4.7476183619769376E-22","2.3205598865065701E-25","7.2161427595336709E-14","-3.5130761748544855E-2","-8.4227909802552854E-26","2.9997972746944201E+0","3.9395442361562121E+0","2.2901497842967859E+2","1.0000000007336001E+0","3.054200000000000E-6"
"832","1.0145134424322970E+0","-4.7497855751818091E-22","-3.3689667613084274E-25","6.2358039502517301E-14","-3.5206406122629492E-2","1.5766552153924943E-27","2.9997952366230201E+0","3.9541210015047450E+0","2.2986236010678496E+2","1.0000000007939100E+0","3.054200000000000E-6"
"831","1.0145716969751046E+0","-4.7522340297949684E-22","-7.5202039333645486E-25","5.9219807517522190E-14","-3.5282675521228782E-2","1.0457528654586996E-25","2.9997931901250001E+0","3.9686921439226861E+0","2.3070941490970208E+2","1.0000000007757599E+0","3.054200000000000E-6"
"830","1.0146302004288685E+0","-4.8066956013254508E-22","2.6333285627294200E-25","6.5762688939848325E-14","-3.5359576659998705E-2","-6.8758653336992230E-26","2.9997911349330399E+0","3.9832575539869413E+0","2.3155613647740796E+2","1.0000000007625800E+0","3.054200000000000E-6"
"829","1.0146889569712387E+0","-4.8380457465412178E-22","4.0255296326649349E-25","7.5164569525490020E-14","-3.5437116402695770E-2","9.0053396891716578E-26","2.9997890707763601E+0","3.9978171195793428E+0","2.3240251829220961E+2","1.0000000007793499E+0","3.054200000000000E-6"
"828","1.0147479708482448E+0","-4.8330992064781360E-22","-3.0684157691333846E-25","6.2081371384151934E-14","-3.5515301763810056E-2","8.0121246896482617E-26","2.9997869973805802E+0","4.0123707258060595E+0","2.3324855367505825E+2","1.0000000007799299E+0","3.054200000000000E-6"
"827","1.0148072463757163E+0","-4.8359777950098051E-22","-3.0326721409291470E-25","7.0838420896594691E-14","-3.5594139911233766E-2","-2.0151119295213961E-25","2.9997849144676101E+0","4.0269182549144009E+0","2.3409423578071284E+2","1.0000000008013801E+0","3.054200000000000E-6"
"826","1.0148667879407400E+0","-4.8465822504627287E-22","-3.1365770866856072E-25","6.5412849913615314E-14","-3.5673638169052162E-2","1.4851542308091990E-26","2.9997828217555198E+0","4.0414595862066980E+0","2.3493955759273376E+2","1.0000000007906900E+0","3.054200000000000E-6"
"825","1.0149266000031369E+0","-4.7802919961727355E-22","6.7535364681354323E-26","7.2124779183267425E-14","-3.5753804020330807E-2","1.0918814702386440E-25","2.9997807189584198E+0","4.0559945959515877E+0","2.3578451191832573E+2","1.0000000007747001E+0","3.054200000000000E-6"
"824","1.0149866870969739E+0","-4.8110962021842304E-22","-2.2084751356643920E-25","6.2485051710375564E-14","-3.5834645110036804E-2","-7.1984185911987559E-26","2.9997786057863398E+0","4.0705231572920351E+0","2.3662909138299071E+2","1.0000000007466201E+0","3.054200000000000E-6"
"823","1.0150470538321070E+0","-4.8506850663010150E-22","-7.1645610521289256E-27","6.6798766730030068E-14","-3.5916169247973834E-2","-1.9618596781510799E-25","2.9997764819451200E+0","4.0850451401505614E+0","2.3747328842501872E+2","1.0000000007690799E+0","3.054200000000000E-6"
"822","1.0151077048957478E+0","-4.7613661037575485E-22","1.5367292939190592E-25","6.5922885637318380E-14","-3.5998384411829565E-2","1.0560543079527047E-25","2.9997743471362299E+0","4.0995604111310611E+0","2.3831709528978018E+2","1.0000000007508301E+0","3.054200000000000E-6"
"821","1.0151686450540740E+0","-4.7531935593055147E-22","4.9080556973279736E-25","7.1973077551014524E-14","-3.6081298750250040E-2","-5.3680381203425840E-26","2.9997722010566799E+0","4.1140688334175293E+0","2.3916050402383871E+2","1.0000000007455900E+0","3.054200000000000E-6"
"820","1.0152298791538532E+0","-4.7426883655261178E-22","-1.2017999074505560E-25","5.8936360694252676E-14","-3.6164920586028063E-2","-2.4580294774115509E-25","2.9997700433988701E+0","4.1285702666691995E+0","2.4000350646885531E+2","1.0000000007855501E+0","3.054200000000000E-6"
"819","1.0152914121241134E+0","-4.7052501710019841E-22","2.6906793625032273E-25","6.5561474390446415E-14","-3.6249258419327371E-2","6.5638723084882909E-26","2.9997678738504701E+0","4.1430645669122947E+0","2.4084609425529544E+2","1.0000000007766301E+0","3.054200000000000E-6"
"818","1.0153532489778407E+0","-4.6433605175707668E-22","1.5586233106808827E-25","7.5362509942869074E-14","-3.6334320930992085E-2","-1.4630062445319346E-25","2.9997656920942100E+0","4.1575515864280179E+0","2.4168825879591770E+2","1.0000000007816601E+0","3.054200000000000E-6"
"817","1.0154153948136986E+0","-4.5676073170731651E-22","-2.3510355691497717E-25","7.3766458988638318E-14","-3.6420116985929819E-2","2.2095944564767117E-25","2.9997634978078298E+0","4.1720311736368600E+0","2.4252999127904857E+2","1.0000000007672400E+0","3.054200000000000E-6"
"816","1.0154778548177961E+0","-4.5576480624980440E-22","7.2482605922776440E-26","6.9796833557876915E-14","-3.6506655636565348E-2","-3.3313064037484440E-25","2.9997612906638502E+0","4.1865031729788491E+0","2.4337128266162071E+2","1.0000000007667500E+0","3.054200000000000E-6"
"815","1.0155406342654734E+0","-4.6437741078770373E-22","1.8774620891477314E-25","7.2197212384358650E-14","-3.6593946126360029E-2","-1.9435332945981851E-25","2.9997590703294499E+0","4.2009674247898818E+0","2.4421212366198401E+2","1.0000000007413701E+0","3.054200000000000E-6"
"814","1.0156037385231280E+0","-4.6340299202611786E-22","-6.0847263259934589E-26","7.0101479606786221E-14","-3.6681997893414184E-2","8.1943715956479743E-26","2.9997568364663199E+0","4.2154237651737461E+0","2.4505250475246592E+2","1.0000000007924801E+0","3.054200000000000E-6"
"813","1.0156671730500635E+0","-4.5996192067789739E-22","1.5090960096394047E-25","8.1957449310907548E-14","-3.6770820574145095E-2","2.7928698611315601E-25","2.9997545887304899E+0","4.2298720258698461E+0","2.4589241615168206E+2","1.0000000007148999E+0","3.054200000000000E-6"
"812","1.0157309434003841E+0","-4.5422790467167998E-22","2.7561200377491881E-25","7.8140939946904881E-14","-3.6860424007004781E-2","-5.1263007441972249E-26","2.9997523267721600E+0","4.2443120341164517E+0","2.4673184781658637E+2","1.0000000007599199E+0","3.054200000000000E-6"
"811","1.0157950552249064E+0","-4.4859811342264140E-22","4.0468672908619786E-25","8.3669607647974462E-14","-3.6950818236337203E-2","-2.5258051238812913E-25","2.9997500502355399E+0","4.2587436125091607E+0","2.4757078943424341E+2","1.0000000007261300E+0","3.054200000000000E-6"
"810","1.0158595142731082E+0","-4.4637630629732272E-22","4.0069735125123233E-25","7.7708875422393084E-14","-3.7042013516227608E-2","3.4919471390001196E-25","2.9997477587586698E+0","4.2731665788547577E+0","2.4840923041333284E+2","1.0000000007276899E+0","3.054200000000000E-6"
"809","1.0159243263951101E+0","-4.3957688166213662E-22","-2.5990720872531330E-25","7.0999722772554734E-14","-3.7134020314488279E-2","6.5476746493445816E-26","2.9997454519732698E+0","4.2875807460198665E+0","2.4924715987535103E+2","1.0000000007401100E+0","3.054200000000000E-6"
"808","1.0159894975436885E+0","-4.4521163599484927E-22","-2.1887111005979421E-25","8.2698276535432408E-14","-3.7226849316690264E-2","-4.6006979614876672E-25","2.9997431295045098E+0","4.3019859217745502E+0","2.5008456664551929E+2","1.0000000007410601E+0","3.054200000000000E-6"
"807","1.0160550337763046E+0","-4.5563080299056457E-22","4.7523653805905532E-25","7.7092534117777073E-14","-3.7320511430256671E-2","-9.0191015199922599E-26","2.9997407909708800E+0","4.3163819086306257E+0","2.5092143924338475E+2","1.0000000007502099E+0","3.054200000000000E-6"
"806","1.0161209412571888E+0","-4.4627042717891844E-22","1.9721088908844870E-25","8.4044705508777942E-14","-3.7415017788655476E-2","3.9682719375205759E-25","2.9997384359839701E+0","4.3307685036743218E+0","2.5175776587309238E+2","1.0000000007258800E+0","3.054200000000000E-6"
"805","1.0161872262594240E+0","-4.3840228519231352E-22","-1.7169647590008267E-25","8.6353025636717894E-14","-3.7510379755614831E-2","3.0872731681947086E-26","2.9997360641482902E+0","4.3451454983934248E+0","2.5259353441333639E+2","1.0000000007176599E+0","3.054200000000000E-6"
"804","1.0162538951670788E+0","-4.4350433521054032E-22","-4.9934694565626769E-25","9.2158713100181252E-14","-3.7606608929468557E-2","-6.1692652077777265E-26","2.9997336750610399E+0","4.3595126784983442E+0","2.5342873240695857E+2","1.0000000007061001E+0","3.054200000000000E-6"
"803","1.0163209544773573E+0","-4.4855675439201435E-22","7.0946532639882401E-25","9.0726882723385300E-14","-3.7703717147506199E-2","1.1900589993411204E-25","2.9997312683119701E+0","4.3738698237372384E+0","2.5426334705020093E+2","1.0000000007331800E+0","3.054200000000000E-6"
"802","1.0163884108027739E+0","-4.5286801974464185E-22","-6.7614307866069625E-25","8.5019700170915554E-14","-3.7801716490430966E-2","5.7421156423153142E-26","2.9997288434831200E+0","4.3882167077047693E+0","2.5509736518158840E+2","1.0000000007467200E+0","3.054200000000000E-6"
"801","1.0164562708733567E+0","-4.5106807473172991E-22","-7.2454852714961842E-25","8.5114536526791828E-14","-3.7900619286857999E-2","-3.2271529116169092E-26","2.9997264001486399E+0","4.4025530976444118E+0","2.5593077327043628E+2","1.0000000007223699E+0","3.054200000000000E-6"
"800","1.0165245415388682E+0","-4.5474406537391666E-22","4.9452427909467859E-25","9.1273617333280023E-14","-3.8000438117867644E-2","-1.3389053137336849E-25","2.9997239378745499E+0","4.4168787542441033E+0","2.5676355740497121E+2","1.0000000007174601E+0","3.054200000000000E-6"
"799","1.0165932297710507E+0","-4.6054094710668962E-22","-3.4198135315215311E-26","9.0496535247307545E-14","-3.8101185821635547E-2","-1.4457931574223081E-25","2.9997214562185399E+0","4.4311934314248838E+0","2.5759570328004401E+2","1.0000000007109799E+0","3.054200000000000E-6"
"798","1.0166623426658870E+0","-4.7267403233161565E-22","2.3968577335889381E-26","9.1427567789669378E-14","-3.8202875498102126E-2","1.1628906792677269E-25","2.9997189547297198E+0","4.4454968761225180E+0","2.5842719618443510E+2","1.0000000006984100E+0","3.054200000000000E-6"
"797","1.0167551662805150E+0","-4.6546101739015831E-22","-2.7627667203258539E-25","8.9475951347805988E-14","-3.8339950165652018E-2","5.3753491182081244E-25","2.9997155877644999E+0","4.4645502120371603E+0","2.5953481144445885E+2","1.0000000006951300E+0","3.054200000000000E-6"
"796","1.0168252983653407E+0","-4.8106826118781066E-22","5.5446417400860736E-25","9.7824534931128282E-14","-3.8443890228414837E-2","-2.8646998988848798E-25","2.9997130381959098E+0","4.4788264225197914E+0","2.6036472115983435E+2","1.0000000006880001E+0","3.054200000000000E-6"
"795","1.0168958796927547E+0","-4.8382442698883913E-22","3.2376759250084082E-26","9.8847717812189028E-14","-3.8548817881768845E-2","4.4387918464476230E-25","2.9997104672267598E+0","4.4930905035666289E+0","2.6119392576255962E+2","1.0000000006972001E+0","3.054200000000000E-6"
"794","1.0169669179236129E+0","-4.8236528038829624E-22","5.6500778606345589E-25","1.0450906694872682E-13","-3.8654747415041983E-2","-2.0670771596692999E-25","2.9997078743663401E+0","4.5073421691362539E+0","2.6202240862437390E+2","1.0000000006773899E+0","3.054200000000000E-6"
"793","1.0170384208552934E+0","-4.8589237852021869E-22","8.9125796686251517E-26","9.1640195432364234E-14","-3.8761693404948942E-2","-5.9436356762368265E-26","2.9997052591141000E+0","4.5215811249076525E+0","2.6285015263570392E+2","1.0000000006898599E+0","3.054200000000000E-6"
"792","1.0171103964240165E+0","-4.7865620252160514E-22","3.8416748748845065E-26","1.0656014491994157E-13","-3.8869670720500397E-2","4.6787872809792466E-26","2.9997026209593698E+0","4.5358070680114091E+0","2.6367714019003773E+2","1.0000000006804000E+0","3.054200000000000E-6"
"791","1.0171828527071565E+0","-4.7869921591345764E-22","-7.0293006911298090E-25","9.2603892908847265E-14","-3.8978694527901182E-2","2.2069035329546805E-25","2.9996999593811200E+0","4.5500196867522860E+0","2.6450335316779751E+2","1.0000000006870300E+0","3.054200000000000E-6"
"790","1.0172557979255519E+0","-4.7520851372847989E-22","-7.4229731412883691E-25","1.1040551438467251E-13","-3.9088780295469680E-2","5.8507327421340287E-26","2.9996972738476901E+0","4.5642186603227195E+0","2.6532877291968470E+2","1.0000000006769101E+0","3.054200000000000E-6"
"789","1.0173292404458039E+0","-4.9500129142564864E-22","3.7380841953346900E-25","1.0853231171821084E-13","-3.9199943798561010E-2","4.5465639990461755E-25","2.9996945638165098E+0","4.5784036585069829E+0","2.6615338024948170E+2","1.0000000006661900E+0","3.054200000000000E-6"
"788","1.0174031887825430E+0","-4.8860222220694378E-22","-5.9758601911400854E-25","1.1390907190239070E-13","-3.9312201124443065E-2","6.9662025631141759E-26","2.9996918287338401E+0","4.5925743413761415E+0","2.6697715539631963E+2","1.0000000006496701E+0","3.054200000000000E-6"
"787","1.0174776516006925E+0","-5.0238966865697812E-22","-9.2531081010952441E-26","1.0123594988805693E-13","-3.9425568677190555E-2","-2.0748714088672203E-25","2.9996890680344599E+0","4.6067303589730493E+0","2.6780007801636594E+2","1.0000000006604199E+0","3.054200000000000E-6"
"786","1.0175526377176800E+0","-5.0492084133138489E-22","-5.4757396304928148E-25","9.9505383088916768E-14","-3.9540063182512936E-2","1.0623552045532569E-24","2.9996862811414200E+0","4.6208713509876285E+0","2.6862212716394777E+2","1.0000000006429799E+0","3.054200000000000E-6"
"785","1.0176281561056300E+0","-4.9689718938961823E-22","-5.6739423704557415E-25","1.1819357610299932E-13","-3.9655701692531652E-2","2.8764022866538153E-25","2.9996834674657098E+0","4.6349969464220893E+0","2.6944328127209047E+2","1.0000000006495799E+0","3.054200000000000E-6"
"784","1.0177042158935024E+0","-4.9068009990566848E-22","-6.6213527923799070E-26","1.1989305061826937E-13","-3.9772501590542832E-2","-1.6190257409145231E-25","2.9996806264060001E+0","4.6491067632455350E+0","2.7026351813243878E+2","1.0000000006219500E+0","3.054200000000000E-6"
"783","1.0177808263691772E+0","-4.7299166968682850E-22","9.7085676194320532E-25","1.1144951003301406E-13","-3.9890480595615306E-2","1.8203296916351768E-25","2.9996777573483202E+0","4.6632004080386089E+0","2.7108281487459965E+2","1.0000000006383201E+0","3.054200000000000E-6"
"782","1.0178579969814867E+0","-4.6649995623951539E-22","2.8541784223854765E-25","1.2272084978722861E-13","-4.0009656767189261E-2","-2.8075138076491820E-25","2.9996748596657898E+0","4.6772774756269762E+0","2.7190114794483532E+2","1.0000000006510099E+0","3.054200000000000E-6"
"781","1.0179357373421716E+0","-4.7102628855140234E-22","1.5855400038843483E-26","1.2285112265188140E-13","-4.0130048509501491E-2","-1.1537890754508015E-25","2.9996719327182402E+0","4.6913375487042712E+0","2.7271849308414465E+2","1.0000000006286800E+0","3.054200000000000E-6"
"780","1.0180140572277552E+0","-4.7324313259304169E-22","-1.5398135832185628E-24","1.2525289142971090E-13","-4.0251674575894882E-2","-2.1450755782466770E-25","2.9996689758519999E+0","4.7053801974440610E+0","2.7353482530570551E+2","1.0000000006090599E+0","3.054200000000000E-6"
"779","1.0180929665813312E+0","-4.6511691025532332E-22","-3.6287759301606615E-26","1.3054359096215824E-13","-4.0374554072988553E-2","3.2937361681542783E-25","2.9996659883994901E+0","4.7194049791006734E+0","2.7435011887166979E+2","1.0000000006026699E+0","3.054200000000000E-6"
"778","1.0181724755142501E+0","-4.5663334589298147E-22","5.9910493270174695E-25","1.3463957601503717E-13","-4.0498706464673837E-2","-2.6190879874932489E-25","2.9996629696789898E+0","4.7334114375988081E+0","2.7516434726930709E+2","1.0000000006135401E+0","3.054200000000000E-6"
"777","1.0182525943076850E+0","-4.6944471922020675E-22","-1.1723751713066983E-24","1.3234440210407541E-13","-4.0624151575903308E-2","1.2869778778664909E-24","2.9996599189942401E+0","4.7473991031120208E+0","2.7597748318650025E+2","1.0000000006169700E+0","3.054200000000000E-6"
"776","1.0183333334140727E+0","-4.7338871638086262E-22","1.0399985717301181E-24","1.4697249425255943E-13","-4.0750909596266607E-2","2.7032449857770112E-25","2.9996568356341800E+0","4.7613674916299056E+0","2.7678949848658533E+2","1.0000000005904299E+0","3.054200000000000E-6"
"775","1.0184147034584132E+0","-4.7284608589902863E-22","3.6393713079849779E-25","1.3439107405644770E-13","-4.0879001083301114E-2","-3.4331088248448291E-25","2.9996537188726200E+0","4.7753161045139549E+0","2.7760036418253225E+2","1.0000000005940799E+0","3.054200000000000E-6"
"774","1.0184967152394122E+0","-4.7399090386680354E-22","-1.6293448593528166E-25","1.3455959467334304E-13","-4.1008446965562315E-2","-3.1606166788258035E-25","2.9996505679678700E+0","4.7892444280420907E+0","2.7841005041046753E+2","1.0000000005892500E+0","3.054200000000000E-6"
"773","1.0185793797304452E+0","-4.8205756920041799E-22","1.0870006811598908E-25","1.3068992521877888E-13","-4.1139268545337726E-2","4.6463064217610316E-25","2.9996473821624901E+0","4.8031519329423009E+0","2.7921852640256350E+2","1.0000000005838401E+0","3.054200000000000E-6"
"772","1.0186627080803365E+0","-4.9331384297603673E-22","2.9050991721549933E-25","1.5462238124960750E-13","-4.1271487501048754E-2","1.5510546012405890E-25","2.9996441606828999E+0","4.8170380739148930E+0","2.8002576045926554E+2","1.0000000005670300E+0","3.054200000000000E-6"
"771","1.0187467116139268E+0","-4.8870148388044629E-22","6.8707724021468730E-25","1.5212911926970063E-13","-4.1405125889260208E-2","2.5437303144396878E-25","2.9996409027391100E+0","4.8309022891442330E+0","2.8083171992090865E+2","1.0000000005643901E+0","3.054200000000000E-6"
"770","1.0188314018324078E+0","-4.7615480834924074E-22","5.1070487770093921E-25","1.3527819873492315E-13","-4.1540206146273850E-2","2.0789677959560167E-25","2.9996376075243498E+0","4.8447439997996709E+0","2.8163637113870482E+2","1.0000000005745899E+0","3.054200000000000E-6"
"769","1.0189167904134149E+0","-4.8817208828841284E-22","4.4551329633582502E-25","1.3990452893022158E-13","-4.1676751089274718E-2","-4.0342672163126083E-25","2.9996342742148201E+0","4.8585626095261327E+0","2.8243967944513008E+2","1.0000000005619900E+0","3.054200000000000E-6"
"768","1.0190028892108358E+0","-4.7959587969746122E-22","9.3011728832715126E-25","1.5831492375382174E-13","-4.1814783916940414E-2","-4.0225053948270715E-27","2.9996309019693101E+0","4.8723575039252545E+0","2.8324160912376135E+2","1.0000000005499099E+0","3.054200000000000E-6"
"767","1.0190897102543419E+0","-4.9479615063373883E-22","-3.8337054753581711E-25","1.5864233446338171E-13","-4.1954328209563130E-2","-6.2548073874192684E-26","2.9996274899289399E+0","4.8861280500264206E+0","2.8404212337852715E+2","1.0000000005453900E+0","3.054200000000000E-6"
"766","1.0191772657485809E+0","-4.8190536796771334E-22","-1.5643833189445357E-25","1.7053464917891673E-13","-4.2095407928503338E-2","-7.8685305885570560E-25","2.9996240372168099E+0","4.8998735957495985E+0","2.8484118430248037E+2","1.0000000005445000E+0","3.054200000000000E-6"
"765","1.0192655680720337E+0","-4.7360709206257898E-22","-2.0311380035820924E-24","1.7450399908841948E-13","-4.2238047415059835E-2","5.3532339338054355E-25","2.9996205429377798E+0","4.9135934693595029E+0","2.8563875284606803E+2","1.0000000005416800E+0","3.054200000000000E-6"
"764","1.0193546297754961E+0","-4.9153375029783311E-22","2.6195586903688910E-25","1.7324006662564251E-13","-4.2382271388595086E-2","-7.0214811661476690E-25","2.9996170061781098E+0","4.9272869789127540E+0","2.8643478878499286E+2","1.0000000005295899E+0","3.054200000000000E-6"
"763","1.0194444635801589E+0","-4.9021687876264522E-22","2.9911755718417432E-25","1.7558046601936624E-13","-4.2528104943917296E-2","-3.2892238855819734E-25","2.9996134260052201E+0","4.9409534116981000E+0","2.8722925068767233E+2","1.0000000005283300E+0","3.054200000000000E-6"
"762","1.0195350823752531E+0","-5.0699210158521966E-22","1.4707662996862868E-25","1.7744781828861391E-13","-4.2675573547831649E-2","1.5758235490090705E-25","2.9996098014674302E+0","4.9545920336715925E+0","2.8802209588240413E+2","1.0000000005305301E+0","3.054200000000000E-6"
"761","1.0196264992152295E+0","-5.1349043247743681E-22","2.5950306302743189E-25","1.8769646494060089E-13","-4.2824703034835702E-2","1.6194555736308154E-25","2.9996061315936999E+0","4.9682020888869074E+0","2.8881328042424934E+2","1.0000000005150100E+0","3.054200000000000E-6"
"760","1.0197187273164501E+0","-5.2487243770616740E-22","-1.0491209598038358E-24","1.8877457798362616E-13","-4.2975519601827432E-2","8.0922972594842373E-25","2.9996024153933898E+0","4.9817827989231578E+0","2.8960275906176963E+2","1.0000000005023200E+0","3.054200000000000E-6"
"759","1.0198117800533346E+0","-5.2601725567394231E-22","2.3413181564854585E-25","1.9640987745389694E-13","-4.3128049801807414E-2","5.2595032826341672E-26","2.9995986518560702E+0","4.9953333623108227E+0","2.9039048520365554E+2","1.0000000004906699E+0","3.054200000000000E-6"
"758","1.0199056709539511E+0","-5.2063727296989975E-22","2.2936631781966549E-25","2.0003898833913275E-13","-4.3282320536515546E-2","1.4861530971543334E-25","2.9995948399512802E+0","5.0088529539578213E+0","2.9117641088536237E+2","1.0000000004860099E+0","3.054200000000000E-6"
"757","1.0200004136949921E+0","-5.0145991764846794E-22","1.1373778430104868E-25","1.9902009229866249E-13","-4.3438359047856825E-2","6.8596066784884303E-25","2.9995909786284001E+0","5.0223407245775755E+0","2.9196048673586267E+2","1.0000000004862000E+0","3.054200000000000E-6"
"756","1.0200960220961190E+0","-5.0081140804822026E-22","1.2240081337131758E-25","2.1286730090626389E-13","-4.3596192908112445E-2","-1.5372426713548068E-25","2.9995870668164599E+0","5.0357958001210337E+0","2.9274266194462774E+2","1.0000000004697100E+0","3.054200000000000E-6"
"755","1.0201925101136118E+0","-4.9763503449602140E-22","-3.5097705293072205E-24","2.1504260243271215E-13","-4.3755850008817182E-2","3.5824707251279807E-25","2.9995831034240301E+0","5.0492172812149514E+0","2.9352288422897419E+2","1.0000000004566101E+0","3.054200000000000E-6"
"754","1.0202898918333072E+0","-4.7942382613005125E-22","-2.0548285947552078E-24","2.2634202249050715E-13","-4.3917358548222679E-2","-5.2383522737710126E-25","2.9995790873391499E+0","5.0626042426087547E+0","2.9430109980190861E+2","1.0000000004554099E+0","3.054200000000000E-6"
"753","1.0203881814627649E+0","-5.0022907289698654E-22","2.5256192600620042E-24","2.2042900078807861E-13","-4.4080747017289458E-2","-1.0856534109484005E-24","2.9995750174291902E+0","5.0759557326328180E+0","2.9507725334063582E+2","1.0000000004503800E+0","3.054200000000000E-6"
"752","1.0204873933226362E+0","-4.9850853722288684E-22","1.6840452013788396E-25","2.1423941223942071E-13","-4.4246044184069862E-2","-3.1948407882067807E-25","2.9995708925409201E+0","5.0892707726712585E+0","2.9585128795591129E+2","1.0000000004384100E+0","3.054200000000000E-6"
"751","1.0205875418371717E+0","-4.8087966400815830E-22","-1.6367729948414688E-24","2.3989977214106533E-13","-4.4413279076424249E-2","6.7719422568169692E-25","2.9995667115004498E+0","5.1025483566524157E+0","2.9662314516242151E+2","1.0000000004270000E+0","3.054200000000000E-6"
"750","1.0206886415238494E+0","-4.7010646371026362E-22","4.7043681376477982E-25","2.3349427391458676E-13","-4.4582480963022704E-2","2.7508881322957573E-25","2.9995624731132802E+0","5.1157874505600240E+0","2.9739276485036731E+2","1.0000000004228300E+0","3.054200000000000E-6"
"749","1.0207907069820692E+0","-4.6465368911231361E-22","1.9471584023564328E-24","2.4359793286521000E-13","-4.4753679332442856E-2","1.6333577743267073E-24","2.9995581761644501E+0","5.1289869919698203E+0","2.9816008525852590E+2","1.0000000004079601E+0","3.054200000000000E-6"
"748","1.0208937528808670E+0","-4.6031264525763528E-22","-5.3527941038877284E-25","2.5727160100929610E-13","-4.4926903870362120E-2","2.1017995393862166E-25","2.9995538194186100E+0","5.1421458896148211E+0","2.9892504294897907E+2","1.0000000003984200E+0","3.054200000000000E-6"
"747","1.0209977939456059E+0","-4.6555366161876506E-22","3.9881390218400015E-24","2.4802440076287969E-13","-4.5102184434721103E-2","-6.1657424021079325E-25","2.9995494016202700E+0","5.1552630229843492E+0","2.9968757278380400E+2","1.0000000003968701E+0","3.054200000000000E-6"
"746","1.0211028449436241E+0","-4.7166818070675690E-22","2.7559643262168879E-24","2.3116733019496333E-13","-4.5279551028767927E-2","8.6699005736746144E-25","2.9995449214940200E+0","5.1683372419608311E+0","3.0044760790395924E+2","1.0000000003899201E+0","3.054200000000000E-6"
"745","1.0212089206687756E+0","-4.8601480125086838E-22","-9.3652659913539167E-25","2.5389172245367971E-13","-4.5459033771900983E-2","8.4756909960110309E-25","2.9995403777448399E+0","5.1813673665001616E+0","3.0120507971070367E+2","1.0000000003729299E+0","3.054200000000000E-6"
"744","1.0213160359248401E+0","-4.6327726057301202E-22","-5.7439893516021317E-25","2.5926017625364129E-13","-4.5640662868237522E-2","-7.1623146310713878E-25","2.9995357690584901E+0","5.1943521863602831E+0","3.0195991784981805E+2","1.0000000003705600E+0","3.054200000000000E-6"
"743","1.0214242055077671E+0","-4.3797215127378709E-22","-1.6892723435501096E-24","2.5553751631979599E-13","-4.5824468572830963E-2","-1.3047117597609062E-24","2.9995310941019300E+0","5.2072904608841499E+0","3.0271205019898844E+2","1.0000000003581200E+0","3.054200000000000E-6"
"742","1.0215334441867181E+0","-4.4568809202768133E-22","1.0329623148609742E-24","2.7341913742785022E-13","-4.6010481155431979E-2","-5.0157853135669404E-25","2.9995263515238002E+0","5.2201809188429840E+0","3.0346140285869387E+2","1.0000000003523000E+0","3.054200000000000E-6"
"741","1.0216437666838849E+0","-4.4586014559509883E-22","1.3352752278256984E-24","2.6564702036040794E-13","-4.6198730861794775E-2","-4.0994559310513709E-25","2.9995215399550799E+0","5.2330222583457315E+0","3.0420790014694347E+2","1.0000000003482099E+0","3.054200000000000E-6"
"740","1.0217551876530591E+0","-4.3941475426208157E-22","3.4184303139032366E-24","2.8276423428120610E-13","-4.6389247872386401E-2","-3.5503038868010827E-25","2.9995166580096599E+0","5.2458131468219262E+0","3.0495146459827964E+2","1.0000000003360301E+0","3.054200000000000E-6"
"739","1.0218677216569387E+0","-4.4188967865485091E-22","-2.2724341344438283E-24","2.9394488171571869E-13","-4.6582062258538573E-2","-8.9670060181975438E-25","2.9995117042851600E+0","5.2585522210841154E+0","3.0569201696740748E+2","1.0000000003246201E+0","3.054200000000000E-6"
"738","1.0219813831431503E+0","-4.0947743353256915E-22","6.0417116583357580E-24","2.9489751111429644E-13","-4.6777203935926957E-2","3.2616995474578763E-25","2.9995066773636800E+0","5.2712380874779017E+0","3.0642947623791679E+2","1.0000000003112901E+0","3.054200000000000E-6"
"737","1.0220961864190039E+0","-3.9597784593570248E-22","2.8136470389758258E-24","3.0336815661220403E-13","-4.6974702615447686E-2","-2.2016806475459960E-24","2.9995015758127801E+0","5.2838693221252582E+0","3.0716375963642656E+2","1.0000000003045699E+0","3.054200000000000E-6"
"736","1.0222121456249507E+0","-3.7646961836925728E-22","-2.6444174666035038E-24","3.1749546334733255E-13","-4.7174587751347148E-2","1.6546619209816068E-24","2.9994963981864800E+0","5.2964444712711183E+0","3.0789478265273340E+2","1.0000000002876701E+0","3.054200000000000E-6"
"735","1.0223292747068005E+0","-3.8512523629900873E-22","4.3252086582520970E-24","3.2177876057594095E-13","-4.7376888486778394E-2","-1.6173152142575387E-24","2.9994911430263098E+0","5.3089620517380256E+0","3.0862245906624099E+2","1.0000000002884799E+0","3.054200000000000E-6"
"734","1.0224475873866667E+0","-3.6884632184396227E-22","2.3103392505682052E-24","3.3019895095759489E-13","-4.7581633596675790E-2","-7.5310995983715498E-25","2.9994858088625902E+0","5.3214205514988535E+0","3.0934670097925374E+2","1.0000000002742200E+0","3.054200000000000E-6"
"733","1.0225670971327294E+0","-3.8226650010202423E-22","2.9783599266898062E-25","3.3179242525796522E-13","-4.7788851428043885E-2","8.9281933156035578E-25","2.9994803942156500E+0","5.3338184303740297E+0","3.1006741885750824E+2","1.0000000002637499E+0","3.054200000000000E-6"
"732","1.0226878171278155E+0","-3.9661312064614153E-22","-3.9200071588825694E-24","3.5562338182084720E-13","-4.7998569837778823E-2","-2.8964517385796776E-25","2.9994748975972998E+0","5.3461541208611161E+0","3.1078452157839854E+2","1.0000000002569100E+0","3.054200000000000E-6"
"731","1.0228097602368669E+0","-4.1837127947873363E-22","7.1122327777346396E-24","3.4426402411267551E-13","-4.8210816128012424E-2","-1.1505762958241745E-24","2.9994693175122999E+0","5.3584260291047157E+0","3.1149791648735913E+2","1.0000000002480200E+0","3.054200000000000E-6"
"730","1.0229329389733686E+0","-4.1794776300510144E-22","1.7432160280973634E-24","3.5103898862582771E-13","-4.8425616979181879E-2","4.3143000883483780E-25","2.9994636524599700E+0","5.3706325360135754E+0","3.1220750946280486E+2","1.0000000002361700E+0","3.054200000000000E-6"
"729","1.0230573654648301E+0","-4.0688339513159198E-22","4.9771351094402489E-24","3.6338495269423029E-13","-4.8642998380935734E-2","7.4060960626298257E-25","2.9994579009359299E+0","5.3827719985319264E+0","3.1291320499003689E+2","1.0000000002275000E+0","3.054200000000000E-6"
"728","1.0231830514173905E+0","-3.9409849158397190E-22","-2.0738386075807944E-24","3.6418658367586843E-13","-4.8862985561080020E-2","-6.4579890713263392E-25","2.9994520614338800E+0","5.3948427510711481E+0","3.1361490624446856E+2","1.0000000002238401E+0","3.054200000000000E-6"
"727","1.0233100080796869E+0","-3.7882542875379472E-22","-8.7715302570068776E-24","3.6086847284652831E-13","-4.9085602912721508E-2","1.8202464738633944E-24","2.9994461324475399E+0","5.4068431071088305E+0","3.1431251518458282E+2","1.0000000002147000E+0","3.054200000000000E-6"
"726","1.0234382462060936E+0","-3.7583434365879396E-22","-7.6365727592834312E-24","3.6279435639830494E-13","-4.9310873919870310E-2","3.0785510791499666E-25","2.9994401124726400E+0","5.4187713609598465E+0","3.1500593265488885E+2","1.0000000001999101E+0","3.054200000000000E-6"
"725","1.0235677760195006E+0","-4.0418347761220901E-22","-2.5377762906777021E-24","3.9136402575351545E-13","-4.9538821081803984E-2","-2.8289406922305451E-24","2.9994340000090700E+0","5.4306257897231296E+0","3.1569505849909268E+2","1.0000000001891400E+0","3.054200000000000E-6"
"724","1.0236986071737673E+0","-4.2954152647062631E-22","9.0538480687457165E-24","3.8584547628931707E-13","-4.9769465836459872E-2","-1.9043433434346609E-25","2.9994277935630702E+0","5.4424046554089420E+0","3.1637979168376035E+2","1.0000000001810601E+0","3.054200000000000E-6"
"723","1.0238307487160474E+0","-4.2755629300050386E-22","-2.4461789743150537E-25","4.0123616101402175E-13","-5.0002828483174576E-2","-2.5318006917095885E-24","2.9994214916494899E+0","5.4541062072489330E+0","3.1706003043260711E+2","1.0000000001712399E+0","3.054200000000000E-6"
"722","1.0239642090491552E+0","-3.6389647305842207E-22","-2.3269451124293721E-24","4.1173866441096766E-13","-5.0238928105165018E-2","-3.3567511868761331E-24","2.9994150927941998E+0","5.4657286841896067E+0","3.1773567237144846E+2","1.0000000001631899E+0","3.054200000000000E-6"
"721","1.0240989958942193E+0","-3.4992042942872107E-22","-1.3424362207916788E-23","4.5246224242797167E-13","-5.0477782492204387E-2","9.3686017897978712E-25","2.9994085955364800E+0","5.4772703175687845E+0","3.1840661468378926E+2","1.0000000001544700E+0","3.054200000000000E-6"
"720","1.0242351162537919E+0","-3.5696139080277409E-22","6.4379614852053593E-25","4.4027629387219730E-13","-5.0719408063771496E-2","4.1643858464561660E-25","2.9994019984315901E+0","5.4887293339752850E+0","3.1907275427706378E+2","1.0000000001442499E+0","3.054200000000000E-6"
"719","1.0243725763756937E+0","-3.4854400088943529E-22","2.6003261609630504E-24","4.3595186669820827E-13","-5.0963819793293383E-2","1.2264527946398975E-24","2.9993953000532501E+0","5.5001039582862363E+0","3.1973398795920156E+2","1.0000000001398801E+0","3.054200000000000E-6"
"718","1.0245113817178093E+0","-3.1585382308134529E-22","-1.6896821050806575E-25","4.3667921775481934E-13","-5.1211031133883991E-2","5.9492871676768364E-25","2.9993884989963302E+0","5.5113924168787785E+0","3.2039021262533146E+2","1.0000000001303300E+0","3.054200000000000E-6"
"717","1.0246515369141165E+0","-3.4539409711683863E-22","4.5972347321134758E-24","4.4698198853284154E-13","-5.1461053946071658E-2","-3.2650335452957589E-24","2.9993815938793600E+0","5.5225929410085159E+0","3.2104132545417878E+2","1.0000000001240299E+0","3.054200000000000E-6"
"716","1.0247930457421723E+0","-3.4142363017657868E-22","6.5455402204392344E-24","4.6266236451319426E-13","-5.1713898428081995E-2","7.1679278529352518E-24","2.9993745833472900E+0","5.5337037703462002E+0","3.2168722411366133E+2","1.0000000001138400E+0","3.054200000000000E-6"
"715","1.0249359110923608E+0","-3.7834897272093933E-22","3.3427153148217057E-24","4.7322134947083670E-13","-5.1969573049174586E-2","1.5026647683240636E-24","2.9993674660740801E+0","5.5447231566623261E+0","3.2232780697508343E+2","1.0000000001067200E+0","3.054200000000000E-6"
"714","1.0250801349391572E+0","-3.8893688456162050E-22","-4.2521236834155307E-24","4.4752592081213075E-13","-5.2228084486619510E-2","4.8035361586660144E-24","2.9993602407653399E+0","5.5556493676456675E+0","3.2296297333511637E+2","1.0000000001019100E+0","3.054200000000000E-6"
"713","1.0252257183146587E+0","-3.7673431616523188E-22","1.8397045649072315E-23","4.5984606191273948E-13","-5.2489437566803028E-2","-1.7928021919405941E-24","2.9993529061609498E+0","5.5664806908430817E+0","3.2359262364482856E+2","1.0000000000899301E+0","3.054200000000000E-6"
"712","1.0253726612846787E+0","-4.1577724107773012E-22","-1.7479902351848787E-23","4.4191811047790481E-13","-5.2753635211057970E-2","-4.0936274521865204E-24","2.9993454610376098E+0","5.5772154377012475E+0","3.2421665974464133E+2","1.0000000000864999E+0","3.054200000000000E-6"
"711","1.0255209629276407E+0","-4.2816509793132247E-22","6.0762828880854478E-24","4.3788432016020882E-13","-5.3020678386724238E-2","1.0417210892148992E-24","2.9993379042113699E+0","5.5878519476940545E+0","3.2483498510426381E+2","1.0000000000789200E+0","3.054200000000000E-6"
"710","1.0256706213164921E+0","-4.2610045512239079E-22","5.1001674505274000E-24","4.3017428220593399E-13","-5.3290566063903186E-2","-2.3609150803078597E-24","2.9993302345400501E+0","5.5983885925132668E+0","3.2544750506630578E+2","1.0000000000717100E+0","3.054200000000000E-6"
"709","1.0258216335039443E+0","-4.2334759804381321E-22","-1.8595571370941552E-23","4.5725610740882631E-13","-5.3563295178556701E-2","-8.5413245923817447E-25","2.9993224509255301E+0","5.6088237803004306E+0","3.2605412709228887E+2","1.0000000000678799E+0","3.054200000000000E-6"
"708","1.0259739955111447E+0","-4.4822919086941574E-22","-3.3189213446595563E-23","4.9527010727537148E-13","-5.3838860602144087E-2","-3.5794826969878912E-24","2.9993145523160401E+0","5.6191559598975322E+0","3.2665476100974684E+2","1.0000000000567699E+0","3.054200000000000E-6"
"707","1.0261277023200597E+0","-4.4754097659976683E-22","1.0917496190500174E-23","4.9559023419635014E-13","-5.4117255118473075E-2","-7.7032367761781960E-24","2.9993065377081898E+0","5.6293836250881935E+0","3.2724931925877689E+2","1.0000000000553699E+0","3.054200000000000E-6"
"706","1.0262827478696777E+0","-4.3705894387749447E-22","-1.0222997824267015E-23","4.7584532511371004E-13","-5.4398469407977747E-2","-4.4091806283414638E-24","2.9992984061489398E+0","5.6395053188060116E+0","3.2783771713667949E+2","1.0000000000471101E+0","3.054200000000000E-6"
"705","1.0264391250561762E+0","-4.0857746102606804E-22","1.2809125059977325E-23","4.8698781219516878E-13","-5.4682492039690798E-2","3.7669204258516120E-24","2.9992901567373700E+0","5.6495196372811876E+0","3.2841987303901254E+2","1.0000000000455600E+0","3.054200000000000E-6"
"704","1.0265968257371789E+0","-4.0333644466493412E-22","2.8672232802962226E-23","5.0202802353788193E-13","-5.4969309471402897E-2","-5.1986368530249827E-25","2.9992817886263299E+0","5.6594252340963624E+0","3.2899570869536598E+2","1.0000000000411300E+0","3.054200000000000E-6"
"703","1.0267558407401189E+0","-4.1858303771550608E-22","-2.3286984185669123E-23","5.0719185956462040E-13","-5.5258906057839882E-2","-6.5494932102353132E-24","2.9992733010237802E+0","5.6692208241273532E+0","3.2956514939844641E+2","1.0000000000374600E+0","3.054200000000000E-6"
"702","1.0269161598748038E+0","-4.5828770711806947E-22","-2.1704169375978312E-23","4.9363786109313408E-13","-5.5551264067322553E-2","2.2147201418945672E-25","2.9992646931940898E+0","5.6789051873350713E+0","3.3012812422451026E+2","1.0000000000336999E+0","3.054200000000000E-6"
"701","1.0270777719500990E+0","-4.6617570143936315E-22","-1.0605478833367177E-23","5.1749806491149862E-13","-5.5846363706663051E-2","1.0093582019657498E-24","2.9992559644590102E+0","5.6884771723871719E+0","3.3068456624389847E+2","1.0000000000284699E+0","3.054200000000000E-6"
"700","1.0272406647947525E+0","-4.8830443718638509E-22","-1.8650240976943259E-23","5.1918872328803896E-13","-5.6144183154448850E-2","1.4857736839177786E-23","2.9992471141984400E+0","5.6979357000778599E+0","3.3123441271983825E+2","1.0000000000249500E+0","3.054200000000000E-6"
"699","1.0274048252822245E+0","-4.9158668985699312E-22","-9.6228930314086851E-24","5.1770394786182310E-13","-5.6444698602509551E-2","1.3181968885791683E-23","2.9992381418510501E+0","5.7072797665229489E+0","3.3177760529417918E+2","1.0000000000214699E+0","3.054200000000000E-6"
"698","1.0275702393594244E+0","-4.9920998638228813E-22","-1.3104756800288327E-23","5.2273200872583466E-13","-5.6747884305391405E-2","6.5583608867673889E-24","2.9992290469145502E+0","5.7165084461050766E+0","3.3231409015860538E+2","1.0000000000183700E+0","3.054200000000000E-6"
"697","1.0277368920791774E+0","-5.0836853012448137E-22","4.0608185110370017E-24","5.1502748579096513E-13","-5.7053712637563404E-2","6.0529021121624669E-24","2.9992198289458201E+0","5.7256208941478777E+0","3.3284381821009180E+2","1.0000000000158500E+0","3.054200000000000E-6"
"696","1.0279047676362276E+0","-5.3245602956202770E-22","-4.6300084268455638E-23","4.9733486047781789E-13","-5.7362154158044625E-2","-1.0962414311007215E-23","2.9992104875607999E+0","5.7346163492975437E+0","3.3336674518934967E+2","1.0000000000147000E+0","3.054200000000000E-6"
"695","1.0280738494065433E+0","-5.2726795276007937E-22","-1.1096605267386125E-23","5.1734213411785428E-13","-5.7673177681968064E-2","2.2663128843755168E-25","2.9992010224340602E+0","5.7434941355969560E+0","3.3388283180140076E+2","1.0000000000108900E+0","3.054200000000000E-6"
"694","1.0282441199896588E+0","-5.6601971009696658E-22","-1.7791178792128450E-23","5.0700878048875865E-13","-5.7986750358668571E-2","1.5895927174835822E-25","2.9991914332982899E+0","5.7522536642353357E+0","3.3439204381728871E+2","1.0000000000104601E+0","3.054200000000000E-6"
"693","1.0284155612537704E+0","-5.7687231973366598E-22","2.0668408917596592E-24","5.1362066091576805E-13","-5.8302837755743755E-2","-7.1969859555651109E-24","2.9991817199434099E+0","5.7608944349619415E+0","3.3489435215626042E+2","1.0000000000080800E+0","3.054200000000000E-6"
"692","1.0285881543832489E+0","-5.8560734700222402E-22","9.0510136261760841E-24","5.2674117184937063E-13","-5.8621403948431655E-2","-6.8693330962594957E-25","2.9991718822156099E+0","5.7694160371581305E+0","3.3538973294808790E+2","1.0000000000058900E+0","3.054200000000000E-6"
"691","1.0287618799282672E+0","-5.9386591823795659E-22","5.2055142929996063E-23","5.5338029437770233E-13","-5.8942411613788916E-2","-6.0682642125340755E-25","2.9991619200160802E+0","5.7778181505571604E+0","3.3587816757491163E+2","1.0000000000036899E+0","3.054200000000000E-6"
"690","1.0289367178561701E+0","-6.2391504265594946E-22","5.9005672729670060E-23","4.9975621118048205E-13","-5.9265822128908636E-2","-9.2743807259102991E-24","2.9991518332995999E+0","5.7861005456140449E+0","3.3635964269274132E+2","1.0000000000014799E+0","3.054200000000000E-6"
"689","1.0291126476042309E+0","-6.3778139489845627E-22","-1.5999966929316270E-24","5.1952672003007687E-13","-5.9591595672488909E-2","1.9115552446091763E-24","2.9991416220729801E+0","5.7942630835246698E+0","3.3683415023256708E+2","1.0000000000001701E+0","3.054200000000000E-6"
"688","1.0292896481334455E+0","-7.1368730686818818E-22","5.8376080013948012E-23","5.1787609895256920E-13","-5.9919691329135966E-2","8.0328973521979210E-24","2.9991312863932298E+0","5.8023057158975986E+0","3.3730168738128083E+2","1.0000000000007001E+0","3.054200000000000E-6"
"687","1.0294676979829747E+0","-7.0196302845232362E-22","-1.5983622658262024E-23","5.3508300948562167E-13","-6.0250067195545529E-2","4.6170713270359517E-24","2.9991208263657301E+0","5.8102284840876539E+0","3.3776225654293575E+2","1.0000000000000000E+0","3.054200000000000E-6"
"686","1.0296467753249154E+0","-7.5067098169007976E-22","5.1027489511600087E-23","5.2297243131870752E-13","-6.0582680487970560E-2","-6.7542330227332410E-24","2.9991102421421600E+0","5.8180315181985245E+0","3.3821586528076540E+2","1.0000000000000000E+0","3.054200000000000E-6"
"685","1.0298268580189984E+0","-8.5067840811025126E-22","3.0570943213518747E-24","5.3319306190101756E-13","-6.0917487650208942E-2","1.1319459823470823E-24","2.9990995339183102E+0","5.8257150357709788E+0","3.3866252624092675E+2","1.0000000000000000E+0","3.054200000000000E-6"
"684","1.0300079236669071E+0","-8.3806474229710583E-22","-4.0616221690858748E-23","5.1725329996031636E-13","-6.1254444461425632E-2","1.7188698931436753E-23","2.9990887019319201E+0","5.8332793401691232E+0","3.3910225705868925E+2","1.0000000000000000E+0","3.054200000000000E-6"
"683","1.0301899496659026E+0","-8.6064669458688669E-22","-2.8466580952905772E-23","5.1128497848813296E-13","-6.1593506143218443E-2","6.0905084831135107E-24","2.9990777464602898E+0","5.8407248186810792E+0","3.3953508024802295E+2","1.0000000000000000E+0","3.054200000000000E-6"
"682","1.0303729132614177E+0","-8.8013166687137272E-22","4.2650853191489296E-23","4.3283196655812517E-13","-6.1934627465197435E-2","-5.7362711159401287E-24","2.9990666678179001E+0","5.8480519403586841E+0","3.3996102307601507E+2","1.0000000000000000E+0","3.054200000000000E-6"
"681","1.0305567915983662E+0","-8.9484508637783083E-22","-4.0789876187619249E-23","4.8711926406644847E-13","-6.2277762848600343E-2","-2.8606451130264032E-25","2.9990554663540099E+0","5.8552612536107054E+0","3.4038011742295794E+2","1.0000000000000000E+0","3.054200000000000E-6"
"680","1.0307415617709099E+0","-8.7140173968693756E-22","1.3439883118256791E-23","4.9819627987287142E-13","-6.2622866467354987E-2","4.1830999600009316E-24","2.9990441424501899E+0","5.8623533835752601E+0","3.4079239962960162E+2","1.0000000000000000E+0","3.054200000000000E-6"
"679","1.0309272008704393E+0","-8.9048166673477172E-22","-3.4008971777686505E-24","5.3229533251569336E-13","-6.2969892346091835E-2","-3.6658123591225189E-24","2.9990326965178502E+0","5.8693290292953639E+0","3.4119791033296190E+2","1.0000000000000000E+0","3.054200000000000E-6"
"678","1.0311136860315810E+0","-9.0987008448272151E-22","-4.8366315157270301E-26","4.6370041089834475E-13","-6.3318794454710198E-2","-8.4091440421697779E-25","2.9990211289957700E+0","5.8761889607175632E+0","3.4159669429184362E+2","1.0000000000000000E+0","3.054200000000000E-6"
"677","1.0313009944760434E+0","-8.8965526244185932E-22","-4.2739233721099364E-24","4.5931809702429249E-13","-6.3669526799056145E-2","-5.8588059864578237E-24","2.9990094403476801E+0","5.8829340155430732E+0","3.4198880020379005E+2","1.0000000000000000E+0","3.054200000000000E-6"
"676","1.0314891035541742E+0","-9.0061293043102859E-22","-8.7608292588236423E-24","5.0975937235813707E-13","-6.4022043507479753E-2","-3.5414031973441068E-24","2.9989976310598601E+0","5.8895650959488686E+0","3.4237428051447193E+2","1.0000000000000000E+0","3.054200000000000E-6"
"675","1.0316779907840905E+0","-8.5603552482906902E-22","-5.0448414179060560E-23","5.0505731182647377E-13","-6.4376298912867627E-2","-5.5129297696929818E-24","2.9989857016387300E+0","5.8960831652098760E+0","3.4275319122132800E+2","1.0000000000000000E+0","3.054200000000000E-6"
"674","1.0318676338883064E+0","-8.6526621310132038E-22","6.3022485183626193E-23","4.4022051091315074E-13","-6.4732247630047451E-2","-8.3513862042040910E-25","2.9989736526085800E+0","5.9024892442395585E+0","3.4312559167246064E+2","1.0000000000000000E+0","3.054200000000000E-6"
"673","1.0320580108277961E+0","-8.1788440264353110E-22","-1.1079595312898484E-23","4.1087434766794140E-13","-6.5089844628358581E-2","2.0607895710761445E-23","2.9989614845093402E+0","5.9087844080743208E+0","3.4349154436226621E+2","1.0000000000000000E+0","3.054200000000000E-6"
"672","1.0322490998334379E+0","-8.6077297334143315E-22","2.3295954007266177E-23","4.6051462312532415E-13","-6.5449045299216371E-2","1.3098886696106995E-23","2.9989491978943699E+0","5.9149697823252225E+0","3.4385111472516485E+2","1.0000000000000000E+0","3.054200000000000E-6"
"671","1.0324408794348532E+0","-8.6478587256920950E-22","-6.1920935946972193E-24","4.3861851908230295E-13","-6.5809805518731349E-2","3.4608141391150523E-23","2.9989367933284101E+0","5.9210465396114289E+0","3.4420437092826836E+2","1.0000000000000000E+0","3.054200000000000E-6"
"670","1.0326333284866140E+0","-8.0476161388048544E-22","3.0394431854245537E-24","4.5149246442133396E-13","-6.6172081705202002E-2","2.3014806896021862E-23","2.9989242713855599E+0","5.9270158960029926E+0","3.4455138366459113E+2","1.0000000000000000E+0","3.054200000000000E-6"
"669","1.0328264261918754E+0","-8.1716277733654260E-22","-6.5956012351850955E-23","4.6536319832797089E-13","-6.6535830871653101E-2","4.6637798645883358E-23","2.9989116326474199E+0","5.9328791074847409E+0","3.4489222594748708E+2","1.0000000000000000E+0","3.054200000000000E-6"
"668","1.0330201521234721E+0","-8.2208769096824982E-22","1.5647491916212640E-23","4.1622011491679434E-13","-6.6901010673341088E-2","-1.1492090020607545E-23","2.9988988777012202E+0","5.9386374664607287E+0","3.4522697290744583E+2","1.0000000000000000E+0","3.054200000000000E-6"
"667","1.0332144862425205E+0","-8.1307733083957105E-22","1.1015788710921284E-22","4.7830767921777736E-13","-6.7267579450413395E-2","-1.3071030385799496E-23","2.9988860071381498E+0","5.9442922983133686E+0","3.4555570159206627E+2","1.0000000000000000E+0","3.054200000000000E-6"
"666","1.0334094089146446E+0","-7.9172595432389891E-22","4.0920592910775083E-23","4.9714612997518396E-13","-6.7635496265816025E-2","1.1009668061357929E-23","2.9988730215517800E+0","5.9498449580325028E+0","3.4587849077009707E+2","1.0000000000000000E+0","3.054200000000000E-6"
"665","1.0336049009238648E+0","-7.3531359315522142E-22","-1.1997338677199240E-22","4.4746719679089729E-13","-6.8004720938550312E-2","1.4802863317735794E-23","2.9988599215364800E+0","5.9552968269237097E+0","3.4619542074008251E+2","1.0000000000000000E+0","3.054200000000000E-6"
"664","1.0338009434842819E+0","-7.4113823338103019E-22","-5.9512859515547152E-24","3.6250163328511907E-13","-6.8375214072486035E-2","-4.7934372256352869E-24","2.9988467076860998E+0","5.9606493094114290E+0","3.4650657314452059E+2","1.0000000000000000E+0","3.054200000000000E-6"
"663","1.0339975182496504E+0","-7.6300986864128711E-22","-4.3102770693306043E-23","3.9213204389693920E-13","-6.8746937080945966E-2","1.5702055279805635E-24","2.9988333805926302E+0","5.9659038299383687E+0","3.4681203078961852E+2","1.0000000000000000E+0","3.054200000000000E-6"
"662","1.0341946073209491E+0","-7.2465295983645935E-22","-1.3958543788451971E-23","4.0158813962348163E-13","-6.9119852207183932E-2","-9.0406233912819984E-24","2.9988199408449998E+0","5.9710618299791465E+0","3.4711187747168844E+2","1.0000000000000000E+0","3.054200000000000E-6"
"661","1.0343921932520757E+0","-6.8492226435844939E-22","6.3169843955061289E-23","3.0911295741230738E-13","-6.9493922541039768E-2","3.8535097452124600E-23","2.9988063890279801E+0","5.9761247651638518E+0","3.4740619780993330E+2","1.0000000000000000E+0","3.054200000000000E-6"
"660","1.0345902590537710E+0","-6.8401175319738606E-22","6.1424228373182246E-23","2.6628087294790788E-13","-6.9869112031930650E-2","4.6448498045247562E-23","2.9987927257211902E+0","5.9810941025255726E+0","3.4769507708643931E+2","1.0000000000000000E+0","3.054200000000000E-6"
"659","1.0347887881959039E+0","-7.0032996887995606E-22","5.4088397838109901E-23","2.8411844212245289E-13","-7.0245385498470370E-2","2.7936127171267176E-23","2.9987789514981800E+0","5.9859713178703027E+0","3.4797860109328229E+2","1.0000000000000000E+0","3.054200000000000E-6"
"658","1.0349877646082344E+0","-6.8755447114950026E-22","2.9306432343111248E-23","2.9529140523020636E-13","-7.0622708634881445E-2","-1.3637044211004650E-23","2.9987650669255901E+0","5.9907578932739218E+0","3.4825685598702137E+2","1.0000000000000000E+0","3.054200000000000E-6"
"657","1.0351871726797692E+0","-6.6645355754185573E-22","-6.4005723968136024E-23","3.1360355688793511E-13","-7.1001048014447454E-2","2.9656518715390227E-23","2.9987510725624098E+0","5.9954553147088765E+0","3.4852992815073208E+2","1.0000000000000000E+0","3.054200000000000E-6"
"656","1.0353869972568370E+0","-6.6435845292407831E-22","5.0357661920890759E-23","2.3814251920291761E-13","-7.1380371090268138E-2","1.7885196736652861E-23","2.9987369689593799E+0","6.0000650697987217E+0","3.4879790406347297E+2","1.0000000000000000E+0","3.054200000000000E-6"
"655","1.0355872236399939E+0","-6.6874374695261547E-22","5.1901942960373281E-23","2.3290017729172670E-13","-7.1760646193454833E-2","2.4834995826180006E-23","2.9987227566583101E+0","6.0045886457034383E+0","3.4906087017735382E+2","1.0000000000000000E+0","3.054200000000000E-6"
"654","1.0357878375798686E+0","-6.9974840654637910E-22","1.8122216262795146E-23","2.3229002804813095E-13","-7.2141842529089562E-2","7.9725750695389163E-24","2.9987084361916798E+0","6.0090275271325142E+0","3.4931891280203155E+2","1.0000000000000000E+0","3.054200000000000E-6"
"653","1.0359888252720515E+0","-6.7968964187257041E-22","-8.3583360327449388E-23","2.1108528443734797E-13","-7.2523930170058509E-2","-1.9747588659045512E-23","2.9986940080821101E+0","6.0133831944842022E+0","3.4957211799654073E+2","1.0000000000000000E+0","3.054200000000000E-6"
"652","1.0361901733511436E+0","-6.8355869524016753E-22","-6.8316345450651915E-23","2.1557876110228301E-13","-7.2906880049045455E-2","-3.8749004750620898E-23","2.9986794728420798E+0","6.0176571221112631E+0","3.4982057146847751E+2","1.0000000000000000E+0","3.054200000000000E-6"
"651","1.0363918688840512E+0","-7.0629365827006291E-22","-8.7841043982739899E-23","2.4993860372082737E-13","-7.3290663948786819E-2","-6.7794478681700529E-24","2.9986648309735200E+0","6.0218507767065459E+0","3.5006435848014900E+2","1.0000000000000000E+0","3.054200000000000E-6"
"650","1.0365938993626203E+0","-6.8059429363732498E-22","-4.7013632619973712E-23","2.7133214752890974E-13","-7.3675254490892572E-2","-2.0150815113357062E-23","2.9986500829676399E+0","6.0259656158092376E+0","3.5030356376173859E+2","1.0000000000000000E+0","3.054200000000000E-6"
"649","1.0367962526957049E+0","-6.8862396986501636E-22","4.8831472902638800E-23","2.0861719295332997E-13","-7.4060625123271440E-2","-2.9645443964164192E-23","2.9986352293046799E+0","6.0300030864254177E+0","3.5053827143111539E+2","1.0000000000000000E+0","3.054200000000000E-6"
"648","1.0369989172007437E+0","-6.9525303594437977E-22","6.5052049442972809E-23","2.4629595863404626E-13","-7.4446750106469700E-2","1.3376604853752340E-23","2.9986202704537899E+0","6.0339646237597897E+0","3.5076856492010654E+2","1.0000000000000000E+0","3.054200000000000E-6"
"647","1.0372018815949249E+0","-6.8892802583619333E-22","3.0355336291668770E-23","2.9225536344035295E-13","-7.4833604498919695E-2","-1.5761515417637992E-24","2.9986052068728801E+0","6.0378516500559138E+0","3.5099452690707767E+2","1.0000000000000000E+0","3.054200000000000E-6"
"646","1.0374051349860132E+0","-6.8871181489076234E-22","1.9101882187835375E-23","2.6054692505618500E-13","-7.5221164141422589E-2","3.5539739178177852E-23","2.9985900390086000E+0","6.0416655735384230E+0","3.5121623925544100E+2","1.0000000000000000E+0","3.054200000000000E-6"
"645","1.0376086668628970E+0","-7.0743922803850345E-22","3.3105346273769300E-23","2.2629446626467273E-13","-7.5609405640830935E-2","-1.8707790954851171E-23","2.9985747672962799E+0","6.0454077874541694E+0","3.5143378295791507E+2","1.0000000000000000E+0","3.054200000000000E-6"
"644","1.0378124670859263E+0","-6.9738283744560853E-22","-3.1037509497574317E-23","2.3376226639907016E-13","-7.5998306353167663E-2","-8.5770859213868040E-24","2.9985593921599301E+0","6.0490796692085498E+0","3.5164723808631749E+2","1.0000000000000000E+0","3.054200000000000E-6"
"643","1.0380165258770875E+0","-7.0968012651632484E-22","5.3854178164402113E-23","1.7342972018310032E-13","-7.6387844366262628E-2","-3.2852321776558499E-23","2.9985439140123100E+0","6.0526825795895691E+0","3.5185668374645769E+2","1.0000000000000000E+0","3.054200000000000E-6"
"642","1.0382208338100736E+0","-7.1305543432220405E-22","-6.4112938038357172E-23","1.2290718816898830E-13","-7.6777998482012180E-2","7.6184510189315994E-24","2.9985283332549599E+0","6.0562178620781451E+0","3.5206219803804339E+2","1.0000000000000000E+0","3.054200000000000E-6"
"641","1.0384253818002849E+0","-7.2997251839629287E-22","-4.0794003840146429E-24","1.7757634153393929E-13","-7.7168748198339826E-2","2.1433427527274253E-24","2.9985126502783102E+0","6.0596868422392447E+0","3.5226385801928586E+2","1.0000000000000000E+0","3.054200000000000E-6"
"640","1.0386301610948181E+0","-7.3624523643151033E-22","7.9516606332675196E-24","1.6847057813170630E-13","-7.7560073690993978E-2","-1.9656411329070278E-23","2.9984968654617701E+0","6.0630908271877750E+0","3.5246173967585111E+2","1.0000000000000000E+0","3.054200000000000E-6"
"639","1.0388351632624646E+0","-7.6613860312718259E-22","5.5382255603764641E-23","1.2104796986256435E-13","-7.7951955795217145E-2","-9.7484697303176129E-26","2.9984809791738898E+0","6.0664311051273172E+0","3.5265591789404510E+2","1.0000000000000000E+0","3.054200000000000E-6"
"638","1.0390403801837620E+0","-7.3592834087570219E-22","1.4231747361388725E-22","1.4107009543572846E-13","-7.8344375987388873E-2","4.4469100523492583E-23","2.9984649917724799E+0","6.0697089449550656E+0","3.5284646643784828E+2","1.0000000000000000E+0","3.054200000000000E-6"
"637","1.0392458040411243E+0","-7.3259040865507663E-22","-7.8548628723259725E-23","6.7881606247009122E-14","-7.8737316366694413E-2","4.1700134890033596E-23","2.9984489036047801E+0","6.0729255959302098E+0","3.5303345792963751E+2","1.0000000000000000E+0","3.054200000000000E-6"
"636","1.0394514273090805E+0","-7.1543884499389038E-22","1.0747073834708733E-22","7.8852530239825982E-14","-7.9130759636874423E-2","-3.4966584928896395E-23","2.9984327150076600E+0","6.0760822874013867E+0","3.5321696383434238E+2","1.0000000000000000E+0","3.054200000000000E-6"
"635","1.0396572427446324E+0","-7.0417266528835010E-22","-8.8836203050254787E-23","2.7383763988898629E-15","-7.9524689088121034E-2","1.6819880837503583E-23","2.9984164263077702E+0","6.0791802285887551E+0","3.5339705444677674E+2","1.0000000000000000E+0","3.054200000000000E-6"
"634","1.0398632433777717E+0","-7.0305800650168116E-22","-6.2882328685292746E-23","1.5478961266133151E-13","-7.9919088579160830E-2","5.3432461264991649E-23","2.9984000378217601E+0","6.0822206084169075E+0","3.5357379888192537E+2","1.0000000000000000E+0","3.054200000000000E-6"
"633","1.0400694225021596E+0","-6.9282335018560300E-22","-2.0405233549261508E-23","1.5531006780871467E-13","-8.0313942519542561E-2","-4.4365333347630062E-25","2.9983835498564901E+0","6.0852045953966387E+0","3.5374726506807087E+2","1.0000000000000000E+0","3.054200000000000E-6"
"632","1.0402757736659745E+0","-6.7879183915408095E-22","6.7060254319175201E-23","1.9442430512711000E-13","-8.0709235852210973E-2","2.7024062405899286E-23","2.9983669627092300E+0","6.0881333375484123E+0","3.5391751974234478E+2","1.0000000000000000E+0","3.054200000000000E-6"
"631","1.0404822906629798E+0","-6.9291715761388122E-22","-1.0926426729000448E-22","8.8001086408234128E-14","-8.1104954036371218E-2","-6.4862260290243573E-24","2.9983502766678800E+0","6.0910079623673488E+0","3.5408462844869211E+2","1.0000000000000000E+0","3.054200000000000E-6"
"630","1.0406889675237623E+0","-7.0181731723188124E-22","7.7739651806672123E-26","1.6241672954857254E-13","-8.1501083030612584E-2","1.0239939830886957E-23","2.9983334920111999E+0","6.0938295768282105E+0","3.5424865553816113E+2","1.0000000000000000E+0","3.054200000000000E-6"
"629","1.0408957985072018E+0","-7.2185439028367517E-22","3.0215781324042271E-23","1.3230894059918725E-13","-8.1897609276469802E-2","1.1318686743208251E-23","2.9983166090090001E+0","6.0965992674190419E+0","3.5440966417085895E+2","1.0000000000000000E+0","3.054200000000000E-6"
"628","1.0411027780921542E+0","-7.2671120658020962E-22","2.4510047536729524E-23","1.9195110283780741E-13","-8.2294519682243369E-2","3.8776995667927774E-23","2.9982996279224099E+0","6.0993181002116934E+0","3.5456771632005132E+2","1.0000000000000000E+0","3.054200000000000E-6"
"627","1.0413099009693498E+0","-7.3198577263589814E-22","5.6727592714020150E-24","1.1094744767857272E-13","-8.2691801607245805E-2","7.6273759614076978E-25","2.9982825490041001E+0","6.1019871209580314E+0","3.5472287277775553E+2","1.0000000000000000E+0","3.054200000000000E-6"
"626","1.0415171620335255E+0","-7.4568913132978422E-22","-1.9946660086077069E-22","1.6226109043436592E-13","-8.3089442846413897E-2","1.6254563008232110E-23","2.9982653724984600E+0","6.1046073552136528E+0","3.5487519316193209E+2","1.0000000000000000E+0","3.054200000000000E-6"
"625","1.0417245563757802E+0","-7.5093430367373187E-22","-5.2881497547018240E-23","1.7157708192163799E-13","-8.3487431615306709E-2","-8.9652223819759790E-24","2.9982480986418798E+0","6.1071798084842319E+0","3.5502473592499234E+2","1.0000000000000000E+0","3.054200000000000E-6"
"624","1.0419320792761571E+0","-7.6431196493582683E-22","-1.2792061520600842E-22","7.3383803954743298E-14","-8.3885756535515998E-2","2.7687162357771367E-23","2.9982307276629698E+0","6.1097054663943497E+0","3.5517155836361303E+2","1.0000000000000000E+0","3.054200000000000E-6"
"623","1.0421397261964616E+0","-7.5416146348090321E-22","4.0715501787903404E-23","1.3196491046869855E-13","-8.4284406620460384E-2","1.5134334622418798E-23","2.9982132597827200E+0","6.1121852948749575E+0","3.5531571662963364E+2","1.0000000000000000E+0","3.054200000000000E-6"
"622","1.0423474927732983E+0","-7.6089828086447341E-22","1.2210619384248893E-22","5.4078415259785827E-14","-8.4683371261574908E-2","-5.9552069607544367E-24","2.9981956952148199E+0","6.1146202403688568E+0","3.5545726574200171E+2","1.0000000000000000E+0","3.054200000000000E-6"
"621","1.0425553748113416E+0","-7.5729725752709968E-22","-1.4218961980080860E-22","4.4629319833111595E-14","-8.5082640214959843E-2","1.3203020366182357E-23","2.9981780341657802E+0","6.1170112300507560E+0","3.5559625959956531E+2","1.0000000000000000E+0","3.054200000000000E-6"
"620","1.0427633682768231E+0","-7.5789582665477606E-22","1.4977444868732821E-22","-1.4277177299367854E-14","-8.5482203588347336E-2","-1.4144678853497678E-23","2.9981602768352400E+0","6.1193591720609577E+0","3.5573275099465752E+2","1.0000000000000000E+0","3.054200000000000E-6"
"619","1.0429714692912473E+0","-7.5550863924609207E-22","3.4911969977416132E-23","1.3927783050841478E-13","-8.5882051828557057E-2","-2.0902559094748264E-23","2.9981424234160801E+0","6.1216649557522880E+0","3.5586679162745133E+2","1.0000000000000000E+0","3.054200000000000E-6"
"618","1.0431796741253170E+0","-7.6956264464275150E-22","-2.9778395542205282E-23","1.0273231018889736E-13","-8.6282175709262388E-2","-4.2922598336931183E-24","2.9981244740947099E+0","6.1239294519471104E+0","3.5599843212090025E+2","1.0000000000000000E+0","3.054200000000000E-6"
"617","1.0433879791930758E+0","-7.5946449862659435E-22","3.9469545652158588E-24","8.9702273488802703E-14","-8.6682566319219279E-2","-2.7269491007098255E-23","2.9981064290512300E+0","6.1261535132023539E+0","3.5612772203614503E+2","1.0000000000000000E+0","3.054200000000000E-6"
"616","1.0435963810462621E+0","-7.6887154612283389E-22","2.6782341496214210E-24","2.3743744188914501E-13","-8.7083215050840795E-2","-1.8946357410265575E-23","2.9980882884596598E+0","6.1283379740837862E+0","3.5625470988845808E+2","1.0000000000000000E+0","3.054200000000000E-6"
"615","1.0438048763688645E+0","-7.7407564736677980E-22","1.2267976957768686E-22","1.2330027515142136E-13","-8.7484113589171714E-2","3.7165383608662486E-24","2.9980700524880999E+0","6.1304836514461849E+0","3.5637944316353008E+2","1.0000000000000000E+0","3.054200000000000E-6"
"614","1.0440134619718717E+0","-7.7065954035179126E-22","-7.6339984963388868E-23","9.4049576389977883E-14","-8.7885253901217292E-2","-4.9579531857726363E-24","2.9980517212989399E+0","6.1325913447192084E+0","3.5650196833408859E+2","1.0000000000000000E+0","3.054200000000000E-6"
"613","1.0442221347882332E+0","-7.7479309135931086E-22","-1.0531253873460175E-22","8.0406327254465910E-14","-8.8286628225658761E-2","1.9833043588355005E-23","2.9980332950490398E+0","6.1346618361982150E+0","3.5662233087680397E+2","1.0000000000000000E+0","3.054200000000000E-6"
"612","1.0444308918679910E+0","-7.7477696275962143E-22","8.1227648975180612E-23","-1.3449837442292111E-13","-8.8688229062915486E-2","4.8018355399724808E-23","2.9980147738899299E+0","6.1366958913375571E+0","3.5674057528933935E+2","1.0000000000000000E+0","3.054200000000000E-6"
"611","1.0446397303736046E+0","-7.7917504623119011E-22","-8.7761191027237467E-23","6.2651944024575700E-14","-8.9090049165523738E-2","1.2806621359090379E-24","2.9979961579679699E+0","6.1386942590471074E+0","3.5685674510758804E+2","1.0000000000000000E+0","3.054200000000000E-6"
"610","1.0448486475754608E+0","-7.8991755804317165E-22","7.0717220458695599E-23","1.1296191537390651E-14","-8.9492081528947998E-2","-6.5688472805124809E-23","2.9979774474244998E+0","6.1406576719921793E+0","3.5697088292310934E+2","1.0000000000000000E+0","3.054200000000000E-6"
"609","1.0450576408475454E+0","-8.0427912546670411E-22","-3.0661147339893017E-23","1.2153893570870547E-13","-8.9894319382604268E-2","-2.2618634374295039E-23","2.9979586423960600E+0","6.1425868468910174E+0","3.5708303040042142E+2","1.0000000000000000E+0","3.054200000000000E-6"
"608","1.0452667076632856E+0","-8.1216110486900019E-22","-3.3642760843279759E-23","1.8986595770944467E-13","-9.0296756181295221E-2","-2.0167571425519181E-23","2.9979397430145101E+0","6.1444824848166579E+0","3.5719322829455007E+2","1.0000000000000000E+0","3.054200000000000E-6"
"607","1.0454758455915714E+0","-8.1216557055029401E-22","-8.9141933419155140E-23","2.1257743605204795E-13","-9.0699385596923504E-2","3.7979630305415878E-24","2.9979207494072102E+0","6.1463452714956217E+0","3.5730151646839181E+2","1.0000000000000000E+0","3.054200000000000E-6"
"606","1.0456850522929053E+0","-8.2625190755140375E-22","2.4338146989280497E-23","1.3044872848052344E-13","-9.1102201510497610E-2","-3.7803997908430331E-23","2.9979016616971701E+0","6.1481758776084225E+0","3.5740793391018332E+2","1.0000000000000000E+0","3.054200000000000E-6"
"605","1.0458943255157245E+0","-8.1337782652759644E-22","2.4712808362850140E-23","1.7973198131386614E-13","-9.1505198004468560E-2","-5.0901233834033727E-23","2.9978824800031698E+0","6.1499749590867294E+0","3.5751251875077639E+2","1.0000000000000300E+0","3.054200000000000E-6"
"604","1.0461036630928751E+0","-7.9959802746468398E-22","1.0105564347105992E-22","2.0152306292948156E-13","-9.1908369355309688E-2","-1.9157825684309875E-23","2.9978632044399700E+0","6.1517431574106940E+0","3.5761530828092197E+2","1.0000000000000000E+0","3.054200000000000E-6"
"603","1.0463130629382082E+0","-8.0255065830233078E-22","6.3894386700689585E-23","1.0499816455566326E-13","-9.2311710026407937E-2","-3.0686114023334260E-23","2.9978438351183598E+0","6.1534810999031491E+0","3.5771633896837272E+2","1.0000000000000200E+0","3.054200000000000E-6"
"602","1.0465225230433302E+0","-7.8928138336673575E-22","-1.1982625108371907E-22","1.0837956934542083E-13","-9.2715214661203652E-2","-8.1652291063272272E-24","2.9978243721453799E+0","6.1551894000209639E+0","3.5781564647482037E+2","1.0000000000000000E+0","3.054200000000000E-6"
"601","1.0467320414744723E+0","-7.8294330861665110E-22","-7.6060812264004913E-23","8.4255034663174054E-14","-9.3118878076589764E-2","-9.1954665179184195E-25","2.9978048156244199E+0","6.1568686576457878E+0","3.5791326567279697E+2","1.0000000000000000E+0","3.054200000000000E-6"
"600","1.0469416163694980E+0","-7.9123216825420331E-22","-1.9360912416680866E-23","8.5499111759898392E-14","-9.3522695256575250E-2","1.0067140237576881E-23","2.9977851656553001E+0","6.1585194593693249E+0","3.5800923066225891E+2","1.0000000000000000E+0","3.054200000000000E-6"
"599","1.0471512459350241E+0","-7.8620966085761349E-22","-2.3184226946601988E-22","5.5860978434102686E-14","-9.3926661346157569E-2","2.2810845628618742E-23","2.9977654223344898E+0","6.1601423787769569E+0","3.5810357478707436E+2","1.0000000000000000E+0","3.054200000000000E-6"
"598","1.0473609284436636E+0","-7.8167541118562325E-22","-4.0065812364338375E-23","1.8676739607751656E-13","-9.4330771645473169E-2","5.1776996193523154E-23","2.9977455857551401E+0","6.1617379767274292E+0","3.5819633065128227E+2","1.0000000000000300E+0","3.054200000000000E-6"
"597","1.0475706622313807E+0","-7.7877109540538243E-22","9.0117454770495847E-23","-1.8521493485746639E-14","-9.4735021604126307E-2","7.5283329461694733E-23","2.9977256560072298E+0","6.1633068016283650E+0","3.5828753013510840E+2","1.0000000000000000E+0","3.054200000000000E-6"
"596","1.0477804456949575E+0","-7.8190546402015404E-22","7.4540837125636760E-23","-1.0923126264518856E-13","-9.5139406815771307E-2","8.5871197087297529E-25","2.9977056331776901E+0","6.1648493897082153E+0","3.5837720441077471E+2","1.0000000000000000E+0","3.054200000000000E-6"
"595","1.0479902772895591E+0","-7.8410255646679895E-22","-1.2992930952302462E-22","1.1594239077026037E-13","-9.5543923012876619E-2","-6.3864025694704175E-23","2.9976855173504902E+0","6.1663662652851983E+0","3.5846538395813326E+2","1.0000000000000000E+0","3.054200000000000E-6"
"594","1.0482001555264022E+0","-7.8170758302392308E-22","-6.2607705023578155E-23","-4.0918219587877514E-14","-9.5948566061718060E-2","5.2402653803730883E-23","2.9976653086067699E+0","6.1678579410295056E+0","3.5855209857990889E+2","1.0000000000000000E+0","3.054200000000000E-6"
"593","1.0484100789705135E+0","-7.7919298057622617E-22","4.5698463065718497E-23","-2.9245077277292558E-14","-9.6353331957502439E-2","-2.5826809288758719E-23","2.9976450070248899E+0","6.1693249182253309E+0","3.5863737741693154E+2","1.0000000000000000E+0","3.054200000000000E-6"
"592","1.0486200462386033E+0","-7.7182947215622764E-22","-1.1873855106619856E-22","4.9766299297498496E-14","-9.6758216819788204E-2","2.7946342364358999E-23","2.9976246126805899E+0","6.1707676870235870E+0","3.5872124896282742E+2","1.0000000000000000E+0","3.054200000000000E-6"
"591","1.0488300559969994E+0","-7.7500809270387045E-22","4.0576297112459643E-23","-1.6824805362910030E-14","-9.7163216887968459E-2","6.0870612016044464E-23","2.9976041256470101E+0","6.1721867266945081E+0","3.5880374107870324E+2","1.0000000000000000E+0","3.054200000000000E-6"
"590","1.0490401069596798E+0","-7.7138972255295297E-22","3.9927433969270504E-23","-7.9620711122490406E-14","-9.7568328517005698E-2","-4.2251259659661558E-23","2.9975835459948699E+0","6.1735825058729619E+0","3.5888488100740682E+2","1.0000000000000000E+0","3.054200000000000E-6"
"589","1.0492501978863882E+0","-7.6856177697244870E-22","-2.6122652430599700E-23","-1.8640313447395442E-14","-9.7973548173283617E-2","-1.4079593873727211E-23","2.9975628737924702E+0","6.1749554828014892E+0","3.5896469538765552E+2","1.0000000000000000E+0","3.054200000000000E-6"
"588","1.0494603275808245E+0","-7.6714988543779194E-22","-5.4449733539268062E-23","-9.8344695005326245E-14","-9.8378872430654379E-2","-5.8253342883856450E-24","2.9975421091058201E+0","6.1763061055667556E+0","3.5904321026778183E+2","1.0000000000000000E+0","3.054200000000000E-6"
"587","1.0496704948889091E+0","-7.6983556202096981E-22","2.2789970407699539E-23","4.6532292884757136E-14","-9.8784297966618320E-2","1.1640828032713026E-23","2.9975212519987200E+0","6.1776348123321165E+0","3.5912045111925283E+2","1.0000000000000899E+0","3.054200000000000E-6"
"586","1.0498806986971247E+0","-7.7119981759526290E-22","1.6447525093181683E-23","7.4533179868839929E-14","-9.9189821558654023E-2","-2.2137750858477614E-24","2.9975003025328202E+0","6.1789420315671819E+0","3.5919644285001544E+2","1.0000000000000000E+0","3.054200000000000E-6"
"585","1.0500909379309225E+0","-7.6422580053532129E-22","-4.9032714657197273E-23","-7.3644392932498914E-14","-9.9595440080693057E-2","6.3043795594608978E-23","2.9974792607677201E+0","6.1802281822704588E+0","3.5927120981743900E+2","1.0000000000000000E+0","3.054200000000000E-6"
"584","1.0503012115531918E+0","-7.6748780823842274E-22","-7.1427783435451342E-23","-1.8874145276997467E-13","-1.0000115049972247E-1","-8.6580797627363662E-24","2.9974581267610101E+0","6.1814936741886237E+0","3.5934477584106213E+2","1.0000000000000000E+0","3.054200000000000E-6"
"583","1.0505115185628038E+0","-7.6319578639805244E-22","-9.1224935744074590E-23","8.2901804325454092E-14","-1.0040694987254903E-1","-2.9813996622235240E-23","2.9974369005683701E+0","6.1827389080309469E+0","3.5941716421505788E+2","1.0000000000000000E+0","3.054200000000000E-6"
"582","1.0507218579932038E+0","-7.6071252044049875E-22","2.4568400742594857E-23","-7.6219967557928642E-14","-1.0081283534262118E-1","2.1387809566869955E-24","2.9974155822436201E+0","6.1839642756802844E+0","3.5948839772049888E+2","1.0000000000000000E+0","3.054200000000000E-6"
"581","1.0509322289110685E+0","-7.6438042873152222E-22","2.8124991079036255E-23","-1.8392242707210876E-13","-1.0121880413706683E-1","-4.3245306432529713E-23","2.9973941718387902E+0","6.1851701603975151E+0","3.5955849863724217E+2","1.0000000000000000E+0","3.054200000000000E-6"
"580","1.0511426304150191E+0","-7.6756012791176120E-22","4.1692470060944600E-23","-1.0788877660498105E-13","-1.0162485356375034E-1","-5.9450573683706008E-23","2.9973726694041698E+0","6.1863569370242386E+0","3.5962748875571208E+2","1.0000000000000000E+0","3.054200000000000E-6"
"579","1.0513530616343818E+0","-7.6961681118452486E-22","1.9326405653993465E-22","-8.4134869432875183E-14","-1.0203098100851360E-1","-1.4227643520914933E-23","2.9973510749884200E+0","6.1875249721782222E+0","3.5969538938826236E+2","1.0000000000000000E+0","3.054200000000000E-6"
"578","1.0515635217280082E+0","-7.7747002391612391E-22","2.1998204902181029E-23","-1.8425516464812411E-13","-1.0243718393248129E-1","-3.4456995649221304E-23","2.9973293886385401E+0","6.1886746244468052E+0","3.5976222138041891E+2","1.0000000000000000E+0","3.054200000000000E-6"
"577","1.0517740098831381E+0","-7.7740642900546294E-22","2.9492505607472452E-23","-2.5999186375945458E-14","-1.0284345986949017E-1","-1.8920399784830802E-23","2.9973076104000098E+0","6.1898062445745046E+0","3.5982800512178602E+2","1.0000000000000000E+0","3.054200000000000E-6"
"576","1.0519845253143094E+0","-7.7814188757507179E-22","4.3831522384145951E-23","-3.6213348258235089E-14","-1.0324980642360115E-1","5.2069065134363322E-23","2.9972857403168098E+0","6.1909201756480572E+0","3.5989276055680318E+2","1.0000000000000000E+0","3.054200000000000E-6"
"575","1.0521950672623177E+0","-7.7473248529645975E-22","-3.2911192360103342E-23","2.6183160579006834E-14","-1.0365622126671796E-1","-5.9041980709574968E-23","2.9972637784314502E+0","6.1920167532753458E+0","3.5995650719514657E+2","1.0000000000000000E+0","3.054200000000000E-6"
"574","1.0524056349932134E+0","-7.7346724270165051E-22","3.7358167536425518E-23","1.0074706464037816E-14","-1.0406270213629223E-1","-3.8260428681278852E-23","2.9972417247850802E+0","6.1930963057615616E+0","3.6001926412196957E+2","1.0000000000000000E+0","3.054200000000000E-6"
"573","1.0526162277973425E+0","-7.7052447386901982E-22","4.3759357274136094E-23","2.7666356323463462E-14","-1.0446924683312420E-1","-3.6142228623067325E-24","2.9972195794174699E+0","6.1941591542807624E+0","3.6008105000787606E+2","1.0000000000000000E+0","3.054200000000000E-6"
"572","1.0528268449884257E+0","-7.6363005803729453E-22","-9.2697076996444536E-23","1.1126213716256573E-13","-1.0487585321921651E-1","-3.8145667694718437E-23","2.9971973423670999E+0","6.1952056130439637E+0","3.6014188311869196E+2","1.0000000000000899E+0","3.054200000000000E-6"
"571","1.0530374859026796E+0","-7.6121343009186283E-22","3.6777187272740973E-23","-2.1927922548274759E-14","-1.0528251921575175E-1","5.7125557890135501E-25","2.9971750136711801E+0","6.1962359894627426E+0","3.6020178132497568E+2","1.0000000000000000E+0","3.054200000000000E-6"
"570","1.0532481498979640E+0","-7.5978018037341779E-22","7.6876710230438872E-23","-3.4786027395468478E-14","-1.0568924280111178E-1","-6.8946884856852940E-23","2.9971525933657301E+0","6.1972505843091517E+0","3.6026076211131453E+2","1.0000000000000000E+0","3.054200000000000E-6"
"569","1.0534588363529767E+0","-7.6243140712382264E-22","-1.3401501624704006E-22","-2.5586436197290119E-13","-1.0609602200898922E-1","-1.7711484923061656E-23","2.9971300814855799E+0","6.1982496918723831E+0","3.6031884258543192E+2","1.0000000000000000E+0","3.054200000000000E-6"
"568","1.0536695446664688E+0","-7.6079459169945653E-22","1.3869660494165475E-22","-1.3937397323758635E-13","-1.0650285492656530E-1","-6.2387550493195128E-25","2.9971074780644198E+0","6.1992336001110528E+0","3.6037603948703986E+2","1.0000000000000000E+0","3.054200000000000E-6"
"567","1.0538802742565001E+0","-7.6024785845506465E-22","6.6409461339870561E-23","-1.3949863577748915E-13","-1.0690973969274900E-1","-2.0937585060318984E-23","2.9970847831348801E+0","6.2002025908024549E+0","3.6043236919651576E+2","1.0000000000000000E+0","3.054200000000000E-6"
"566","1.0540910245597246E+0","-7.6845093220232295E-22","3.2142747815288563E-23","-2.4301849037409931E-13","-1.0731667449649505E-1","-1.4304874586650484E-23","2.9970619967285002E+0","6.2011569396873769E+0","3.6048784774332046E+2","1.0000000000000000E+0","3.054200000000000E-6"
"565","1.0543017950306965E+0","-7.6718617897644820E-22","9.2951915719277765E-23","-9.6707175704727826E-14","-1.0772365757517430E-1","-9.4916690021276887E-24","2.9970391188758199E+0","6.2020969166125690E+0","3.6054249081428071E+2","1.0000000000000000E+0","3.054200000000000E-6"
"564","1.0545125851412169E+0","-7.6699302289645427E-22","3.3780084595065631E-23","-2.7393608011116369E-13","-1.0813068721301250E-1","3.7118640871081706E-23","2.9970161496063699E+0","6.2030227856687317E+0","3.6059631376161047E+2","1.0000000000000000E+0","3.054200000000000E-6"
"563","1.0547233943796956E+0","-7.6799313026689451E-22","-8.1039875823805919E-23","-2.6642569262449354E-13","-1.0853776173956090E-1","-1.8925537913433011E-23","2.9969930889487602E+0","6.2039348053266243E+0","3.6064933161082325E+2","1.0000000000000000E+0","3.054200000000000E-6"
"562","1.0549342222505436E+0","-7.6881677486605111E-22","-3.7716964694746258E-23","-3.2574781557790902E-13","-1.0894487952827596E-1","-3.5096363076093885E-23","2.9969699369306602E+0","6.2048332285678223E+0","3.6070155906833349E+2","1.0000000000000000E+0","3.054200000000000E-6"
"561","1.0551450682735930E+0","-7.6362109755852808E-22","1.3171673991170600E-23","-1.9365089616523097E-13","-1.0935203899509002E-1","-5.0098492864948197E-24","2.9969466935788498E+0","6.2057183030140619E+0","3.6075301052897555E+2","1.0000000000000000E+0","3.054200000000000E-6"
"560","1.0553559319835319E+0","-7.6611684269817890E-22","5.1614000944395812E-23","-1.1381641606643052E-13","-1.0975923859708160E-1","7.8058615215014753E-25","2.9969233589192501E+0","6.2065902710527334E+0","3.6080370008329891E+2","1.0000000000000000E+0","3.054200000000000E-6"
"559","1.0555668129293687E+0","-7.7205269781761675E-22","9.5604253747555703E-23","-1.3251896806514225E-13","-1.1016647683115600E-1","6.8806123136190027E-23","2.9968999329769699E+0","6.2074493699593516E+0","3.6085364152468759E+2","1.0000000000000000E+0","3.054200000000000E-6"
"558","1.0557777106739161E+0","-7.7143457874442432E-22","-4.4401805657748216E-23","-3.4965422560040019E-13","-1.1057375223282324E-1","-1.6547552706615665E-24","2.9968764157762902E+0","6.2082958320169643E+0","3.6090284835630189E+2","1.0000000000000000E+0","3.054200000000000E-6"
"557","1.0559886247932948E+0","-7.7074204088108176E-22","-1.6151127653295267E-23","-1.9818851600816263E-13","-1.1098106337495921E-1","-9.0029990019081739E-25","2.9968528073407401E+0","6.2091298846328078E+0","3.6095133379785972E+2","1.0000000000000000E+0","3.054200000000000E-6"
"556","1.0561995548764560E+0","-7.7584809756968782E-22","4.7050352639686491E-23","-9.5954158991606709E-15","-1.1138840886665502E-1","2.8583030782619595E-23","2.9968291076930700E+0","6.2099517504523325E+0","3.6099911079226513E+2","1.0000000000000000E+0","3.054200000000000E-6"
"555","1.0564105005247237E+0","-7.7520702407133225E-22","8.9548492108212006E-24","-2.9984927431479518E-14","-1.1179578735210396E-1","-7.2062659179426081E-24","2.9968053168553199E+0","6.2107616474697922E+0","3.6104619201203707E+2","1.0000000000000000E+0","3.054200000000000E-6"
"554","1.0566214613513587E+0","-7.7315816754652379E-22","-2.2789983307963492E-22","-5.3515369524513265E-14","-1.1220319750950651E-1","-2.1189824780366419E-23","2.9967814348488400E+0","6.2115597891363121E+0","3.6109258986559189E+2","1.0000000000000000E+0","3.054200000000000E-6"
"553","1.0568324369811304E+0","-7.7801569720606067E-22","-3.8535148258926905E-23","-3.7022650219896611E-14","-1.1261063805002863E-1","-6.3950122910672321E-23","2.9967574616942798E+0","6.2123463844661755E+0","3.6113831650342178E+2","1.0000000000000000E+0","3.054200000000000E-6"
"552","1.0570434270499163E+0","-7.7637287132669863E-22","-1.5640669405122626E-22","-2.9467741371197175E-13","-1.1301810771680364E-1","-3.7425732867445324E-23","2.9967333974116599E+0","6.2131216381389720E+0","3.6118338382403300E+2","1.0000000000000000E+0","3.054200000000000E-6"
"551","1.0572544312043071E+0","-7.7486504530268799E-22","6.2433500842529994E-23","1.6120989532127768E-14","-1.1342560528395280E-1","-4.8755257935586306E-23","2.9967092420203301E+0","6.2138857506007641E+0","3.6122780347982700E+2","1.0000000000000000E+0","3.054200000000000E-6"
"550","1.0574654491012416E+0","-7.7838387174445129E-22","-4.0402229195577279E-23","-1.5836312626913011E-13","-1.1383312955565700E-1","-1.7787745317408934E-23","2.9966849955390500E+0","6.2146389181614401E+0","3.6127158688275949E+2","1.0000000000000000E+0","3.054200000000000E-6"
"549","1.0576764804076335E+0","-7.7842715217374667E-22","-4.0862018388114639E-23","-1.7598156903137088E-13","-1.1424067936524823E-1","-7.5617313704746920E-23","2.9966606579859900E+0","6.2153813330903089E+0","3.6131474520989804E+2","1.0000000000000000E+0","3.054200000000000E-6"
"548","1.0578875248000341E+0","-7.7526259367910776E-22","-6.1065563995790406E-23","-3.9876144911473139E-13","-1.1464825357433650E-1","4.6771980162268498E-23","2.9966362293787401E+0","6.2161131837097257E+0","3.6135728940886429E+2","1.0000000000000000E+0","3.054200000000000E-6"
"547","1.0580985819642938E+0","-7.7267069102961416E-22","2.7884232581196293E-23","-3.3789746209007163E-13","-1.1505585107197268E-1","-3.0065367761744452E-24","2.9966117097343199E+0","6.2168346544857860E+0","3.6139923020310658E+2","1.0000000000000000E+0","3.054200000000000E-6"
"546","1.0583096515952515E+0","-7.7403513032607137E-22","1.2959962402263067E-22","-3.0639342646061237E-13","-1.1546347077383719E-1","2.0718990696606067E-23","2.9965870990692300E+0","6.2175459261164177E+0","3.6144057809702076E+2","1.0000000000000000E+0","3.054200000000000E-6"
"545","1.0585207333964151E+0","-7.7684416695549561E-22","8.8594245233082810E-23","-3.2043708491212111E-13","-1.1587111162144659E-1","2.1138394279900898E-23","2.9965623973994302E+0","6.2182471756189894E+0","3.6148134338104308E+2","1.0000000000000000E+0","3.054200000000000E-6"
"544","1.0587318270796711E+0","-7.7695809178200859E-22","2.9978582422370163E-24","-2.9663942241187849E-13","-1.1627877258140637E-1","-1.9786326873313707E-24","2.9965376047404102E+0","6.2189385764132270E+0","3.6152153613647027E+2","1.0000000000000000E+0","3.054200000000000E-6"
"543","1.0589429323650055E+0","-7.7831226983844133E-22","-7.6881293485335187E-23","-3.1486943976387119E-13","-1.1668645264468155E-1","-6.8857873650330666E-23","2.9965127211071301E+0","6.2196202984046680E+0","3.6156116624031125E+2","1.0000000000000000E+0","3.054200000000000E-6"
"542","1.0591540489802174E+0","-7.8145059147059796E-22","-1.0992883145149461E-22","-3.3496653179888811E-13","-1.1709415082588011E-1","1.6139924193013643E-25","2.9964877465141000E+0","6.2202925080640661E+0","3.6160024336990261E+2","1.0000000000000000E+0","3.054200000000000E-6"
"541","1.0593651766606640E+0","-7.8466014466419645E-22","-1.5677365590759008E-23","-2.5105554683462728E-13","-1.1750186616257029E-1","3.6169488223174230E-23","2.9964626809753701E+0","6.2209553685061438E+0","3.6163877700748719E+2","1.0000000000000000E+0","3.054200000000000E-6"
"540","1.0595763151490059E+0","-7.9016400709341645E-22","-1.2135552529440829E-22","-2.7377752407259422E-13","-1.1790959771464174E-1","-3.4004489030279066E-23","2.9964375245045600E+0","6.2216090395653714E+0","3.6167677644461878E+2","1.0000000000000000E+0","3.054200000000000E-6"
"539","1.0597874641949649E+0","-7.9288598317640098E-22","-2.7192890634115683E-23","-4.8503580130699588E-13","-1.1831734456364579E-1","1.1919910398856648E-23","2.9964122771148300E+0","6.2222536778710618E+0","3.6171425078652811E+2","1.0000000000000000E+0","3.054200000000000E-6"
"538","1.0599986235550825E+0","-7.9318226671331177E-22","5.8567524165367447E-23","-2.9097114258398571E-13","-1.1872510581218743E-1","-5.7181292405492480E-23","2.9963869388189499E+0","6.2228894369191767E+0","3.6175120895629669E+2","1.0000000000000000E+0","3.054200000000000E-6"
"537","1.0602097929925014E+0","-7.9626913008266255E-22","5.3186760611743561E-23","-3.4317861966204399E-13","-1.1913288058333707E-1","-2.5876320293811797E-23","2.9963615096292702E+0","6.2235164671438872E+0","3.6178765969901684E+2","1.0000000000000000E+0","3.054200000000000E-6"
"536","1.0604209722767441E+0","-7.9407296300726462E-22","2.4937957379528259E-23","-5.7741695010522030E-13","-1.1954066802004321E-1","-2.7640235951955511E-24","2.9963359895577701E+0","6.2241349159863448E+0","3.6182361158578976E+2","1.0000000000000000E+0","3.054200000000000E-6"
"535","1.0606321611835008E+0","-7.9439082850836739E-22","-6.4086335453843355E-23","-2.5376586691563771E-13","-1.1994846728458999E-1","-1.1684571026071863E-23","2.9963103786160299E+0","6.2247449279614111E+0","3.6185907301760449E+2","1.0000000000000000E+0","3.054200000000000E-6"
"534","1.0608433594944349E+0","-7.9039754151029630E-22","-1.8679855382877551E-22","-5.4802568825403235E-13","-1.2035627755805732E-1","1.8882518788740085E-23","2.9962846768152800E+0","6.2253466447246000E+0","3.6189405222922954E+2","1.0000000000000000E+0","3.054200000000000E-6"
"533","1.0610545669969818E+0","-7.9425433892580720E-22","1.3897578130300190E-22","-5.1397095572723218E-13","-1.2076409803978211E-1","8.9040458615160848E-24","2.9962588841663802E+0","6.2259402051352835E+0","3.6192855729288681E+2","1.0000000000000000E+0","3.054200000000000E-6"
"532","1.0612657834841668E+0","-7.9370098203216936E-22","3.9643262839768413E-24","-4.7924675912810017E-13","-1.2117192794688716E-1","-4.8203338005336274E-23","2.9962330006798599E+0","6.2265257453194236E+0","3.6196259612189903E+2","1.0000000000000000E+0","3.054200000000000E-6"
"531","1.0614770087544172E+0","-7.9423363223274380E-22","-1.4089859663502382E-22","-3.7098157350803295E-13","-1.2157976651376072E-1","5.3349605337119798E-23","2.9962070263659202E+0","6.2271033987310185E+0","3.6199617647426112E+2","1.0000000000000000E+0","3.054200000000000E-6"
"530","1.0616882426114020E+0","-7.9104083233186154E-22","1.2289521169867446E-22","-9.2466505571892249E-14","-1.2198761299162177E-1","-2.5144608781640653E-23","2.9961809612344101E+0","6.2276732962107557E+0","3.6202930595605028E+2","1.0000000000000000E+0","3.054200000000000E-6"
"529","1.0618994848638463E+0","-7.9187877404189172E-22","-2.5256067572955467E-23","-3.9654130654343575E-13","-1.2239546664803307E-1","3.9179203345743272E-23","2.9961548052948799E+0","6.2282355660444990E+0","3.6206199202482560E+2","1.0000000000000000E+0","3.054200000000000E-6"
"528","1.0621107353253894E+0","-7.9255991028620650E-22","-3.9906569294743676E-23","-3.0110276409330145E-13","-1.2280332676647671E-1","-3.2292614328163480E-24","2.9961285585566002E+0","6.2287903340206121E+0","3.6209424199296069E+2","1.0000000000000000E+0","3.054200000000000E-6"
"527","1.0623219938144144E+0","-7.9516717917447462E-22","-2.3383552683707868E-23","-3.3972694206408612E-13","-1.2321119264592613E-1","-5.7932806976849461E-23","2.9961022210285102E+0","6.2293377234841225E+0","3.6212606303079241E+2","1.0000000000000000E+0","3.054200000000000E-6"
"526","1.0625332601539035E+0","-7.9100869618058617E-22","-1.7850239977333206E-22","-2.7417863462191449E-13","-1.2361906360042817E-1","5.5320840939948601E-23","2.9960757927192700E+0","6.2298778553911740E+0","3.6215746216978607E+2","1.0000000000000000E+0","3.054200000000000E-6"
"525","1.0627445341712971E+0","-7.8938954173109754E-22","8.1362302625202712E-23","-4.5734406078824138E-13","-1.2402693895870497E-1","1.3445556412523774E-23","2.9960492736372801E+0","6.2304108483617684E+0","3.6218844630560142E+2","1.0000000000000000E+0","3.054200000000000E-6"
"524","1.0629558156983483E+0","-7.9029920418529374E-22","8.2957817184117532E-23","-2.7721817996671134E-13","-1.2443481806377100E-1","1.1150932079283702E-23","2.9960226637906699E+0","6.2309368187308083E+0","3.6221902220106034E+2","1.0000000000000000E+0","3.054200000000000E-6"
"523","1.0631671045709918E+0","-7.9467941836796141E-22","-2.1326301400888451E-22","-1.1688061012096050E-13","-1.2484270027255143E-1","7.6288745410403241E-23","2.9959959631872701E+0","6.2314558805983475E+0","3.6224919648906734E+2","1.0000000000000000E+0","3.054200000000000E-6"
"522","1.0633784006292144E+0","-7.9127359716001527E-22","1.2923075680949131E-22","-2.4554219734151950E-13","-1.2525058495552938E-1","-7.0268941764426796E-23","2.9959691718347101E+0","6.2319681458784517E+0","3.6227897567545057E+2","1.0000000000000000E+0","3.054200000000000E-6"
"521","1.0635897037169288E+0","-7.9175129000049525E-22","-3.1896119816757417E-23","-2.5089623343372477E-13","-1.2565847149636999E-1","7.4268350434188375E-23","2.9959422897403298E+0","6.2324737243470238E+0","3.6230836614174154E+2","1.0000000000000000E+0","3.054200000000000E-6"
"520","1.0638010136818559E+0","-7.8997594571019499E-22","1.1779859866883560E-22","-1.0469519907087271E-13","-1.2606635929161536E-1","-1.8819259971987322E-24","2.9959153169112702E+0","6.2329727236880963E+0","3.6233737414786651E+2","1.0000000000000000E+0","3.054200000000000E-6"
"519","1.0640123303754019E+0","-7.9218666777702354E-22","4.0585680448838015E-23","-5.6065346163981761E-13","-1.2647424775032018E-1","-3.1160779485488800E-23","2.9958882533543898E+0","6.2334652495393810E+0","3.6236600583479441E+2","1.0000000000000000E+0","3.054200000000000E-6"
"518","1.0642236536525533E+0","-7.9329661550855382E-22","-3.5239700232323048E-23","-4.9142075641243676E-13","-1.2688213629375719E-1","3.1135786171081980E-26","2.9958610990763801E+0","6.2339514055367511E+0","3.6239426722712227E+2","1.0000000000000000E+0","3.054200000000000E-6"
"517","1.0644349833717663E+0","-7.9322874723967137E-22","-3.8076853421626042E-23","-7.3160801710128022E-13","-1.2729002435508263E-1","-2.5768561281712884E-23","2.9958338540836600E+0","6.2344312933574528E+0","3.6242216423558784E+2","1.0000000000000000E+0","3.054200000000000E-6"
"516","1.0646463193948577E+0","-7.9274948514732595E-22","-2.0522973739423230E-23","-4.5207179274977788E-13","-1.2769791137905320E-1","-5.5603884459231261E-23","2.9958065183824800E+0","6.2349050127623586E+0","3.6244970265952549E+2","1.0000000000000000E+0","3.054200000000000E-6"
"515","1.0648576615869119E+0","-7.9500820174147359E-22","3.3449748530943904E-23","-5.0712525507185759E-13","-1.2810579682173734E-1","-1.0166289265459172E-22","2.9957790919788398E+0","6.2353726616370073E+0","3.6247688818925184E+2","1.0000000000000000E+0","3.054200000000000E-6"
"514","1.0650690098161764E+0","-7.8935146835783720E-22","-1.5489948984522323E-22","-5.7513496255347395E-13","-1.2851368015021258E-1","4.7406622501445126E-23","2.9957515748785801E+0","6.2358343360320934E+0","3.6250372640841988E+2","1.0000000000000000E+0","3.054200000000000E-6"
"513","1.0652803639539710E+0","-7.8946390478739898E-22","9.5774622260008133E-23","-8.3834463995943413E-13","-1.2892156084230036E-1","-8.0886872664386375E-23","2.9957239670873301E+0","6.2362901302027787E+0","3.6253022279630403E+2","1.0000000000000000E+0","3.054200000000000E-6"
"512","1.0654917238745956E+0","-7.8610596861239798E-22","2.2211876265592454E-23","-6.3940694681279753E-13","-1.2932943838630775E-1","5.6466222782133599E-24","2.9956962686105100E+0","6.2367401366467972E+0","3.6255638273001517E+2","1.0000000000000000E+0","3.054200000000000E-6"
"511","1.0657030894552457E+0","-7.8522337938779397E-22","-2.5652110304183333E-22","-4.0675346325897056E-13","-1.2973731228076010E-1","-1.4937823696560849E-23","2.9956684794533901E+0","6.2371844461422388E+0","3.6258221148669747E+2","1.0000000000000000E+0","3.054200000000000E-6"
"510","1.0659144605759217E+0","-7.8120401445047550E-22","-6.7141319595962702E-23","-3.2544181662498685E-13","-1.3014518203415307E-1","6.0769467493243009E-23","2.9956405996210500E+0","6.2376231477840971E+0","3.6260771424565246E+2","1.0000000000000000E+0","3.054200000000000E-6"
"509","1.0661258371193514E+0","-7.8027943515104968E-22","1.3291922212066079E-22","-3.6668604203088005E-13","-1.3055304716470498E-1","4.5534016299429225E-23","2.9956126291183800E+0","6.2380563290192450E+0","3.6263289609037270E+2","1.0000000000000000E+0","3.054200000000000E-6"
"508","1.0663372189709115E+0","-7.8069142510834261E-22","-1.4458743086962973E-22","-3.2929686496311458E-13","-1.3096090720012563E-1","-6.9413121820562122E-24","2.9955845679501101E+0","6.2384840756826483E+0","3.6265776201064688E+2","1.0000000000000000E+0","3.054200000000000E-6"
"507","1.0665486060185456E+0","-7.8320779695284688E-22","5.7309765089195745E-23","-6.9746586609004180E-13","-1.3136876167739397E-1","8.8506868155007188E-24","2.9955564161208201E+0","6.2389064720300338E+0","3.6268231690445856E+2","1.0000000000000000E+0","3.054200000000000E-6"
"506","1.0667599981526956E+0","-7.8362761198377427E-22","1.3468251965958146E-22","-9.0153314405182237E-13","-1.3177661014250899E-1","5.7656969489313328E-23","2.9955281736349102E+0","6.2393236007721633E+0","3.6270656557997904E+2","1.0000000000000000E+0","3.054200000000000E-6"
"505","1.0669713952662303E+0","-7.8132761314080174E-22","1.2254014514947099E-22","-5.1338834454054288E-13","-1.3218445215030764E-1","-3.5839687165442871E-23","2.9954998404966302E+0","6.2397355431066979E+0","3.6273051275741949E+2","1.0000000000000000E+0","3.054200000000000E-6"
"504","1.0671827972543693E+0","-7.8185321712257121E-22","-2.8966283620085736E-23","-5.4895572722587848E-13","-1.3259228726423586E-1","3.7551045947519024E-23","2.9954714167100902E+0","6.2401423787496935E+0","3.6275416307086181E+2","1.0000000000000000E+0","3.054200000000000E-6"
"503","1.0673942040146274E+0","-7.8331790616905969E-22","-1.4529140356217556E-22","-4.4864047264108473E-13","-1.3300011505614004E-1","4.0972728870519955E-24","2.9954429022792399E+0","6.2405441859676749E+0","3.6277752107012338E+2","1.0000000000000000E+0","3.054200000000000E-6"
"502","1.0676056154467388E+0","-7.8392287699309740E-22","-5.0823930546021558E-25","-5.5947002491406879E-13","-1.3340793510608595E-1","2.1227702890065928E-24","2.9954142972078901E+0","6.2409410416065212E+0","3.6280059122243591E+2","1.0000000000000000E+0","3.054200000000000E-6"
"501","1.0678170314526019E+0","-7.8344050918616494E-22","8.9711685292863452E-23","-9.7628408326643378E-13","-1.3381574700214810E-1","7.3345917082919718E-23","2.9953856014997200E+0","6.2413330211219824E+0","3.6282337791421975E+2","1.0000000000000000E+0","3.054200000000000E-6"
"500","1.0680284519362158E+0","-7.8242072106033364E-22","2.2039767047736184E-22","-3.1781767954554061E-13","-1.3422355034023820E-1","-1.3385657317292196E-23","2.9953568151582499E+0","6.2417201986078732E+0","3.6284588545272283E+2","1.0000000000000000E+0","3.054200000000000E-6"
"499","1.0682398768036236E+0","-7.8354994837228570E-22","-4.7493196810319840E-23","-3.6450256843201457E-13","-1.3463134472391641E-1","-2.5833966589085050E-23","2.9953279381868900E+0","6.2421026468249066E+0","3.6286811806769651E+2","1.0000000000000000E+0","3.054200000000000E-6"
"498","1.0684513059628531E+0","-7.8396066909782533E-22","1.8930868621047408E-22","-4.1972431547347299E-13","-1.3503912976420834E-1","-3.3372182386524025E-23","2.9952989705889301E+0","6.2424804372274076E+0","3.6289007991294898E+2","1.0000000000000000E+0","3.054200000000000E-6"
"497","1.0686627393238637E+0","-7.8097355195365146E-22","-2.1113759712524468E-22","-6.4261167921355866E-13","-1.3544690507944476E-1","-4.1168206676903778E-23","2.9952699123675002E+0","6.2428536399911865E+0","3.6291177506796521E+2","1.0000000000000000E+0","3.054200000000000E-6"
"496","1.0688741767984962E+0","-7.8143191296667935E-22","1.8275374746808405E-22","-4.1237451989350628E-13","-1.3585467029509379E-1","-3.4743617831378268E-23","2.9952407635256302E+0","6.2432223240387676E+0","3.6293320753937377E+2","1.0000000000000000E+0","3.054200000000000E-6"
"495","1.0690856183004138E+0","-7.8026967906192041E-22","-6.9330875550436398E-23","-6.6398354588614707E-13","-1.3626242504359271E-1","8.6560747542240182E-23","2.9952115240662498E+0","6.2435865570658597E+0","3.6295438126248553E+2","1.0000000000000000E+0","3.054200000000000E-6"
"494","1.0692970637450623E+0","-7.7973729229503989E-22","-6.0889630166718512E-23","-3.7382882822669562E-13","-1.3667016896418571E-1","3.4838541855452477E-23","2.9951821939921301E+0","6.2439464055661551E+0","3.6297530010273528E+2","1.0000000000000000E+0","3.054200000000000E-6"
"493","1.0695085130496131E+0","-7.7819772060843201E-22","-8.0133707696637687E-23","-6.5663945598257308E-13","-1.3707790170277698E-1","-5.4353719598312329E-23","2.9951527733059700E+0","6.2443019348559545E+0","3.6299596785711338E+2","1.0000000000000000E+0","3.054200000000000E-6"
"492","1.0697199661329220E+0","-7.7697177817404494E-22","-8.9583990934458241E-23","-9.4793777057459708E-13","-1.3748562291179392E-1","3.2767857650575580E-23","2.9951232620103299E+0","6.2446532090979110E+0","3.6301638825554585E+2","1.0000000000000000E+0","3.054200000000000E-6"
"491","1.0699314229154842E+0","-7.8082176796234266E-22","-6.3469582080288429E-23","-4.5846094494935705E-13","-1.3789333225001563E-1","2.7349808849733639E-23","2.9950936601076799E+0","6.2450002913244438E+0","3.6303656496225557E+2","1.0000000000000000E+0","3.054200000000000E-6"
"490","1.0701428833193865E+0","-7.8173688249110516E-22","1.8488418580729747E-23","-8.1348241504332256E-13","-1.3830102938245448E-1","-1.1629519026429327E-22","2.9950639676003799E+0","6.2453432434608489E+0","3.6305650157710562E+2","1.0000000000000000E+0","3.054200000000000E-6"
"489","1.0703543472682686E+0","-7.8430621895368680E-22","-1.8601263620365122E-22","-3.4995167977538557E-13","-1.3870871398020537E-1","-2.0639185841589182E-23","2.9950341844906800E+0","6.2456821263474813E+0","3.6307620163688921E+2","1.0000000000000000E+0","3.054200000000000E-6"
"488","1.0705658146872823E+0","-7.8126524321070180E-22","-7.8376664530470495E-23","-4.9868855951986995E-13","-1.3911638572031157E-1","-1.3499578755937928E-23","2.9950043107807600E+0","6.2460169997615864E+0","3.6309566861659823E+2","1.0000000000000000E+0","3.054200000000000E-6"
"487","1.0707772855030488E+0","-7.8132640316590872E-22","-4.6014420148431008E-23","-5.5555170624879544E-13","-1.3952404428564655E-1","8.6367015260861369E-24","2.9949743464726701E+0","6.2463479224388649E+0","3.6311490593067714E+2","1.0000000000000000E+0","3.054200000000000E-6"
"486","1.0709887596436221E+0","-7.8175651709240663E-22","-4.5867558328936508E-23","-5.5074361564800697E-13","-1.3993168936477463E-1","2.2336098353345351E-23","2.9949442915683799E+0","6.2466749520941613E+0","3.6313391693422579E+2","1.0000000000000000E+0","3.054200000000000E-6"
"485","1.0712002370384544E+0","-7.8118652902465712E-22","9.6986232944720643E-24","-9.0967095770347553E-13","-1.4033932065183188E-1","4.2893803835177255E-23","2.9949141460697701E+0","6.2469981454415988E+0","3.6315270492416960E+2","1.0000000000000000E+0","3.054200000000000E-6"
"484","1.0714117176183531E+0","-7.8026890603444637E-22","1.3660916964600440E-22","-4.4664567412245815E-13","-1.4074693784641068E-1","-1.4467648485182644E-23","2.9948839099786300E+0","6.2473175582153013E+0","3.6317127314046428E+2","1.0000000000000000E+0","3.054200000000000E-6"
"483","1.0716232013154519E+0","-7.8320206253837459E-22","7.0396535130147212E-23","-7.9056715143774391E-13","-1.4115454065343447E-1","-3.7478152760108549E-23","2.9948535832966598E+0","6.2476332451880365E+0","3.6318962476717991E+2","1.0000000000000000E+0","3.054200000000000E-6"
"482","1.0718346880631755E+0","-7.8258113683449741E-22","-4.7156264704998407E-23","-4.4713309668980035E-13","-1.4156212878304450E-1","3.5932701955074195E-23","2.9948231660254798E+0","6.2479452601910141E+0","3.6320776293365122E+2","1.0000000000000000E+0","3.054200000000000E-6"
"481","1.0720461777962063E+0","-7.8190927331310307E-22","-4.1422909261141841E-23","-4.6100937582251410E-13","-1.4196970195049829E-1","-2.5425169078112428E-23","2.9947926581666100E+0","6.2482536561319577E+0","3.6322569071552891E+2","1.0000000000000000E+0","3.054200000000000E-6"
"480","1.0722576704504492E+0","-7.8253022554380041E-22","-6.7634920524766917E-23","-6.7732149261256531E-13","-1.4237725987605121E-1","-5.2311466171956377E-24","2.9947620597215101E+0","6.2485584850135991E+0","3.6324341113585393E+2","1.0000000000000000E+0","3.054200000000000E-6"
"479","1.0724691659630057E+0","-7.7925469275970720E-22","1.2380270338807098E-23","-5.9312946930734274E-13","-1.4278480228485943E-1","3.6070240774493992E-24","2.9947313706915502E+0","6.2488597979514777E+0","3.6326092716609304E+2","1.0000000000000000E+0","3.054200000000000E-6"
"478","1.0726806642721420E+0","-7.7586721398476227E-22","-3.1332884201060121E-23","-7.9369994022199775E-13","-1.4319232890686087E-1","-4.6512157692799623E-23","2.9947005910780300E+0","6.2491576451915254E+0","3.6327824172716049E+2","1.0000000000000000E+0","3.054200000000000E-6"
"477","1.0728921653172594E+0","-7.7606850881445926E-22","-7.5345518080103411E-23","-5.0579773771710021E-13","-1.4359983947670163E-1","4.7742276616662990E-23","2.9946697208821602E+0","6.2494520761265901E+0","3.6329535769037881E+2","1.0000000000000000E+0","3.054200000000000E-6"
"476","1.0731036690388633E+0","-7.7624792073453635E-22","-5.8361409410922920E-23","-7.0170870832564830E-13","-1.4400733373361421E-1","-1.1189571160689501E-23","2.9946387601050999E+0","6.2497431393138392E+0","3.6331227787849031E+2","1.0000000000000000E+0","3.054200000000000E-6"
"475","1.0733151753785430E+0","-7.7357703730519391E-22","-1.0912985756517281E-22","-9.8855960433378073E-13","-1.4441481142133350E-1","8.2001269873492171E-24","2.9946077087479099E+0","6.2500308824904574E+0","3.6332900506657006E+2","1.0000000000000000E+0","3.054200000000000E-6"
"474","1.0735266842789373E+0","-7.7318511228782142E-22","1.2408112464159074E-22","-7.3837929571811877E-13","-1.4482227228800407E-1","-6.1368598589703050E-24","2.9945765668115998E+0","6.2503153525898041E+0","3.6334554198296456E+2","1.0000000000000000E+0","3.054200000000000E-6"
"473","1.0737381956837144E+0","-7.7309851826679042E-22","3.6859850197010121E-23","-1.0013189384981077E-12","-1.4522971608608734E-1","-7.2529536667953202E-23","2.9945453342970998E+0","6.2505965957571687E+0","3.6336189131020814E+2","1.0000000000000000E+0","3.054200000000000E-6"
"472","1.0739497095375414E+0","-7.7612421769466553E-22","-4.0859770076371675E-23","-6.2932361450329336E-13","-1.4563714257227470E-1","2.6640369626907798E-23","2.9945140112052799E+0","6.2508746573647755E+0","3.6337805568589499E+2","1.0000000000000000E+0","3.054200000000000E-6"
"471","1.0741612257860662E+0","-7.7377853947723464E-22","1.4448323256919729E-23","-4.6340813475708643E-13","-1.4604455150740137E-1","-1.6422356280311288E-23","2.9944825975369498E+0","6.2511495820268017E+0","3.6339403770355221E+2","1.0000000000000000E+0","3.054200000000000E-6"
"470","1.0743727443758881E+0","-7.7057550180731715E-22","2.0505634804949170E-23","-5.4444672405906640E-13","-1.4645194265636033E-1","4.2509790514228066E-23","2.9944510932928301E+0","6.2514214136140565E+0","3.6340983991349322E+2","1.0000000000000000E+0","3.054200000000000E-6"
"469","1.0745842652545390E+0","-7.7252065998804161E-22","-5.6745877709916319E-23","-1.0527023287408773E-12","-1.4685931578802427E-1","-3.6757436773724063E-23","2.9944194984736101E+0","6.2516901952681829E+0","3.6342546482364327E+2","1.0000000000000000E+0","3.054200000000000E-6"
"468","1.0747957883704560E+0","-7.7317893982446749E-22","-7.7441453866615993E-23","-6.1183887068209348E-13","-1.4726667067516594E-1","-1.1079022134075877E-22","2.9943878130799000E+0","6.2519559694155866E+0","3.6344091490034913E+2","1.0000000000000000E+0","3.054200000000000E-6"
"467","1.0750073136729690E+0","-7.7523931692568840E-22","-2.7114461679320731E-22","-6.2660773373974053E-14","-1.4767400709437303E-1","-3.6178045834133427E-24","2.9943560371122602E+0","6.2522187777813167E+0","3.6345619256918621E+2","1.0000000000000000E+0","3.054200000000000E-6"
"466","1.0752188411122690E+0","-7.7585449891896498E-22","2.0535422260137864E-24","-2.0821255005707954E-13","-1.4808132482597977E-1","-6.3613104770978785E-23","2.9943241705711698E+0","6.2524786614021393E+0","3.6347130021571814E+2","1.0000000000000000E+0","3.054200000000000E-6"
"465","1.0754303706393902E+0","-7.7505733588188322E-22","5.3424925066837709E-23","-4.3494516950230816E-13","-1.4848862365400201E-1","1.6882506134815986E-23","2.9942922134570802E+0","6.2527356606394449E+0","3.6348624018624770E+2","1.0000000000000000E+0","3.054200000000000E-6"
"464","1.0756419022062016E+0","-7.7563784918795179E-22","1.6014342360129188E-22","-1.0184875262907253E-12","-1.4889590336603506E-1","-1.4795266364966200E-23","2.9942601657703798E+0","6.2529898151933505E+0","3.6350101478863604E+2","1.0000000000000000E+0","3.054200000000000E-6"
"463","1.0758534357653686E+0","-7.7471132812876152E-22","-2.5992464355299485E-22","-9.6213782327655600E-13","-1.4930316375321467E-1","-2.0826273834912066E-23","2.9942280275113800E+0","6.2532411641134695E+0","3.6351562629292914E+2","1.0000000000000000E+0","3.054200000000000E-6"
"462","1.0760649712703485E+0","-7.7437114447840966E-22","-2.0582260167643142E-23","-8.6710873262615712E-13","-1.4971040461013113E-1","-5.7975016353926919E-23","2.9941957986803600E+0","6.2534897458120335E+0","3.6353007693212038E+2","1.0000000000000000E+0","3.054200000000000E-6"
"461","1.0762765086753665E+0","-7.7649691378988091E-22","1.4906573371430982E-22","-7.2259733060772883E-13","-1.5011762573476259E-1","2.0562963536358413E-23","2.9941634792775500E+0","6.2537355980763740E+0","3.6354436890287633E+2","1.0000000000000000E+0","3.054200000000000E-6"
"460","1.0764880479354004E+0","-7.7465948630226786E-22","1.4790988190315326E-22","-6.5139113199121155E-13","-1.5052482692842684E-1","2.7702130572054464E-23","2.9941310693031000E+0","6.2539787580794739E+0","3.6355850436614992E+2","1.0000000000000000E+0","3.054200000000000E-6"
"459","1.0766995890061608E+0","-7.7376178483371026E-22","5.1281746524626983E-23","-2.3177786350293213E-13","-1.5093200799568340E-1","2.6868752011102723E-23","2.9940985687571602E+0","6.2542192623927724E+0","3.6357248544792498E+2","1.0000000000000000E+0","3.054200000000000E-6"
"458","1.0769111318440761E+0","-7.7539471702288092E-22","2.0202075803423829E-23","-3.4619337610795036E-13","-1.5133916874430567E-1","-1.6040160884695949E-23","2.9940659776397700E+0","6.2544571469964874E+0","3.6358631423981632E+2","1.0000000000000000E+0","3.054200000000000E-6"
"457","1.0771226764062758E+0","-7.7702605475274234E-22","1.1388175682213524E-22","-3.1792412136980104E-13","-1.5174630898520136E-1","-6.3022533243282025E-23","2.9940332959509699E+0","6.2546924472910339E+0","3.6359999279973334E+2","1.0000000000000000E+0","3.054200000000000E-6"
"456","1.0773342226505740E+0","-7.7752753111640738E-22","-3.6599055410253243E-23","-7.3966742053495291E-13","-1.5215342853235467E-1","2.9792516065741890E-23","2.9940005236907301E+0","6.2549251981074692E+0","3.6361352315248740E+2","1.0000000000000000E+0","3.054200000000000E-6"
"455","1.0775457705354556E+0","-7.7910447696786926E-22","1.0398423485215651E-22","-1.0045761127050492E-12","-1.5256052720276880E-1","1.2177232091818753E-23","2.9939676608589800E+0","6.2551554337188300E+0","3.6362690729045079E+2","1.0000000000000000E+0","3.054200000000000E-6"
"454","1.0777573200200588E+0","-7.7849160990399211E-22","-7.3771690865550442E-24","-4.3699131246673152E-13","-1.5296760481640781E-1","1.8638524328770495E-23","2.9939347074556100E+0","6.2553831878497803E+0","3.6364014717411760E+2","1.0000000000000000E+0","3.054200000000000E-6"
"453","1.0779688710641633E+0","-7.7889130172353303E-22","-1.1558817979166095E-22","-5.6479706669137939E-14","-1.5337466119615270E-1","-6.9122771530685704E-23","2.9939016634804401E+0","6.2556084936865384E+0","3.6365324473268072E+2","1.0000000000000000E+0","3.054200000000000E-6"
"452","1.0781804236281745E+0","-7.7906924505793920E-22","8.4803898939678948E-23","-3.8847800016686358E-13","-1.5378169616772885E-1","-1.5037932586549599E-23","2.9938685289332900E+0","6.2558313838877337E+0","3.6366620186466326E+2","1.0000000000000000E+0","3.054200000000000E-6"
"451","1.0783919776731083E+0","-7.7555420993231127E-22","-2.5159050121348868E-22","-7.0968840435850165E-13","-1.5418870955966110E-1","-1.3201849411465080E-23","2.9938353038138898E+0","6.2560518905932305E+0","3.6367902043843117E+2","1.0000000000000000E+0","3.054200000000000E-6"
"450","1.0786035331605794E+0","-7.7762533468551724E-22","1.8160512611562868E-22","-4.4237350738094499E-13","-1.5459570120322016E-1","6.6634994400846286E-23","2.9938019881219700E+0","6.2562700454343121E+0","3.6369170229278529E+2","1.0000000000000000E+0","3.054200000000000E-6"
"449","1.0788150900527897E+0","-7.7615551633048416E-22","-3.6420786438116470E-23","-1.7309612314856239E-13","-1.5500267093237860E-1","-7.9165080373311030E-23","2.9937685818572000E+0","6.2564858795421303E+0","3.6370424923745281E+2","1.0000000000000000E+0","3.054200000000000E-6"
"448","1.0790266483125126E+0","-7.7689968427695589E-22","2.1693162945037049E-22","-6.2884908834718165E-14","-1.5540961858376059E-1","4.0512824106008120E-23","2.9937350850191899E+0","6.2566994235576603E+0","3.6371666305366574E+2","1.0000000000000000E+0","3.054200000000000E-6"
"447","1.0792382079030833E+0","-7.7744543012234161E-22","4.5205596749765573E-23","-5.6682967197845337E-15","-1.5581654399657102E-1","1.7918184550459857E-23","2.9937014976075500E+0","6.2569107076404062E+0","3.6372894549466707E+2","1.0000000000000000E+0","3.054200000000000E-6"
"446","1.0794497687883808E+0","-7.8049901958382838E-22","-6.5168445012114158E-23","3.4292605525712409E-13","-1.5622344701258387E-1","1.6452829798353677E-23","2.9936678196218298E+0","6.2571197614769778E+0","3.6374109828620919E+2","1.0000000000000000E+0","3.054200000000000E-6"
"445","1.0796613309328265E+0","-7.8256923711913620E-22","2.3533207904156737E-22","-2.2204903848240420E-13","-1.5663032747606778E-1","3.1938396431130722E-23","2.9936340510615400E+0","6.2573266142893784E+0","3.6375312312703608E+2","1.0000000000000000E+0","3.054200000000000E-6"
"444","1.0798728943013622E+0","-7.8600830771196750E-22","5.0125644280947894E-23","-1.7054955489086906E-13","-1.5703718523375546E-1","3.2698923176728682E-23","2.9936001919261499E+0","6.2575312948443607E+0","3.6376502168942659E+2","1.0000000000000100E+0","3.054200000000000E-6"
"443","1.0800844588594452E+0","-7.8795341630399746E-22","1.6538098676937198E-22","-5.1392297902141963E-13","-1.5744402013478900E-1","-9.6563125025459662E-24","2.9935662422151199E+0","6.2577338314604676E+0","3.6377679561960440E+2","1.0000000000000000E+0","3.054200000000000E-6"
"442","1.0802960245730353E+0","-7.8718886084843478E-22","-9.9204783498713921E-23","-9.8381712967068421E-14","-1.5785083203068315E-1","-2.5353268300061508E-23","2.9935322019278399E+0","6.2579342520172876E+0","3.6378844653827559E+2","1.0000000000000000E+0","3.054200000000000E-6"
"441","1.0805075914085842E+0","-7.8647147164382590E-22","2.0240255547648996E-22","-1.6609273314584931E-13","-1.5825762077528341E-1","1.8735601863767644E-23","2.9934980710636898E+0","6.2581325839619852E+0","3.6379997604100845E+2","1.0000000000000000E+0","3.054200000000000E-6"
"440","1.0807191593330265E+0","-7.8362707691585044E-22","-2.3119047868359628E-22","-4.4612971456368949E-13","-1.5866438622472445E-1","4.9127226358159317E-23","2.9934638496219899E+0","6.2583288543183686E+0","3.6381138569876049E+2","1.0000000000000000E+0","3.054200000000000E-6"
"439","1.0809307283137686E+0","-7.8470242870603595E-22","3.8138506603006417E-23","-9.7682965325994403E-13","-1.5907112823737865E-1","6.8513865800112327E-23","2.9934295376020601E+0","6.2585230896934467E+0","3.6382267705825979E+2","1.0000000000000000E+0","3.054200000000000E-6"
"438","1.0811422983186767E+0","-7.8299763939867722E-22","1.7655650271789077E-22","-8.8388638137073436E-13","-1.5947784667383522E-1","1.0562314769243685E-22","2.9933951350031598E+0","6.2587153162855280E+0","3.6383385164247562E+2","1.0000000000000000E+0","3.054200000000000E-6"
"437","1.0813538693160711E+0","-7.8029486423707031E-22","-3.9633636252852867E-23","-1.3739887245881322E-13","-1.5988454139684113E-1","2.9316506131152473E-23","2.9933606418245202E+0","6.2589055598910202E+0","3.6384491095101401E+2","1.0000000000000000E+0","3.054200000000000E-6"
"436","1.0815654412747167E+0","-7.8067593861066631E-22","2.2400539718451432E-22","4.1723040011868160E-13","-1.6029121227128576E-1","6.3231415848716501E-23","2.9933260580653500E+0","6.2590938459118393E+0","3.6385585646054795E+2","1.0000000000000000E+0","3.054200000000000E-6"
"435","1.0817770141638103E+0","-7.7960486159683973E-22","-8.2663003145127482E-24","-1.9539391960194863E-13","-1.6069785916413973E-1","-6.6353645889426193E-23","2.9932913837248298E+0","6.2592801993623963E+0","3.6386668962522424E+2","1.0000000000000000E+0","3.054200000000000E-6"
"434","1.0819885879529738E+0","-7.7865807530273309E-22","3.6581784129653677E-23","3.4764460778397580E-13","-1.6110448194443369E-1","-4.8588601690849910E-23","2.9932566188020799E+0","6.2594646448759930E+0","3.6387741187703449E+2","1.0000000000000000E+0","3.054200000000000E-6"
"433","1.0822001626122484E+0","-7.8002084564718580E-22","8.0961186290612454E-23","-2.8539089085500424E-13","-1.6151108048321822E-1","-2.8041889916341610E-24","2.9932217632962401E+0","6.2596472067123790E+0","3.6388802462625517E+2","1.0000000000000000E+0","3.054200000000000E-6"
"432","1.0824117381120777E+0","-7.7952644050410127E-22","-2.5739969196929447E-23","-6.1730845583875678E-13","-1.6191765465352762E-1","-4.2703854463084090E-23","2.9931868172063600E+0","6.2598279087634063E+0","3.6389852926177582E+2","1.0000000000000000E+0","3.054200000000000E-6"
"431","1.0826233144233111E+0","-7.8282412413824983E-22","-2.2276513031698833E-22","-1.7481514919835150E-13","-1.6232420433034850E-1","-3.2711135760432514E-23","2.9931517805315102E+0","6.2600067745600283E+0","3.6390892715150613E+2","1.0000000000000000E+0","3.054200000000000E-6"
"430","1.0828348915171873E+0","-7.8162334381595945E-22","-1.9181402310672980E-22","-7.5777466403041467E-13","-1.6273072939058170E-1","-3.5470055165522594E-23","2.9931166532707101E+0","6.2601838272786416E+0","3.6391921964274457E+2","1.0000000000000000E+0","3.054200000000000E-6"
"429","1.0830464693653292E+0","-7.7915096009709910E-22","2.0568188253499809E-22","-1.1602805369904982E-12","-1.6313722971301831E-1","1.8220527649625991E-23","2.9930814354229600E+0","6.2603590897467845E+0","3.6392940806250965E+2","1.0000000000000000E+0","3.054200000000000E-6"
"428","1.0832580479397356E+0","-7.7781906878790758E-22","-2.6534873288827743E-22","-5.0238837676771124E-13","-1.6354370517829500E-1","-7.7374465705985641E-23","2.9930461269872199E+0","6.2605325844497033E+0","3.6393949371792183E+2","1.0000000000000000E+0","3.054200000000000E-6"
"427","1.0834696272127744E+0","-7.7392695913359427E-22","7.9530374077364619E-23","-5.8730828399867782E-13","-1.6395015566887558E-1","-1.5229174786110624E-23","2.9930107279624201E+0","6.2607043335361645E+0","3.6394947789654077E+2","1.0000000000000000E+0","3.054200000000000E-6"
"426","1.0836812071571753E+0","-7.7448566344921581E-22","-1.5930204068829087E-22","-1.0773831603278415E-12","-1.6435658106900622E-1","1.7270509075111756E-23","2.9929752383474901E+0","6.2608743588240694E+0","3.6395936186669263E+2","1.0000000000000000E+0","3.054200000000000E-6"
"425","1.0838927877460236E+0","-7.7454371861410001E-22","1.5364143290395595E-22","-1.0255025097019041E-12","-1.6476298126470226E-1","-1.8777571863930827E-25","2.9929396581412999E+0","6.2610426818063294E+0","3.6396914687781089E+2","1.0000000000000000E+0","3.054200000000000E-6"
"424","1.0841043689527510E+0","-7.7526183438814850E-22","6.1979195271745346E-23","-3.1693186669488200E-13","-1.6516935614369854E-1","-3.8671945845689005E-23","2.9929039873427201E+0","6.2612093236568116E+0","3.6397883416078218E+2","1.0000000000000000E+0","3.054200000000000E-6"
"423","1.0843159507511297E+0","-7.7664493627598406E-22","7.8246005007241417E-23","-7.5036751425909917E-13","-1.6557570559544196E-1","-3.3884125326695224E-23","2.9928682259505801E+0","6.2613743052350692E+0","3.6398842492822155E+2","1.0000000000000000E+0","3.054200000000000E-6"
"422","1.0845275331152675E+0","-7.7632171537908421E-22","7.8593663875210953E-23","1.2296057736921818E-13","-1.6598202951104171E-1","3.0185527560962106E-23","2.9928323739636800E+0","6.2615376470923669E+0","3.6399792037482229E+2","1.0000000000000000E+0","3.054200000000000E-6"
"421","1.0847391160195992E+0","-7.7372751152684306E-22","2.5691319883594293E-22","-7.9101490430408092E-13","-1.6638832778325779E-1","2.9980095936950340E-23","2.9927964313808202E+0","6.2616993694766556E+0","3.6400732167764545E+2","1.0000000000000000E+0","3.054200000000000E-6"
"420","1.0849506994388816E+0","-7.7104456774134288E-22","-2.3444589923841597E-22","-8.0263835427216699E-14","-1.6679460030647061E-1","-7.3482574124558941E-23","2.9927603982007498E+0","6.2618594923380018E+0","3.6401662999643543E+2","1.0000000000000000E+0","3.054200000000000E-6"
"419","1.0851622833481860E+0","-7.7230237459647215E-22","-5.9197148494073975E-23","1.0230936869383844E-13","-1.6720084697664325E-1","-4.7242942619274479E-24","2.9927242744222000E+0","6.2620180353332584E+0","3.6402584647389131E+2","1.0000000000000000E+0","3.054200000000000E-6"
"418","1.0853738677228957E+0","-7.7038021674808342E-22","-3.5798152041031503E-23","-7.0271873039789611E-14","-1.6760706769130787E-1","2.5425287760848949E-23","2.9926880600438901E+0","6.2621750178316544E+0","3.6403497223599186E+2","1.0000000000000000E+0","3.054200000000000E-6"
"417","1.0855854525386925E+0","-7.6977841144154710E-22","-1.8912408989903158E-22","-1.1334863278980543E-12","-1.6801326234953951E-1","1.3940767597102610E-23","2.9926517550645002E+0","6.2623304589188402E+0","3.6404400839223104E+2","1.0000000000000000E+0","3.054200000000000E-6"
"416","1.0857970377715631E+0","-7.6927095200045574E-22","8.6396072581756263E-23","-7.3675424431156990E-13","-1.6841943085191233E-1","-1.6849550991329008E-23","2.9926153594826999E+0","6.2624843774029149E+0","3.6405295603596778E+2","1.0000000000000000E+0","3.054200000000000E-6"
"415","1.0860086233977790E+0","-7.7015280453260378E-22","2.6195767848601267E-22","-8.4252073902318428E-13","-1.6882557310051058E-1","5.8294410956582201E-24","2.9925788732971301E+0","6.2626367918172932E+0","3.6406181624459316E+2","1.0000000000000000E+0","3.054200000000000E-6"
"414","1.0862202093939046E+0","-7.6907966607237245E-22","-1.1365716076382569E-22","-5.4234464098278050E-13","-1.6923168899886692E-1","1.9065311476804500E-23","2.9925422965064099E+0","6.2627877204273652E+0","3.6407059007991728E+2","1.0000000000000000E+0","3.054200000000000E-6"
"413","1.0864317957367817E+0","-7.6870887300475507E-22","-1.2787523803547690E-22","5.2578627302487192E-13","-1.6963777845195957E-1","1.7077388104697334E-23","2.9925056291091301E+0","6.2629371812337178E+0","3.6407927858835654E+2","1.0000000000000000E+0","3.054200000000000E-6"
"412","1.0866433824035300E+0","-7.7039940124727909E-22","1.1484867008938181E-22","-5.8866370132203672E-13","-1.7004384136619033E-1","2.1041375336700075E-24","2.9924688711038701E+0","6.2630851919767592E+0","3.6408788280120280E+2","1.0000000000000000E+0","3.054200000000000E-6"
"411","1.0868549693715412E+0","-7.7362877627047758E-22","4.1328797582762595E-23","-2.2621773398820908E-13","-1.7044987764934524E-1","-2.9213896235278696E-23","2.9924320224891798E+0","6.2632317701414033E+0","3.6409640373489509E+2","1.0000000000000000E+0","3.054200000000000E-6"
"410","1.0870665566184705E+0","-7.7543887684388540E-22","1.0286286823567939E-22","-8.5399758464618773E-13","-1.7085588721059261E-1","-2.8795093761682527E-23","2.9923950832636099E+0","6.2633769329609565E+0","3.6410484239124622E+2","1.0000000000000000E+0","3.054200000000000E-6"
"409","1.0872781441222352E+0","-7.7580348932518197E-22","-1.4401117972191621E-22","-1.2186784741259978E-12","-1.7126186996045170E-1","-5.1187191196151689E-24","2.9923580534256500E+0","6.2635206974215611E+0","3.6411319975770044E+2","1.0000000000000000E+0","3.054200000000000E-6"
"408","1.0874897318610139E+0","-7.7747966482672212E-22","-2.3313866675596594E-23","-6.8343404996418017E-13","-1.7166782581075862E-1","-1.8116553461379686E-24","2.9923209329737999E+0","6.2636630802666282E+0","3.6412147680759182E+2","1.0000000000000000E+0","3.054200000000000E-6"
"407","1.0877013198132290E+0","-7.7778290357372277E-22","-2.6365837347487581E-22","-1.1817174669040242E-12","-1.7207375467466901E-1","-3.1995334309694820E-23","2.9922837219065301E+0","6.2638040979998335E+0","3.6412967450031772E+2","1.0000000000000000E+0","3.054200000000000E-6"
"406","1.0879127692129387E+0","-7.1313771609038590E-22","-3.8006748493899950E-23","-1.2398504103479138E-12","-1.7247939031379314E-1","-5.7716219423664503E-23","2.9922464447118000E+0","6.2639436757434872E+0","3.6413778848306191E+2","1.0000000000000000E+0","3.054200000000000E-6"
"405","1.0881243575281883E+0","-7.1114211410438829E-22","-5.4059366570039736E-23","-1.6585995584305700E-12","-1.7288526496733794E-1","-2.6660259746216027E-23","2.9922090524684499E+0","6.2640820126971066E+0","3.6414583033576105E+2","1.0000000000000000E+0","3.054200000000000E-6"
"404","1.0883359459936350E+0","-7.1166244554010981E-22","-1.1097589839780440E-22","-1.4084881713170770E-12","-1.7329111238164252E-1","8.9197503728762095E-24","2.9921715696049702E+0","6.2642190326453475E+0","3.6415379562783801E+2","1.0000000000000000E+0","3.054200000000000E-6"
"403","1.0885475345886682E+0","-7.1078242701170283E-22","-1.5214379099559359E-22","-1.3786839312208845E-12","-1.7369693247488610E-1","-3.3146787745214891E-24","2.9921339961197702E+0","6.2643547511747641E+0","3.6416168526537564E+2","1.0000000000000000E+0","3.054200000000000E-6"
"402","1.0887591232929066E+0","-7.0732669226109705E-22","-4.3047603903578071E-23","-1.5405486292724294E-12","-1.7410272516646311E-1","-2.1736350322590666E-23","2.9920963320112102E+0","6.2644891836517322E+0","3.6416950014165769E+2","1.0000000000000000E+0","3.054200000000000E-6"
"401","1.0889707120861962E+0","-7.0989615904237951E-22","2.2584966512313564E-22","-1.7183195458668152E-12","-1.7450849037694885E-1","3.6611679634519668E-23","2.9920585772776400E+0","6.2646223452266065E+0","3.6417724113740985E+2","1.0000000000000000E+0","3.054200000000000E-6"
"400","1.0891823009486037E+0","-7.1298588960863261E-22","1.5892109389308815E-22","-1.6761032287870693E-12","-1.7491422802809481E-1","-3.5462037446749144E-23","2.9920207319174099E+0","6.2647542508365026E+0","3.6418490912096178E+2","1.0000000000000000E+0","3.054200000000000E-6"
"399","1.0893938898604147E+0","-7.1288594330785932E-22","-9.4233983589695800E-23","-9.6285349625325925E-13","-1.7531993804280541E-1","-2.4100226801614534E-23","2.9919827959288199E+0","6.2648849152092216E+0","3.6419250494847529E+2","1.0000000000000000E+0","3.054200000000000E-6"
"398","1.0896054788021301E+0","-7.0925803348556476E-22","2.5898179049713521E-22","-1.8757500757652333E-12","-1.7572562034511377E-1","1.8847221987922784E-23","2.9919447693101899E+0","6.2650143528665483E+0","3.6420002946413592E+2","1.0000000000000000E+0","3.054200000000000E-6"
"397","1.0898170677544592E+0","-7.0972114247061476E-22","-1.2888864843310290E-23","-1.4245678169848980E-12","-1.7613127486018218E-1","-1.7791047312743007E-23","2.9919066520598001E+0","6.2651425781274197E+0","3.6420748350033716E+2","1.0000000000000000E+0","3.054200000000000E-6"
"396","1.0900286566983211E+0","-7.1052920482186756E-22","1.0240907203099457E-22","-1.9465069190744592E-12","-1.7653690151426010E-1","-8.2214376217398755E-24","2.9918684441758998E+0","6.2652696051115457E+0","3.6421486787789098E+2","1.0000000000000000E+0","3.054200000000000E-6"
"395","1.0902402456148346E+0","-7.1487221690492115E-22","5.4880603060205141E-23","-1.0979701786050140E-12","-1.7694250023469640E-1","-3.7311632804960226E-25","2.9918301456567402E+0","6.2653954477424456E+0","3.6422218340620424E+2","1.0000000000000000E+0","3.054200000000000E-6"
"394","1.0904518344853222E+0","-7.1464678457220004E-22","2.0502864858085220E-22","-1.4783476507321638E-12","-1.7734807094989047E-1","1.0687657038384215E-23","2.9917917565005698E+0","6.2655201197503620E+0","3.6422943088344834E+2","1.0000000000000000E+0","3.054200000000000E-6"
"393","1.0906634232912993E+0","-7.1128936815892573E-22","-3.0432421337594465E-22","-8.1055610864932997E-13","-1.7775361358930739E-1","-1.6521540797689850E-23","2.9917532767055701E+0","6.2656436346758717E+0","3.6423661109676891E+2","1.0000000000000000E+0","3.054200000000000E-6"
"392","1.0908750120144770E+0","-7.0933293167629480E-22","-3.8290421303858591E-23","-9.5020001377541854E-13","-1.7815912808343573E-1","-5.5862695478056406E-24","2.9917147062699700E+0","6.2657660058725426E+0","3.6424372482244019E+2","1.0000000000000000E+0","3.054200000000000E-6"
"391","1.0910866006367572E+0","-7.0782215624135809E-22","-2.9857486399525000E-23","-1.0576598612795256E-12","-1.7856461436379337E-1","9.8936776112019033E-25","2.9916760451919302E+0","6.2658872465100046E+0","3.6425077282604389E+2","1.0000000000000000E+0","3.054200000000000E-6"
"390","1.0912981891402247E+0","-7.0828037368341124E-22","-3.1863101632344830E-22","-1.0615335934332695E-12","-1.7897007236289347E-1","-2.0573861124562946E-23","2.9916372934696098E+0","6.2660073695770455E+0","3.6425775586264865E+2","1.0000000000000000E+0","3.054200000000000E-6"
"389","1.0915097775071492E+0","-7.0981980868111581E-22","4.1300924372130944E-22","-1.4949115372613544E-12","-1.7937550201424171E-1","7.6195019672207039E-24","2.9915984511011700E+0","6.2661263878843636E+0","3.6426467467697063E+2","1.0000000000000000E+0","3.054200000000000E-6"
"388","1.0917213657199822E+0","-7.1026944205469449E-22","6.1847120949593913E-23","-1.8221842361799573E-12","-1.7978090325232071E-1","1.2673718405724819E-23","2.9915595180847401E+0","6.2662443140672268E+0","3.6427153000352769E+2","1.0000000000000000E+0","3.054200000000000E-6"
"387","1.0919329537613529E+0","-7.0722791909115154E-22","-4.4175937219569022E-23","-1.9171196322710791E-12","-1.8018627601257273E-1","1.3036407784107433E-23","2.9915204944184302E+0","6.2663611605887723E+0","3.6427832256683121E+2","1.0000000000000000E+0","3.054200000000000E-6"
"386","1.0921445416140618E+0","-7.0763669751153919E-22","6.0352573109316967E-23","-1.5121628331233675E-12","-1.8059162023137246E-1","5.8297159378020498E-24","2.9914813801003399E+0","6.2664769397421081E+0","3.6428505308150864E+2","1.0000000000000000E+0","3.054200000000000E-6"
"385","1.0923561292610833E+0","-7.0764435404906945E-22","-1.1150799505055234E-23","-1.3903947894306618E-12","-1.8099693584604865E-1","-1.7481027895160201E-23","2.9914421751285500E+0","6.2665916636532968E+0","3.6429172225247652E+2","1.0000000000000000E+0","3.054200000000000E-6"
"384","1.0925677166855590E+0","-7.0472784758707868E-22","-2.6249272879682713E-23","-1.0280111552046421E-12","-1.8140222279482768E-1","-1.1635224534725006E-23","2.9914028795011398E+0","6.2667053442841629E+0","3.6429833077510375E+2","1.0000000000000000E+0","3.054200000000000E-6"
"383","1.0927793038707998E+0","-7.0372670056933742E-22","-2.5731626436340019E-22","-1.9237557698118079E-12","-1.8180748101684879E-1","-8.2070788572024723E-24","2.9913634932161601E+0","6.2668179934346488E+0","3.6430487933534886E+2","1.0000000000000000E+0","3.054200000000000E-6"
"382","1.0929908908002739E+0","-7.0489579308636522E-22","-1.8375615435155116E-22","-1.9205417168397332E-12","-1.8221271045214274E-1","-1.7143874646858834E-23","2.9913240162716401E+0","6.2669296227451374E+0","3.6431136860989460E+2","1.0000000000000000E+0","3.054200000000000E-6"
"381","1.0932024774576170E+0","-7.0483959639317724E-22","-5.2263134487686919E-22","-1.9698592714480249E-12","-1.8261791104161373E-1","-3.3907775440959810E-23","2.9912844486656098E+0","6.2670402436996584E+0","3.6431779926633476E+2","1.0000000000000000E+0","3.054200000000000E-6"
"380","1.0934140638266183E+0","-7.0763797986581205E-22","9.9611223415671116E-23","-8.7658375510173622E-13","-1.8302308272703333E-1","1.0619976214449359E-23","2.9912447903960802E+0","6.2671498676275688E+0","3.6432417196327145E+2","1.0000000000000100E+0","3.054200000000000E-6"
"379","1.0936256498912202E+0","-7.0645010134095476E-22","-4.0477043129484289E-23","-9.7620722011637651E-13","-1.8342822545102380E-1","-2.3905295997853516E-23","2.9912050414610398E+0","6.2672585057061800E+0","3.6433048735046816E+2","1.0000000000000000E+0","3.054200000000000E-6"
"378","1.0938372356355246E+0","-7.0410242362966545E-22","-3.3223190814378379E-23","-2.0340548421000247E-12","-1.8383333915704977E-1","-2.4878398691981017E-24","2.9911652018584798E+0","6.2673661689635827E+0","3.6433674606901366E+2","1.0000000000000000E+0","3.054200000000000E-6"
"377","1.0940488210437782E+0","-7.0342702035445843E-22","-8.5963774608594268E-23","-1.7488519395421487E-12","-1.8423842378939972E-1","1.3670821714155633E-24","2.9911252715863599E+0","6.2674728682803718E+0","3.6434294875142263E+2","1.0000000000000000E+0","3.054200000000000E-6"
"376","1.0942604061003782E+0","-7.0439121452515613E-22","3.6098545618227728E-22","-1.1745545850325320E-12","-1.8464347929318045E-1","4.6219081827251095E-23","2.9910852506426302E+0","6.2675786143922361E+0","3.6434909602178590E+2","1.0000000000000100E+0","3.054200000000000E-6"
"375","1.0944719907898661E+0","-7.0476482269433011E-22","5.5758004098728494E-24","-9.2377297085752888E-13","-1.8504850561430428E-1","5.9347064791467582E-24","2.9910451390252200E+0","6.2676834178919796E+0","3.6435518849588806E+2","1.0000000000000000E+0","3.054200000000000E-6"
"374","1.0946835750969284E+0","-7.0629621494968957E-22","-7.7168666288441426E-24","-2.4701870048324120E-12","-1.8545350269946617E-1","-4.7426795421995273E-24","2.9910049367320801E+0","6.2677872892321345E+0","3.6436122678135939E+2","1.0000000000000000E+0","3.054200000000000E-6"
"373","1.0948951590063902E+0","-7.0524162556391588E-22","-7.6208283117244238E-23","-1.2693670039658845E-12","-1.8585847049615534E-1","-3.2703175274134035E-24","2.9909646437610902E+0","6.2678902387265607E+0","3.6436721147776893E+2","1.0000000000000000E+0","3.054200000000000E-6"
"372","1.0951067425032175E+0","-7.0418907641178673E-22","8.7715276424414223E-23","-1.8925871437523267E-12","-1.8626340895262231E-1","1.2195515816841900E-23","2.9909242601101602E+0","6.2679922765531151E+0","3.6437314317677948E+2","1.0000000000000000E+0","3.054200000000000E-6"
"371","1.0953183255725114E+0","-7.0547086257014375E-22","-2.2811895644006641E-22","-3.5085813901280178E-13","-1.8666831801787231E-1","-2.5565019631303816E-23","2.9908837857771799E+0","6.2680934127553085E+0","3.6437902246224377E+2","1.0000000000000000E+0","3.054200000000000E-6"
"370","1.0955299081995078E+0","-7.0701361301558638E-22","2.9180146187780555E-22","9.5795461781557026E-13","-1.8707319764167651E-1","2.5341605816646204E-23","2.9908432207600102E+0","6.2681936572446872E+0","3.6438484991034352E+2","1.0000000000000000E+0","3.054200000000000E-6"
"369","1.0957414903695752E+0","-7.0653623075406601E-22","1.0354868038259982E-22","2.3982273076089225E-13","-1.8747804777452060E-1","6.5538508261645350E-24","2.9908025650565100E+0","6.2682930198026368E+0","3.6439062608969357E+2","1.0000000000000200E+0","3.054200000000000E-6"
"368","1.0959530720682140E+0","-7.0577338858324246E-22","-2.4900735780134857E-22","-1.6021661631344274E-13","-1.8788286836763157E-1","-2.1416927716143620E-23","2.9907618186645202E+0","6.2683915100823837E+0","3.6439635156145874E+2","1.0000000000000000E+0","3.054200000000000E-6"
"367","1.0961646532810494E+0","-7.0453801623099048E-22","-1.0342827868118855E-22","-2.5206992461670929E-13","-1.8828765937294631E-1","-9.3153273385159569E-24","2.9907209815818798E+0","6.2684891376110565E+0","3.6440202687947345E+2","1.0000000000000000E+0","3.054200000000000E-6"
"366","1.0963762339938345E+0","-7.0436195510496085E-22","1.4117299203243991E-22","3.6051216063507242E-13","-1.8869242074311329E-1","1.1584690429463151E-23","2.9906800538064000E+0","6.2685859117915834E+0","3.6440765259035197E+2","1.0000000000000000E+0","3.054200000000000E-6"
"365","1.0965878141924490E+0","-7.0306584987235727E-22","-4.5487218803326784E-23","-4.0489546784078717E-13","-1.8909715243147537E-1","-3.7527472752200115E-24","2.9906390353358798E+0","6.2686818419043320E+0","3.6441322923358405E+2","1.0000000000000100E+0","3.054200000000000E-6"
"364","1.0967993938628890E+0","-7.0219322000853089E-22","-6.8561443113723342E-23","6.7088285354320967E-13","-1.8950185439206088E-1","-6.0304086282223062E-24","2.9905979261681299E+0","6.2687769371093163E+0","3.6441875734166274E+2","1.0000000000000000E+0","3.054200000000000E-6"
"363","1.0970109729912796E+0","-7.0203999923414317E-22","-1.9362734767435802E-22","3.7207458922278606E-13","-1.8990652657957857E-1","-1.8188583452189097E-23","2.9905567263009099E+0","6.2688712064478755E+0","3.6442423744018242E+2","1.0000000000000000E+0","3.054200000000000E-6"
"362","1.0972225515638567E+0","-7.0158785819815400E-22","-2.5738561086992901E-22","-5.1026802009023805E-14","-1.9031116894939545E-1","-2.0653467758440316E-23","2.9905154357319899E+0","6.2689646588442463E+0","3.6442967004792996E+2","1.0000000000000100E+0","3.054200000000000E-6"
"361","1.0974341295669772E+0","-7.0164009997535415E-22","-7.0893307959258500E-23","6.5946789730268097E-13","-1.9071578145754994E-1","-6.7680808604453338E-24","2.9904740544591402E+0","6.2690573031075383E+0","3.6443505567699958E+2","1.0000000000000000E+0","3.054200000000000E-6"
"360","1.0976457069871135E+0","-7.0574524927144448E-22","5.1851665506654338E-23","-3.5620574915473968E-13","-1.9112036406071761E-1","7.9600162452311704E-24","2.9904325824800901E+0","6.2691491479336934E+0","3.6444039483290697E+2","1.0000000000000000E+0","3.054200000000000E-6"
"359","1.0978572838108487E+0","-7.0864157053432205E-22","-4.1241102435045542E-23","3.5072170796997630E-13","-1.9152491671623062E-1","-1.5341731463034700E-24","2.9903910197925798E+0","6.2692402019064195E+0","3.6444568801464317E+2","1.0000000000000400E+0","3.054200000000000E-6"
"358","1.0980688600248789E+0","-7.0838449848971904E-22","4.5623418060662689E-23","6.2207932916905261E-13","-1.9192943938203155E-1","7.4018834067289895E-24","2.9903493663943199E+0","6.2693304734997488E+0","3.6445093571482363E+2","1.0000000000000000E+0","3.054200000000000E-6"
"357","1.0982804356160121E+0","-7.1067957726247582E-22","2.5896744200473775E-22","1.3589920480155206E-12","-1.9233393201670246E-1","2.1028699476711096E-23","2.9903076222830101E+0","6.2694199710791674E+0","3.6445613841975381E+2","1.0000000000000000E+0","3.054200000000000E-6"
"356","1.0984920105711600E+0","-7.1243500912515084E-22","7.4510475950939887E-23","9.6507454112182590E-13","-1.9273839457943584E-1","5.1528327584008338E-24","2.9902657874563601E+0","6.2695087029032655E+0","3.6446129660952494E+2","1.0000000000000000E+0","3.054200000000000E-6"
"355","1.0987035848773476E+0","-7.1257116639592561E-22","-3.0829813503146080E-22","-6.1735437249990748E-13","-1.9314282703001756E-1","-3.1802077761901219E-23","2.9902238619120500E+0","6.2695966771254330E+0","3.6446641075811277E+2","1.0000000000000000E+0","3.054200000000000E-6"
"354","1.0989151585216976E+0","-7.1445373818293522E-22","-1.9548869246093619E-22","-5.7462658511788139E-13","-1.9354722932885424E-1","-2.2383628705080602E-23","2.9901818456477498E+0","6.2696839017952719E+0","3.6447148133345962E+2","1.0000000000000200E+0","3.054200000000000E-6"
"353","1.0991267314914426E+0","-7.1264230427301205E-22","4.7322425950301985E-23","5.4383041167496504E-13","-1.9395160143691961E-1","6.7220157465821228E-24","2.9901397386611102E+0","6.2697703848604140E+0","3.6447650879758004E+2","1.0000000000000100E+0","3.054200000000000E-6"
"352","1.0993383037739144E+0","-7.1115416115268006E-22","1.2822536134959592E-23","4.8628853945821490E-13","-1.9435594331577893E-1","-1.6110389201360975E-24","2.9900975409498001E+0","6.2698561341676831E+0","3.6448149360662836E+2","1.0000000000000000E+0","3.054200000000000E-6"
"351","1.0995498753565442E+0","-7.1053112954346168E-22","-1.7426845121935754E-22","7.9183384833350094E-13","-1.9476025492757268E-1","-1.0348180959584400E-23","2.9900552525114299E+0","6.2699411574647703E+0","3.6448643621099609E+2","1.0000000000000000E+0","3.054200000000000E-6"
"350","1.0997614462268661E+0","-7.1181370077166192E-22","-5.5362872139232068E-23","1.8400858699289633E-12","-1.9516453623500424E-1","1.0133451625269217E-23","2.9900128733436500E+0","6.2700254624016578E+0","3.6449133705539464E+2","1.0000000000000000E+0","3.054200000000000E-6"
"349","1.0999730163725070E+0","-7.1399323060642533E-22","6.0681872151837906E-23","6.0765993531989383E-13","-1.9556878720133111E-1","2.3125951084754331E-23","2.9899704034440502E+0","6.2701090565320277E+0","3.6449619657893749E+2","1.0000000000000000E+0","3.054200000000000E-6"
"348","1.1001845857811949E+0","-7.1106156834733870E-22","-1.2758299962589795E-22","-2.7394067125778172E-13","-1.9597300779036700E-1","-2.2225279951455600E-23","2.9899278428102600E+0","6.2701919473147276E+0","3.6450101521522481E+2","1.0000000000000000E+0","3.054200000000000E-6"
"347","1.1003961544407477E+0","-7.0920770139575312E-22","1.7702379440057100E-22","1.2509276961654555E-12","-1.9637719796646819E-1","1.7127180649123030E-23","2.9898851914398499E+0","6.2702741421149151E+0","3.6450579339241068E+2","1.0000000000000400E+0","3.054200000000000E-6"
"346","1.1006077223390820E+0","-7.0914759187939523E-22","-1.1559439662572870E-22","5.7639250708012296E-13","-1.9678135769452751E-1","-2.1314238968846060E-23","2.9898424493304101E+0","6.2703556482059843E+0","3.6451053153331463E+2","1.0000000000000000E+0","3.054200000000000E-6"
"345","1.1008192894642028E+0","-7.0794266358528551E-22","1.4236366718227034E-23","7.8085957159603801E-13","-1.9718548693995724E-1","6.0730665643986483E-24","2.9897996164795200E+0","6.2704364727701192E+0","3.6451523005545380E+2","1.0000000000000000E+0","3.054200000000000E-6"
"344","1.1010308558042061E+0","-7.0741585515685898E-22","-4.3431549092059175E-23","3.3877481021724650E-13","-1.9758958566870355E-1","1.2217207100500859E-23","2.9897566928847201E+0","6.2705166229002360E+0","3.6451988937115624E+2","1.0000000000000000E+0","3.054200000000000E-6"
"343","1.1012424213472798E+0","-7.0816604532950815E-22","1.6546898090923880E-22","1.7697861660126339E-13","-1.9799365384722067E-1","3.7280917095834727E-23","2.9897136785435698E+0","6.2705961056012152E+0","3.6452450988763201E+2","1.0000000000000000E+0","3.054200000000000E-6"
"342","1.1014539860816970E+0","-7.0832443609917267E-22","-8.9780513707289057E-23","1.3112372572929199E-12","-1.9839769144247060E-1","-1.1541121634252964E-23","2.9896705734536000E+0","6.2706749277905693E+0","3.6452909200701248E+2","1.0000000000000100E+0","3.054200000000000E-6"
"341","1.1016655499958192E+0","-7.1000872857185263E-22","-5.8352890756230190E-23","3.4199316804327343E-13","-1.9880169842192322E-1","-2.3661731258306466E-23","2.9896273776123499E+0","6.2707530963004956E+0","3.6453363612646933E+2","1.0000000000000000E+0","3.054200000000000E-6"
"340","1.1018771130780947E+0","-7.0921218702727074E-22","1.3100589430319017E-22","2.7799675423146986E-13","-1.9920567475352918E-1","2.6586635826317913E-23","2.9895840910173201E+0","6.2708306178788069E+0","3.6453814263826882E+2","1.0000000000000000E+0","3.054200000000000E-6"
"339","1.1020886753170547E+0","-7.0645985227540174E-22","-1.4714412908502144E-23","3.3967030637191915E-13","-1.9960962040574048E-1","-2.2348353717345851E-23","2.9895407136660399E+0","6.2709074991897609E+0","3.6454261192981988E+2","1.0000000000000000E+0","3.054200000000000E-6"
"338","1.1023002367013139E+0","-7.0653724071362468E-22","1.9555453034218870E-22","6.4204472897550622E-13","-2.0001353534748678E-1","5.3943951255328877E-23","2.9894972455559801E+0","6.2709837468160066E+0","3.6454704438378752E+2","1.0000000000000000E+0","3.054200000000000E-6"
"337","1.1025117972195693E+0","-7.0417178194976938E-22","2.0246859104751792E-22","1.0741918575076976E-12","-2.0041741954816733E-1","4.4632650597984979E-23","2.9894536866846302E+0","6.2710593672589798E+0","3.6455144037811527E+2","1.0000000000000000E+0","3.054200000000000E-6"
"336","1.1027233568605999E+0","-7.0389298666029617E-22","6.5585697350920408E-24","1.0298072534064205E-13","-2.0082127297765898E-1","-4.6616395541818280E-23","2.9894100370494798E+0","6.2711343669405748E+0","3.6455580028612320E+2","1.0000000000000000E+0","3.054200000000000E-6"
"335","1.1029349156132615E+0","-7.0307340462737886E-22","-6.7437557844642890E-23","-1.8403369652514560E-13","-2.0122509560629454E-1","-1.7512025119776787E-23","2.9893662966479799E+0","6.2712087522040507E+0","3.6456012447655979E+2","1.0000000000000000E+0","3.054200000000000E-6"
"334","1.1031464734664942E+0","-7.0484119095057350E-22","-1.3744395198108513E-22","8.8148244336230755E-13","-2.0162888740486490E-1","-5.8422343426180529E-24","2.9893224654776001E+0","6.2712825293153971E+0","3.6456441331368171E+2","1.0000000000000000E+0","3.054200000000000E-6"
"333","1.1033580304093091E+0","-7.0398807108192796E-22","8.7993814782178326E-23","9.7131526802891382E-13","-2.0203264834461551E-1","-3.5192818337348213E-23","2.9892785435357601E+0","6.2713557044640558E+0","3.6456866715729592E+2","1.0000000000000000E+0","3.054200000000000E-6"
"332","1.1035695864307991E+0","-7.0425910934476809E-22","-6.6241721006887025E-23","6.3028775365130371E-13","-2.0243637839723230E-1","-1.8481596989252022E-23","2.9892345308199100E+0","6.2714282837642479E+0","3.6457288636283630E+2","1.0000000000000000E+0","3.054200000000000E-6"
"331","1.1037811415201293E+0","-7.0396129520748591E-22","5.7527812667530755E-23","9.0183975874322817E-13","-2.0284007753484351E-1","-1.1805785260378489E-24","2.9891904273274799E+0","6.2715002732559801E+0","3.6457707128142283E+2","1.0000000000000000E+0","3.054200000000000E-6"
"330","1.1039926956665422E+0","-7.0215937396393157E-22","-5.9130457305678072E-23","-6.3925827942360567E-13","-2.0324374573000822E-1","-5.8611476889608333E-23","2.9891462330558700E+0","6.2715716789060751E+0","3.6458122225992082E+2","1.0000000000000400E+0","3.054200000000000E-6"
"329","1.1042042488593506E+0","-7.0122240615826889E-22","1.3662494211861744E-23","4.0923868937012857E-13","-2.0364738295571444E-1","-6.6930945296156540E-25","2.9891019480024901E+0","6.2716425066093571E+0","3.6458533964101036E+2","1.0000000000000400E+0","3.054200000000000E-6"
"328","1.1044158010879428E+0","-7.0003878649450988E-22","1.2913843382314047E-22","8.4850026541413450E-13","-2.0405098918537529E-1","-5.3780175534647152E-24","2.9890575721647399E+0","6.2717127621892859E+0","3.6458942376322284E+2","1.0000000000000000E+0","3.054200000000000E-6"
"327","1.1046273523417760E+0","-6.9983420439997054E-22","5.3215850746632848E-23","1.2311171473265616E-12","-2.0445456439281640E-1","1.0166646816356315E-22","2.9890131055400002E+0","6.2717824513995559E+0","3.6459347496103408E+2","1.0000000000000000E+0","3.054200000000000E-6"
"326","1.1048389026103782E+0","-6.9862049042896790E-22","-2.4510233259642962E-23","1.9930424973111319E-12","-2.0485810855227915E-1","8.5461819816907829E-24","2.9889685481256398E+0","6.2718515799241468E+0","3.6459749356486719E+2","1.0000000000000000E+0","3.054200000000000E-6"
"325","1.1050504518833495E+0","-6.9800386594102518E-22","-2.8226141778140968E-22","1.7114131296617862E-12","-2.0526162163840694E-1","-6.7642158825854850E-23","2.9889238999190302E+0","6.2719201533795408E+0","3.6460147990122147E+2","1.0000000000000000E+0","3.054200000000000E-6"
"324","1.1052620001503548E+0","-6.9873516852785396E-22","-3.3199192178823639E-23","2.1073013825810599E-12","-2.0566510362624868E-1","-5.1841510649336554E-24","2.9888791609175298E+0","6.2719881773144959E+0","3.6460543429265931E+2","1.0000000000000100E+0","3.054200000000000E-6"
"323","1.1054735474011317E+0","-6.9949804457429659E-22","1.0304143587795045E-22","2.6340381726756581E-12","-2.0606855449124251E-1","2.8020614296127712E-23","2.9888343311184800E+0","6.2720556572117570E+0","3.6460935705790553E+2","1.0000000000000100E+0","3.054200000000000E-6"
"322","1.1056850936254776E+0","-7.0121878449043819E-22","1.1328421384095918E-22","1.1330082718364009E-13","-2.0647197420923558E-1","6.7778521838080579E-23","2.9887894105192099E+0","6.2721225984884468E+0","3.6461324851187032E+2","1.0000000000000000E+0","3.054200000000000E-6"
"321","1.1058966388132618E+0","-7.0048066336650592E-22","-1.2656044309635888E-22","-2.0313272985742808E-12","-2.0687536275643362E-1","1.1437829224725489E-23","2.9887443991170599E+0","6.2721890064973431E+0","3.6461710896572316E+2","1.0000000000000000E+0","3.054200000000000E-6"
"320","1.1061081829544157E+0","-6.9968894159292443E-22","-2.6589863313585413E-23","-1.1541491377582607E-12","-2.0727872010944165E-1","-1.2975331931042767E-23","2.9886992969093402E+0","6.2722548865276453E+0","3.6462093872693771E+2","1.0000000000000000E+0","3.054200000000000E-6"
"319","1.1063197260389350E+0","-6.9605278998709105E-22","-1.3712560406280635E-22","-1.0554486950394293E-12","-2.0768204624523737E-1","5.7986017982215199E-23","2.9886541038933601E+0","6.2723202438060008E+0","3.6462473809935125E+2","1.0000000000000100E+0","3.054200000000000E-6"
"318","1.1065312680568806E+0","-6.9755159040000259E-22","-5.4470424882411011E-24","-5.9054190955820881E-13","-2.0808534114116739E-1","4.3470858876834770E-23","2.9886088200664198E+0","6.2723850834969355E+0","3.6462850738318986E+2","1.0000000000000000E+0","3.054200000000000E-6"
"317","1.1067428089983733E+0","-6.9747120631281000E-22","-3.2765675620482024E-23","5.6668268040117587E-14","-2.0848860477495285E-1","-3.2876417088403843E-23","2.9885634454258101E+0","6.2724494107042856E+0","3.6463224687515157E+2","1.0000000000000000E+0","3.054200000000000E-6"
"316","1.1069543488535958E+0","-6.9254861507252682E-22","-2.1205265849739834E-23","-3.0840337770344870E-14","-2.0889183712467213E-1","2.4241548784542733E-23","2.9885179799688002E+0","6.2725132304713673E+0","3.6463595686841609E+2","1.0000000000000000E+0","3.054200000000000E-6"
"315","1.1071658876127932E+0","-6.9046798175855205E-22","8.1587671729451155E-23","9.0950874020792609E-13","-2.0929503816875639E-1","3.7464602322235501E-23","2.9884724236926798E+0","6.2725765477825126E+0","3.6463963765273451E+2","1.0000000000000000E+0","3.054200000000000E-6"
"314","1.1073774252662694E+0","-6.9114113645186080E-22","-9.1493257116669056E-23","1.5035522171807625E-13","-2.0969820788599688E-1","7.2597766014936257E-23","2.9884267765946899E+0","6.2726393675633831E+0","3.6464328951444708E+2","1.0000000000000000E+0","3.054200000000000E-6"
"313","1.1075889618043886E+0","-6.9077223811396021E-22","-1.0035147234841118E-22","4.7178992742540777E-13","-2.1010134625553070E-1","-1.1273487275709733E-22","2.9883810386721099E+0","6.2727016946819969E+0","3.6464691273654313E+2","1.0000000000000000E+0","3.054200000000000E-6"
"312","1.1078004972175706E+0","-6.8945429979417517E-22","2.9715053913835288E-23","2.1659747669286457E-13","-2.1050445325684161E-1","1.0818598385888728E-22","2.9883352099221501E+0","6.2727635339493419E+0","3.6465050759869678E+2","1.0000000000000000E+0","3.054200000000000E-6"
"311","1.1080120314962962E+0","-6.9159125073614707E-22","1.6072541557947256E-23","1.3291560600071322E-12","-2.1090752886975275E-1","1.2702442687264085E-22","2.9882892903420699E+0","6.2728248901202841E+0","3.6465407437731955E+2","1.0000000000000200E+0","3.054200000000000E-6"
"310","1.1082235646311009E+0","-6.9535746590030169E-22","-1.9805886234674771E-22","-2.4320546455619181E-14","-2.1131057307442205E-1","9.4213361440593521E-24","2.9882432799290801E+0","6.2728857678943060E+0","3.6465761334560335E+2","1.0000000000000000E+0","3.054200000000000E-6"
"309","1.1084350966125778E+0","-6.9462559451633378E-22","-5.4202534898864788E-23","8.0048259888890047E-13","-2.1171358585133881E-1","-4.2160787096016082E-23","2.9881971786804100E+0","6.2729461719163560E+0","3.6466112477357001E+2","1.0000000000000000E+0","3.054200000000000E-6"
"308","1.1086466274313735E+0","-6.9436030404603205E-22","6.3667506517199379E-23","1.1405148626281566E-12","-2.1211656718132568E-1","7.9505845037621706E-23","2.9881509865932601E+0","6.2730061067771734E+0","3.6466460892809005E+2","1.0000000000000300E+0","3.054200000000000E-6"
"307","1.1088581570781921E+0","-6.9467987249633479E-22","-2.3050751083629938E-22","2.1559005780345925E-12","-2.1251951704551580E-1","-1.1942249564501490E-22","2.9881047036648298E+0","6.2730655770146244E+0","3.6466806607296030E+2","1.0000000000000300E+0","3.054200000000000E-6"
"306","1.1090696855437887E+0","-6.9550415216733360E-22","3.1775881399538690E-23","1.7231888462603037E-12","-2.1292243542537903E-1","2.8592051785323439E-23","2.9880583298923100E+0","6.2731245871139221E+0","3.6467149646891676E+2","1.0000000000000000E+0","3.054200000000000E-6"
"305","1.1092812128189735E+0","-6.9584196543648526E-22","-7.8130580049014140E-23","1.6898164082561179E-12","-2.1332532230268683E-1","1.3962362642504471E-22","2.9880118652728700E+0","6.2731831415086683E+0","3.6467490037369504E+2","1.0000000000000000E+0","3.054200000000000E-6"
"304","1.1094927388946099E+0","-6.9700926835714016E-22","-2.0473509443140202E-22","1.6524991682476714E-12","-2.1372817765953606E-1","5.0471515219557279E-24","2.9879653098037000E+0","6.2732412445812242E+0","3.6467827804205217E+2","1.0000000000000000E+0","3.054200000000000E-6"
"303","1.1097042637616108E+0","-6.9733656711465324E-22","1.6263667525016872E-22","1.1149229526128723E-12","-2.1413100147831679E-1","5.3792329772688504E-23","2.9879186634819601E+0","6.2732989006636855E+0","3.6468162972582309E+2","1.0000000000000000E+0","3.054200000000000E-6"
"302","1.1099157874109422E+0","-6.9648655332848045E-22","-5.6643165584140349E-23","1.0585297483722283E-13","-2.1453379374173359E-1","8.5982464208716127E-25","2.9878719263047899E+0","6.2733561140383651E+0","3.6468495567394876E+2","1.0000000000000100E+0","3.054200000000000E-6"
"301","1.1101273098336211E+0","-6.9863193488537435E-22","-1.5776026291515735E-22","3.5733838950100492E-12","-2.1493655443278567E-1","8.4496497475647402E-23","2.9878250982693499E+0","6.2734128889386866E+0","3.6468825613252795E+2","1.0000000000000000E+0","3.054200000000000E-6"
"300","1.1103388310207132E+0","-7.0042684933099671E-22","7.0453380406918095E-23","1.9647783948198726E-12","-2.1533928353477488E-1","9.2406461507170334E-23","2.9877781793727798E+0","6.2734692295494492E+0","3.6469153134483298E+2","1.0000000000000000E+0","3.054200000000000E-6"
"299","1.1105503509633337E+0","-6.9962903929164091E-22","-8.8342983976736203E-23","1.4653728320560074E-12","-2.1574198103129258E-1","-2.9934724169807874E-23","2.9877311696122000E+0","6.2735251400078509E+0","3.6469478155136892E+2","1.0000000000000000E+0","3.054200000000000E-6"
"298","1.1107618696526487E+0","-7.0018874829927934E-22","-9.8755015337989192E-23","4.7690375403756326E-12","-2.1614464690621626E-1","-6.4589442901505186E-23","2.9876840689847302E+0","6.2735806244039694E+0","3.6469800698990156E+2","1.0000000000000000E+0","3.054200000000000E-6"
"297","1.1109733870798690E+0","-7.0139278443058797E-22","1.8883325349865941E-22","6.4627633456569497E-12","-2.1654728114371896E-1","-3.6245527374008031E-23","2.9876368774874802E+0","6.2736356867813443E+0","3.6470120789549139E+2","1.0000000000000000E+0","3.054200000000000E-6"
"296","1.1111849032362537E+0","-7.0350779709291750E-22","3.1834261947542553E-23","5.0718702642519201E-12","-2.1694988372825258E-1","-3.3337186157889425E-23","2.9875895951175599E+0","6.2736903311375434E+0","3.6470438450052637E+2","1.0000000000000200E+0","3.054200000000000E-6"
"295","1.1113964181131122E+0","-7.0520342279316096E-22","-1.1401443159685804E-22","5.9392275956937391E-12","-2.1735245464454317E-1","-1.2990779845171205E-23","2.9875422218720700E+0","6.2737445614250484E+0","3.6470753703477368E+2","1.0000000000000000E+0","3.054200000000000E-6"
"294","1.1116079317017953E+0","-7.0408513542105800E-22","3.8432967226051656E-23","5.8970769929841106E-12","-2.1775499387759364E-1","-3.2836930108828901E-23","2.9874947577480802E+0","6.2737983815515719E+0","3.6471066572539775E+2","1.0000000000000400E+0","3.054200000000000E-6"
"293","1.1118194439937032E+0","-7.0582323846261464E-22","3.9391097809017558E-23","7.2075741175588105E-12","-2.1815750141269372E-1","2.1585753213583949E-23","2.9874472027426799E+0","6.2738517953806792E+0","3.6471377079699681E+2","1.0000000000000200E+0","3.054200000000000E-6"
"292","1.1120309549802811E+0","-7.0710213647168958E-22","4.0540784986511584E-23","6.9960934846261394E-12","-2.1855997723538226E-1","2.1995748844342379E-22","2.9873995568529299E+0","6.2739048067325509E+0","3.6471685247164692E+2","1.0000000000000000E+0","3.054200000000000E-6"
"291","1.1122424646530160E+0","-7.0653391221305892E-22","-1.2509893303274873E-22","7.3817180651852050E-12","-2.1896242133147770E-1","1.2743286017947578E-22","2.9873518200758999E+0","6.2739574193842618E+0","3.6471991096891827E+2","1.0000000000000200E+0","3.054200000000000E-6"
"290","1.1124539730034406E+0","-7.0674666177073357E-22","2.6270141797803581E-24","6.4877156460464616E-12","-2.1936483368705451E-1","1.1895184889800098E-24","2.9873039924086400E+0","6.2740096370706153E+0","3.6472294650592380E+2","1.0000000000000000E+0","3.054200000000000E-6"
"289","1.1126654800231315E+0","-7.0430925435013614E-22","8.4501868986706936E-24","7.8370102065079647E-12","-2.1976721428845003E-1","3.4577390922648794E-23","2.9872560738481901E+0","6.2740614634845029E+0","3.6472595929734001E+2","1.0000000000000200E+0","3.054200000000000E-6"
"288","1.1128769857037089E+0","-7.0553834416831685E-22","-6.4601680056993621E-23","7.1111232309142169E-12","-2.2016956312225816E-1","-8.1314696847117491E-23","2.9872080643915901E+0","6.2741129022777438E+0","3.6472894955545576E+2","1.0000000000000100E+0","3.054200000000000E-6"
"287","1.1130884900368334E+0","-7.0344792423582123E-22","-7.8735309922815315E-23","6.9947660384467133E-12","-2.2057188017532520E-1","1.0163882031446838E-22","2.9871599640358601E+0","6.2741639570610310E+0","3.6473191749016917E+2","1.0000000000000000E+0","3.054200000000000E-6"
"286","1.1132999930142087E+0","-7.0501578758953231E-22","-1.0859597910415157E-22","6.4914863142996491E-12","-2.2097416543474777E-1","-9.2719532349668100E-23","2.9871117727780301E+0","6.2742146314051537E+0","3.6473486330905848E+2","1.0000000000000200E+0","3.054200000000000E-6"
"285","1.1135114946275801E+0","-7.0635611211668009E-22","-7.6678603129087533E-23","7.0713934106979545E-12","-2.2137641888787141E-1","1.8453134504916775E-24","2.9870634906151201E+0","6.2742649288411299E+0","3.6473778721739012E+2","1.0000000000000000E+0","3.054200000000000E-6"
"284","1.1137229948687337E+0","-7.0405692455172714E-22","2.6783263191011405E-23","8.1639216754024270E-12","-2.2177864052228802E-1","3.3967907254395474E-23","2.9870151175441100E+0","6.2743148528606660E+0","3.6474068941814534E+2","1.0000000000000200E+0","3.054200000000000E-6"
"283","1.1139344937294942E+0","-7.0376741786067016E-22","-4.1572615594038097E-23","7.2159721209051434E-12","-2.2218083032583000E-1","8.8393475638353944E-23","2.9869666535620101E+0","6.2743644069169049E+0","3.6474357011206325E+2","1.0000000000000300E+0","3.054200000000000E-6"
"282","1.1141459912017311E+0","-7.0564311390639461E-22","-1.2646647218882150E-22","8.0377620595720996E-12","-2.2258298828656423E-1","2.5113934715049448E-22","2.9869180986658002E+0","6.2744135944248214E+0","3.6474642949766456E+2","1.0000000000000000E+0","3.054200000000000E-6"
"281","1.1143574872773467E+0","-7.0852124713053642E-22","5.9961453074517366E-23","4.9309466924671948E-12","-2.2298511439279750E-1","-8.1042603140903886E-23","2.9868694528524600E+0","6.2744624187616003E+0","3.6474926777127291E+2","1.0000000000000000E+0","3.054200000000000E-6"
"280","1.1145689819482880E+0","-7.0710677644060654E-22","-8.4223785641447774E-24","7.0108234368205876E-12","-2.2338720863307310E-1","2.1202928353496711E-22","2.9868207161189702E+0","6.2745108832672800E+0","3.6475208512705251E+2","1.0000000000000000E+0","3.054200000000000E-6"
"279","1.1147804752065371E+0","-7.0681002369088803E-22","-2.9741838028031571E-23","7.0757941111820650E-12","-2.2378927099615889E-1","-6.6432759424571006E-23","2.9867718884622798E+0","6.2745589912451800E+0","3.6475488175703322E+2","1.0000000000000000E+0","3.054200000000000E-6"
"278","1.1149919670441146E+0","-7.0669019269361284E-22","-7.2213983760898820E-23","5.3246517230021618E-12","-2.2419130147105598E-1","-3.5167805615707207E-23","2.9867229698793598E+0","6.2746067459621999E+0","3.6475765785112748E+2","1.0000000000000000E+0","3.054200000000000E-6"
"277","1.1152034574530785E+0","-7.0627705095432325E-22","-8.0001350349066091E-23","8.4134404464859029E-12","-2.2459330004698580E-1","-1.5472803553583861E-23","2.9866739603671402E+0","6.2746541506496376E+0","3.6476041359717834E+2","1.0000000000000000E+0","3.054200000000000E-6"
"276","1.1154149464255270E+0","-7.0428104627394236E-22","7.2767400537768325E-23","1.0667688395604912E-11","-2.2499526671339454E-1","2.3542130379520188E-22","2.9866248599225602E+0","6.2747012085034557E+0","3.6476314918097461E+2","1.0000000000000000E+0","3.054200000000000E-6"
"275","1.1156264339535904E+0","-7.0205398643560970E-22","-1.9190527104823015E-23","9.2671276281228000E-12","-2.2539720145994757E-1","-4.3008323597086205E-23","2.9865756685425700E+0","6.2747479226846457E+0","3.6476586478627218E+2","1.0000000000000100E+0","3.054200000000000E-6"
"274","1.1158379200294388E+0","-7.0496484518783996E-22","1.8922171823997799E-22","8.1706906652946557E-12","-2.2579910427653155E-1","-5.7996784996799140E-23","2.9865263862240701E+0","6.2747942963196488E+0","3.6476856059481833E+2","1.0000000000000100E+0","3.054200000000000E-6"
"273","1.1160494046452742E+0","-7.0672549765699446E-22","4.3460629480202200E-24","7.6558900727101759E-12","-2.2620097515324322E-1","1.6946571790741111E-22","2.9864770129639902E+0","6.2748403325010011E+0","3.6477123678638964E+2","1.0000000000000000E+0","3.054200000000000E-6"
"272","1.1162608877933375E+0","-7.0690015017364937E-22","-7.3532207958490524E-23","7.4498943925457872E-12","-2.2660281408039437E-1","7.8821939336397597E-24","2.9864275487592300E+0","6.2748860342875750E+0","3.6477389353880540E+2","1.0000000000000100E+0","3.054200000000000E-6"
"271","1.1164723694659051E+0","-7.0944227469575037E-22","-8.1436019703872980E-23","7.2279474528118291E-12","-2.2700462104850119E-1","9.7741557154189414E-23","2.9863779936066899E+0","6.2749314047052964E+0","3.6477653102796984E+2","1.0000000000000000E+0","3.054200000000000E-6"
"270","1.1166838496552831E+0","-7.0899322123318654E-22","3.6122972733289826E-23","6.9937924225459224E-12","-2.2740639604829749E-1","-8.0466508954940089E-23","2.9863283475032598E+0","6.2749764467470390E+0","3.6477914942786583E+2","1.0000000000000000E+0","3.054200000000000E-6"
"269","1.1168953283538159E+0","-7.0759786726507156E-22","-8.5609260010883184E-23","8.6794382846162645E-12","-2.2780813907071454E-1","1.9642535310043829E-22","2.9862786104458299E+0","6.2750211633735296E+0","3.6478174891060729E+2","1.0000000000000200E+0","3.054200000000000E-6"
"268","1.1171068055538809E+0","-7.1019492888777198E-22","-1.7461247144483133E-22","7.7569762475188719E-12","-2.2820985010688496E-1","1.7647186093488532E-22","2.9862287824312701E+0","6.2750655575136349E+0","3.6478432964645617E+2","1.0000000000000100E+0","3.054200000000000E-6"
"267","1.1173182812478881E+0","-7.1159026809489180E-22","1.5662186690525203E-23","7.6824694672837565E-12","-2.2861152914814703E-1","-4.8381243311054996E-23","2.9861788634564599E+0","6.2751096320645230E+0","3.6478689180383174E+2","1.0000000000000000E+0","3.054200000000000E-6"
"266","1.1175297554282804E+0","-7.1147211486246665E-22","-2.2850416898520667E-22","8.0018553295820609E-12","-2.2901317618603478E-1","2.3507631648172507E-22","2.9861288535182400E+0","6.2751533898922505E+0","3.6478943554934455E+2","1.0000000000000000E+0","3.054200000000000E-6"
"265","1.1177412280875325E+0","-7.1401181703221710E-22","-7.9924120185436126E-24","6.9402971255918334E-12","-2.2941479121228159E-1","6.2702480162097269E-23","2.9860787526134702E+0","6.2751968338322408E+0","3.6479196104782437E+2","1.0000000000000000E+0","3.054200000000000E-6"
"264","1.1179526992181543E+0","-7.1665718249069860E-22","-3.3326258280392064E-23","5.3495031093453011E-12","-2.2981637421880438E-1","-1.7086377010777170E-22","2.9860285607390100E+0","6.2752399666895924E+0","3.6479446846233833E+2","1.0000000000000000E+0","3.054200000000000E-6"
"263","1.1181641688126838E+0","-7.1632624367858590E-22","-5.8659970332656783E-24","6.9931543342390687E-12","-2.3021792519772236E-1","7.1150231180011413E-23","2.9859782778916801E+0","6.2752827912391931E+0","3.6479695795419707E+2","1.0000000000000000E+0","3.054200000000000E-6"
"262","1.1183756368636915E+0","-7.1554127808308182E-22","1.0759162545371881E-22","5.0606885926538945E-12","-2.3061944414133759E-1","-4.2305531134748119E-22","2.9859279040683102E+0","6.2753253102265178E+0","3.6479942968300156E+2","1.0000000000000000E+0","3.054200000000000E-6"
"261","1.1185871033637811E+0","-7.1731039126169148E-22","6.2445961167847036E-23","6.3081725864595724E-12","-2.3102093104213853E-1","-3.3442893328136790E-23","2.9858774392657299E+0","6.2753675263677353E+0","3.6480188380664902E+2","1.0000000000000200E+0","3.054200000000000E-6"
"260","1.1187985683055846E+0","-7.1598825253745988E-22","-4.1045314956074846E-23","4.4558546906147358E-12","-2.3142238589280870E-1","-9.0478353180400857E-23","2.9858268834807502E+0","6.2754094423502602E+0","3.6480432048136527E+2","1.0000000000000000E+0","3.054200000000000E-6"
"259","1.1190100316817631E+0","-7.1670973345076678E-22","-6.7840806850053345E-23","4.0855977727833941E-12","-2.3182380868619626E-1","3.4100937527436317E-22","2.9857762367101799E+0","6.2754510608326806E+0","3.6480673986170029E+2","1.0000000000000000E+0","3.054200000000000E-6"
"258","1.1192214934850107E+0","-7.1599839610080549E-22","2.6725127596644564E-23","5.3013263195118241E-12","-2.3222519941534267E-1","-1.6845861762819565E-22","2.9857254989508100E+0","6.2754923844457471E+0","3.6480914210058575E+2","1.0000000000000000E+0","3.054200000000000E-6"
"257","1.1194329537080505E+0","-7.1872427909847468E-22","-5.8700702871408367E-23","3.7984857886893115E-12","-2.3262655807346375E-1","1.6561481484528492E-22","2.9856746701994399E+0","6.2755334157922098E+0","3.6481152734932562E+2","1.0000000000000000E+0","3.054200000000000E-6"
"256","1.1196444123436340E+0","-7.1852724977862399E-22","-7.9108110610591517E-23","7.1766736554505730E-12","-2.3302788465395818E-1","2.7409044220510723E-22","2.9856237504528602E+0","6.2755741574473314E+0","3.6481389575762609E+2","1.0000000000000100E+0","3.054200000000000E-6"
"255","1.1198558693845402E+0","-7.1997544013454204E-22","1.9295281930138123E-22","6.3374420503935918E-12","-2.3342917915039005E-1","-2.4909580447928555E-22","2.9855727397078300E+0","6.2756146119593490E+0","3.6481624747362207E+2","1.0000000000000000E+0","3.054200000000000E-6"
"254","1.1200673248235793E+0","-7.2024703068625234E-22","-5.9687748455787029E-24","3.3767809555523386E-12","-2.3383044155649982E-1","1.0905066044158693E-22","2.9855216379611300E+0","6.2756547818494743E+0","3.6481858264387756E+2","1.0000000000000000E+0","3.054200000000000E-6"
"253","1.1202787786535888E+0","-7.2049589052358872E-22","-8.8881192754111187E-23","4.5739999429187577E-12","-2.3423167186619953E-1","-7.7763387748680604E-23","2.9854704452095100E+0","6.2756946696127471E+0","3.6482090141343519E+2","1.0000000000000100E+0","3.054200000000000E-6"
"252","1.1204902308674338E+0","-7.1976336312217853E-22","-2.7855138111809073E-23","5.4480538999132113E-12","-2.3463287007356975E-1","3.2603973032422195E-22","2.9854191614497401E+0","6.2757342777177714E+0","3.6482320392580056E+2","1.0000000000000000E+0","3.054200000000000E-6"
"251","1.1207016814580075E+0","-7.2200663748598338E-22","1.6272370152549758E-23","5.8859330934809499E-12","-2.3503403617285448E-1","-8.1146817817133452E-23","2.9853677866785602E+0","6.2757736086074773E+0","3.6482549032298704E+2","1.0000000000000000E+0","3.054200000000000E-6"
"250","1.1209131304182296E+0","-7.2508808076571608E-22","-1.1910810593878754E-22","3.3326059706400085E-12","-2.3543517015846679E-1","3.6078668282009875E-22","2.9853163208927000E+0","6.2758126646991803E+0","3.6482776074551890E+2","1.0000000000000000E+0","3.054200000000000E-6"
"249","1.1211245777410486E+0","-7.2460729818755001E-22","7.1090946379394897E-23","4.6267098987891911E-12","-2.3583627202498034E-1","-2.2307190210207642E-22","2.9852647640889001E+0","6.2758514483850076E+0","3.6483001533245601E+2","1.0000000000000000E+0","3.054200000000000E-6"
"248","1.1213360234194369E+0","-7.2607472064246768E-22","2.4962867659414779E-23","5.5638460288806703E-12","-2.3623734176712774E-1","1.4531039434076286E-22","2.9852131162638802E+0","6.2758899620322630E+0","3.6483225422141550E+2","1.0000000000000000E+0","3.054200000000000E-6"
"247","1.1215474674463952E+0","-7.2577840369920663E-22","1.1320164208135432E-22","4.2439328549323731E-12","-2.3663837937980856E-1","-2.1190014195114226E-22","2.9851613774143702E+0","6.2759282079834087E+0","3.6483447754856996E+2","1.0000000000000300E+0","3.054200000000000E-6"
"246","1.1217589098149499E+0","-7.2415972263631683E-22","3.7903499593729924E-23","5.6288563575560524E-12","-2.3703938485807402E-1","-1.0466732908205785E-22","2.9851095475370499E+0","6.2759661885567821E+0","3.6483668544868999E+2","1.0000000000000000E+0","3.054200000000000E-6"
"245","1.1219703505181529E+0","-7.2349638795553068E-22","1.3562785345803941E-23","3.8743452360807124E-12","-2.3744035819712617E-1","-2.2258371646148974E-22","2.9850576266286502E+0","6.2760039060467649E+0","3.6483887805515337E+2","1.0000000000000100E+0","3.054200000000000E-6"
"244","1.1221817895490822E+0","-7.2499803460305659E-22","-5.1278344465676720E-23","3.4960621879084269E-12","-2.3784129939233131E-1","-8.0197049880156987E-23","2.9850056146858601E+0","6.2760413627238201E+0","3.6484105549994734E+2","1.0000000000000100E+0","3.054200000000000E-6"
"243","1.1223932269008401E+0","-7.2477781099551277E-22","4.9001180132022570E-23","4.2576483078248075E-12","-2.3824220843920621E-1","9.0663637814583247E-23","2.9849535117053501E+0","6.2760785608350469E+0","3.6484321791370121E+2","1.0000000000000000E+0","3.054200000000000E-6"
"242","1.1226046625665540E+0","-7.2210005007884310E-22","2.6711867886370713E-23","4.0331382128099598E-12","-2.3864308533341222E-1","-1.9261957706675132E-22","2.9849013176838199E+0","6.2761155026044753E+0","3.6484536542570305E+2","1.0000000000000000E+0","3.054200000000000E-6"
"241","1.1228160965393768E+0","-7.2403797551241546E-22","-7.5620181365130306E-23","4.0364530242366310E-12","-2.3904393007076208E-1","3.4339763406346083E-22","2.9848490326179200E+0","6.2761521902331614E+0","3.6484749816390536E+2","1.0000000000000000E+0","3.054200000000000E-6"
"240","1.1230275288124845E+0","-7.2753080276199684E-22","-2.2152862321600341E-23","6.1813557421962317E-12","-2.3944474264721988E-1","-3.8937649665133046E-23","2.9847966565043400E+0","6.2761886258995068E+0","3.6484961625494384E+2","1.0000000000000100E+0","3.054200000000000E-6"
"239","1.1232389593790777E+0","-7.2738549971612701E-22","-2.8958186316494380E-23","4.3804496474521292E-12","-2.3984552305888873E-1","-6.7453196893451612E-23","2.9847441893397200E+0","6.2762248117596622E+0","3.6485171982416051E+2","1.0000000000000100E+0","3.054200000000000E-6"
"238","1.1234503882323814E+0","-7.2651118128711233E-22","6.3276961383273385E-23","4.1392231998873997E-12","-2.4024627130202331E-1","-2.9314175069980556E-22","2.9846916311207199E+0","6.2762607499476557E+0","3.6485380899561153E+2","1.0000000000000200E+0","3.054200000000000E-6"
"237","1.1236618153656428E+0","-7.2847205900340048E-22","1.1499489351009244E-23","4.2566124876641806E-12","-2.4064698737301260E-1","-9.0543375280869756E-23","2.9846389818439798E+0","6.2762964425757763E+0","3.6485588389208914E+2","1.0000000000000200E+0","3.054200000000000E-6"
"236","1.1238732407721339E+0","-7.2932626780407543E-22","-1.8386024961396120E-23","5.2078280558975834E-12","-2.4104767126839055E-1","-2.9569088598552089E-23","2.9845862415061402E+0","6.2763318917346744E+0","3.6485794463512786E+2","1.0000000000000400E+0","3.054200000000000E-6"
"235","1.1240846644451483E+0","-7.2652440784896007E-22","1.8466311127876523E-23","1.4981250836514140E-12","-2.4144832298483404E-1","-5.4329428018027840E-23","2.9845334101038201E+0","6.2763670994937035E+0","3.6485999134502401E+2","1.0000000000000100E+0","3.054200000000000E-6"
"234","1.1242960863780027E+0","-7.2472131689784771E-22","1.9543499206752712E-23","4.6193376651292576E-12","-2.4184894251914874E-1","9.3120436180229782E-23","2.9844804876336402E+0","6.2764020679012313E+0","3.6486202414085409E+2","1.0000000000000000E+0","3.054200000000000E-6"
"233","1.1245075065640369E+0","-7.2148677398605465E-22","-1.3620754020284725E-22","3.0712143454230440E-12","-2.4224952986828505E-1","3.4471001840388987E-22","2.9844274740922301E+0","6.2764367989848155E+0","3.6486404314048480E+2","1.0000000000000200E+0","3.054200000000000E-6"
"232","1.1247189249966130E+0","-7.2064231387233490E-22","-6.2844794891037578E-23","1.6990217970475618E-12","-2.4265008502932331E-1","1.9152843660033378E-22","2.9843743694761802E+0","6.2764712947515298E+0","3.6486604846059203E+2","1.0000000000000200E+0","3.054200000000000E-6"
"231","1.1249303416691125E+0","-7.2070660196744498E-22","-1.8144875262194729E-22","3.8439844278314337E-12","-2.4305060799947845E-1","5.0300905191329815E-22","2.9843211737820998E+0","6.2765055571879111E+0","3.6486804021665785E+2","1.0000000000000400E+0","3.054200000000000E-6"
"230","1.1251417565749444E+0","-7.2036142685887449E-22","4.1954670839346197E-23","4.8898928335828154E-12","-2.4345109877609780E-1","-1.9693929042426708E-22","2.9842678870065802E+0","6.2765395882607642E+0","3.6487001852301717E+2","1.0000000000000000E+0","3.054200000000000E-6"
"229","1.1253531697075325E+0","-7.2133685469160710E-22","-1.2070649410766853E-23","3.5817915432689437E-12","-2.4385155735665398E-1","3.0560532142758965E-23","2.9842145091462098E+0","6.2765733899167548E+0","3.6487198349283437E+2","1.0000000000000200E+0","3.054200000000000E-6"
"228","1.1255645810603265E+0","-7.2157096778562375E-22","-3.4411698037315045E-23","5.4628466201050262E-12","-2.4425198373875828E-1","6.7803327156325873E-23","2.9841610401975598E+0","6.2766069640831459E+0","3.6487393523814575E+2","1.0000000000000100E+0","3.054200000000000E-6"
"227","1.1257759906267955E+0","-7.1958849960009725E-22","2.8214373670718612E-23","4.9493292709281245E-12","-2.4465237792013880E-1","-3.7722678885365238E-23","2.9841074801572098E+0","6.2766403126677686E+0","3.6487587386985803E+2","1.0000000000000200E+0","3.054200000000000E-6"
"226","1.1259873984004272E+0","-7.2020667508622729E-22","2.8817705510432411E-23","3.7083988795228249E-12","-2.4505273989865844E-1","-1.7938325121549914E-22","2.9840538290217200E+0","6.2766734375592241E+0","3.6487779949775995E+2","1.0000000000000000E+0","3.054200000000000E-6"
"225","1.1261988043747355E+0","-7.1808353136500773E-22","1.0948748538241668E-23","3.0008991176465523E-12","-2.4545306967229780E-1","5.4655797979948351E-23","2.9840000867876402E+0","6.2767063406274319E+0","3.6487971223055445E+2","1.0000000000000000E+0","3.054200000000000E-6"
"224","1.1264102085432501E+0","-7.2036744499403969E-22","-1.0784752281633127E-22","5.4154407829361475E-12","-2.4585336723916665E-1","3.7234157605417511E-22","2.9839462534515300E+0","6.2767390237232954E+0","3.6488161217583888E+2","1.0000000000000000E+0","3.054200000000000E-6"
"223","1.1266216108995220E+0","-7.2174740571346528E-22","1.4182891341074127E-22","4.8079849614740702E-12","-2.4625363259749014E-1","-4.4454662325361294E-22","2.9838923290099300E+0","6.2767714886795192E+0","3.6488349944015260E+2","1.0000000000000100E+0","3.054200000000000E-6"
"222","1.1268330114371201E+0","-7.2103199764037060E-22","2.6392242549604374E-24","3.1792741311922474E-12","-2.4665386574562129E-1","5.5433806541103677E-24","2.9838383134593802E+0","6.2768037373103667E+0","3.6488537412896306E+2","1.0000000000000100E+0","3.054200000000000E-6"
"221","1.1270444101496373E+0","-7.1979149482486203E-22","-5.8864655966963890E-23","2.3304380368235016E-12","-2.4705406668202648E-1","1.6866799598032376E-22","2.9837842067964000E+0","6.2768357714121157E+0","3.6488723634669219E+2","1.0000000000000100E+0","3.054200000000000E-6"
"220","1.1272558070306820E+0","-7.1827849612676553E-22","-6.6325027833862642E-23","2.6565381382014799E-12","-2.4745423540529116E-1","2.3298111626486578E-22","2.9837300090175098E+0","6.2768675927631259E+0","3.6488908619672009E+2","1.0000000000000100E+0","3.054200000000000E-6"
"219","1.1274672020738838E+0","-7.1802162999776229E-22","4.0156614840938883E-23","3.3252707849046878E-12","-2.4785437191412205E-1","-1.3317270310679443E-22","2.9836757201192401E+0","6.2768992031242119E+0","3.6489092378140714E+2","1.0000000000000100E+0","3.054200000000000E-6"
"218","1.1276785952728914E+0","-7.2046221810012493E-22","-7.0325644074025303E-24","5.5482611211450539E-12","-2.4825447620733651E-1","2.3745715323139588E-23","2.9836213400980802E+0","6.2769306042387960E+0","3.6489274920210255E+2","1.0000000000000100E+0","3.054200000000000E-6"
"217","1.1278899866213716E+0","-7.2054043276992852E-22","2.6786470090472985E-23","2.9145064797949680E-12","-2.4865454828386649E-1","-8.6052933184194399E-23","2.9835668689505499E+0","6.2769617978328549E+0","3.6489456255914138E+2","1.0000000000000100E+0","3.054200000000000E-6"
"216","1.1281013761130096E+0","-7.2011934156383375E-22","5.5612315870838253E-23","2.9804328037165856E-12","-2.4905458814275924E-1","-1.4773766496402926E-22","2.9835123066731200E+0","6.2769927856155290E+0","3.6489636395188006E+2","1.0000000000000200E+0","3.054200000000000E-6"
"215","1.1283127637415107E+0","-7.2068825446446932E-22","-2.7804388344147607E-22","3.6028061951593167E-12","-2.4945459578316950E-1","8.9145336628270766E-22","2.9834576532622998E+0","6.2770235692790610E+0","3.6489815347869262E+2","1.0000000000000100E+0","3.054200000000000E-6"
"214","1.1285241495005951E+0","-7.1958424776325818E-22","5.3316170909017976E-23","4.5576709978152057E-12","-2.4985457120437179E-1","-1.6765610823985998E-22","2.9834029087145502E+0","6.2770541504988522E+0","3.6489993123697400E+2","1.0000000000000100E+0","3.054200000000000E-6"
"213","1.1287355333840057E+0","-7.1935545432856346E-22","-7.1731936918780035E-23","3.1184402431966430E-12","-2.5025451440573332E-1","2.0402349664016121E-22","2.9833480730263600E+0","6.2770845309342596E+0","3.6490169732318662E+2","1.0000000000000100E+0","3.054200000000000E-6"
"212","1.1289469153854981E+0","-7.1638044786307530E-22","-1.7430728974448318E-22","3.0702801552050653E-12","-2.5065442538674754E-1","6.0528308072871705E-22","2.9832931461941801E+0","6.2771147122279638E+0","3.6490345183282335E+2","1.0000000000000100E+0","3.054200000000000E-6"
"211","1.1291582954988495E+0","-7.1795502678679116E-22","-1.5337603230350014E-22","3.2010387871511991E-12","-2.5105430414700203E-1","4.8788578072688178E-22","2.9832381282144800E+0","6.2771446960067792E+0","3.6490519486045474E+2","1.0000000000000100E+0","3.054200000000000E-6"
"210","1.1293696737178520E+0","-7.1869928498514171E-22","-4.9916443942524541E-23","3.3113974188891789E-12","-2.5145415068619692E-1","3.9844766383095332E-23","2.9831830190836999E+0","6.2771744838815566E+0","3.6490692649972334E+2","1.0000000000000100E+0","3.054200000000000E-6"
"209","1.1295810500363175E+0","-7.1640816343026830E-22","-1.9476776069490147E-24","4.1185993389843117E-12","-2.5185396500413598E-1","9.0386973778003998E-23","2.9831278187982999E+0","6.2772040774475260E+0","3.6490864684336356E+2","1.0000000000000200E+0","3.054200000000000E-6"
"208","1.1297924244480715E+0","-7.1559046927834354E-22","-1.0046988017306963E-23","1.5097832832685567E-12","-2.5225374710072251E-1","6.1754986907755829E-23","2.9830725273547101E+0","6.2772334782841464E+0","3.6491035598319314E+2","1.0000000000000100E+0","3.054200000000000E-6"
"207","1.1300037969469590E+0","-7.1690457219779683E-22","-8.4182559708911166E-23","1.9147061828647636E-12","-2.5265349697596662E-1","1.1718771244749288E-22","2.9830171447493501E+0","6.2772626879556990E+0","3.6491205401014741E+2","1.0000000000000200E+0","3.054200000000000E-6"
"206","1.1302151675268410E+0","-7.1567962299014301E-22","-7.9864545419118299E-23","8.8375940421760645E-13","-2.5305321462997604E-1","-2.0579679980422533E-23","2.9829616709786699E+0","6.2772917080111776E+0","3.6491374101427306E+2","1.0000000000000200E+0","3.054200000000000E-6"
"205","1.1304265361815975E+0","-7.1682649609688931E-22","-4.9929677181661679E-23","6.0946136132678244E-12","-2.5345290006296162E-1","1.6513569627333524E-22","2.9829061060390600E+0","6.2773205399847702E+0","3.6491541708475597E+2","1.0000000000000200E+0","3.054200000000000E-6"
"204","1.1306379029051172E+0","-7.1666189784420896E-22","-1.2258991111452271E-22","7.4068150379191194E-12","-2.5385255327523537E-1","4.8854522710240473E-22","2.9828504499269499E+0","6.2773491853954129E+0","3.6491708230989553E+2","1.0000000000000200E+0","3.054200000000000E-6"
"203","1.1308492676913104E+0","-7.1670662752078254E-22","2.2476117471166968E-22","7.1213959374519286E-12","-2.5425217426719982E-1","-5.7248629632297085E-22","2.9827947026387300E+0","6.2773776457477739E+0","3.6491873677716166E+2","1.0000000000000200E+0","3.054200000000000E-6"
"202","1.1310606305341069E+0","-7.1573432694799417E-22","5.9208787612877566E-24","8.8754432652726192E-12","-2.5465176303936160E-1","-1.5148110961859487E-22","2.9827388641708099E+0","6.2774059225316936E+0","3.6492038057316222E+2","1.0000000000000000E+0","3.054200000000000E-6"
"201","1.1312719914274472E+0","-7.1511789791299770E-22","1.4278708142145934E-22","7.7112279512235985E-12","-2.5505131959231675E-1","-2.3352762352000001E-22","2.9826829345195698E+0","6.2774340172228626E+0","3.6492201378368259E+2","1.0000000000000200E+0","3.054200000000000E-6"
"200","1.1314833503652877E+0","-7.1520226008767773E-22","1.8141838005961185E-22","6.5829134624159372E-12","-2.5545084392676748E-1","-8.5934176165942172E-22","2.9826269136813899E+0","6.2774619312826552E+0","3.6492363649367599E+2","1.0000000000000000E+0","3.054200000000000E-6"
"199","1.1316947073416010E+0","-7.1443980108387716E-22","-4.4476544817810322E-23","8.9058272604331611E-12","-2.5585033604349633E-1","9.3178034323815969E-23","2.9825708016526602E+0","6.2774896661585000E+0","3.6492524878728472E+2","1.0000000000000000E+0","3.054200000000000E-6"
"198","1.1319060623503747E+0","-7.1674763841879617E-22","-2.9346510159859715E-23","5.9927982195748373E-12","-2.5624979594338820E-1","-1.4278881330394700E-22","2.9825145984297299E+0","6.2775172232838043E+0","3.6492685074783623E+2","1.0000000000000000E+0","3.054200000000000E-6"
"197","1.1321174153856131E+0","-7.1676326706248850E-22","-6.8940913558823430E-23","5.0778688565201472E-12","-2.5664922362741338E-1","5.7348496768350304E-23","2.9824583040089800E+0","6.2775446040783969E+0","3.6492844245786841E+2","1.0000000000000000E+0","3.054200000000000E-6"
"196","1.1323287664413335E+0","-7.1648403040009424E-22","-5.3990044780125442E-23","5.7436909103229223E-12","-2.5704861909663684E-1","3.2334494618895039E-22","2.9824019183867501E+0","6.2775718099485216E+0","3.6493002399912956E+2","1.0000000000000000E+0","3.054200000000000E-6"
"195","1.1325401155115691E+0","-7.1713283220693457E-22","4.5713248570109258E-23","2.8669419292946040E-12","-2.5744798235221600E-1","-1.3273801204087627E-22","2.9823454415594002E+0","6.2775988422869231E+0","3.6493159545258328E+2","1.0000000000000200E+0","3.054200000000000E-6"
"194","1.1327514625903667E+0","-7.1722904366671538E-22","1.9131161779226631E-22","4.9758414416094728E-12","-2.5784731339538969E-1","9.7794616376245862E-23","2.9822888735232702E+0","6.2776257024730748E+0","3.6493315689842154E+2","1.0000000000000000E+0","3.054200000000000E-6"
"193","1.1329628076717897E+0","-7.1622503500418948E-22","-1.1150065453602891E-22","3.9433710687708556E-12","-2.5824661222749173E-1","3.0825193199058388E-22","2.9822322142746902E+0","6.2776523918734037E+0","3.6493470841607797E+2","1.0000000000000000E+0","3.054200000000000E-6"
"192","1.1331741507499129E+0","-7.1715835864267892E-22","7.8582877769268659E-23","6.8812166725920111E-12","-2.5864587884993762E-1","-2.2665028931263413E-22","2.9821754638100000E+0","6.2776789118413019E+0","3.6493625008422839E+2","1.0000000000000100E+0","3.054200000000000E-6"
"191","1.1333854918188273E+0","-7.1872352438115366E-22","3.2966046829052247E-22","4.7744424383933238E-12","-2.5904511326423674E-1","-4.8361470134367065E-22","2.9821186221255100E+0","6.2777052637173023E+0","3.6493778198080122E+2","1.0000000000000200E+0","3.054200000000000E-6"
"190","1.1335968308726372E+0","-7.1998025461169441E-22","-5.1124895143785516E-23","4.6764559151551004E-12","-2.5944431547197494E-1","7.2418233058058471E-23","2.9820616892175300E+0","6.2777314488293809E+0","3.6493930418299476E+2","1.0000000000000200E+0","3.054200000000000E-6"
"189","1.1338081679054630E+0","-7.2067539254127314E-22","1.5268219632259349E-22","5.0795275811343323E-12","-2.5984348547482394E-1","-1.4811226643982948E-22","2.9820046650823802E+0","6.2777574684928856E+0","3.6494081676727336E+2","1.0000000000000000E+0","3.054200000000000E-6"
"188","1.1340195029114335E+0","-7.2280284536874246E-22","1.0023248496983238E-22","6.8273702879669451E-12","-2.6024262327454567E-1","-4.7516504923876766E-22","2.9819475497163599E+0","6.2777833240105378E+0","3.6494231980936712E+2","1.0000000000000100E+0","3.054200000000000E-6"
"187","1.1342308358846955E+0","-7.2358310200386664E-22","3.1975076129920853E-22","5.5123564534501070E-12","-2.6064172887298148E-1","-8.2350861372717855E-22","2.9818903431157602E+0","6.2778090166730989E+0","3.6494381338431123E+2","1.0000000000000000E+0","3.054200000000000E-6"
"186","1.1344421668194105E+0","-7.2493780154709487E-22","-2.8409065375361488E-22","8.1907828495940458E-12","-2.6104080227204601E-1","2.5669183604500182E-22","2.9818330452768702E+0","6.2778345477590811E+0","3.6494529756642845E+2","1.0000000000000200E+0","3.054200000000000E-6"
"185","1.1346534957097478E+0","-7.2502590571641975E-22","1.0059750455550661E-22","7.0762949379814502E-12","-2.6143984347374621E-1","-8.7188348254368869E-23","2.9817756561959801E+0","6.2778599185349195E+0","3.6494677242933977E+2","1.0000000000000100E+0","3.054200000000000E-6"
"184","1.1348648225498945E+0","-7.2547784976032266E-22","-2.2900913978010453E-22","5.2982020538904733E-12","-2.6183885248016348E-1","3.0740591825452805E-22","2.9817181758693398E+0","6.2778851302551750E+0","3.6494823804597576E+2","1.0000000000000200E+0","3.054200000000000E-6"
"183","1.1350761473340494E+0","-7.2530527006572140E-22","1.3385291590360217E-22","8.0888307133122392E-12","-2.6223782929345779E-1","-1.7517478224013972E-23","2.9816606042932401E+0","6.2779101841627281E+0","3.6494969448858785E+2","1.0000000000000000E+0","3.054200000000000E-6"
"182","1.1352874700564224E+0","-7.2615155104802929E-22","1.4670468710430159E-22","7.4764821869732767E-12","-2.6263677391587170E-1","-3.5382711183551584E-22","2.9816029414639300E+0","6.2779350814887804E+0","3.6495114182874880E+2","1.0000000000000200E+0","3.054200000000000E-6"
"181","1.1354987907112390E+0","-7.2957101658925272E-22","3.0828022091858663E-22","6.5343012264738004E-12","-2.6303568634971913E-1","-9.9434733116567034E-22","2.9815451873776802E+0","6.2779598234530374E+0","3.6495258013736293E+2","1.0000000000000000E+0","3.054200000000000E-6"
"180","1.1357101092927349E+0","-7.2949719713509199E-22","5.2518283370444335E-23","7.9308731256218939E-12","-2.6343456659739328E-1","4.1243473795608211E-23","2.9814873420307100E+0","6.2779844112638461E+0","3.6495400948467432E+2","1.0000000000000000E+0","3.054200000000000E-6"
"179","1.1359214257951609E+0","-7.2820847318284597E-22","1.5250705881702017E-22","5.7287175281261712E-12","-2.6383341466136367E-1","-6.4302876681633877E-22","2.9814294054192900E+0","6.2780088461183770E+0","3.6495542994027727E+2","1.0000000000000000E+0","3.054200000000000E-6"
"178","1.1361327402127759E+0","-7.2939446750683784E-22","2.1367995215764261E-22","4.4992966198579619E-12","-2.6423223054417633E-1","-5.1083715821835050E-22","2.9813713775396300E+0","6.2780331292025151E+0","3.6495684157311007E+2","1.0000000000000100E+0","3.054200000000000E-6"
"177","1.1363440525398556E+0","-7.2705696518359098E-22","2.6845080571786235E-23","7.0935373102546992E-12","-2.6463101424844782E-1","1.5090162366970229E-22","2.9813132583879698E+0","6.2780572616912735E+0","3.6495824445147906E+2","1.0000000000000000E+0","3.054200000000000E-6"
"176","1.1365553627706866E+0","-7.2679892667946103E-22","-1.0946710339831921E-22","3.2617324833525252E-12","-2.6502976577687370E-1","3.5285442805691055E-23","2.9812550479605302E+0","6.2780812447487113E+0","3.6495963864305361E+2","1.0000000000000300E+0","3.054200000000000E-6"
"175","1.1367666708995643E+0","-7.2365017049907341E-22","3.1678094612797980E-22","7.9660709871909769E-12","-2.6542848513220796E-1","-4.4509854571222380E-22","2.9811967462535200E+0","6.2781050795282676E+0","3.6496102421488598E+2","1.0000000000000200E+0","3.054200000000000E-6"
"174","1.1369779769207975E+0","-7.2422437025529303E-22","-2.1400735463988044E-24","3.5477660449842131E-12","-2.6582717231729880E-1","-2.9952846988930846E-22","2.9811383532631601E+0","6.2781287671723947E+0","3.6496240123338953E+2","1.0000000000000100E+0","3.054200000000000E-6"
"173","1.1371892808287096E+0","-7.2459067291161083E-22","-2.0162100023676411E-22","5.5691387925849676E-12","-2.6622582733504468E-1","-4.4768027526375462E-23","2.9810798689856299E+0","6.2781523088132891E+0","3.6496376976438160E+2","1.0000000000000100E+0","3.054200000000000E-6"
"172","1.1374005826176319E+0","-7.2322880644242091E-22","-6.4433548072337346E-23","6.1479795841501705E-12","-2.6662445018842895E-1","2.2356032896461826E-22","2.9810212934171401E+0","6.2781757055726395E+0","3.6496512987306846E+2","1.0000000000000100E+0","3.054200000000000E-6"
"171","1.1376118822819097E+0","-7.2179342081886026E-22","-7.5601667089344632E-23","7.0231956619574460E-12","-2.6702304088049289E-1","3.3760678617182380E-23","2.9809626265538798E+0","6.2781989585619273E+0","3.6496648162406319E+2","1.0000000000000300E+0","3.054200000000000E-6"
"170","1.1378231798158971E+0","-7.2294417384553930E-22","2.5938972416535727E-23","4.0982961760191869E-12","-2.6742159941435772E-1","2.0305386448060462E-22","2.9809038683920202E+0","6.2782220688821546E+0","3.6496782508136971E+2","1.0000000000000100E+0","3.054200000000000E-6"
"169","1.1380344752139624E+0","-7.2415176203118848E-22","-3.2151671023969100E-22","5.9710768784262470E-12","-2.6782012579320380E-1","5.6616808229518946E-22","2.9808450189277398E+0","6.2782450376245373E+0","3.6496916030842294E+2","1.0000000000000100E+0","3.054200000000000E-6"
"168","1.1382457684704816E+0","-7.2595205614852304E-22","4.1317868777737373E-23","4.8431675155128976E-12","-2.6821862002028152E-1","2.8830590915451199E-23","2.9807860781572000E+0","6.2782678658701387E+0","3.6497048736806750E+2","1.0000000000000100E+0","3.054200000000000E-6"
"167","1.1384570595798444E+0","-7.2413199157812901E-22","-1.2216540651086606E-22","7.2806343256331194E-12","-2.6861708209891222E-1","2.5858679016955787E-22","2.9807270460765798E+0","6.2782905546901482E+0","3.6497180632257431E+2","1.0000000000000200E+0","3.054200000000000E-6"
"166","1.1386683485364493E+0","-7.2154590340283284E-22","-2.2400023827455023E-22","6.6524231905236015E-12","-2.6901551203247909E-1","-1.5891562593453849E-22","2.9806679226820099E+0","6.2783131051459486E+0","3.6497311723364407E+2","1.0000000000000100E+0","3.054200000000000E-6"
"165","1.1388796353347075E+0","-7.2240010682029661E-22","1.3664205291224511E-22","5.6665166262824923E-12","-2.6941390982442881E-1","-5.7543059816943999E-23","2.9806087079696599E+0","6.2783355182894054E+0","3.6497442016242405E+2","1.0000000000000100E+0","3.054200000000000E-6"
"164","1.1390909199690396E+0","-7.2218835859485708E-22","-1.0204655034564333E-22","3.9161358383667903E-12","-2.6981227547827880E-1","5.8892785630112852E-22","2.9805494019356602E+0","6.2783577951625889E+0","3.6497571516949233E+2","1.0000000000000300E+0","3.054200000000000E-6"
"163","1.1393022024338759E+0","-7.2436078612104594E-22","5.2311093684548069E-22","3.9036512141104024E-12","-2.7021060899760496E-1","-1.2994476698052112E-21","2.9804900045761502E+0","6.2783799367983635E+0","3.6497700231489171E+2","1.0000000000000100E+0","3.054200000000000E-6"
"162","1.1395134827236588E+0","-7.2457057037468208E-22","5.4803234574745826E-23","5.6388854367105977E-12","-2.7060891038604484E-1","6.3399401792464357E-23","2.9804305158872499E+0","6.2784019442199490E+0","3.6497828165810444E+2","1.0000000000000100E+0","3.054200000000000E-6"
"161","1.1397247608328402E+0","-7.2349282560085638E-22","1.6683843340314079E-22","4.5817741838635555E-12","-2.7100717964730781E-1","-5.6680480299935446E-22","2.9803709358650901E+0","6.2784238184415484E+0","3.6497955325808840E+2","1.0000000000000200E+0","3.054200000000000E-6"
"160","1.1399360367558817E+0","-7.2561741215479845E-22","2.7218203154871110E-22","1.0930854101561959E-11","-2.7140541678515689E-1","-1.0554029713582954E-21","2.9803112645057901E+0","6.2784455604679481E+0","3.6498081717325437E+2","1.0000000000000200E+0","3.054200000000000E-6"
"159","1.1401473104872566E+0","-7.2281239758551811E-22","-2.8598404695740296E-22","6.1864760668621009E-12","-2.7180362180341688E-1","2.6715217620269577E-22","2.9802515018054399E+0","6.2784671712951514E+0","3.6498207346150224E+2","1.0000000000000100E+0","3.054200000000000E-6"
"158","1.1403585820214461E+0","-7.2403550766121582E-22","-2.8270239948303105E-22","6.7219415002730843E-12","-2.7220179470597283E-1","6.2424605968515985E-22","2.9801916477601602E+0","6.2784886519099246E+0","3.6498332218019505E+2","1.0000000000000100E+0","3.054200000000000E-6"
"157","1.1405698513529414E+0","-7.2341628337579143E-22","5.6922732903103236E-23","8.0091741636371466E-12","-2.7259993549678069E-1","-3.7738741823342851E-22","2.9801317023660401E+0","6.2785100032901919E+0","3.6498456338618195E+2","1.0000000000000100E+0","3.054200000000000E-6"
"156","1.1407811184762453E+0","-7.2359796410699315E-22","-1.9949279896070722E-22","5.8453975282353727E-12","-2.7299804417983647E-1","6.5636911708505316E-23","2.9800716656191701E+0","6.2785312264051827E+0","3.6498579713580637E+2","1.0000000000000100E+0","3.054200000000000E-6"
"155","1.1409923833858691E+0","-7.2363429238214318E-22","1.8880291761835605E-22","4.0634380602281278E-12","-2.7339612075921443E-1","-8.7851559211642933E-22","2.9800115375156300E+0","6.2785523222154653E+0","3.6498702348490849E+2","1.0000000000000200E+0","3.054200000000000E-6"
"154","1.1412036460763322E+0","-7.2303367104026078E-22","5.8346009378340313E-22","7.1298317701832671E-12","-2.7379416523902816E-1","-9.1316948362808953E-22","2.9799513180514898E+0","6.2785732916727737E+0","3.6498824248881482E+2","1.0000000000000100E+0","3.054200000000000E-6"
"153","1.1414149065421659E+0","-7.2150561122574521E-22","3.8524852940023454E-22","8.1198405881962928E-12","-2.7419217762346665E-1","-5.6376206559383983E-22","2.9798910072228302E+0","6.2785941357205575E+0","3.6498945420237038E+2","1.0000000000000200E+0","3.054200000000000E-6"
"152","1.1416261647779096E+0","-7.2221033283719069E-22","-2.9665405333135158E-22","8.7259770174012122E-12","-2.7459015791676444E-1","5.2253634277713578E-22","2.9798306050257102E+0","6.2786148552936902E+0","3.6499065867992147E+2","1.0000000000000300E+0","3.054200000000000E-6"
"151","1.1418374207781119E+0","-7.2358571075911668E-22","-4.0352511769737947E-23","5.4174672183896055E-12","-2.7498810612321267E-1","5.0114533870127455E-22","2.9797701114561899E+0","6.2786354513187792E+0","3.6499185597533403E+2","1.0000000000000200E+0","3.054200000000000E-6"
"150","1.1420486745373313E+0","-7.2290171962514449E-22","-2.2897642695096018E-22","7.1205425234873655E-12","-2.7538602224716358E-1","5.7024207662647065E-22","2.9797095265103200E+0","6.2786559247141502E+0","3.6499304614199247E+2","1.0000000000000100E+0","3.054200000000000E-6"
"149","1.1422599260501327E+0","-7.2369537822300832E-22","1.0831595538601419E-22","8.2339680970824241E-12","-2.7578390629302063E-1","-2.9178535492200572E-22","2.9796488501841298E+0","6.2786762763898514E+0","3.6499422923280002E+2","1.0000000000000300E+0","3.054200000000000E-6"
"148","1.1424711753110943E+0","-7.2150661772496825E-22","-2.6491681972208130E-22","8.3419733832974307E-12","-2.7618175826524199E-1","5.4789617849445579E-24","2.9795880824736698E+0","6.2786965072481138E+0","3.6499540530020550E+2","1.0000000000000300E+0","3.054200000000000E-6"
"147","1.1426824223147989E+0","-7.2311526153155942E-22","-4.1227024292367732E-23","5.6164397830637707E-12","-2.7657957816834339E-1","-3.2935733405708341E-23","2.9795272233749701E+0","6.2787166181829344E+0","3.6499657439617908E+2","1.0000000000000300E+0","3.054200000000000E-6"
"146","1.1428936670558407E+0","-7.2260015677048366E-22","-2.4780059318470296E-22","9.3040145703597020E-12","-2.7697736600688644E-1","2.3329926957793851E-22","2.9794662728840500E+0","6.2787366100803697E+0","3.6499773657222926E+2","1.0000000000000200E+0","3.054200000000000E-6"
"145","1.1431049095288219E+0","-7.2076054117727457E-22","3.1330695007046432E-22","4.0405194647239837E-12","-2.7737512178549567E-1","-5.8890402125714474E-22","2.9794052309969299E+0","6.2787564838188281E+0","3.6499889187942000E+2","1.0000000000000200E+0","3.054200000000000E-6"
"144","1.1433161497283526E+0","-7.2257913292601407E-22","2.7819373797352599E-22","5.0878201301420896E-12","-2.7777284550883635E-1","-3.6029786589665416E-22","2.9793440977096202E+0","6.2787762402688356E+0","3.6500004036835708E+2","1.0000000000000100E+0","3.054200000000000E-6"
"143","1.1435273876490519E+0","-7.2235523772673168E-22","6.5394111997481909E-22","8.0700932264367439E-12","-2.7817053718163459E-1","2.2455865041449443E-22","2.9792828730181302E+0","6.2787958802932629E+0","3.6500118208920111E+2","1.0000000000000100E+0","3.054200000000000E-6"
"142","1.1437386232855475E+0","-7.1995042133622493E-22","4.0842498203510132E-22","4.8688782816631155E-12","-2.7856819680866418E-1","4.1079023686366779E-22","2.9792215569184499E+0","6.2788154047473261E+0","3.6500231709166798E+2","1.0000000000000100E+0","3.054200000000000E-6"
"141","1.1439498566324753E+0","-7.1968090408194498E-22","4.0531403166071189E-22","6.0851450375683080E-12","-2.7896582439474726E-1","-1.2541864096571703E-21","2.9791601494065798E+0","6.2788348144788930E+0","3.6500344542504604E+2","1.0000000000000100E+0","3.054200000000000E-6"
"140","1.1441610876844781E+0","-7.1922328971575281E-22","-2.1139714889832652E-22","8.0720724299974643E-12","-2.7936341994476160E-1","2.5155968751458835E-22","2.9790986504784902E+0","6.2788541103281137E+0","3.6500456713817533E+2","1.0000000000000300E+0","3.054200000000000E-6"
"139","1.1443723164362085E+0","-7.1664023928263541E-22","1.8686120373822075E-22","6.4657483951138363E-12","-2.7976098346363071E-1","-3.3014633842713710E-22","2.9790370601301799E+0","6.2788732931279725E+0","3.6500568227947912E+2","1.0000000000000200E+0","3.054200000000000E-6"
"138","1.1445835428823268E+0","-7.1595275450878336E-22","-9.7162859591652920E-23","7.4806431662277998E-12","-2.8015851495632721E-1","-5.0155623354379363E-22","2.9789753783576098E+0","6.2788923637041743E+0","3.6500679089695763E+2","1.0000000000000100E+0","3.054200000000000E-6"
"137","1.1447947670175007E+0","-7.1489537336373906E-22","1.3096764619268902E-22","7.8806916181500452E-12","-2.8055601442786843E-1","-5.2585391425606328E-22","2.9789136051567500E+0","6.2789113228751461E+0","3.6500789303818789E+2","1.0000000000000000E+0","3.054200000000000E-6"
"136","1.1450059888364050E+0","-7.1614569643795674E-22","6.2694563121672774E-23","8.0499517360837495E-12","-2.8095348188333097E-1","-2.1885078682050820E-22","2.9788517405235599E+0","6.2789301714520382E+0","3.6500898875032402E+2","1.0000000000000200E+0","3.054200000000000E-6"
"135","1.1452172083337249E+0","-7.1729151387086946E-22","-2.2799443268466186E-22","4.8483500737060905E-12","-2.8135091732782724E-1","6.5104900293121896E-22","2.9787897844539901E+0","6.2789489102392091E+0","3.6501007808012525E+2","1.0000000000000100E+0","3.054200000000000E-6"
"134","1.1454284255041498E+0","-7.1502223213834712E-22","4.1564962625210885E-23","9.1583391429381166E-12","-2.8174832076652212E-1","2.6210785653731539E-22","2.9787277369439900E+0","6.2789675400337766E+0","3.6501116107392994E+2","1.0000000000000300E+0","3.054200000000000E-6"
"133","1.1456396403423796E+0","-7.1430033274418233E-22","2.8690887928090671E-22","6.8489409408076293E-12","-2.8214569220462671E-1","-3.9210845805424663E-22","2.9786655979895000E+0","6.2789860616260196E+0","3.6501223777767882E+2","1.0000000000000100E+0","3.054200000000000E-6"
"132","1.1458508528431213E+0","-7.1373581793101900E-22","3.4763026244330303E-22","7.2726438725180363E-12","-2.8254303164739575E-1","-2.2040497703032551E-23","2.9786033675864600E+0","6.2790044757994314E+0","3.6501330823691825E+2","1.0000000000000200E+0","3.054200000000000E-6"
"131","1.1460620630010858E+0","-7.1329206662595286E-22","5.5480588119934388E-22","7.7070578799511046E-12","-2.8294033910013183E-1","-9.0399131999330699E-22","2.9785410457307799E+0","6.2790227833305083E+0","3.6501437249678776E+2","1.0000000000000200E+0","3.054200000000000E-6"
"130","1.1462732708109957E+0","-7.1379390708457945E-22","9.9435067170194409E-23","4.2096999613154670E-12","-2.8333761456818357E-1","-2.7745656013483822E-22","2.9784786324183998E+0","6.2790409849891846E+0","3.6501543060204546E+2","1.0000000000000000E+0","3.054200000000000E-6"
"129","1.1464844762675781E+0","-7.1346337624043140E-22","-2.4703838869681920E-22","6.2002583576777959E-12","-2.8373485805694010E-1","5.9083318845865690E-22","2.9784161276452199E+0","6.2790590815388860E+0","3.6501648259707099E+2","1.0000000000000000E+0","3.054200000000000E-6"
"128","1.1466956793655725E+0","-7.1511620870429676E-22","-1.3280969992879781E-22","6.1374680523003075E-12","-2.8413206957183168E-1","4.6206676058290848E-22","2.9783535314071701E+0","6.2790770737360688E+0","3.6501752852583911E+2","1.0000000000000200E+0","3.054200000000000E-6"
"127","1.1469068800997184E+0","-7.1451946687275897E-22","9.8367085365478263E-22","8.2796629001764047E-12","-2.8452924911834748E-1","-4.5628443247301838E-22","2.9782908437001301E+0","6.2790949623309436E+0","3.6501856843196117E+2","1.0000000000000200E+0","3.054200000000000E-6"
"126","1.1471180784647659E+0","-7.1400353276656898E-22","6.9452275988272280E-23","6.1600892509081153E-12","-2.8492639670200581E-1","-8.9501709807850900E-22","2.9782280645200099E+0","6.2791127480671323E+0","3.6501960235866574E+2","1.0000000000000200E+0","3.054200000000000E-6"
"125","1.1473292744554711E+0","-7.1703613090420576E-22","5.5046448261945588E-22","1.0322206792587940E-11","-2.8532351232836745E-1","-9.7955842194030908E-22","2.9781651938626901E+0","6.2791304316820105E+0","3.6502063034881820E+2","1.0000000000000100E+0","3.054200000000000E-6"
"124","1.1475404680665973E+0","-7.1544781518724909E-22","-3.2702744819238852E-22","6.1594700803410348E-12","-2.8572059600304389E-1","7.8992155515957368E-22","2.9781022317240500E+0","6.2791480139064673E+0","3.6502165244490686E+2","1.0000000000000100E+0","3.054200000000000E-6"
"123","1.1477516592929153E+0","-7.1485902414247588E-22","3.4083944307363592E-22","7.8799324997181101E-12","-2.8611764773168019E-1","-8.9368933713805588E-22","2.9780391780999902E+0","6.2791654954653797E+0","3.6502266868907043E+2","1.0000000000000200E+0","3.054200000000000E-6"
"122","1.1479628481292032E+0","-7.1493328260732691E-22","-6.2725093972362565E-23","2.0866787985412943E-12","-2.8651466751996957E-1","3.8084949704936750E-22","2.9779760329863501E+0","6.2791828770770417E+0","3.6502367912306516E+2","1.0000000000000200E+0","3.054200000000000E-6"
"121","1.1481740345702420E+0","-7.1207113289258707E-22","-2.7477898096962788E-22","3.1750321145194694E-12","-2.8691165537363822E-1","-4.8780292878607010E-23","2.9779127963790200E+0","6.2792001594539206E+0","3.6502468378830832E+2","1.0000000000000100E+0","3.054200000000000E-6"
"120","1.1483852186108248E+0","-7.1304817462794798E-22","3.7256091347940879E-22","5.4814231230637900E-12","-2.8730861129846857E-1","-1.1359736258285504E-21","2.9778494682738401E+0","6.2792173433021423E+0","3.6502568272584881E+2","1.0000000000000200E+0","3.054200000000000E-6"
"119","1.1485964002457461E+0","-7.1403728080492678E-22","2.3284538833343181E-22","4.6740112087873728E-12","-2.8770553530025478E-1","2.6139747840515274E-22","2.9777860486666698E+0","6.2792344293222220E+0","3.6502667597640914E+2","1.0000000000000100E+0","3.054200000000000E-6"
"118","1.1488075794698087E+0","-7.1453969499541458E-22","1.5815854255908810E-22","8.9254403497316726E-13","-2.8810242738485636E-1","1.1205182992240841E-21","2.9777225375533600E+0","6.2792514182083004E+0","3.6502766358034131E+2","1.0000000000000000E+0","3.054200000000000E-6"
"117","1.1490187562778236E+0","-7.1591057274004707E-22","3.8660615748970190E-22","2.8136013523815120E-12","-2.8849928755816379E-1","3.3757906213679229E-22","2.9776589349297300E+0","6.2792683106488481E+0","3.6502864557766787E+2","1.0000000000000200E+0","3.054200000000000E-6"
"116","1.1492299306646054E+0","-7.1598342919265197E-22","1.0743603430051423E-22","-3.3601611367918130E-12","-2.8889611582610575E-1","-1.5489383583875945E-22","2.9775952407916302E+0","6.2792851073263742E+0","3.6502962200806456E+2","1.0000000000000200E+0","3.054200000000000E-6"
"115","1.1494411026249782E+0","-7.1532121440116150E-22","-5.3182403490450927E-22","1.4587518463418473E-12","-2.8929291219464526E-1","6.9266933965383481E-22","2.9775314551348901E+0","6.2793018089177544E+0","3.6503059291087982E+2","1.0000000000000200E+0","3.054200000000000E-6"
"114","1.1496522721537679E+0","-7.1494901507446747E-22","-4.7641159358404348E-22","-8.3583979478292350E-13","-2.8968967666978906E-1","1.1542297885046476E-22","2.9774675779553101E+0","6.2793184160939672E+0","3.6503155832511919E+2","1.0000000000000000E+0","3.054200000000000E-6"
"113","1.1498634392458098E+0","-7.1292020058791616E-22","-9.4627455524537465E-22","3.3859108442644756E-13","-2.9008640925758311E-1","-2.2703335213785196E-22","2.9774036092487202E+0","6.2793349295203731E+0","3.6503251828946162E+2","1.0000000000000100E+0","3.054200000000000E-6"
"112","1.1500746038959435E+0","-7.0918407578597994E-22","5.8682020603494399E-22","-1.2234271283040943E-12","-2.9048310996410187E-1","-7.2102788648652692E-23","2.9773395490109200E+0","6.2793513498567863E+0","3.6503347284226368E+2","1.0000000000000200E+0","3.054200000000000E-6"
"111","1.1502857660990162E+0","-7.0854364801977319E-22","-4.1234319923921951E-22","3.6397168904755585E-12","-2.9087977879546473E-1","9.1293778996634858E-22","2.9772753972377100E+0","6.2793676777574321E+0","3.6503442202155702E+2","1.0000000000000200E+0","3.054200000000000E-6"
"110","1.1504969258498785E+0","-7.0949008634861168E-22","1.0419050743578961E-22","8.6094072240316358E-13","-2.9127641575782198E-1","-8.3621650243649615E-22","2.9772111539248902E+0","6.2793839138709542E+0","3.6503536586504885E+2","1.0000000000000100E+0","3.054200000000000E-6"
"109","1.1507080831433905E+0","-7.1020014529676576E-22","7.0817603808839234E-22","2.8723362562067450E-14","-2.9167302085736213E-1","-5.1537087269603980E-22","2.9771468190682402E+0","6.2794000588406957E+0","3.6503630441013820E+2","1.0000000000000100E+0","3.054200000000000E-6"
"108","1.1509192379744142E+0","-7.0972005458476178E-22","2.4765733604431482E-22","2.2144231782257083E-12","-2.9206959410030719E-1","5.9819331299105581E-22","2.9770823926635601E+0","6.2794161133044382E+0","3.6503723769390081E+2","1.0000000000000000E+0","3.054200000000000E-6"
"107","1.1511303903378194E+0","-7.0728279221603553E-22","-1.1055921955132363E-21","1.0166131025011686E-12","-2.9246613549292189E-1","9.1742988691293605E-22","2.9770178747066001E+0","6.2794320778947199E+0","3.6503816575310765E+2","1.0000000000000200E+0","3.054200000000000E-6"
"106","1.1513415402284808E+0","-7.0830775926016063E-22","-1.7232652398932523E-22","-1.3466196537667672E-12","-2.9286264504149417E-1","-3.8592718133713369E-23","2.9769532651931501E+0","6.2794479532387895E+0","3.6503908862422207E+2","1.0000000000000200E+0","3.054200000000000E-6"
"105","1.1515526876412796E+0","-7.0901346363832194E-22","-6.4437930859294643E-22","-1.5027530276920924E-12","-2.9325912275235394E-1","8.8444254997543819E-22","2.9768885641189700E+0","6.2794637399586595E+0","3.6504000634340326E+2","1.0000000000000200E+0","3.054200000000000E-6"
"104","1.1517638325711006E+0","-7.0897551549813233E-22","-5.3968068752192363E-22","3.0280807125329511E-14","-2.9365556863186426E-1","-4.9281461329429041E-22","2.9768237714798098E+0","6.2794794386709460E+0","3.6504091894649639E+2","1.0000000000000100E+0","3.054200000000000E-6"
"103","1.1519749750128370E+0","-7.0773860987729431E-22","5.5408456009963756E-22","1.4493131543872113E-12","-2.9405198268641958E-1","-1.1894216667385824E-21","2.9767588872714299E+0","6.2794950499874700E+0","3.6504182646906821E+2","1.0000000000000100E+0","3.054200000000000E-6"
"102","1.1521861149613850E+0","-7.0795332010952734E-22","-3.4589391688879557E-22","1.5587813201850393E-12","-2.9444836492244941E-1","2.0211429675847391E-22","2.9766939114895599E+0","6.2795105745147559E+0","3.6504272894637739E+2","1.0000000000000200E+0","3.054200000000000E-6"
"101","1.1523972524116457E+0","-7.0677270068243100E-22","-1.6376128185489350E-21","-8.6925205466488681E-13","-2.9484471534641588E-1","2.5562469296136012E-21","2.9766288441299502E+0","6.2795260128542632E+0","3.6504362641338810E+2","1.0000000000000200E+0","3.054200000000000E-6"
"100","1.1526083873585278E+0","-7.0500859643181647E-22","-6.3422232226707566E-22","2.6970201773983192E-12","-2.9524103396481338E-1","6.1841586034317881E-22","2.9765636851883301E+0","6.2795413656026113E+0","3.6504451890478333E+2","1.0000000000000100E+0","3.054200000000000E-6"
"99","1.1528195197969422E+0","-7.0533468357629092E-22","4.7049796488703857E-22","1.2640796608291822E-12","-2.9563732078417110E-1","-1.6699912464247711E-21","2.9764984346604302E+0","6.2795566333513175E+0","3.6504540645494927E+2","1.0000000000000100E+0","3.054200000000000E-6"
"98","1.1530306497218092E+0","-7.0389027887944336E-22","-5.2361726464137290E-22","-7.0754422388934731E-13","-2.9603357581104200E-1","1.6292912176687818E-22","2.9764330925419600E+0","6.2795718166871239E+0","3.6504628909799470E+2","1.0000000000000200E+0","3.054200000000000E-6"
"97","1.1532417771280501E+0","-7.0189573376228425E-22","3.0309765133962127E-22","-2.7337894708794094E-12","-2.9642979905202138E-1","-1.3768148326406112E-21","2.9763676588286301E+0","6.2795869161917848E+0","3.6504716686773833E+2","1.0000000000000100E+0","3.054200000000000E-6"
"96","1.1534529020105908E+0","-7.0208130184238201E-22","8.5141793650054786E-22","-3.1309481628102039E-12","-2.9682599051372416E-1","1.0262282405909282E-22","2.9763021335161701E+0","6.2796019324424508E+0","3.6504803979773129E+2","1.0000000000000300E+0","3.054200000000000E-6"
"95","1.1536640243643681E+0","-7.0227839778340099E-22","2.7358154852818722E-22","-2.3778899735326628E-12","-2.9722215020280807E-1","8.4827821570334363E-23","2.9762365166002600E+0","6.2796168660112786E+0","3.6504890792123444E+2","1.0000000000000100E+0","3.054200000000000E-6"
"94","1.1538751441843169E+0","-7.0148869518894416E-22","1.8686415104582217E-22","-4.0024674878854490E-13","-2.9761827812595537E-1","4.2620820402639083E-22","2.9761708080766001E+0","6.2796317174659260E+0","3.6504977127124698E+2","1.0000000000000100E+0","3.054200000000000E-6"
"93","1.1540862614653795E+0","-7.0312795411483920E-22","2.7425434660256114E-22","-1.4802443571130849E-11","-2.9801437428987643E-1","-3.5804210997223171E-22","2.9761050079408702E+0","6.2796464873693187E+0","3.6505062988049315E+2","1.0000000000000300E+0","3.054200000000000E-6"
"92","1.1542973762025057E+0","-7.0325262912215511E-22","3.1844634794216654E-22","-1.5674518831110638E-11","-2.9841043870131595E-1","1.0717836134450810E-22","2.9760391161887698E+0","6.2796611762796708E+0","3.6505148378142326E+2","1.0000000000000000E+0","3.054200000000000E-6"
"91","1.1545084883906456E+0","-7.0623713241343767E-22","3.7504967191523645E-22","-1.5776509475710204E-11","-2.9880647136704352E-1","1.3987646319223418E-22","2.9759731328159700E+0","6.2796757847507321E+0","3.6505233300622808E+2","1.0000000000000200E+0","3.054200000000000E-6"
"90","1.1547195980247564E+0","-7.0781659395999670E-22","-1.1448285738110458E-22","-1.8477838209189770E-11","-2.9920247229385905E-1","-4.8423458771297740E-22","2.9759070578181301E+0","6.2796903133317121E+0","3.6505317758683441E+2","1.0000000000000100E+0","3.054200000000000E-6"
"89","1.1549307050997988E+0","-7.0589081104078845E-22","-8.7468065950635148E-22","-1.4683558437178586E-11","-2.9959844148859438E-1","1.3005412653485142E-21","2.9758408911909302E+0","6.2797047625672455E+0","3.6505401755490323E+2","1.0000000000000100E+0","3.054200000000000E-6"
"88","1.1551418096107386E+0","-7.0872865277283272E-22","-1.8524774494180594E-22","-2.0070321341078975E-11","-2.9999437895810960E-1","4.2582856619486742E-22","2.9757746329300101E+0","6.2797191329975774E+0","3.6505485294184018E+2","1.0000000000000100E+0","3.054200000000000E-6"
"87","1.1553529115525474E+0","-7.0736701210202875E-22","3.0805423133132503E-24","-1.2898080623277666E-11","-3.0039028470928830E-1","-1.2595023448342258E-22","2.9757082830310400E+0","6.2797334251586099E+0","3.6505568377879860E+2","1.0000000000000200E+0","3.054200000000000E-6"
"86","1.1555640109201992E+0","-7.0542478839607413E-22","1.3069773482548814E-22","-1.6156235176905796E-11","-3.0078615874904846E-1","1.2698520149012728E-21","2.9756418414896402E+0","6.2797476395817293E+0","3.6505651009666911E+2","1.0000000000000100E+0","3.054200000000000E-6"
"85","1.1557751077086724E+0","-7.0845353318252041E-22","3.2586251341211734E-22","-1.9872424659050630E-11","-3.0118200108433296E-1","-2.4719699642793271E-22","2.9755753083014702E+0","6.2797617767941141E+0","3.6505733192609790E+2","1.0000000000000100E+0","3.054200000000000E-6"
"84","1.1559862019129523E+0","-7.1203204907190865E-22","-1.2162313959756894E-21","-1.6651169257500001E-11","-3.0157781172210646E-1","-1.8762699104128378E-23","2.9755086834621598E+0","6.2797758373187049E+0","3.6505814929748476E+2","1.0000000000000200E+0","3.054200000000000E-6"
"83","1.1561972935280258E+0","-7.1280495712439541E-22","-5.7816909925429753E-23","-1.8961817730281412E-11","-3.0197359066936813E-1","6.2911488328303358E-22","2.9754419669673302E+0","6.2797898216740498E+0","3.6505896224097410E+2","1.0000000000000100E+0","3.054200000000000E-6"
"82","1.1564083825488856E+0","-7.1232208993052925E-22","-1.3671219666872185E-21","-1.5207811359112441E-11","-3.0236933793314302E-1","2.0674868934433816E-21","2.9753751588126001E+0","6.2798037303745948E+0","3.6505977078647180E+2","1.0000000000000100E+0","3.054200000000000E-6"
"81","1.1566194689705260E+0","-7.1284465920012233E-22","-4.9226225131073285E-22","-1.4842242677620825E-11","-3.0276505352047905E-1","1.2425749092898718E-22","2.9753082589935800E+0","6.2798175639306573E+0","3.6506057496364394E+2","1.0000000000000200E+0","3.054200000000000E-6"
"80","1.1568305527879506E+0","-7.1206033073533976E-22","6.8031532701941453E-22","-1.6825094118295775E-11","-3.0316073743845090E-1","-8.8579635330362146E-22","2.9752412675058899E+0","6.2798313228483913E+0","3.6506137480191433E+2","1.0000000000000100E+0","3.054200000000000E-6"
"79","1.1570416339961613E+0","-7.1164063879228933E-22","5.8333737488320146E-22","-1.8900399105387610E-11","-3.0355638969416116E-1","2.5540175149812362E-22","2.9751741843451298E+0","6.2798450076297883E+0","3.6506217033046499E+2","1.0000000000000100E+0","3.054200000000000E-6"
"78","1.1572527125901679E+0","-7.1041918303067692E-22","-3.4451792484468582E-23","-1.5034319779872484E-11","-3.0395201029473473E-1","-5.3064082979752438E-22","2.9751070095068899E+0","6.2798586187729812E+0","3.6506296157825352E+2","1.0000000000000100E+0","3.054200000000000E-6"
"77","1.1574637885649830E+0","-7.0962259666079479E-22","-3.5202058530447175E-22","-1.7915720137724324E-11","-3.0434759924732668E-1","1.3689168374994836E-21","2.9750397429867599E+0","6.2798721567718916E+0","3.6506374857399283E+2","1.0000000000000100E+0","3.054200000000000E-6"
"76","1.1576748619156227E+0","-7.1145159584768025E-22","1.2528322689492016E-21","-2.1816346592280915E-11","-3.0474315655911655E-1","-2.1980506434735172E-21","2.9749723847803300E+0","6.2798856221165877E+0","3.6506453134617158E+2","1.0000000000000100E+0","3.054200000000000E-6"
"75","1.1578859326371074E+0","-7.1078966132941393E-22","1.4140123372976351E-22","-1.8040754019114863E-11","-3.0513868223729829E-1","-5.9918888755638579E-22","2.9749049348831700E+0","6.2798990152932621E+0","3.6506530992305341E+2","1.0000000000000100E+0","3.054200000000000E-6"
"74","1.1580970007244624E+0","-7.1051518722138887E-22","-3.4617041473765029E-23","-1.8119037048159397E-11","-3.0553417628910190E-1","3.4518318502339114E-22","2.9748373932908501E+0","6.2799123367840677E+0","3.6506608433266695E+2","1.0000000000000000E+0","3.054200000000000E-6"
"73","1.1583080661727143E+0","-7.1353070085362626E-22","-1.4486028362335302E-22","-1.5889732097070572E-11","-3.0592963872177920E-1","-6.2859365249332028E-22","2.9747697599989400E+0","6.2799255870674209E+0","3.6506685460282375E+2","1.0000000000000100E+0","3.054200000000000E-6"
"72","1.1585191289768961E+0","-7.1358380150521036E-22","-1.7778315243918526E-21","-1.4078472030987780E-11","-3.0632506954260136E-1","3.0110395121891571E-21","2.9747020350029998E+0","6.2799387666178506E+0","3.6506762076110914E+2","1.0000000000000100E+0","3.054200000000000E-6"
"71","1.1587301891320418E+0","-7.1155392901482941E-22","1.2102924500378599E-22","-1.6953226378564482E-11","-3.0672046875887032E-1","-1.3463810796235330E-22","2.9746342182985699E+0","6.2799518759060495E+0","3.6506838283488577E+2","1.0000000000000100E+0","3.054200000000000E-6"
"70","1.1589412466331919E+0","-7.1167026118768941E-22","5.7475113742901624E-22","-1.7060013367905591E-11","-3.0711583637790507E-1","-1.2188594016763978E-22","2.9745663098812098E+0","6.2799649153990709E+0","3.6506914085130438E+2","1.0000000000000100E+0","3.054200000000000E-6"
"69","1.1591523014753897E+0","-7.1161908782938241E-22","1.4136432662425297E-22","-1.4311239508523666E-11","-3.0751117240704595E-1","-7.3548232185584404E-22","2.9744983097464601E+0","6.2799778855602186E+0","3.6506989483729808E+2","1.0000000000000100E+0","3.054200000000000E-6"
"68","1.1593633536536800E+0","-7.1173416889005876E-22","-5.7493988905911401E-22","-2.1575566951846706E-11","-3.0790647685366451E-1","1.4891990596527513E-21","2.9744302178898501E+0","6.2799907868490985E+0","3.6507064481958469E+2","1.0000000000000300E+0","3.054200000000000E-6"
"67","1.1595744031631143E+0","-7.1184919967261016E-22","-2.5606917722635479E-22","-1.5899820273641141E-11","-3.0830174972514729E-1","1.6725261262543720E-21","2.9743620343069099E+0","6.2800036197216622E+0","3.6507139082466983E+2","1.0000000000000100E+0","3.054200000000000E-6"
"66","1.1597854499987454E+0","-7.0993907317224503E-22","1.5122019148788878E-21","-1.6034156392872537E-11","-3.0869699102890708E-1","2.6436176379702133E-22","2.9742937589931602E+0","6.2800163846302768E+0","3.6507213287885065E+2","1.0000000000000100E+0","3.054200000000000E-6"
"65","1.1599964941556289E+0","-7.0936200593159679E-22","-8.4059263263919257E-22","-1.8195172110534769E-11","-3.0909220077237592E-1","-9.5966736725875071E-22","2.9742253919441102E+0","6.2800290820236109E+0","3.6507287100820935E+2","1.0000000000000100E+0","3.054200000000000E-6"
"64","1.1602075356288259E+0","-7.0985874547164093E-22","-5.2175631137015978E-22","-1.7139208687723622E-11","-3.0948737896301109E-1","-9.2273574084513475E-22","2.9741569331552902E+0","6.2800417123469314E+0","3.6507360523863031E+2","1.0000000000000100E+0","3.054200000000000E-6"
"63","1.1604185744134003E+0","-7.0962569063060061E-22","-1.0374603217120483E-22","-1.7285814298275723E-11","-3.0988252560828855E-1","-2.6398909816469730E-22","2.9740883826221798E+0","6.2800542760419811E+0","3.6507433559579306E+2","1.0000000000000100E+0","3.054200000000000E-6"
"62","1.1606296105044187E+0","-7.0847983826903896E-22","-6.7958909929115940E-22","-1.6245684298719520E-11","-3.1027764071570374E-1","1.5471506134621976E-22","2.9740197403402902E+0","6.2800667735469000E+0","3.6507506210516766E+2","1.0000000000000100E+0","3.054200000000000E-6"
"61","1.1608406438969512E+0","-7.0720464413066161E-22","-2.9716105441232267E-22","-2.0928455062183709E-11","-3.1067272429278053E-1","8.5895617389382449E-22","2.9739510063051098E+0","6.2800792052965280E+0","3.6507578479203255E+2","1.0000000000000000E+0","3.054200000000000E-6"
"60","1.1610516745860702E+0","-7.0630704581427988E-22","3.0278717477406240E-22","-1.5429425161105948E-11","-3.1106777634705229E-1","1.0501723850362985E-21","2.9738821805121298E+0","6.2800915717221182E+0","3.6507650368145733E+2","1.0000000000000100E+0","3.054200000000000E-6"
"59","1.1612627025668532E+0","-7.0515450445506080E-22","-1.2294442991630775E-21","-2.0325243839974676E-11","-3.1146279688608441E-1","1.9229874751285904E-21","2.9738132629568201E+0","6.2801038732517052E+0","3.6507721879832468E+2","1.0000000000000100E+0","3.054200000000000E-6"
"58","1.1614737278343796E+0","-7.0422851989946229E-22","-5.9434396931588699E-22","-1.3765100828702738E-11","-3.1185778591745295E-1","1.2519000442964367E-21","2.9737442536346501E+0","6.2801161103098204E+0","3.6507793016731364E+2","1.0000000000000100E+0","3.054200000000000E-6"
"57","1.1616847503837313E+0","-7.0426459708875116E-22","-4.7476169105932200E-22","-1.5756910868525616E-11","-3.1225274344876169E-1","1.8914890753460035E-21","2.9736751525411100E+0","6.2801282833177821E+0","3.6507863781291644E+2","1.0000000000000100E+0","3.054200000000000E-6"
"56","1.1618957702099950E+0","-7.0230743256660626E-22","-2.2198085831734209E-22","-1.2512852351090096E-11","-3.1264766948762990E-1","1.0455980016265829E-21","2.9736059596716302E+0","6.2801403926935615E+0","3.6507934175943075E+2","1.0000000000000100E+0","3.054200000000000E-6"
"55","1.1621067873082589E+0","-7.0216982630326241E-22","1.1490059146771303E-21","-1.5450199906706630E-11","-3.1304256404169661E-1","-1.1439491357179610E-21","2.9735366750216898E+0","6.2801524388518066E+0","3.6508004203096095E+2","1.0000000000000100E+0","3.054200000000000E-6"
"54","1.1623178016736160E+0","-7.0256558421421836E-22","-2.6759708131635522E-22","-1.6556516699845658E-11","-3.1343742711861855E-1","3.6943796587186856E-23","2.9734672985867401E+0","6.2801644222040833E+0","3.6508073865143240E+2","1.0000000000000100E+0","3.054200000000000E-6"
"53","1.1625288133011582E+0","-7.0510949365733481E-22","-7.8059223802232721E-23","-1.6436998019946687E-11","-3.1383225872607590E-1","-8.5688270376271993E-22","2.9733978303622002E+0","6.2801763431585931E+0","3.6508143164457488E+2","1.0000000000000000E+0","3.054200000000000E-6"
"52","1.1627398221859848E+0","-7.0629532243217281E-22","1.0482639685805421E-21","-1.4049943562807836E-11","-3.1422705887176711E-1","-4.0500032547857737E-22","2.9733282703435200E+0","6.2801882021204234E+0","3.6508212103393691E+2","1.0000000000000100E+0","3.054200000000000E-6"
"51","1.1629508283231953E+0","-7.0331753628057025E-22","-1.0083699804247009E-22","-1.1157908887659630E-11","-3.1462182756340762E-1","-2.3803787237788375E-21","2.9732586185261400E+0","6.2801999994915123E+0","3.6508280684288422E+2","1.0000000000000100E+0","3.054200000000000E-6"
"50","1.1631618317078951E+0","-7.0460105305584348E-22","2.2681871760304716E-21","-1.6125644397852749E-11","-3.1501656480872842E-1","4.1235113431710942E-22","2.9731888749054698E+0","6.2802117356707035E+0","3.6508348909460250E+2","1.0000000000000100E+0","3.054200000000000E-6"
"49","1.1633728323351868E+0","-7.0296909658288411E-22","-9.3551585636470947E-22","-1.7972854861992050E-11","-3.1541127061548602E-1","9.5152096702925076E-22","2.9731190394769298E+0","6.2802234110536901E+0","3.6508416781209434E+2","1.0000000000000100E+0","3.054200000000000E-6"
"48","1.1635838302001820E+0","-7.0202128767572665E-22","-1.4746031408721395E-21","-1.3012484356753545E-11","-3.1580594499144549E-1","9.7826330651081540E-22","2.9730491122359402E+0","6.2802350260331883E+0","3.6508484301818913E+2","1.0000000000000100E+0","3.054200000000000E-6"
"47","1.1637948252979895E+0","-7.0132385032388953E-22","-3.5554655358610158E-22","-1.9698287442598332E-11","-3.1620058794439804E-1","-1.4784680720505281E-21","2.9729790931779099E+0","6.2802465809987025E+0","3.6508551473552984E+2","1.0000000000000100E+0","3.054200000000000E-6"
"46","1.1640058176237247E+0","-6.9886721762603264E-22","5.5338851542221135E-22","-1.5550767963347244E-11","-3.1659519948215098E-1","-2.8646125438900947E-22","2.9729089822982200E+0","6.2802580763369358E+0","3.6508618298659644E+2","1.0000000000000100E+0","3.054200000000000E-6"
"45","1.1642168071725034E+0","-6.9739705558859974E-22","6.7457375229897137E-22","-1.5459551833736048E-11","-3.1698977961252417E-1","8.0689706099089321E-22","2.9728387795922901E+0","6.2802695124314569E+0","3.6508684779368656E+2","1.0000000000000000E+0","3.054200000000000E-6"
"44","1.1644277939394458E+0","-6.9770508660920597E-22","1.3106589184656790E-22","-1.8972094061622539E-11","-3.1738432834335445E-1","1.2141685902332954E-21","2.9727684850555001E+0","6.2802808896630777E+0","3.6508750917893781E+2","1.0000000000000000E+0","3.054200000000000E-6"
"43","1.1646387779196725E+0","-6.9708694222615240E-22","7.2657897726297634E-23","-1.7262536003060947E-11","-3.1777884568250442E-1","-9.0716992733138149E-22","2.9726980986832201E+0","6.2802922084093451E+0","3.6508816716429772E+2","1.0000000000000100E+0","3.054200000000000E-6"
"42","1.1648497591083082E+0","-6.9816185793837247E-22","-1.1019877197665855E-21","-1.8353978237253816E-11","-3.1817333163784339E-1","2.5496577485393792E-21","2.9726276204708402E+0","6.2803034690452275E+0","3.6508882177156420E+2","1.0000000000000100E+0","3.054200000000000E-6"
"41","1.1650607375004796E+0","-6.9625142299994758E-22","4.3142606324864745E-22","-1.9014540426212053E-11","-3.1856778621726267E-1","-1.2525498810888870E-21","2.9725570504137302E+0","6.2803146719426728E+0","3.6508947302235953E+2","1.0000000000000100E+0","3.054200000000000E-6"
"40","1.1652717130913148E+0","-6.9850568709445500E-22","3.3870100664780853E-22","-1.7471901127129845E-11","-3.1896220942867048E-1","-2.3915125467768378E-21","2.9724863885072401E+0","6.2803258174707457E+0","3.6509012093813811E+2","1.0000000000000100E+0","3.054200000000000E-6"
"39","1.1654826858759466E+0","-7.0021371251504460E-22","7.8815088603288698E-23","-1.8919647580344238E-11","-3.1935660127998300E-1","3.5436597710848282E-22","2.9724156347467501E+0","6.2803369059958571E+0","3.6509076554020044E+2","1.0000000000000100E+0","3.054200000000000E-6"
"38","1.1656936558495072E+0","-7.0177638847396422E-22","9.0324050603443406E-22","-1.8876514597949608E-11","-3.1975096177914786E-1","3.6787898237602041E-22","2.9723447891275998E+0","6.2803479378812730E+0","3.6509140684966394E+2","1.0000000000000000E+0","3.054200000000000E-6"
"37","1.1659046230071348E+0","-7.0243074288889542E-22","-2.0733773791566022E-21","-1.7062037635738148E-11","-3.2014529093410943E-1","4.2921461877649141E-21","2.9722738516451401E+0","6.2803589134879099E+0","3.6509204488750959E+2","1.0000000000000100E+0","3.054200000000000E-6"
"36","1.1661155873439650E+0","-7.0128164388610617E-22","5.7270655942717301E-22","-1.9073526271060791E-11","-3.2053958875284383E-1","1.3886145407214948E-21","2.9722028222947099E+0","6.2803698331736157E+0","3.6509267967453985E+2","1.0000000000000000E+0","3.054200000000000E-6"
"35","1.1663265488551409E+0","-6.9892133897757514E-22","5.9741624696152634E-22","-1.8071394478950867E-11","-3.2093385524333273E-1","-1.0342592100397295E-21","2.9721317010716302E+0","6.2803806972936433E+0","3.6509331123140652E+2","1.0000000000000000E+0","3.054200000000000E-6"
"34","1.1665375075358042E+0","-7.0085356966788900E-22","-8.0654563886505680E-22","-2.1559630174272419E-11","-3.2132809041357446E-1","4.5428939516097165E-22","2.9720604879712602E+0","6.2803915062005453E+0","3.6509393957860419E+2","1.0000000000000000E+0","3.054200000000000E-6"
"33","1.1667484633811007E+0","-7.0094628432700151E-22","-1.1060267966859892E-21","-1.9452884921864031E-11","-3.2172229427158561E-1","-1.5382060749272600E-21","2.9719891829888900E+0","6.2804022602441938E+0","3.6509456473647185E+2","1.0000000000000000E+0","3.054200000000000E-6"
"32","1.1669594163861770E+0","-7.0301817397457227E-22","1.6292841271211874E-21","-2.2591109360685224E-11","-3.2211646682539680E-1","2.5053719876237588E-22","2.9719177861198598E+0","6.2804129597717830E+0","3.6509518672519266E+2","1.0000000000000000E+0","3.054200000000000E-6"
"31","1.1671703665461812E+0","-7.0149538182384215E-22","-2.5681126783191529E-23","-1.7834347976910333E-11","-3.2251060808305099E-1","2.5833527192975359E-21","2.9718462973594599E+0","6.2804236051277469E+0","3.6509580556478943E+2","1.0000000000000000E+0","3.054200000000000E-6"
"30","1.1673813138562661E+0","-7.0299233590580084E-22","9.7730910613456841E-22","-1.9767021251828419E-11","-3.2290471805260595E-1","-1.2903408414199514E-21","2.9717747167030102E+0","6.2804341966541877E+0","3.6509642127514928E+2","1.0000000000000100E+0","3.054200000000000E-6"
"29","1.1675922583115850E+0","-7.0349382852574703E-22","-1.0087389362167510E-21","-1.5292184700574481E-11","-3.2329879674213319E-1","-8.1065862279448995E-22","2.9717030441458099E+0","6.2804447346904189E+0","3.6509703387599734E+2","1.0000000000000000E+0","3.054200000000000E-6"
"28","1.1678031999072929E+0","-7.0306591656978185E-22","1.1095375839588771E-21","-1.9176184526972098E-11","-3.2369284415971883E-1","-1.7991037769338938E-21","2.9716312796831401E+0","6.2804552195732386E+0","3.6509764338691258E+2","1.0000000000000000E+0","3.054200000000000E-6"
"27","1.1680141386385463E+0","-7.0311933739117379E-22","-1.6166289505412909E-21","-2.0372956889116094E-11","-3.2408686031346656E-1","-2.4882087781948690E-22","2.9715594233102900E+0","6.2804656516370079E+0","3.6509824982733204E+2","1.0000000000000000E+0","3.054200000000000E-6"
"26","1.1682250745005061E+0","-7.0194332620764397E-22","7.1641820239563039E-22","-2.1236337638212540E-11","-3.2448084521148279E-1","-1.2749786806319205E-21","2.9714874750225500E+0","6.2804760312133938E+0","3.6509885321653638E+2","1.0000000000000000E+0","3.054200000000000E-6"
"25","1.1684360074883338E+0","-7.0294088394156229E-22","2.9153913257601282E-21","-2.2458267228184542E-11","-3.2487479886190207E-1","-3.9400939095082704E-21","2.9714154348151798E+0","6.2804863586316388E+0","3.6509945357366524E+2","1.0000000000000000E+0","3.054200000000000E-6"
"24","1.1686469375971902E+0","-7.0235615667103333E-22","3.4630694411848389E-21","-1.8466325741691293E-11","-3.2526872127286038E-1","-2.2964837579808071E-22","2.9713433026834601E+0","6.2804966342186006E+0","3.6510005091771961E+2","1.0000000000000000E+0","3.054200000000000E-6"
"23","1.1688578648222403E+0","-7.0060609422426373E-22","-1.1043587893258622E-21","-1.6548173992147606E-11","-3.2566261245251521E-1","6.2428767223965870E-22","2.9712710786226499E+0","6.2805068582985335E+0","3.6510064526754917E+2","1.0000000000000000E+0","3.054200000000000E-6"
"22","1.1690687891586520E+0","-7.0242858283208266E-22","1.9896306330750033E-22","-1.9384052175924186E-11","-3.2605647240903063E-1","-4.0124903409083952E-21","2.9711987626280001E+0","6.2805170311934058E+0","3.6510123664187068E+2","1.0000000000000000E+0","3.054200000000000E-6"
"21","1.1692797106015946E+0","-7.0199246547387002E-22","-7.7991908290673424E-22","-2.1700313147346716E-11","-3.2645030115058321E-1","2.3939786375164211E-21","2.9711263546947801E+0","6.2805271532226472E+0","3.6510182505925337E+2","1.0000000000000000E+0","3.054200000000000E-6"
"20","1.1694906291462375E+0","-7.0051648746469675E-22","-4.2904511323118475E-23","-2.3621541293926584E-11","-3.2684409868536879E-1","9.4171530731541710E-22","2.9710538548182099E+0","6.2805372247033553E+0","3.6510241053813081E+2","1.0000000000000000E+0","3.054200000000000E-6"
"19","1.1697015447877519E+0","-7.0137523585111630E-22","-8.9712567173103499E-23","-2.1668918862273518E-11","-3.2723786502158803E-1","-3.3554968771250844E-22","2.9709812629935399E+0","6.2805472459503529E+0","3.6510299309680448E+2","1.0000000000000000E+0","3.054200000000000E-6"
"18","1.1699124575213111E+0","-7.0253940625436471E-22","2.7998373812929957E-21","-1.8913882308846271E-11","-3.2763160016745707E-1","-1.4160810534355316E-21","2.9709085792160099E+0","6.2805572172759758E+0","3.6510357275343114E+2","1.0000000000000000E+0","3.054200000000000E-6"
"17","1.1701233673420921E+0","-7.0343635078080464E-22","8.4907025674106667E-22","-2.4874548479308923E-11","-3.2802530413120651E-1","6.5403546539715271E-22","2.9708358034808402E+0","6.2805671389902171E+0","3.6510414952603139E+2","1.0000000000000000E+0","3.054200000000000E-6"
"16","1.1703342742452700E+0","-7.0312402523129434E-22","-2.4944810279046419E-21","-2.1084061984406833E-11","-3.2841897692107846E-1","4.1384200065108563E-21","2.9707629357832399E+0","6.2805770114009505E+0","3.6510472343250268E+2","1.0000000000000000E+0","3.054200000000000E-6"
"15","1.1705451782260263E+0","-7.0183737566163787E-22","-1.1662258464714827E-21","-1.8475927104496533E-11","-3.2881261854531829E-1","-6.2105686164291372E-23","2.9706899761184502E+0","6.2805868348135228E+0","3.6510529449059561E+2","1.0000000000000000E+0","3.054200000000000E-6"
"14","1.1707560792795380E+0","-7.0202236670838361E-22","1.5501735646014799E-21","-2.1869667280118145E-11","-3.2920622901219609E-1","-5.4358717965683667E-22","2.9706169244816598E+0","6.2805966095312540E+0","3.6510586271794278E+2","1.0000000000000000E+0","3.054200000000000E-6"
"13","1.1709669774009872E+0","-7.0239171428246784E-22","-1.4466422765588138E-22","-1.6413269992674416E-11","-3.2959980832998165E-1","1.8022656461596516E-22","2.9705437808680801E+0","6.2806063358550537E+0","3.6510642813203680E+2","1.0000000000000000E+0","3.054200000000000E-6"
"12","1.1711778725855573E+0","-7.0224262753867640E-22","-4.7333968461378077E-22","-2.4621754002892769E-11","-3.2999335650696732E-1","-3.7430808365999818E-22","2.9704705452728999E+0","6.2806160140835923E+0","3.6510699075024013E+2","1.0000000000000100E+0","3.054200000000000E-6"
"11","1.1713887648284322E+0","-7.0027471362161257E-22","-5.1852812732893956E-22","-2.6246695114408486E-11","-3.3038687355144453E-1","3.8240165445153002E-21","2.9703972176913300E+0","6.2806256445134681E+0","3.6510755058979464E+2","1.0000000000000000E+0","3.054200000000000E-6"
"10","1.1715996541247999E+0","-7.0169358592566625E-22","7.7676467447011382E-22","-1.8596680647581800E-11","-3.3078035947172246E-1","-1.1272188407046453E-21","2.9703237981185300E+0","6.2806352274389861E+0","3.6510810766780907E+2","1.0000000000000100E+0","3.054200000000000E-6"
"9","1.1718105404698473E+0","-7.0188201767715076E-22","-1.8781057972097051E-21","-2.4220499738546790E-11","-3.3117381427611864E-1","6.0290090173375675E-22","2.9702502865497000E+0","6.2806447631522779E+0","3.6510866200126566E+2","1.0000000000000100E+0","3.054200000000000E-6"
"8","1.1720214238587614E+0","-7.0295699004579414E-22","-1.6106818690131532E-21","-1.3752567216527669E-11","-3.3156723797296667E-1","2.2067278393634136E-21","2.9701766829800098E+0","6.2806542519433934E+0","3.6510921360702571E+2","1.0000000000000000E+0","3.054200000000000E-6"
"7","1.1722323042867326E+0","-7.0299298557709481E-22","-3.5788967219620221E-21","-2.2775969729966971E-11","-3.3196063057060610E-1","9.5557169631323376E-22","2.9701029874046099E+0","6.2806636941001672E+0","3.6510976250182171E+2","1.0000000000000000E+0","3.054200000000000E-6"
"6","1.1724431817489549E+0","-7.0396343281568030E-22","5.5544632458126144E-21","-2.2008944211633078E-11","-3.3235399207738076E-1","-4.4394345067998552E-21","2.9700291998186898E+0","6.2806730899083441E+0","3.6511030870226472E+2","1.0000000000000100E+0","3.054200000000000E-6"
"5","1.1726540562406182E+0","-7.0042626216105260E-22","-2.4823030177802665E-21","-2.6766516665464977E-11","-3.3274732250165912E-1","4.7463330147564398E-22","2.9699553202173901E+0","6.2806824396515983E+0","3.6511085222484530E+2","1.0000000000000000E+0","3.054200000000000E-6"
"4","1.1728649277569190E+0","-7.0004906927891206E-22","3.4388935942769982E-23","-2.0416502535492129E-11","-3.3314062185180265E-1","-8.9563420442803004E-22","2.9698813485958602E+0","6.2806917436115546E+0","3.6511139308593505E+2","1.0000000000000000E+0","3.054200000000000E-6"
"3","1.1730757962930507E+0","-7.0073113150989346E-22","-2.6636088301250645E-21","-2.3931993279276530E-11","-3.3353389013620377E-1","5.2778855125145930E-21","2.9698072849492498E+0","6.2807010020677181E+0","3.6511193130178225E+2","1.0000000000000100E+0","3.054200000000000E-6"
"2","1.1732866618442099E+0","-7.0153397057364478E-22","-2.8800512431463273E-21","-2.0790820074259566E-11","-3.3392712736324182E-1","3.0268797791632624E-21","2.9697331292726901E+0","6.2807102152975061E+0","3.6511246688851378E+2","1.0000000000000100E+0","3.054200000000000E-6"
"1","1.1734975244055954E+0","-7.0374313884610355E-22","1.3420715906999135E-22","-2.0761120789479421E-11","-3.3432033354132146E-1","-4.2108072463255806E-21","2.9696588815613199E+0","6.2807193835764012E+0","3.6511299986214414E+2","1.0000000000000100E+0","3.054200000000000E-6"