"Id ","x0 (LU) ","y0 (LU) ","z0 (LU) ","vx0 (LU/TU) ","vy0 (LU/TU) ","vz0 (LU/TU) ","Jacobi constant (LU2/TU2) ","Period (TU) ","Period (days) ","Stability index  ","Mass ratio"
"1184","9.8881583890062652E-1","-1.4477766818601078E-25","4.0357157728763445E-4","2.6808588545559077E-16","8.8734639842052918E-3","-1.0362038493072364E-16","3.0008327132529802E+0","3.0600044536535105E+0","1.7788526081685336E+2","8.7906993577111496E+2","3.054200000000000E-6"
"1183","9.8881606408935407E-1","-1.4834164581856843E-25","4.3388872526414486E-4","7.0727196188581597E-16","8.8775581612138173E-3","-2.3264834008540114E-17","3.0008325546585901E+0","3.0599858625874305E+0","1.7788418007442681E+2","8.7846853392873402E+2","3.054200000000000E-6"
"1182","9.8881683945328391E-1","-1.4908109837219564E-25","5.2472165191688454E-4","-1.6314252074879157E-16","8.8915704808381173E-3","-3.4090822350521092E-17","3.0008320110370601E+0","3.0599220527751312E+0","1.7788047065985717E+2","8.7640950545079602E+2","3.054200000000000E-6"
"1181","9.8881776567556390E-1","-1.5067386364355608E-25","6.1535195856027801E-4","1.7294581042054386E-16","8.9081407438729304E-3","-7.3068709288186802E-17","3.0008313665128901E+0","3.0598462295959599E+0","1.7787606287999699E+2","8.7397315861780703E+2","3.054200000000000E-6"
"1180","9.8881884443927059E-1","-1.5199648963653787E-25","7.0574929686837708E-4","-5.9118364554734129E-17","8.9272157902457600E-3","-8.1340945863684839E-17","3.0008306223233800E+0","3.0597584521742593E+0","1.7787096017188350E+2","8.7116661548361697E+2","3.054200000000000E-6"
"1179","9.8882007763571556E-1","-1.4963472327180959E-25","7.9588539779194497E-4","4.5780963656287812E-17","8.9487359735951552E-3","-9.4706293819512442E-17","3.0008297798572801E+0","3.0596587853132240E+0","1.7786516630267886E+2","8.6799789914043902E+2","3.054200000000000E-6"
"1178","9.8882146734091181E-1","-1.5182552344858809E-25","8.8573421905112067E-4","-2.4054528169041887E-16","8.9726359189243807E-3","-9.9556218174009734E-17","3.0008288406374999E+0","3.0595472980934901E+0","1.7785868528820308E+2","8.6447583297527501E+2","3.054200000000000E-6"
"1177","9.8882301579084886E-1","-1.4732345988013719E-25","9.7527204279020043E-4","2.3527672864335246E-16","8.9988453057221335E-3","-9.6266196995378082E-17","3.0008278063032301E+0","3.0594240624379831E+0","1.7785152130950505E+2","8.6060994030904703E+2","3.054200000000000E-6"
"1176","9.8882472535611721E-1","-1.4719080089342943E-25","1.0644775252618179E-3","2.3659073001024339E-16","9.0272896564484555E-3","-1.3240169129358992E-16","3.0008266785920998E+0","3.0592891516820631E+0","1.7784367862974190E+2","8.5641036102823000E+2","3.054200000000000E-6"
"1175","9.8882659851638932E-1","-1.4991627544552025E-25","1.1533317019463128E-3","-3.8152321661759888E-16","9.0578911121521940E-3","1.8059236697364993E-16","3.0008254593226402E+0","3.0591426391860992E+0","1.7783516151352453E+2","8.5188774558336399E+2","3.054200000000000E-6"
"1174","9.8882863783521335E-1","-1.4892949744642835E-25","1.2418179526255094E-3","1.6742598366190531E-16","9.0905691798503756E-3","-2.2006055508937219E-16","3.0008241503775501E+0","3.0589845970189016E+0","1.7782597415038248E+2","8.4705316459557798E+2","3.054200000000000E-6"
"1173","9.8883084593548676E-1","-1.5115351190203290E-25","1.3299219317298564E-3","3.5747546068332519E-16","9.1252414389668638E-3","-1.1168898149385745E-16","3.0008227536879901E+0","3.0588150947368380E+0","1.7781612058379110E+2","8.4191802489691895E+2","3.054200000000000E-6"
"1172","9.8883322547593133E-1","-1.5340551173344217E-25","1.4176314696671688E-3","-2.2394669203781608E-16","9.1618241973231793E-3","-2.1129761800528921E-16","3.0008212712191402E+0","3.0586341982761689E+0","1.7780560464678047E+2","8.3649398538352102E+2","3.054200000000000E-6"
"1171","9.8883577912879572E-1","-1.5093119120246349E-25","1.5049364509486043E-3","5.1705941085058599E-18","9.2002330899422554E-3","-2.9608118003080783E-16","3.0008197049570899E+0","3.0584419689702762E+0","1.7779442990480433E+2","8.3079287990073703E+2","3.054200000000000E-6"
"1170","9.8883850955896579E-1","-1.4552821167461546E-25","1.5918286747586626E-3","8.6263327623652900E-17","9.2403836166257986E-3","-3.4809752325414109E-16","3.0008180568973102E+0","3.0582384626983607E+0","1.7778259960625221E+2","8.2482665449533897E+2","3.054200000000000E-6"
"1169","9.8884141940457893E-1","-1.4952508139884216E-25","1.6783017032338348E-3","4.2978014938495476E-16","9.2821916167045125E-3","-5.5943558421630720E-16","3.0008163290345400E+0","3.0580237291676644E+0","1.7777011664072305E+2","8.1860730252682902E+2","3.054200000000000E-6"
"1168","9.8884451125919581E-1","-1.5112550102845533E-25","1.7643507022131971E-3","2.9807825208113480E-16","9.3255736812080537E-3","-3.7035892416226459E-16","3.0008145233542902E+0","3.0577978113263753E+0","1.7775698350489608E+2","8.1214681035233605E+2","3.054200000000000E-6"
"1167","9.8884778765554027E-1","-1.4773289406551953E-25","1.8499722786264573E-3","6.3647444453677837E-16","9.3704475043978174E-3","-4.2446430677269964E-16","3.0008126418256200E+0","3.0575607449032418E+0","1.7774320227576760E+2","8.0545711688572305E+2","3.054200000000000E-6"
"1166","9.8885125105076466E-1","-1.4947294656283956E-25","1.9351643180396884E-3","3.0645678297760089E-16","9.4167321777894868E-3","-9.9151939344442871E-16","3.0008106863954200E+0","3.0573125580656919E+0","1.7772877459077642E+2","7.9855006840760802E+2","3.054200000000000E-6"
"1165","9.8885490381318175E-1","-1.4473127277446227E-25","2.0199258252598593E-3","-1.0115735498519302E-17","9.4643484306173743E-3","-7.4671976467777524E-16","3.0008086589838898E+0","3.0570532711884080E+0","1.7771370163435085E+2","7.9143738729187498E+2","3.054200000000000E-6"
"1164","9.8885874821038411E-1","-1.4615169878226155E-25","2.1042567702785294E-3","-2.3116493064665718E-16","9.5132188213356578E-3","-1.1031132752102489E-17","3.0008065614810899E+0","3.0567828967219772E+0","1.7769798413027277E+2","7.8413064352036804E+2","3.054200000000000E-6"
"1163","9.8886278639863956E-1","-1.4410541759496517E-25","2.1881579412968361E-3","7.8966817646979894E-16","9.5632678849665084E-3","-8.4610323884241160E-16","3.0008043957446402E+0","3.0565014391523384E+0","1.7768162233932037E+2","7.7664123150268802E+2","3.054200000000000E-6"
"1162","9.8886702041346675E-1","-1.4346326192945644E-25","2.2716308060808368E-3","-1.1263444794465029E-15","9.6144222412127556E-3","4.6283488017925402E-16","3.0008021635981899E+0","3.0562088950408239E+0","1.7766461606159581E+2","7.6898035517417804E+2","3.054200000000000E-6"
"1161","9.8887145216127892E-1","-1.4450256927677094E-25","2.3546773824648266E-3","3.5346133743513373E-16","9.6666106682093012E-3","-1.8376927427615973E-17","3.0007998668307798E+0","3.0559052531352315E+0","1.7764696464298211E+2","7.6115901046465694E+2","3.054200000000000E-6"
"1160","9.8887608341196898E-1","-1.4482190811493574E-25","2.4373001184526096E-3","-7.8244854327599595E-17","9.7197641466017764E-3","2.6200328937658622E-18","3.0007975071967601E+0","3.0555904945427392E+0","1.7762866698519503E+2","7.5318797525778700E+2","3.054200000000000E-6"
"1159","9.8888091579235704E-1","-1.4513283035441963E-25","2.5195017821363305E-3","-1.5978293788652239E-16","9.7738158782056921E-3","-4.7788991539157830E-16","3.0007950864163502E+0","3.0552645929573381E+0","1.7760972155900441E+2","7.4507780274103595E+2","3.054200000000000E-6"
"1158","9.8888595078036690E-1","-1.4524147118562718E-25","2.6012853613221008E-3","8.6640034109943384E-16","9.8287012834374493E-3","-1.1781187583527122E-15","3.0007926061766401E+0","3.0549275149329675E+0","1.7759012642011197E+2","7.3683881599282802E+2","3.054200000000000E-6"
"1157","9.8889118969985934E-1","-1.4324367206054219E-25","2.6826539726872915E-3","-1.8165748858871713E-16","9.8843579810544285E-3","-9.4604612166520054E-16","3.0007900681329400E+0","3.0545792201972590E+0","1.7756987922739020E+2","7.2848110387172301E+2","3.054200000000000E-6"
"1156","9.8889663371602998E-1","-1.4350535941002860E-25","2.7636107800764233E-3","1.2647274656150141E-16","9.9407257535474771E-3","-2.5912721639343487E-16","3.0007874739104898E+0","3.0542196619987712E+0","1.7754897726306774E+2","7.2001451998243499E+2","3.054200000000000E-6"
"1155","9.8890228383128398E-1","-1.4344937960855485E-25","2.8441589215065489E-3","-2.7392178896660246E-16","9.9977465011439857E-3","2.5010440574678766E-17","3.0007848251063098E+0","3.0538487874840721E+0","1.7752741745465019E+2","7.1144868168378503E+2","3.054200000000000E-6"
"1154","9.8890814088154178E-1","-1.4361863275268451E-25","2.9243014443768719E-3","-1.0355568048317222E-16","1.0055364186900497E-2","-3.0579621868832335E-16","3.0007821232913301E+0","3.0534665380991788E+0","1.7750519639825674E+2","7.0279297298526103E+2","3.054200000000000E-6"
"1153","9.8891420553289477E-1","-1.4250720221404545E-25","3.0040412483433019E-3","-2.5414176186507968E-16","1.0113524775185567E-2","-1.9742621674134934E-17","3.0007793700125101E+0","3.0530728500125566E+0","1.7748231038321006E+2","6.9405654209982004E+2","3.054200000000000E-6"
"1152","9.8892047827857799E-1","-1.4322308680863395E-25","3.0833810353337069E-3","3.7123029402758957E-16","1.0172176165441716E-2","-3.4054667159910881E-16","3.0007765667951598E+0","3.0526676545568749E+0","1.7745875541771656E+2","6.8524830961607097E+2","3.054200000000000E-6"
"1151","9.8892695943621201E-1","-1.4300468492790003E-25","3.1623232661393934E-3","1.6813887858345333E-16","1.0231268122889050E-2","-1.8180756385060218E-16","3.0007737151451801E+0","3.0522508786858351E+0","1.7743452725542301E+2","6.7637696367884098E+2","3.054200000000000E-6"
"1150","9.8893364914528714E-1","-1.4405731924952166E-25","3.2408701230980034E-3","-1.8758958499834145E-16","1.0290752207538783E-2","1.7877591171740074E-16","3.0007708165513498E+0","3.0518224454455014E+0","1.7740962142281600E+2","6.6745096953777102E+2","3.054200000000000E-6"
"1149","9.8894054736486059E-1","-1.4575239492007246E-25","3.3190234783539341E-3","-5.3304464198301294E-16","1.0350581702697849E-2","4.8167298650117316E-16","3.0007678724875801E+0","3.0513822744572625E+0","1.7738403324729771E+2","6.5847856755525800E+2","3.054200000000000E-6"
"1148","9.8894765387146411E-1","-1.4766657283711455E-25","3.3967848672611027E-3","1.2910021893336818E-16","1.0410711543929916E-2","-4.4821749071528037E-16","3.0007648844151000E+0","3.0509302824117865E+0","1.7735775788590055E+2","6.4946777889897203E+2","3.054200000000000E-6"
"1147","9.8895496825718665E-1","-1.4705433147299355E-25","3.4741554664582080E-3","7.1364668018840274E-16","1.0471098249313445E-2","-3.8723353483226839E-16","3.0007618537845699E+0","3.0504663835714929E+0","1.7733079035449722E+2","6.4042640680382499E+2","3.054200000000000E-6"
"1146","9.8896248992796998E-1","-1.4787516736508452E-25","3.5511360763208449E-3","1.1587653282635575E-16","1.0531699851527136E-2","-5.0627732955902252E-16","3.0007587820380701E+0","3.0499904902825525E+0","1.7730312555756430E+2","6.3136203936920197E+2","3.054200000000000E-6"
"1145","9.8897021810207819E-1","-1.4746669573226062E-25","3.6277271073215578E-3","-3.5462452445549922E-16","1.0592475832483223E-2","4.2303276488591690E-17","3.0007556706110399E+0","3.0495025134926603E+0","1.7727475831828173E+2","6.2228205306102905E+2","3.054200000000000E-6"
"1144","9.8897815180878501E-1","-1.4727750620638238E-25","3.7039285701125635E-3","-5.7703853870377124E-16","1.0653387060676854E-2","1.2074913365334698E-16","3.0007525209339900E+0","3.0490023632762893E+0","1.7724568340906694E+2","6.1319361327808895E+2","3.054200000000000E-6"
"1143","9.8898628988726678E-1","-1.4853588334618541E-25","3.7797400689373491E-3","-2.1120104108196826E-16","1.0714395731808811E-2","2.5286778477702305E-16","3.0007493344342100E+0","3.0484899493641833E+0","1.7721589558235567E+2","6.0410367838861498E+2","3.054200000000000E-6"
"1142","9.8899463098573748E-1","-1.4979042505109194E-25","3.8551607982128698E-3","-1.4453665682462698E-16","1.0775465312722256E-2","-3.4689626276282445E-16","3.0007461125371999E+0","3.0479651816777049E+0","1.7718538960166470E+2","5.9501899853889495E+2","3.054200000000000E-6"
"1141","9.8900317356084089E-1","-1.4983813174158094E-25","3.9301895420191411E-3","-4.8316642147933131E-16","1.0836560488934435E-2","-8.8235060909223855E-17","3.0007428566680301E+0","3.0474279708660190E+0","1.7715416027281967E+2","5.8594612043090297E+2","3.054200000000000E-6"
"1140","9.8901191587731896E-1","-1.4982148014410372E-25","4.0048246763052624E-3","2.8345179840005437E-18","1.0897647115824234E-2","9.4805310524217510E-17","3.0007395682524800E+0","3.0468782288449656E+0","1.7712220247528109E+2","5.7689138557342096E+2","3.054200000000000E-6"
"1139","9.8902085600799250E-1","-1.5011066186563409E-25","4.0790641736606226E-3","-2.1960246686379375E-16","1.0958692173548076E-2","4.0342472173610506E-17","3.0007362487181100E+0","3.0463158693366115E+0","1.7708951119350957E+2","5.6786093321795397E+2","3.054200000000000E-6"
"1138","9.8902999183408147E-1","-1.4952831615607176E-25","4.1529056105010665E-3","-1.3764147772525503E-17","1.1019663725663155E-2","-1.1860760711016289E-16","3.0007328994950302E+0","3.0457408084079169E+0","1.7705608154828005E+2","5.5886069939811398E+2","3.054200000000000E-6"
"1137","9.8903932104589221E-1","-1.4867403523715320E-25","4.2263461765060344E-3","-1.7599366977124538E-16","1.1080530881491133E-2","2.0340053747852130E-16","3.0007295220165600E+0","3.0451529650063636E+0","1.7702190882781883E+2","5.4989641844551500E+2","3.054200000000000E-6"
"1136","9.8904884114390546E-1","-1.4862787570584211E-25","4.2993826862275045E-3","-4.0074494661016073E-17","1.1141263762090025E-2","4.2732804870420223E-17","3.0007261177197502E+0","3.0445522614913632E+0","1.7698698851869580E+2","5.4097362320412799E+2","3.054200000000000E-6"
"1135","9.8905854944029414E-1","-1.4911342400492136E-25","4.3720115927237705E-3","3.4320463665190283E-16","1.1201833469816576E-2","-4.2542318040217858E-16","3.0007226880456401E+0","3.0439386241590585E+0","1.7695131633633227E+2","5.3209764411428796E+2","3.054200000000000E-6"
"1134","9.8906844306090891E-1","-1.4920388759185877E-25","4.4442290031424117E-3","4.9402930120141306E-16","1.1262212061310265E-2","1.7696845556912496E-16","3.0007192344393601E+0","3.0433119837586271E+0","1.7691488825501492E+2","5.2327360984734196E+2","3.054200000000000E-6"
"1133","9.8907851894774734E-1","-1.4891685515978953E-25","4.5160306961221329E-3","3.8732182226749372E-16","1.1322372523801340E-2","3.4150515522859255E-16","3.0007157583500899E+0","3.0426722759974463E+0","1.7687770053726231E+2","5.1450644748586399E+2","3.054200000000000E-6"
"1132","9.8908877386195115E-1","-1.4902316590987287E-25","4.5874121409399194E-3","2.5873870607246841E-17","1.1382288754562054E-2","1.3941400818742769E-15","3.0007122612308001E+0","3.0420194420330224E+0","1.7683974976242177E+2","5.0580088046314302E+2","3.054200000000000E-6"
"1131","9.8909920438734278E-1","-1.5019620710328112E-25","4.6583685182953341E-3","3.5287159359525119E-16","1.1441935543332782E-2","-7.5606268967105310E-17","3.0007087445377998E+0","3.0413534289491198E+0","1.7680103285434799E+2","4.9716143008192398E+2","3.054200000000000E-6"
"1130","9.8910980693452444E-1","-1.5110895160696985E-25","4.7288947425997308E-3","4.7074903000262157E-17","1.1501288557567451E-2","-3.4794846166289349E-16","3.0007052097301501E+0","3.0406741902128855E+0","1.7676154710797670E+2","4.8859241429843900E+2","3.054200000000000E-6"
"1129","9.8912057774556816E-1","-1.5222787625777637E-25","4.7989854857121783E-3","2.5040755465929305E-16","1.1560324330226242E-2","9.5633391266223712E-16","3.0007016582688801E+0","3.0399816861111182E+0","1.7672129021468606E+2","4.8009794720913698E+2","3.054200000000000E-6"
"1128","9.8913151289930012E-1","-1.5262147413630968E-25","4.8686352019711911E-3","4.1841887554756217E-16","1.1619020249941698E-2","-2.4123417214825542E-16","3.0006980916160200E+0","3.0392758841624099E+0","1.7668026028625539E+2","4.7168193855539403E+2","3.054200000000000E-6"
"1127","9.8914260831718637E-1","-1.5178041557106159E-25","4.9378381544025220E-3","9.4686167876640639E-16","1.1677354553351874E-2","-2.1117558529994584E-16","3.0006945112335099E+0","3.0385567595025291E+0","1.7663845587726831E+2","4.6334809416237800E+2","3.054200000000000E-6"
"1126","9.8915385976982806E-1","-1.5154094663542119E-25","5.0065884419717745E-3","-1.1480064737919985E-16","1.1735306319293426E-2","9.5419516027143805E-17","3.0006909185819399E+0","3.0378242952401528E+0","1.7659587600579258E+2","4.5509991495172301E+2","3.054200000000000E-6"
"1125","9.8916526288406348E-1","-1.5190093322158092E-25","5.0748800277601400E-3","-3.7186986685000454E-16","1.1792855464678554E-2","6.4307225041186586E-16","3.0006873151191300E+0","3.0370784827810398E+0","1.7655252017222460E+2","4.4694069827385198E+2","3.054200000000000E-6"
"1124","9.8917681315065931E-1","-1.5201936077412258E-25","5.1427067678738881E-3","-6.6965540153565734E-16","1.1849982741754023E-2","9.8626400108395291E-16","3.0006837022986201E+0","3.0363193221171465E+0","1.7650838837609689E+2","4.3887353637527201E+2","3.054200000000000E-6"
"1123","9.8918850593258256E-1","-1.5240947123120172E-25","5.2100624409719375E-3","1.1110613002146989E-16","1.1906669736511718E-2","-1.4486638063583233E-16","3.0006800815679702E+0","3.0355468220794575E+0","1.7646348113077531E+2","4.3090131851169400E+2","3.054200000000000E-6"
"1122","9.8920033647382866E-1","-1.5303105043538158E-25","5.2769407782066475E-3","5.1865675364491389E-17","1.1962898867989812E-2","1.4684420161119810E-15","3.0006764543670701E+0","3.0347610005515473E+0","1.7641779947587415E+2","4.2302673046674300E+2","3.054200000000000E-6"
"1121","9.8921229990877191E-1","-1.5303209734475149E-25","5.3433354934333778E-3","-4.6002158536591199E-17","1.2018653388189762E-2","1.3321998334544115E-15","3.0006728221261900E+0","3.0339618846428094E+0","1.7637134498732627E+2","4.1525225615507497E+2","3.054200000000000E-6"
"1120","9.8922439127200623E-1","-1.5335874789603362E-25","5.4092403134749006E-3","-8.3716775846743078E-17","1.2073917382396295E-2","1.4460947460180894E-15","3.0006691862641399E+0","3.0331495108190980E+0","1.7632411978497757E+2","4.0758017886814798E+2","3.054200000000000E-6"
"1119","9.8923660550863213E-1","-1.5451944022352926E-25","5.4746490082875198E-3","-2.9950956944545690E-16","1.2128675769603746E-2","2.3839999353931605E-15","3.0006655481861899E+0","3.0323239249902407E+0","1.7627612653767440E+2","4.0001258294543499E+2","3.054200000000000E-6"
"1118","9.8924893748493981E-1","-1.5504228100696629E-25","5.5395554208163122E-3","-3.3399573794767450E-16","1.2182914302828970E-2","1.9433355404283875E-15","3.0006619092820901E+0","3.0314851825531033E+0","1.7622736846576694E+2","3.9255135551378402E+2","3.054200000000000E-6"
"1117","9.8926138199943858E-1","-1.5448615972116376E-25","5.6039534963713234E-3","-2.7830979366035524E-16","1.2236619569106004E-2","1.8068088991046721E-15","3.0006582709239602E+0","3.0306333483901642E+0","1.7617784934102639E+2","3.8519818906617598E+2","3.054200000000000E-6"
"1116","9.8927393379416750E-1","-1.5434044789466094E-25","5.6678373113048320E-3","-4.0656027096037583E-16","1.2289778988895307E-2","9.6742618998541467E-16","3.0006546344642402E+0","3.0297684968229217E+0","1.7612757348393635E+2","3.7795458408076001E+2","3.054200000000000E-6"
"1115","9.8928658756622700E-1","-1.5445286205975898E-25","5.7312011008496281E-3","1.3391422856209498E-16","1.2342380814754401E-2","7.0469809173267080E-16","3.0006510012335701E+0","3.0288907115212931E+0","1.7607654575842602E+2","3.7082185225833098E+2","3.054200000000000E-6"
"1114","9.8929933797946545E-1","-1.5455797768817269E-25","5.7940392858994933E-3","1.7804174267613934E-16","1.2394414129051758E-2","9.6070462725365093E-16","3.0006473725388001E+0","3.0280000853690163E+0","1.7602477156404572E+2","3.6380111988416201E+2","3.054200000000000E-6"
"1113","9.8931217967625251E-1","-1.5404271072134661E-25","5.8563464985964637E-3","2.6874950453925353E-16","1.2445868840581216E-2","2.6837279699348498E-16","3.0006437496609202E+0","3.0270967202867842E+0","1.7597225682568518E+2","3.5689333173255500E+2","3.054200000000000E-6"
"1112","9.8932510728925849E-1","-1.5412542882385790E-25","5.9181176065255248E-3","5.5472772994854167E-16","1.2496735679928841E-2","-4.0662874420892584E-16","3.0006401338531599E+0","3.0261807270140717E+0","1.7591900798089071E+2","3.5009925523236001E+2","3.054200000000000E-6"
"1111","9.8933811545318484E-1","-1.5408341500651376E-25","5.9793477354333456E-3","2.8832909068528727E-16","1.2547006193451333E-2","-2.9129436745840696E-16","3.0006365263390502E+0","3.0252522248524705E+0","1.7586503196494465E+2","3.4341948523102502E+2","3.054200000000000E-6"
"1110","9.8935119881636058E-1","-1.5471521200879922E-25","6.0400322902694212E-3","5.3882651676014822E-16","1.2596672735802970E-2","5.0588246346923572E-16","3.0006329283107100E+0","3.0243113413718126E+0","1.7581033619378155E+2","3.3685444875761198E+2","3.054200000000000E-6"
"1109","9.8936435205213880E-1","-1.5520403096311091E-25","6.1001669744876206E-3","-3.5503482735962308E-16","1.2645728460911356E-2","3.5954182738118373E-16","3.0006293409270999E+0","3.0233582120824538E+0","1.7575492854493734E+2","3.3040441037275201E+2","3.054200000000000E-6"
"1108","9.8937756987002945E-1","-1.5519293212998249E-25","6.1597478074913821E-3","1.8159264722520481E-16","1.2694167311359996E-2","1.6753297036066882E-16","3.0006257653124502E+0","3.0223929800763045E+0","1.7569881733668154E+2","3.2406947768267099E+2","3.054200000000000E-6"
"1107","9.8939084702649815E-1","-1.5549030592044695E-25","6.2187711401415812E-3","7.0476387228262438E-16","1.2741984006150777E-2","-6.3116678750859991E-16","3.0006222025548501E+0","3.0214157956396424E+0","1.7564201130550919E+2","3.1784960732845400E+2","3.054200000000000E-6"
"1106","9.8940417833537164E-1","-1.5524924317638017E-25","6.2772336682795759E-3","2.3168933294767634E-17","1.2789174026852018E-2","5.6761462124560005E-16","3.0006186537049202E+0","3.0204268158413066E+0","1.7558451958220155E+2","3.1174461088216600E+2","3.054200000000000E-6"
"1105","9.8941755867779957E-1","-1.5530545657019399E-25","6.3351324442194948E-3","-4.2929820172982487E-16","1.2835733602136443E-2","5.9258548842839389E-16","3.0006151197746398E+0","3.0194262040994420E+0","1.7552635166664001E+2","3.0575416127682303E+2","3.054200000000000E-6"
"1104","9.8943098301171173E-1","-1.5559880693675168E-25","6.3924648861929563E-3","2.0017896120643439E-18","1.2881659690773616E-2","3.9048458600690122E-17","3.0006116017363200E+0","3.0184141297305511E+0","1.7546751740159138E+2","2.9987779927650899E+2","3.054200000000000E-6"
"1103","9.8944444638071527E-1","-1.0516920293532565E-23","6.4492287852759523E-3","1.3209859024017639E-13","1.2926949961756142E-2","2.8691547293767265E-14","3.0006081005217999E+0","3.0173907674716465E+0","1.7540802694492947E+2","2.9411494045467202E+2","3.054200000000000E-6"
"1102","9.8945794392250863E-1","-2.3589736298417369E-23","6.5054223126709424E-3","1.2849697482478892E-13","1.2971602779828142E-2","2.6766939389577997E-14","3.0006046170215699E+0","3.0163562970559759E+0","1.7534789074497095E+2","2.8846488084862199E+2","3.054200000000000E-6"
"1101","9.8947147087648846E-1","-1.4598593523174203E-23","6.5610440202388629E-3","1.2587859656000023E-13","1.3015617176000539E-2","2.4011609275932296E-14","3.0006011520844500E+0","3.0153109026526992E+0","1.7528711950790256E+2","2.8292680553818201E+2","3.054200000000000E-6"
"1100","9.8948502259089710E-1","-2.3687242117290050E-23","6.6160928438559197E-3","1.2208178181828582E-13","1.3058992830608667E-2","2.2135601948881776E-14","3.0005977065170901E+0","3.0142547724328050E+0","1.7522572417254671E+2","2.7749979422838902E+2","3.054200000000000E-6"
"1099","9.8949859452923539E-1","-2.1514949782243019E-23","6.6705681025485226E-3","1.1952880263884349E-13","1.3101730048360780E-2","1.9284108850444616E-14","3.0005942810836901E+0","3.0131880980697154E+0","1.7516371588133055E+2","2.7218282876899002E+2","3.054200000000000E-6"
"1098","9.8951218227600879E-1","-2.8678423553776679E-23","6.7244694963064363E-3","1.1623875751678771E-13","1.3143829733820878E-2","1.6670649466922182E-14","3.0005908765060001E+0","3.0121110742557882E+0","1.7510110595217910E+2","2.6697479984183900E+2","3.054200000000000E-6"
"1097","9.8952578154180282E-1","-2.7247444746678352E-23","6.7777971022224921E-3","1.1364422634718868E-13","1.3185293366070432E-2","1.4153287016517643E-14","3.0005874934633301E+0","3.0110238982248405E+0","1.7503790585075831E+2","2.6187451396245302E+2","3.054200000000000E-6"
"1096","9.8953938816768949E-1","-3.9289585340628476E-23","6.8305513690703132E-3","1.0961985948454919E-13","1.3226122972652877E-2","1.2508747328501253E-14","3.0005841325928002E+0","3.0099267692834495E+0","1.7497412716322862E+2","2.5688070011505999E+2","3.054200000000000E-6"
"1095","9.8955299812895081E-1","-3.4475098340470137E-23","6.8827331104024938E-3","1.0711365743677407E-13","1.3266321103023906E-2","1.0245757557131418E-14","3.0005807944896401E+0","3.0088198883533259E+0","1.7490978156964192E+2","2.5199201668104800E+2","3.054200000000000E-6"
"1094","9.8956660753815873E-1","-6.5736868581595807E-23","6.9343434963285528E-3","1.0381351465506545E-13","1.3305890801555777E-2","8.4421840529739468E-15","3.0005774797076801E+0","3.0077034575272505E+0","1.7484488081812725E+2","2.4720705770206001E+2","3.054200000000000E-6"
"1093","9.8958021264760854E-1","-6.8512174032115316E-23","6.9853840440742571E-3","1.0153206928318316E-13","1.3344835580312240E-2","5.4078307961008720E-15","3.0005741887599799E+0","3.0065776796404893E+0","1.7477943669997595E+2","2.4252435951792501E+2","3.054200000000000E-6"
"1092","9.8959380985112833E-1","-4.7057656549786779E-23","7.0358566074493895E-3","9.8676162318243515E-14","1.3383159391696722E-2","3.7387538726959167E-15","3.0005709221194401E+0","3.0054427578592717E+0","1.7471346102571914E+2","2.3794240678621901E+2","3.054200000000000E-6"
"1091","9.8960739568530587E-1","-7.2890780989665260E-23","7.0857633653722543E-3","9.6442211802232454E-14","1.3420866601103299E-2","1.3841779064145569E-15","3.0005676802196799E+0","3.0042988952880467E+0","1.7464696560229646E+2","2.3345963858734700E+2","3.054200000000000E-6"
"1090","9.8962096683013179E-1","-9.8408733013392050E-23","7.1351068095549938E-3","9.3683204023253892E-14","1.3457961959727422E-2","-9.2347309915111253E-16","3.0005644634559001E+0","3.0031462945964860E+0","1.7457996221137290E+2","2.2907445427617600E+2","3.054200000000000E-6"
"1089","9.8963452010912611E-1","-8.8684641501338728E-23","7.1838897315068461E-3","9.0768663789114485E-14","1.3494450577608097E-2","-2.0890213994029576E-15","3.0005612721858599E+0","3.0019851576673795E+0","1.7451246258887019E+2","2.2478521883709800E+2","3.054200000000000E-6"
"1088","9.8964805248894483E-1","-9.9537265948831916E-23","7.2321152089370351E-3","8.8141633570435576E-14","1.3530337897064974E-2","-3.6622377510536087E-15","3.0005581067309199E+0","3.0008156852658336E+0","1.7444447840573653E+2","2.2059026851000900E+2","3.054200000000000E-6"
"1087","9.8966156107852576E-1","-6.8429293569018430E-23","7.2797865917119276E-3","8.5293413974489134E-14","1.3565629666586993E-2","-4.6088583043299045E-15","3.0005549673771399E+0","2.9996380767304758E+0","1.7437602124999538E+2","2.1648791563544401E+2","3.054200000000000E-6"
"1086","9.8967504312780352E-1","-9.4651924216538339E-23","7.3269074874762648E-3","8.3225006247450677E-14","1.3600331915288231E-2","-6.9481954677677015E-15","3.0005518543764600E+0","2.9984525296869253E+0","1.7430710261008923E+2","2.1247645353774800E+2","3.054200000000000E-6"
"1085","9.8968849602602227E-1","-1.2619725443170776E-22","7.3734817470157811E-3","8.0684048620474348E-14","1.3634450928014567E-2","-8.5820839994078432E-15","3.0005487679478802E+0","2.9972592397832818E+0","1.7423773385950250E+2","2.0855416114016501E+2","3.054200000000000E-6"
"1084","9.8970191729968804E-1","-1.4203881204888405E-22","7.4195134494918638E-3","7.8510395323655805E-14","1.3667993221161344E-2","-1.0230308274304690E-14","3.0005457082787199E+0","2.9960584004477915E+0","1.7416792624267444E+2","2.0471930722596699E+2","3.054200000000000E-6"
"1083","9.8971530461020285E-1","-1.3746941379537080E-22","7.4650068876430491E-3","7.6220056002886365E-14","1.3700965519262054E-2","-1.1908362820930448E-14","3.0005426755258302E+0","2.9948502026683537E+0","1.7409769086218108E+2","2.0097015443420801E+2","3.054200000000000E-6"
"1082","9.8972865575120195E-1","-1.2324270228942390E-22","7.5099665530119382E-3","7.3640708504225427E-14","1.3733374732423304E-2","-1.2261370681779380E-14","3.0005396698169600E+0","2.9936348347932502E+0","1.7402703866715143E+2","1.9730496311183600E+2","3.054200000000000E-6"
"1081","9.8974196864564101E-1","-1.2619725763386271E-22","7.5543971212960808E-3","7.1607830011593829E-14","1.3765227934620388E-2","-1.4169572263512961E-14","3.0005366912519502E+0","2.9924124823526577E+0","1.7395598044289122E+2","1.9372199475733800E+2","3.054200000000000E-6"
"1080","9.8975524134266335E-1","-1.1307333435404949E-22","7.5983034378979044E-3","6.9215794291801347E-14","1.3796532342909078E-2","-1.5106586292160228E-14","3.0005337399041001E+0","2.9911833279003472E+0","1.7388452680168086E+2","1.9021951532154401E+2","3.054200000000000E-6"
"1079","9.8976847201427409E-1","-8.9800439831601808E-23","7.6416905037168517E-3","6.7123384659444618E-14","1.3827295297564003E-2","-1.6142955825444733E-14","3.0005308158214201E+0","2.9899475508746169E+0","1.7381268817469095E+2","1.8679579819929199E+2","3.054200000000000E-6"
"1078","9.8978165895186221E-1","-9.3244022249091501E-23","7.6845634612544168E-3","6.3953232335364972E-14","1.3857524243173521E-2","-1.5846451164772118E-14","3.0005279190279102E+0","2.9887053274777635E+0","1.7374047480497566E+2","1.8344912699355999E+2","3.054200000000000E-6"
"1077","9.8979480056258740E-1","-8.3389305151084924E-23","7.7269275810762242E-3","6.3419232438475860E-14","1.3887226710685988E-2","-1.8567766086740711E-14","3.0005250495248599E+0","2.9874568305732185E+0","1.7366789674149317E+2","1.8017779809866599E+2","3.054200000000000E-6"
"1076","9.8980789536567071E-1","-7.5708718760034861E-23","7.7687882486736446E-3","6.0661724595721158E-14","1.3916410300429583E-2","-1.8907905457610528E-14","3.0005222072920699E+0","2.9862022295993373E+0","1.7359496383409379E+2","1.7698012291533900E+2","3.054200000000000E-6"
"1075","9.8982094198860182E-1","-6.5563790772816171E-23","7.8101509517418564E-3","5.9373102598566855E-14","1.3945082666094122E-2","-2.0128945730303649E-14","3.0005193922890898E+0","2.9849416904988817E+0","1.7352168572942091E+2","1.7385443003122199E+2","3.054200000000000E-6"
"1074","9.8983393916330131E-1","-5.0909804161093306E-23","7.8510212679409018E-3","5.8316210917371634E-14","1.3973251499643503E-2","-2.1600536351210324E-14","3.0005166044563998E+0","2.9836753756633732E+0","1.7344807186767576E+2","1.7079906704092599E+2","3.054200000000000E-6"
"1073","9.8984688572224466E-1","-5.3746962953924737E-23","7.8914048531209691E-3","5.5674635046587117E-14","1.4000924517191019E-2","-2.1980939564888561E-14","3.0005138437166199E+0","2.9824034438911595E+0","1.7337413148018015E+2","1.6781240228042199E+2","3.054200000000000E-6"
"1072","9.8985978059457946E-1","-6.4503469084875148E-23","7.9313074300520689E-3","5.3681658888475423E-14","1.4028109445782023E-2","-2.1534066404425987E-14","3.0005111099756099E+0","2.9811260503583310E+0","1.7329987358768537E+2","1.6489282628996901E+2","3.054200000000000E-6"
"1071","9.8987262280224031E-1","-5.9300667832449590E-23","7.9707347776599175E-3","5.2456495440956583E-14","1.4054814011079129E-2","-2.2717729208766578E-14","3.0005084031235798E+0","2.9798433466014878E+0","1.7322530699937064E+2","1.6203875315298399E+2","3.054200000000000E-6"
"1070","9.8988541145609976E-1","-4.7288484377388183E-23","8.0096927207924939E-3","5.0640762149495800E-14","1.4081045925911475E-2","-2.2605523770304820E-14","3.0005057230361798E+0","2.9785554805114738E+0","1.7315044031247879E+2","1.5924862163231799E+2","3.054200000000000E-6"
"1069","9.8989814575214086E-1","-4.0622955918034793E-23","8.0481871204876529E-3","4.9112212774402913E-14","1.4106812879686764E-2","-2.3609342995415953E-14","3.0005030695755202E+0","2.9772625963370536E+0","1.7307528191253004E+2","1.5652089619080101E+2","3.054200000000000E-6"
"1068","9.8991082496769067E-1","-2.8114740067363909E-23","8.0862238647847248E-3","4.7897467078159510E-14","1.4132122528597838E-2","-2.4454650485252969E-14","3.0005004425911599E+0","2.9759648346978174E+0","1.7299983997407207E+2","1.5385406782481800E+2","3.054200000000000E-6"
"1067","9.8992344845770408E-1","-1.5711844048187177E-23","8.1238088600274760E-3","4.6266566108304053E-14","1.4156982486642716E-2","-2.4469668047807623E-14","3.0004978419210500E+0","2.9746623326052579E+0","1.7292412246190543E+2","1.5124665476626299E+2","3.054200000000000E-6"
"1066","9.8993601565112965E-1","-1.8148419617774464E-23","8.1609480227055279E-3","4.4815921823695893E-14","1.4181400317361132E-2","-2.5445072021833996E-14","3.0004952673924601E+0","2.9733552234914389E+0","1.7284813713275005E+2","1.4869720310707501E+2","3.054200000000000E-6"
"1065","9.8994852604734107E-1","-2.3204234593980717E-23","8.1976472717746399E-3","4.2907972625426580E-14","1.4205383526329737E-2","-2.5359707902681595E-14","3.0004927188228598E+0","2.9720436372442749E+0","1.7277189153729611E+2","1.4620428721729999E+2","3.054200000000000E-6"
"1064","9.8996097921266346E-1","-2.2457631821701625E-23","8.2339125214852642E-3","4.2046077602255556E-14","1.4228939554304550E-2","-2.5328519673925575E-14","3.0004901960207402E+0","2.9707277002488475E+0","1.7269539302260583E+2","1.4376651013585899E+2","3.054200000000000E-6"
"1063","9.8997337477698710E-1","-9.8733804497596569E-24","8.2697496746764448E-3","4.0987034986441685E-14","1.4252075771040575E-2","-2.6749174450847024E-14","3.0004876987864200E+0","2.9694075354339500E+0","1.7261864873481929E+2","1.4138250381456399E+2","3.054200000000000E-6"
"1062","9.8998571243047895E-1","1.2449188654854079E-24","8.3051646165503978E-3","3.9696388033227816E-14","1.4274799469718248E-2","-2.6752220373974694E-14","3.0004852269127702E+0","2.9680832623233617E+0","1.7254166562213510E+2","1.3905092928795600E+2","3.054200000000000E-6"
"1061","9.8999799192038906E-1","-1.3733992378137485E-23","8.3401632088766012E-3","3.8872872933005902E-14","1.4297117861954499E-2","-2.7275401546716639E-14","3.0004827801859699E+0","2.9667549970910372E+0","1.7246445043801864E+2","1.3677047674628000E+2","3.054200000000000E-6"
"1060","9.9001021304797021E-1","-1.5673023995656211E-24","8.3747512846500342E-3","3.7492454891522455E-14","1.4319038073354697E-2","-2.7050475175078482E-14","3.0004803583861999E+0","2.9654228526198869E+0","1.7238700974461921E+2","1.3453986555377401E+2","3.054200000000000E-6"
"1059","9.9002237566548812E-1","1.8083860210936718E-23","8.4089346431474241E-3","3.5923139870042672E-14","1.4340567139603830E-2","-2.6657383071284483E-14","3.0004779612882100E+0","2.9640869385634265E+0","1.7230934991635371E+2","1.3235784416267899E+2","3.054200000000000E-6"
"1058","9.9003447967334990E-1","-5.0070050810357197E-25","8.4427190453976921E-3","3.4864463143747604E-14","1.4361712003009081E-2","-2.6456094646458573E-14","3.0004755886620198E+0","2.9627473614099413E+0","1.7223147714363682E+2","1.3022318999935101E+2","3.054200000000000E-6"
"1057","9.9004652501733115E-1","-9.9877492598321758E-24","8.4761102100224511E-3","3.3674561252204785E-14","1.4382479509528564E-2","-2.6366317170867060E-14","3.0004732402734300E+0","2.9614042245486556E+0","1.7215339743672749E+2","1.2813470927251200E+2","3.054200000000000E-6"
"1056","9.9005851168591397E-1","-1.9785694496657734E-24","8.5091138094462691E-3","3.3081366958705621E-14","1.4402876406201368E-2","-2.7477481586663069E-14","3.0004709158845899E+0","2.9600576283375108E+0","1.7207511662966903E+2","1.2609123673148900E+2","3.054200000000000E-6"
"1055","9.9007043970772779E-1","-7.5185764313958419E-25","8.5417354664542085E-3","3.1861862338667013E-14","1.4422909338980727E-2","-2.6580997332098730E-14","3.0004686152544902E+0","2.9587076701722270E+0","1.7199664038430387E+2","1.2409163539962100E+2","3.054200000000000E-6"
"1054","9.9008230914909867E-1","6.0978756833312712E-25","8.5739807510696129E-3","3.0875092210569427E-14","1.4442584850938240E-2","-2.7023727600605873E-14","3.0004663381394701E+0","2.9573544445562234E+0","1.7191797419433826E+2","1.2213479622972901E+2","3.054200000000000E-6"
"1053","9.9009412011169795E-1","1.0577351234760647E-23","8.6058551777495190E-3","3.0344640573522235E-14","1.4461909380796127E-2","-2.6827117733287654E-14","3.0004640842936401E+0","2.9559980431711415E+0","1.7183912338944168E+2","1.2021963776504400E+2","3.054200000000000E-6"
"1052","9.9010587273029638E-1","1.6249327243355753E-23","8.6373642028739640E-3","2.9370926384835250E-14","1.4480889261782148E-2","-2.7069501291280162E-14","3.0004618534692802E+0","2.9546385549477359E+0","1.7176009313936828E+2","1.1834510573422200E+2","3.054200000000000E-6"
"1051","9.9011756717061794E-1","1.5923300673822363E-23","8.6685132225035391E-3","2.8201717312111021E-14","1.4499530720778217E-2","-2.7201693016790451E-14","3.0004596454172900E+0","2.9532760661367465E+0","1.7168088845807657E+2","1.1651017264338600E+2","3.054200000000000E-6"
"1050","9.9012920362728718E-1","3.8849709849598260E-23","8.6993075704060209E-3","2.7597459959473069E-14","1.4517839877733210E-2","-2.6858946406418541E-14","3.0004574598875200E+0","2.9519106603796965E+0","1.7160151420784510E+2","1.1471383734682000E+2","3.054200000000000E-6"
"1049","9.9014078232187952E-1","3.7279272389259983E-23","8.7297525163242233E-3","2.6869935634288280E-14","1.4535822745305980E-2","-2.7636060053622699E-14","3.0004552966290801E+0","2.9505424187792735E+0","1.7152197510336401E+2","1.1295512456480000E+2","3.054200000000000E-6"
"1048","9.9015230350105610E-1","3.8950425380801352E-23","8.7598532644697861E-3","2.6238829702657164E-14","1.4553485228769637E-2","-2.7221029869008773E-14","3.0004531553907299E+0","2.9491714199692076E+0","1.7144227571579711E+2","1.1123308442742500E+2","3.054200000000000E-6"
"1047","9.9016376743479462E-1","3.8035232751073710E-23","8.7896149522353178E-3","2.5059970397985601E-14","1.4570833126080660E-2","-2.6685650775164354E-14","3.0004510359211101E+0","2.9477977401834465E+0","1.7136242047680321E+2","1.0954679197848600E+2","3.054200000000000E-6"
"1046","9.9017517441470271E-1","3.9390526825711717E-23","8.8190426491012632E-3","2.4723711878600199E-14","1.4587872128170797E-2","-2.7083224823239208E-14","3.0004489379690500E+0","2.9464214533244872E+0","1.7128241368250835E+2","1.0789534667694700E+2","3.054200000000000E-6"
"1045","9.9018652475242108E-1","3.7052211311116820E-23","8.8481413557385188E-3","2.4443643281118900E-14","1.4604607819377009E-2","-2.7407167451903090E-14","3.0004468612838000E+0","2.9450426310307973E+0","1.7120225949742530E+2","1.0627787188955200E+2","3.054200000000000E-6"
"1044","9.9019781877810231E-1","3.5644556703705313E-23","8.8769160032717703E-3","2.3872333343371216E-14","1.4621045678051446E-2","-2.8138615392066928E-14","3.0004448056152699E+0","2.9436613427431362E+0","1.7112196195830879E+2","1.0469351437780800E+2","3.054200000000000E-6"
"1043","9.9020905683897065E-1","3.8211422221549404E-23","8.9053714527103645E-3","2.3179212066486329E-14","1.4637191077305007E-2","-2.7725629066622450E-14","3.0004427707142698E+0","2.9422776557697627E+0","1.7104152497794641E+2","1.0314144377561300E+2","3.054200000000000E-6"
"1042","9.9022023929795944E-1","3.8353407773693332E-23","8.9335124945310682E-3","2.1993990885548072E-14","1.4653049285859558E-2","-2.6673118488913713E-14","3.0004407563326501E+0","2.9408916353504324E+0","1.7096095234887861E+2","1.0162085207341700E+2","3.054200000000000E-6"
"1041","9.9023136653241639E-1","4.0310723898147716E-23","8.9613438483921951E-3","2.1819148650506571E-14","1.4668625469030387E-2","-2.7081293922056914E-14","3.0004387622235602E+0","2.9395033447190979E+0","1.7088024774704388E+2","1.0013095309572800E+2","3.054200000000000E-6"
"1040","9.9024243893288233E-1","3.6297574438285478E-23","8.9888701629760263E-3","2.0822478801110443E-14","1.4683924689806746E-2","-2.5743120903872148E-14","3.0004367881415401E+0","2.9381128451652900E+0","1.7079941473534694E+2","9.8670981981428497E+1","3.054200000000000E-6"
"1039","9.9025345690193278E-1","3.5793076982689073E-23","9.0160960159525443E-3","2.0901257593472708E-14","1.4698951910008961E-2","-2.7081661274003241E-14","3.0004348338427200E+0","2.9367201960941380E+0","1.7071845676714779E+2","9.7240194663548394E+1","3.054200000000000E-6"
"1038","9.9026442085308930E-1","3.5706967480922665E-23","9.0430259140463175E-3","1.9587068101747528E-14","1.4713711991536671E-2","-2.5831241416501414E-14","3.0004328990849398E+0","2.9353254550849774E+0","1.7063737718966865E+2","9.5837867356608797E+1","3.054200000000000E-6"
"1037","9.9027533120978606E-1","3.5205447875532207E-23","9.0696642932041518E-3","2.0093090358801981E-14","1.4728209697678168E-2","-2.7329399477656022E-14","3.0004309836278900E+0","2.9339286779485443E+0","1.7055617924731899E+2","9.4463296045964100E+1","3.054200000000000E-6"
"1036","9.9028618840439542E-1","3.1532848673858142E-23","9.0960155188498266E-3","1.8691092197190803E-14","1.4742449694480931E-2","-2.5540304455682330E-14","3.0004290872331900E+0","2.9325299187827181E+0","1.7047486608493588E+2","9.3115795980329494E+1","3.054200000000000E-6"
"1035","9.9029699287731465E-1","3.3734968900596611E-23","9.1220838862255300E-3","1.8394308778200237E-14","1.4756436552174627E-2","-2.4879108782785540E-14","3.0004272096645499E+0","2.9311292300268321E+0","1.7039344075094118E+2","9.1794701176153495E+1","3.054200000000000E-6"
"1034","9.9030774507609842E-1","3.4413918747380858E-23","9.1478736208067714E-3","1.7847887885050501E-14","1.4770174746627009E-2","-2.4933770570564268E-14","3.0004253506878000E+0","2.9297266625145308E+0","1.7031190620041428E+2","9.0499363920144404E+1","3.054200000000000E-6"
"1033","9.9031844545464787E-1","3.3170169978346497E-23","9.1733888787802580E-3","1.7856704592362617E-14","1.4783668660860975E-2","-2.5506071740066091E-14","3.0004235100710202E+0","2.9283222655251597E+0","1.7023026529807950E+2","8.9229154290176595E+1","3.054200000000000E-6"
"1032","9.9032909447244255E-1","3.4442704632697248E-23","9.1986337475903832E-3","1.7065635810987053E-14","1.4796922586571930E-2","-2.4501312819566565E-14","3.0004216875845899E+0","2.9269160868337449E+0","1.7014852082121160E+2","8.7983459672483903E+1","3.054200000000000E-6"
"1031","9.9033969259382348E-1","3.4549659085899932E-23","9.2236122465367935E-3","1.6868843117973153E-14","1.4809940725685436E-2","-2.4822978580743510E-14","3.0004198830012498E+0","2.9255081727595194E+0","1.7006667546245654E+2","8.6761684296184399E+1","3.054200000000000E-6"
"1030","9.9035024028731533E-1","3.4674646076456447E-23","9.2483283274213020E-3","1.6246653108354387E-14","1.4822727191934858E-2","-2.3682315571141499E-14","3.0004180960961899E+0","2.9240985682130378E+0","1.6998473183257062E+2","8.5563248772086794E+1","3.054200000000000E-6"
"1029","9.9036073802499480E-1","3.6592671121814081E-23","9.2727858752397838E-3","1.5682527445842028E-14","1.4835286012442725E-2","-2.3629516908610866E-14","3.0004163266470498E+0","2.9226873167418947E+0","1.6990269246307795E+2","8.4387589637103503E+1","3.054200000000000E-6"
"1028","9.9037118628189202E-1","3.9356819215752530E-23","9.2969887089153977E-3","1.5722932304011049E-14","1.4847621129320872E-2","-2.4516964919275075E-14","3.0004145744340098E+0","2.9212744605750758E+0","1.6982055980884891E+2","8.3234158919245303E+1","3.054200000000000E-6"
"1027","9.9038158553543454E-1","3.8789497392635609E-23","9.3209405820616174E-3","1.5152670687916392E-14","1.4859736401268770E-2","-2.4641972762049228E-14","3.0004128392397802E+0","2.9198600406659243E+0","1.6973833625059768E+2","8.2102423701907995E+1","3.054200000000000E-6"
"1026","9.9039193626492628E-1","3.8276893567036149E-23","9.3446451837826214E-3","1.5141061979345940E-14","1.4871635605176457E-2","-2.4340923498998154E-14","3.0004111208496802E+0","2.9184440967338174E+0","1.6965602409730516E+2","8.0991865696204599E+1","3.054200000000000E-6"
"1025","9.9040223895105517E-1","3.9336718726870092E-23","9.3681061394915322E-3","1.4294543519644401E-14","1.4883322437720862E-2","-2.3851875995403548E-14","3.0004094190516200E+0","2.9170266673044924E+0","1.6957362558856317E+2","7.9901980833117804E+1","3.054200000000000E-6"
"1024","9.9041249407543941E-1","3.7756845115924641E-23","9.3913270117594733E-3","1.4457725388175330E-14","1.4894800516968889E-2","-2.4228664191300302E-14","3.0004077336361701E+0","2.9156077897491302E+0","1.6949114289684636E+2","7.8832278857082500E+1","3.054200000000000E-6"
"1023","9.9042270212019867E-1","3.6179246251663798E-23","9.4143113011797355E-3","1.3373519251329464E-14","1.4906073383955056E-2","-2.2963470203171263E-14","3.0004060643965000E+0","2.9141875003221740E+0","1.6940857812971083E+2","7.7782282930115898E+1","3.054200000000000E-6"
"1022","9.9043286356755711E-1","3.7759243939701759E-23","9.4370624472515981E-3","1.3869858098534559E-14","1.4917144504260401E-2","-2.5026981966755249E-14","3.0004044111284700E+0","2.9127658341979377E+0","1.6932593333192227E+2","7.6751529250296997E+1","3.054200000000000E-6"
"1021","9.9044297889946842E-1","3.8025017070514348E-23","9.4595838292692892E-3","1.3043435744161087E-14","1.4928017269586794E-2","-2.3453443129810567E-14","3.0004027736305900E+0","2.9113428255059977E+0","1.6924321048751329E+2","7.5739566675587596E+1","3.054200000000000E-6"
"1020","9.9045304859727568E-1","3.7561051464933775E-23","9.4818787672369259E-3","1.2929857740945827E-14","1.4938694999286690E-2","-2.2981299932526593E-14","3.0004011517040201E+0","2.9099185073654654E+0","1.6916041152177576E+2","7.4745956356540404E+1","3.054200000000000E-6"
"1019","9.9046307314138349E-1","3.6698136649918493E-23","9.5039505227744892E-3","1.2638925402700526E-14","1.4949180941910736E-2","-2.3077762064642172E-14","3.0003995451526002E+0","2.9084929119180907E+0","1.6907753830318524E+2","7.3770271384462205E+1","3.054200000000000E-6"
"1018","9.9047305301096100E-1","3.6120475069141706E-23","9.5258023000415627E-3","1.2600802272175701E-14","1.4959478276724565E-2","-2.4030181830951928E-14","3.0003979537828100E+0","2.9070660703602940E+0","1.6899459264526308E+2","7.2812096440985201E+1","3.054200000000000E-6"
"1017","9.9048298868366580E-1","3.5538967098517136E-23","9.5474372466643163E-3","1.1785090939986971E-14","1.4969590115196293E-2","-2.1100703275799441E-14","3.0003963774038200E+0","2.9056380129741215E+0","1.6891157630837594E+2","7.1871027462908103E+1","3.054200000000000E-6"
"1016","9.9049288063538354E-1","3.4913411760273608E-23","9.5688584546581943E-3","1.1605449586977876E-14","1.4979519502472522E-2","-2.1825004400819605E-14","3.0003948158273901E+0","2.9042087691571545E+0","1.6882849100147433E+2","7.0946671316037396E+1","3.054200000000000E-6"
"1015","9.9050272933999128E-1","3.5184437487976095E-23","9.5900689613562292E-3","1.1237608015315393E-14","1.4989269418847425E-2","-2.1634024093867771E-14","3.0003932688679402E+0","2.9027783674514209E+0","1.6874533838377357E+2","7.0038645471232499E+1","3.054200000000000E-6"
"1014","9.9051253526913674E-1","3.3741420909377419E-23","9.6110717503371228E-3","1.1171122745453573E-14","1.4998842781179855E-2","-2.0906321563154979E-14","3.0003917363425101E+0","2.9013468355713359E+0","1.6866212006637781E+2","6.9146577701464594E+1","3.054200000000000E-6"
"1013","9.9052229889203480E-1","3.2687013782556125E-23","9.6318697523449029E-3","1.0810866092132336E-14","1.5008242444309918E-2","-2.1808554131456396E-14","3.0003902180707200E+0","2.8999142004306706E+0","1.6857883761384795E+2","6.8270105774105105E+1","3.054200000000000E-6"
"1012","9.9053202067528046E-1","3.3312238248554715E-23","9.6524658462142001E-3","1.0428292591729282E-14","1.5017471202448729E-2","-2.0768349480094029E-14","3.0003887138748002E+0","2.8984804881686395E+0","1.6849549254571798E+2","6.7408877163296793E+1","3.054200000000000E-6"
"1011","9.9054170108267581E-1","3.5477962528340959E-23","9.6728628597804577E-3","1.0027487667034019E-14","1.5026531790532588E-2","-2.0641786620367222E-14","3.0003872235795002E+0","2.8970457241750620E+0","1.6841208633795790E+2","6.6562548762235494E+1","3.054200000000000E-6"
"1010","9.9055134057507277E-1","3.5627185910845495E-23","9.6930635707902051E-3","1.0679613843090801E-14","1.5035426885572111E-2","-2.2576372168449180E-14","3.0003857470121500E+0","2.8956099331146850E+0","1.6832862042438751E+2","6.5730786610524206E+1","3.054200000000000E-6"
"1009","9.9056093961022862E-1","3.5098245268150428E-23","9.7130707078045223E-3","9.9628094494453456E-15","1.5044159107959179E-2","-2.0343447162076411E-14","3.0003842840025801E+0","2.8941731389506709E+0","1.6824509619804181E+2","6.4913265622601699E+1","3.054200000000000E-6"
"1008","9.9057049864267355E-1","3.4700330034481526E-23","9.7328869510921075E-3","9.9576031622979614E-15","1.5052731022752201E-2","-2.0832527535664655E-14","3.0003828343831200E+0","2.8927353649672733E+0","1.6816151501248930E+2","6.4109669330713999E+1","3.054200000000000E-6"
"1007","9.9058001812358920E-1","3.4223419052313516E-23","9.7525149335133052E-3","9.8764400272066151E-15","1.5061145140953337E-2","-2.0818383744809521E-14","3.0003813979885599E+0","2.8912966337917316E+0","1.6807787818310462E+2","6.3319689631168700E+1","3.054200000000000E-6"
"1006","9.9058949850070133E-1","3.4099507396553332E-23","9.7719572413985743E-3","8.9970188530448278E-15","1.5069403920737237E-2","-1.8600241034926124E-14","3.0003799746561501E+0","2.8898569674154260E+0","1.6799418698829848E+2","6.2543026539421803E+1","3.054200000000000E-6"
"1005","9.9059894021818073E-1","3.4383313064719941E-23","9.7912164154153082E-3","9.2339101305209671E-15","1.5077509768661561E-2","-2.0576140295607521E-14","3.0003785642255298E+0","2.8884163872142881E+0","1.6791044267070407E+2","6.1779387953621303E+1","3.054200000000000E-6"
"1004","9.9060834371655349E-1","3.2791734848106511E-23","9.8102949514213868E-3","8.9311448458222937E-15","1.5085465040873146E-2","-1.9664044173673840E-14","3.0003771665387600E+0","2.8869749139685190E+0","1.6782664643832345E+2","6.1028489422133099E+1","3.054200000000000E-6"
"1003","9.9061770943262173E-1","3.4820271223300572E-23","9.8291953013136587E-3","9.4126267580791993E-15","1.5093272044250544E-2","-2.0849313139532447E-14","3.0003757814402499E+0","2.8855325678816253E+0","1.6774279946563394E+2","6.0290053922648703E+1","3.054200000000000E-6"
"1002","9.9062703779939276E-1","3.7427544514067751E-23","9.8479198738597885E-3","8.6764650926121705E-15","1.5100933037557246E-2","-1.9169061268536823E-14","3.0003744087767399E+0","2.8840893685987941E+0","1.6765890289465653E+2","5.9563811643174198E+1","3.054200000000000E-6"
"1001","9.9063632924601597E-1","3.8655949082739250E-23","9.8664710355206384E-3","8.8225864786514836E-15","1.5108450232554022E-2","-2.0540909348674501E-14","3.0003730483972699E+0","2.8826453352246406E+0","1.6757495783598748E+2","5.8849499772740202E+1","3.054200000000000E-6"
"1000","9.9064558419772752E-1","3.9371791184842940E-23","9.8848511112624108E-3","8.2909153818332428E-15","1.5115825795088994E-2","-1.9282350066731947E-14","3.0003717001531700E+0","2.8812004863403446E+0","1.6749096536979445E+2","5.8146862298482397E+1","3.054200000000000E-6"
"999","9.9065480307580145E-1","4.0297447649320607E-23","9.9030623853552761E-3","8.4362632665807240E-15","1.5123061846156716E-2","-1.9752867365939374E-14","3.0003703638979902E+0","2.8797548400201940E+0","1.6740692654677841E+2","5.7455649805390898E+1","3.054200000000000E-6"
"998","9.9066398629750885E-1","3.7458687864131301E-23","9.9211071021568266E-3","7.5815704642662077E-15","1.5130160462953700E-2","-1.7365250603883852E-14","3.0003690394875302E+0","2.8783084138475523E+0","1.6732284238910162E+2","5.6775619288778699E+1","3.054200000000000E-6"
"997","9.9067313427608328E-1","3.7028347150450185E-23","9.9389874668900161E-3","7.3160793643779521E-15","1.5137123679883067E-2","-1.6235881375788100E-14","3.0003677267797402E+0","2.8768612249302961E+0","1.6723871389128522E+2","5.6106533964222699E+1","3.054200000000000E-6"
"996","9.9068224742068900E-1","3.6425787433235125E-23","9.9567056464011042E-3","7.4057795183101159E-15","1.5143953489559193E-2","-1.6745344568643003E-14","3.0003664256347400E+0","2.8754132899156986E+0","1.6715454202107435E+2","5.5448163091278900E+1","3.054200000000000E-6"
"995","9.9069132613639865E-1","3.6391500796844757E-23","9.9742637699091995E-3","7.3093843796992559E-15","1.5150651843778267E-2","-1.7362643464817367E-14","3.0003651359147798E+0","2.8739646250048207E+0","1.6707032772027489E+2","5.4800281795999702E+1","3.054200000000000E-6"
"994","9.9070037082417384E-1","3.3920464152965187E-23","9.9916639297425135E-3","7.2152195697436808E-15","1.5157220654466794E-2","-1.7827761319525810E-14","3.0003638574841900E+0","2.8725152459663983E+0","1.6698607190556049E+2","5.4162670904048497E+1","3.054200000000000E-6"
"993","9.9070938188085045E-1","3.2778624035397169E-23","1.0008908182059881E-2","6.9000803604553516E-15","1.5163661794611557E-2","-1.6932008409385140E-14","3.0003625902093698E+0","2.8710651681502548E+0","1.6690177546925256E+2","5.3535116775871700E+1","3.054200000000000E-6"
"992","9.9071835969912991E-1","3.0749674069896935E-23","1.0025998547563251E-2","6.9651000098543995E-15","1.5169977099159711E-2","-1.6933510427443271E-14","3.0003613339587498E+0","2.8696144065002649E+0","1.6681743928007367E+2","5.2917411147236400E+1","3.054200000000000E-6"
"991","9.9072730466757231E-1","3.1929957406433627E-23","1.0042937012192700E-2","7.2554410932931575E-15","1.5176168365911126E-2","-1.7545823320823583E-14","3.0003600886027701E+0","2.8681629755668574E+0","1.6673306418387452E+2","5.2309350976452698E+1","3.054200000000000E-6"
"990","9.9073621717059468E-1","3.1398204349654516E-23","1.0059725527812972E-2","6.9059797354630530E-15","1.5182237356374206E-2","-1.6976995700388765E-14","3.0003588540138302E+0","2.8667108895191125E+0","1.6664865100433707E+2","5.1710738294328003E+1","3.054200000000000E-6"
"989","9.9074509758847429E-1","3.1464130644475558E-23","1.0076366012883935E-2","6.0233137276782630E-15","1.5188185796616564E-2","-1.4571620040569570E-14","3.0003576300662700E+0","2.8652581621564299E+0","1.6656420054365293E+2","5.1121380059242902E+1","3.054200000000000E-6"
"988","9.9075394629735136E-1","3.0642409423965515E-23","1.0092860353121806E-2","6.1687476671893292E-15","1.5194015378075233E-2","-1.6542895984806142E-14","3.0003564166363699E+0","2.8638048069198159E+0","1.6647971358317943E+2","5.0541088018465700E+1","3.054200000000000E-6"
"987","9.9076276366923877E-1","3.0340881411175034E-23","1.0109210402143801E-2","6.1078730804304331E-15","1.5199727758376644E-2","-1.6118205561510141E-14","3.0003552136022500E+0","2.8623508369027713E+0","1.6639519088407255E+2","4.9969678570607101E+1","3.054200000000000E-6"
"986","9.9077155007203366E-1","2.9824058964452237E-23","1.0125417982105589E-2","5.9654639729650297E-15","1.5205324562099977E-2","-1.4932070860610546E-14","3.0003540208439099E+0","2.8608962648618292E+0","1.6631063318789961E+2","4.9406972634394698E+1","3.054200000000000E-6"
"985","9.9078030586952881E-1","3.0320367331984166E-23","1.0141484884320224E-2","6.3595868634390567E-15","1.5210807381554428E-2","-1.7355063898989816E-14","3.0003528382431601E+0","2.8594411032267200E+0","1.6622604121723006E+2","4.8852795521686502E+1","3.054200000000000E-6"
"984","9.9078903142143082E-1","3.0231693570318359E-23","1.0157412869870458E-2","5.3981952388848782E-15","1.5216177777523886E-2","-1.4317962120239479E-14","3.0003516656836302E+0","2.8579853641102089E+0","1.6614141567620752E+2","4.8306976813042603E+1","3.054200000000000E-6"
"983","9.9079772708337777E-1","2.9579027387498675E-23","1.0173203670205595E-2","5.9549336345056706E-15","1.5221437279984243E-2","-1.6254944474010744E-14","3.0003505030506799E+0","2.8565290593175896E+0","1.6605675725110143E+2","4.7769350238139502E+1","3.054200000000000E-6"
"982","9.9080639320695951E-1","2.9684782428813458E-23","1.0188858987728682E-2","5.9398340244817738E-15","1.5226587388823931E-2","-1.5875888729324872E-14","3.0003493502314198E+0","2.8550722003558744E+0","1.6597206661084152E+2","4.7239753559545100E+1","3.054200000000000E-6"
"981","9.9081503013974015E-1","3.0036003316902579E-23","1.0204380496369079E-2","5.3099630221286815E-15","1.5231629574528933E-2","-1.3819859351475757E-14","3.0003482071146901E+0","2.8536147984426568E+0","1.6588734440753291E+2","4.6718028459884700E+1","3.054200000000000E-6"
"980","9.9082363822528352E-1","2.9734682099264149E-23","1.0219769842147692E-2","6.2276897545179895E-15","1.5236565278855488E-2","-1.7290043232674114E-14","3.0003470735909699E+0","2.8521568645147051E+0","1.6580259127695567E+2","4.6204020432966502E+1","3.054200000000000E-6"
"979","9.9083221780317665E-1","2.8499949598906046E-23","1.0235028643725382E-2","5.4264121772995723E-15","1.5241395915499910E-2","-1.5478871388650487E-14","3.0003459495524401E+0","2.8506984092362431E+0","1.6571780783904620E+2","4.5697578677446700E+1","3.054200000000000E-6"
"978","9.9084076920905906E-1","2.8601506698612094E-23","1.0250158492945551E-2","4.8547956919715613E-15","1.5246122870724434E-2","-1.3766158020256694E-14","3.0003448348928599E+0","2.8492394430069745E+0","1.6563299469836383E+2","4.5198555994774502E+1","3.054200000000000E-6"
"977","9.9084929277464984E-1","2.9163886117570675E-23","1.0265160955361435E-2","5.0731384783907834E-15","1.5250747503993805E-2","-1.4178581030985787E-14","3.0003437295076298E+0","2.8477799759698357E+0","1.6554815244454127E+2","4.4706808689094302E+1","3.054200000000000E-6"
"976","9.9085778882777953E-1","2.8391816413329312E-23","1.0280037570756193E-2","5.1467255065294971E-15","1.5255271148577708E-2","-1.4822779034663014E-14","3.0003426332937000E+0","2.8463200180184920E+0","1.6546328165272058E+2","4.4222196471241602E+1","3.054200000000000E-6"
"975","9.9086625769241976E-1","2.9111815098010838E-23","1.0294789853647042E-2","4.7737795263821609E-15","1.5259695112157683E-2","-1.3970375884753541E-14","3.0003415461495599E+0","2.8448595788045861E+0","1.6537838288397450E+2","4.3744582365201900E+1","3.054200000000000E-6"
"974","9.9087469968871444E-1","2.8875882507795332E-23","1.0309419293784402E-2","5.0485169360170018E-15","1.5264020677395226E-2","-1.5717395041013478E-14","3.0003404679752501E+0","2.8433986677447507E+0","1.6529345668571395E+2","4.3273832616960902E+1","3.054200000000000E-6"
"973","9.9088311513301564E-1","2.8898960846885975E-23","1.0323927356639045E-2","4.7785407825567010E-15","1.5268249102503455E-2","-1.4519337321375976E-14","3.0003393986722702E+0","2.8419372940273973E+0","1.6520850359208302E+2","4.2809816607346797E+1","3.054200000000000E-6"
"972","9.9089150433791418E-1","2.8507208108781022E-23","1.0338315483875317E-2","4.7558024618620841E-15","1.5272381621798061E-2","-1.4097561323027842E-14","3.0003383381436199E+0","2.8404754666192695E+0","1.6512352412433958E+2","4.2352406765880602E+1","3.054200000000000E-6"
"971","9.9089986761227644E-1","2.8688774253236914E-23","1.0352585093820119E-2","4.7240215654300368E-15","1.5276419446234365E-2","-1.3904509764026480E-14","3.0003372862937301E+0","2.8390131942717973E+0","1.6503851879122485E+2","4.1901478488975300E+1","3.054200000000000E-6"
"970","9.9090820526127810E-1","2.8601527378127638E-23","1.0366737581917954E-2","4.3642535744872633E-15","1.5280363763932674E-2","-1.3837328364704983E-14","3.0003362430284599E+0","2.8375504855272360E+0","1.6495348808932025E+2","4.1456910058967502E+1","3.054200000000000E-6"
"969","9.9091651758644184E-1","2.9739004117965017E-23","1.0380774321177771E-2","4.4479050421230821E-15","1.5284215740692697E-2","-1.3991872159302702E-14","3.0003352082550498E+0","2.8360873487246114E+0","1.6486843250339297E+2","4.1018582566784097E+1","3.054200000000000E-6"
"968","9.9092480488567081E-1","2.9579937286170750E-23","1.0394696662609977E-2","4.9412590277812959E-15","1.5287976520486515E-2","-1.4544848718985662E-14","3.0003341818821299E+0","2.8346237920054711E+0","1.6478335250673030E+2","4.0586379836326103E+1","3.054200000000000E-6"
"967","9.9093306745328824E-1","2.9859917244004838E-23","1.0408505935656051E-2","4.3177699868114581E-15","1.5291647225951303E-2","-1.3354634583395874E-14","3.0003331638196902E+0","2.8331598233194559E+0","1.6469824856146363E+2","4.0160188351546900E+1","3.054200000000000E-6"
"966","9.9094130558007165E-1","2.9847737009484996E-23","1.0422203448605080E-2","4.2199260442985037E-15","1.5295228958859224E-2","-1.4585321931129313E-14","3.0003321539790102E+0","2.8316954504296827E+0","1.6461312111888117E+2","3.9739897185159400E+1","3.054200000000000E-6"
"965","9.9094951955329336E-1","2.9621358355344243E-23","1.0435790489004820E-2","4.2524618463153216E-15","1.5298722800582816E-2","-1.3234506949553879E-14","3.0003311522727198E+0","2.8302306809179640E+0","1.6452797061973158E+2","3.9325397929684399E+1","3.054200000000000E-6"
"964","9.9095770965675611E-1","3.0239758581288915E-23","1.0449268324062821E-2","4.1073298771800034E-15","1.5302129812542819E-2","-1.2007829358412408E-14","3.0003301586147000E+0","2.8287655221898604E+0","1.6444279749451744E+2","3.8916584630994699E+1","3.054200000000000E-6"
"963","9.9096587617083109E-1","3.0281138291431602E-23","1.0462638201040582E-2","4.5755976647943472E-15","1.5305451036650713E-2","-1.3955510431125522E-14","3.0003291729200998E+0","2.8272999814795723E+0","1.6435760216377992E+2","3.8513353723287601E+1","3.054200000000000E-6"
"962","9.9097401937249652E-1","3.0731083185630005E-23","1.0475901347634490E-2","4.1904190718331709E-15","1.5308687495742044E-2","-1.2711019468955824E-14","3.0003281951053200E+0","2.8258340658546706E+0","1.6427238503837353E+2","3.8115603966030797E+1","3.054200000000000E-6"
"961","9.9098213953537617E-1","3.1068986465858014E-23","1.0489058972355187E-2","3.8208698028571691E-15","1.5311840193984934E-2","-1.1609834063555543E-14","3.0003272250879598E+0","2.8243677822206905E+0","1.6418714651973326E+2","3.7723236383280700E+1","3.054200000000000E-6"
"960","9.9099023692977661E-1","3.1471141000165985E-23","1.0502112264893516E-2","4.3463210152355213E-15","1.5314910117294819E-2","-1.3500813092818339E-14","3.0003262627868401E+0","2.8229011373255686E+0","1.6410188700013256E+2","3.7336154203957300E+1","3.054200000000000E-6"
"959","9.9099831182272635E-1","3.2303801684275942E-23","1.0515062396481112E-2","3.8799182592373589E-15","1.5317898233732981E-2","-1.3172552458093121E-14","3.0003253081219401E+0","2.8214341377639496E+0","1.6401660686293366E+2","3.6954262804644102E+1","3.054200000000000E-6"
"958","9.9100636447801349E-1","3.2863223932545247E-23","1.0527910520243529E-2","3.7935506832432550E-15","1.5320805493893964E-2","-1.1863331179923601E-14","3.0003243610143899E+0","2.8199667899813559E+0","1.6393130648282994E+2","3.6577469653692297E+1","3.054200000000000E-6"
"957","9.9101439515622414E-1","3.4000431838683567E-23","1.0540657771544124E-2","4.1356320359328921E-15","1.5323632831278668E-2","-1.2433715726408190E-14","3.0003234213864900E+0","2.8184991002782263E+0","1.6384598622608075E+2","3.6205684257037802E+1","3.054200000000000E-6"
"956","9.9879378235052108E-1","2.9678538841896603E-23","1.2338536655078256E-2","-2.9762937140655360E-13","3.0102504093205305E-3","1.2726583312583995E-11","3.0003230252606699E+0","1.4955475513423300E+0","8.6939699031124491E+1","1.7549471602038200E+0","3.054200000000000E-6"
"955","9.9883754658399992E-1","2.9675642457672671E-23","1.2347222434435466E-2","8.0867592325852128E-13","2.8977077617470481E-3","-3.6133526274894647E-11","3.0003230066995901E+0","1.4947220793265090E+0","8.6891712400041001E+1","1.7558435865063799E+0","3.054200000000000E-6"
"954","9.9875287343899621E-1","2.9708105984761204E-23","1.2331202904746158E-2","1.0875382218628426E-13","3.1152560934587549E-3","-6.8453785315515237E-12","3.0003229751296501E+0","1.4964875875996198E+0","8.6994345551199217E+1","1.7546409866945401E+0","3.054200000000000E-6"
"953","9.9872699497333739E-1","2.9724227120977077E-23","1.2326921287829659E-2","3.3840516908587027E-13","3.1815823806681889E-3","-1.4914640618073690E-11","3.0003229120142501E+0","1.4971619102707976E+0","8.7033545515138471E+1","1.7546930590185399E+0","3.054200000000000E-6"
"952","9.9890081984751822E-1","2.9655945380899518E-23","1.2361526301241698E-2","5.1240441485874009E-13","2.7346266470467404E-3","-2.5390285548974394E-11","3.0003228340796699E+0","1.4938847638789374E+0","8.6843037282395542E+1","1.7582983740008300E+0","3.054200000000000E-6"
"951","9.9868999671814807E-1","2.9715687652452494E-23","1.2321243229809044E-2","4.5446096244736681E-13","3.2762726923212080E-3","-2.0102050072940406E-11","3.0003227820465499E+0","1.4982283575656949E+0","8.7095540606346177E+1","1.7550763143691901E+0","3.054200000000000E-6"
"950","9.9866640541876028E-1","2.9729808510042262E-23","1.2317877651995743E-2","-7.4808063591156174E-13","3.3365654502381823E-3","3.2375875256714675E-11","3.0003226759350898E+0","1.4989690262669897E+0","8.7138597421165969E+1","1.7555002343238399E+0","3.054200000000000E-6"
"949","9.9864357744156673E-1","2.9737362833922010E-23","1.2314798549360378E-2","4.5509410030126356E-13","3.3948434281569637E-3","-1.9487572951080917E-11","3.0003225568000298E+0","1.4997292420110724E+0","8.7182790551588312E+1","1.7560367988774499E+0","3.054200000000000E-6"
"948","9.9102240411478126E-1","3.4274683570774671E-23","1.0553305268322925E-2","3.7444661094316752E-15","1.5326381162670008E-2","-1.2816399964380935E-14","3.0003224891616300E+0","2.8170310748138312E+0","1.6376064645073893E+2","3.5838818105619197E+1","3.054200000000000E-6"
"947","9.9861061478071000E-1","2.9751539954335331E-23","1.2310643457699923E-2","4.4493301646794655E-13","3.4788818002678599E-3","-1.9425579871976028E-11","3.0003223573821001E+0","1.5009002735103885E+0","8.7250865368744826E+1","1.7570206313215500E+0","3.054200000000000E-6"
"946","9.9858940570313470E-1","2.9755831236490152E-23","1.2308142143067231E-2","1.0386252609768379E-13","3.5328829935273539E-3","-5.9271138530429894E-12","3.0003222126170201E+0","1.5016983133221906E+0","8.7297257301245168E+1","1.7577784558837899E+0","3.054200000000000E-6"
"945","9.9900367129708911E-1","2.9695587405911852E-23","1.2390148160235599E-2","1.1495577052515141E-12","2.4686365923314788E-3","-6.1003241310575972E-11","3.0003221228856600E+0","1.4935448010587318E+0","8.6823274443531645E+1","1.7657498376731500E+0","3.054200000000000E-6"
"944","9.9902078901209113E-1","2.9700479121022141E-23","1.2395684870071937E-2","2.1997816537051402E-13","2.4242623247847255E-3","-1.2777577076107412E-11","3.0003219445282898E+0","1.4936271207711329E+0","8.6828059882158499E+1","1.7674763521714201E+0","3.054200000000000E-6"
"943","9.9853870804376543E-1","2.9760920537909812E-23","1.2302671637774248E-2","-8.3091901529379696E-14","3.6617351342308549E-3","3.4036498505374100E-12","3.0003218169742700E+0","1.5037424793755911E+0","8.7416089485011426E+1","1.7599628203726401E+0","3.054200000000000E-6"
"942","9.9851925338240299E-1","2.9756053066699067E-23","1.2300751560089959E-2","-2.7780066797586908E-13","3.7110927704356888E-3","1.2601908706982839E-11","3.0003216473645500E+0","1.5045765807892888E+0","8.7464577763303353E+1","1.7609336639290500E+0","3.054200000000000E-6"
"941","9.9905397122237649E-1","2.9685564020603801E-23","1.2407155069283547E-2","-8.6685811892599250E-13","2.3381601801464643E-3","4.1448131162627104E-11","3.0003215430324501E+0","1.4939133778447888E+0","8.6844700679575368E+1","1.7712780779559201E+0","3.054200000000000E-6"
"940","9.9906984283559586E-1","2.9685373811724436E-23","1.2413011968814494E-2","-1.2405303069224552E-12","2.2969371775680659E-3","6.7411315520059094E-11","3.0003213232892199E+0","1.4941127389859652E+0","8.6856290011921786E+1","1.7733231307121899E+0","3.054200000000000E-6"
"939","9.9847239298982116E-1","2.9755760635331963E-23","1.2296504964027696E-2","-9.6940531947173198E-14","3.8297758835865070E-3","3.3160236599770017E-12","3.0003212004173698E+0","1.5066949614092735E+0","8.7587724214494116E+1","1.7635553085235900E+0","3.054200000000000E-6"
"938","9.9845428969111472E-1","2.9755962306045227E-23","1.2295000200536046E-2","-9.3875142013170346E-14","3.8755474712599868E-3","3.6203401556873324E-12","3.0003210137396898E+0","1.5075537496477676E+0","8.7637647596013565E+1","1.7646705254648600E+0","3.054200000000000E-6"
"937","9.9909984628394166E-1","2.9567568254913219E-23","1.2424801615744300E-2","-1.0710305585180681E-12","2.2189414671456970E-3","5.7917395021027985E-11","3.0003208549160898E+0","1.4946079144427584E+0","8.6885075726653852E+1","1.7776237797198400E+0","3.054200000000000E-6"
"936","9.9103835788703531E-1","3.5538946419000840E-23","1.0578305384923825E-2","4.3033006962970287E-15","1.5331644393171103E-2","-1.3872991178780492E-14","3.0003206466201102E+0","2.8140940405551311E+0","1.6358990973677336E+2","3.5119499121762402E+1","3.054200000000000E-6"
"935","9.9841044113800381E-1","2.9755723098174562E-23","1.2291649031896021E-2","8.3779510645903731E-15","3.9862273021630144E-3","1.0685803419329393E-12","3.0003205306665701E+0","1.5097245782421378E+0","8.7763842971395192E+1","1.7675950278653301E+0","3.054200000000000E-6"
"934","9.9104100864211075E-1","3.5937895628434891E-23","1.0582434312284722E-2","3.6534895095672934E-15","1.5332491718406682E-2","-1.2268355863183725E-14","3.0003203423378002E+0","2.8136044099021285E+0","1.6356144635453569E+2","3.5001444688201097E+1","3.054200000000000E-6"
"933","9.9837666413049797E-1","2.9752835185686506E-23","1.2289335398526075E-2","2.7544823449853899E-14","4.0713037179136496E-3","-2.0551932624933899E-12","3.0003201298447801E+0","1.5114823498438545E+0","8.7866026371636494E+1","1.7700528433848901E+0","3.054200000000000E-6"
"932","9.9836838449124676E-1","2.9751912276487415E-23","1.2288802100247418E-2","-1.6666467878214117E-13","4.0921337559337830E-3","6.8943428448777676E-12","3.0003200279081401E+0","1.5119243642176481E+0","8.7891721707495620E+1","1.7706813583043901E+0","3.054200000000000E-6"
"931","9.9835201090063030E-1","2.9752920524028280E-23","1.2287785406194679E-2","1.2740993691919726E-13","4.1332980600366767E-3","-5.0092057512737477E-12","3.0003198221450300E+0","1.5128112250396533E+0","8.7943277014365279E+1","1.7719535799692001E+0","3.054200000000000E-6"
"930","9.9833587466659590E-1","2.9750815749733072E-23","1.2286831650023339E-2","-1.8263720263280332E-13","4.1738282016952118E-3","7.1630073784473910E-12","3.0003196140209800E+0","1.5137016485328099E+0","8.7995039427693953E+1","1.7732446272805900E+0","3.054200000000000E-6"
"929","9.9104894702113999E-1","3.6244345365870990E-23","1.0594757150924243E-2","4.1011725185126429E-15","1.5334983110277695E-2","-1.3867181701090753E-14","3.0003194342504900E+0","2.8121353079806299E+0","1.6347604400220894E+2","3.4650361249959502E+1","3.054200000000000E-6"
"928","9.9831209065172521E-1","2.9749204716532755E-23","1.2285510434279031E-2","4.1916234603461019E-15","4.2334992615585933E-3","-8.0501220524447662E-13","3.0003192977859401E+0","1.5150434589210797E+0","8.8073042023604941E+1","1.7752131082047600E+0","3.054200000000000E-6"
"927","9.9829649982824487E-1","2.9751035669004861E-23","1.2284697410285128E-2","-1.2963084077667304E-13","4.2725700490903167E-3","4.6755968769207770E-12","3.0003190844892300E+0","1.5159418155981450E+0","8.8125265611585519E+1","1.7765446609390401E+0","3.054200000000000E-6"
"926","9.9828111013992848E-1","2.9750347396069160E-23","1.2283934885303696E-2","8.8873926262644704E-14","4.3111018478736015E-3","-3.7999817104597714E-12","3.0003188693766401E+0","1.5168430101716259E+0","8.8177654173163916E+1","1.7778901308810799E+0","3.054200000000000E-6"
"925","9.9827348798858984E-1","2.9750414243510894E-23","1.2283571644769115E-2","-7.1185270355705918E-14","4.3301728121195307E-3","1.6739343482829116E-12","3.0003187611791802E+0","1.5172946192513848E+0","8.8203907271862590E+1","1.7785677240986100E+0","3.054200000000000E-6"
"924","9.9105686476038224E-1","3.8276562694791211E-23","1.0606984886012092E-2","3.6422857056896351E-15","1.5337399284300239E-2","-1.0007618731771623E-14","3.0003185332467299E+0","2.8106658954469714E+0","1.6339062359326630E+2","3.4303835238650997E+1","3.054200000000000E-6"
"923","9.9824346050981916E-1","2.9751015077841447E-23","1.2282231056318907E-2","1.9270213081681242E-14","4.4052188705643383E-3","-1.2622684068793783E-12","3.0003183244520200E+0","1.5191073590079380E+0","8.8309286100315788E+1","1.7813074317598900E+0","3.054200000000000E-6"
"922","9.9823606423481881E-1","2.9750873681150589E-23","1.2281922468193434E-2","-9.5529024963891365E-14","4.4236832644014472E-3","3.4999369870418474E-12","3.0003182143522400E+0","1.5195620331240258E+0","8.8335717376790029E+1","1.7819990903523899E+0","3.054200000000000E-6"
"921","9.9922517847703551E-1","2.9491274488173739E-23","1.2486723826817340E-2","-4.4235532498338093E-13","1.8921647190700156E-3","2.9683664610459450E-11","3.0003179895167600E+0","1.4986664428888588E+0","8.7121007537244921E+1","1.8030945026941800E+0","3.054200000000000E-6"
"920","9.9820689570968024E-1","2.9750910794214455E-23","1.2280786011218795E-2","3.3959788780294397E-13","4.4964202449696584E-3","-7.8099544886172335E-12","3.0003177706406001E+0","1.5213862184751177E+0","8.8441761564591729E+1","1.7847893697750501E+0","3.054200000000000E-6"
"919","9.9106476210102734E-1","3.9612707538248838E-23","1.0619118547967758E-2","3.2879844156239324E-15","1.5339741073948350E-2","-1.1673809191720027E-14","3.0003176392555999E+0","2.8091961777688326E+0","1.6330518544555682E+2","3.3961787904296202E+1","3.054200000000000E-6"
"918","9.9818543492749590E-1","2.3919246116685313E-23","1.2280029518635757E-2","8.8754878229503991E-14","4.5498537184413129E-3","-3.2562991100253758E-12","3.0003174346767199E+0","1.5227597347466948E+0","8.8521607298121296E+1","1.7869041869347599E+0","3.054200000000000E-6"
"917","9.9817131488144173E-1","2.8370147984269486E-23","1.2279567447002513E-2","3.1697547204313869E-13","4.5849714040446876E-3","-7.3892641913562404E-12","3.0003172093314601E+0","1.5236777855065724E+0","8.8574975749487095E+1","1.7883232640205999E+0","3.054200000000000E-6"
"916","9.9107001578001797E-1","4.0049748414891244E-23","1.0627155894933207E-2","3.8967594145447136E-15","1.5341261347387601E-2","-1.2584390406710796E-14","3.0003170471228300E+0","2.8082161991048089E+0","1.6324821697937153E+2","3.3736206377234701E+1","3.054200000000000E-6"
"915","9.9815040244503417E-1","2.1613571304813035E-23","1.2278933667144281E-2","3.1228868926182314E-13","4.6369254435005931E-3","-7.9051882444071729E-12","3.0003168694327100E+0","1.5250581987182488E+0","8.8655222418377036E+1","1.7904640848989299E+0","3.054200000000000E-6"
"914","9.9926610069201827E-1","2.9475154812297256E-23","1.2512727183033239E-2","-4.3966547634010539E-12","1.7851228591718269E-3","2.6077631938642218E-10","3.0003166509014001E+0","1.5008568638264774E+0","8.7248341861651468E+1","1.8147596392521601E+0","3.054200000000000E-6"
"913","9.9107526056880269E-1","4.0111125216341942E-23","1.0635152180004201E-2","4.0827379434861098E-15","1.5342749164460314E-2","-1.3443913360231993E-14","3.0003164580551802E+0","2.8072360887566261E+0","1.6319124085807616E+2","3.3512558661947303E+1","3.054200000000000E-6"
"912","9.9811622250560306E-1","3.6979816030995650E-23","1.2278023489646612E-2","2.8969328358786073E-13","4.7216931383175630E-3","-6.8824608584794788E-12","3.0003162984333001E+0","1.5273671264533828E+0","8.8789445821836850E+1","1.7940599197527300E+0","3.054200000000000E-6"
"911","9.9928060669535168E-1","2.9476796173094590E-23","1.2522827814206931E-2","6.1871878737809002E-12","1.7471361207134827E-3","-3.7030266203797142E-10","3.0003161162689498E+0","1.5017604514429106E+0","8.7300869536448872E+1","1.8193964973833201E+0","3.054200000000000E-6"
"910","9.9108049653669839E-1","3.9796320954719462E-23","1.0643107697199884E-2","3.2413309349182448E-15","1.5344204761490805E-2","-1.0762816843456450E-14","3.0003158720323801E+0","2.8062558482578366E+0","1.6313425717081967E+2","3.3290822651019297E+1","3.054200000000000E-6"
"909","9.9808282742170296E-1","2.9357470763408692E-23","1.2277278600976231E-2","2.4093137803252975E-13","4.8043352584812163E-3","-5.3002593276595059E-12","3.0003157225432102E+0","1.5296854112095291E+0","8.8924213170950495E+1","1.7976836707941699E+0","3.054200000000000E-6"
"908","9.9108311123432069E-1","4.0001771939362422E-23","1.0647070258926226E-2","3.7707487737074122E-15","1.5344920550588769E-2","-1.1782514440253713E-14","3.0003155801564998E+0","2.8057656796751465E+0","1.6310576251746321E+2","3.3180664711942100E+1","3.054200000000000E-6"
"907","9.9930073722662793E-1","2.9499506259294042E-23","1.2537707893530880E-2","6.0466057585341950E-12","1.6943821803055148E-3","-3.7081963992572571E-10","3.0003153161304401E+0","1.5031367404840656E+0","8.7380876457599896E+1","1.8263178551180199E+0","3.054200000000000E-6"
"906","9.9805015821543996E-1","3.1510042871454319E-23","1.2276681625394742E-2","2.0352706908656504E-13","4.8850074113662989E-3","-4.3844769013965827E-12","3.0003151424962500E+0","1.5320121169855530E+0","8.9059470053769047E+1","1.8013284838964201E+0","3.054200000000000E-6"
"905","9.9108833409962604E-1","4.0616946160918101E-23","1.0654965169217065E-2","3.6147671740283591E-15","1.5346328254673254E-2","-1.1304417985601564E-14","3.0003149986633399E+0","2.8047852467776191E+0","1.6304876764561527E+2","3.2961755490755699E+1","3.054200000000000E-6"
"904","9.9931320508021881E-1","2.9500918641302210E-23","1.2547467818527069E-2","3.1801253565220027E-12","1.6616861084005768E-3","-1.9487921360680432E-10","3.0003147840903401E+0","1.5040655334932387E+0","8.7434869381199832E+1","1.8309098493690299E+0","3.054200000000000E-6"
"903","9.9801816312017444E-1","2.8084522518748571E-23","1.2276217632799073E-2","1.8996223562249932E-13","4.9638462808758461E-3","-4.1750594847098805E-12","3.0003145589204201E+0","1.5343464447728170E+0","8.9195170022039918E+1","1.8049884462528700E+0","3.054200000000000E-6"
"902","9.9109354831489072E-1","4.0766376338575629E-23","1.0662820033983148E-2","3.1256080275525995E-15","1.5347704317614074E-2","-1.0616411598409720E-14","3.0003144201651200E+0","2.8038046874675180E+0","1.6299176542510693E+2","3.2744704066163202E+1","3.054200000000000E-6"
"901","9.9799927038769110E-1","3.1184567979929386E-23","1.2275997620637408E-2","1.8658305660268105E-13","5.0103204856749200E-3","-3.5218576992226029E-12","3.0003142073094300E+0","1.5357504098908819E+0","8.9276785818679215E+1","1.8071895273575400E+0","3.054200000000000E-6"
"900","9.9933066550436589E-1","2.9488082821718133E-23","1.2561897750992359E-2","-1.2240860845108696E-11","1.6158670393377219E-3","7.6791031918123664E-10","3.0003139882275800E+0","1.5054721977223640E+0","8.7516642083517610E+1","1.8377660062017001E+0","3.054200000000000E-6"
"899","9.9109875394749003E-1","4.0535386152520157E-23","1.0670635137180192E-2","3.5977182251661617E-15","1.5349048966306192E-2","-1.2315225758686548E-14","3.0003138446422200E+0","2.8028240032027125E+0","1.6293475594068750E+2","3.2529489405931898E+1","3.054200000000000E-6"
"898","9.9796826087965229E-1","3.0848360419955556E-23","1.2275720226051289E-2","1.4399094138104130E-13","5.0864718562938262E-3","-2.3429465233191014E-12","3.0003136191834501E+0","1.5380955409256158E+0","8.9413113805151681E+1","1.8108632993563900E+0","3.054200000000000E-6"
"897","9.9934156861946055E-1","2.9481691291434433E-23","1.2571392875625125E-2","-1.0755318780896806E-11","1.5872369580018971E-3","7.0236379196268036E-10","3.0003134591222600E+0","1.5064174394770660E+0","8.7571591211408389E+1","1.8423166181027899E+0","3.054200000000000E-6"
"896","9.9794992884402101E-1","3.1322686462709000E-23","1.2275603709653311E-2","1.6492000030240330E-13","5.1314146391682365E-3","-3.7601826797084726E-12","3.0003132651955400E+0","1.5395055398548461E+0","8.9495080361435001E+1","1.8130692749529600E+0","3.054200000000000E-6"
"895","9.9793781680615012E-1","3.2331102347472605E-23","1.2275545559702731E-2","1.7381279002363055E-13","5.1610772784237754E-3","-3.5996370688275267E-12","3.0003130287930402E+0","1.5404466888253776E+0","8.9549791566149295E+1","1.8145401249070701E+0","3.054200000000000E-6"
"894","9.9793179278418975E-1","3.2214883471408550E-23","1.2275522129473712E-2","1.4315924672860573E-13","5.1758209487366112E-3","-2.6163357610809968E-12","3.0003129104774700E+0","1.5409175969721598E+0","8.9577166565035711E+1","1.8152755235538400E+0","3.054200000000000E-6"
"893","9.9791980745766351E-1","3.3194348034732920E-23","1.2275486219784528E-2","1.5832426491691985E-13","5.2051363720673994E-3","-3.6348355223579198E-12","3.0003126736317700E+0","1.5418600627742762E+0","8.9631954320269287E+1","1.8167461288738100E+0","3.054200000000000E-6"
"892","9.9790790411254027E-1","3.4091156575348317E-23","1.2275464478299958E-2","1.4620506472251522E-13","5.2342269234044222E-3","-3.7197321806476055E-12","3.0003124365178802E+0","1.5428033718427927E+0","8.9686791096563397E+1","1.8182163033105001E+0","3.054200000000000E-6"
"891","9.9790198258583029E-1","3.3262507717208235E-23","1.2275458764071987E-2","1.7490653026847165E-13","5.2486894548697876E-3","-4.2092885045704512E-12","3.0003123178668401E+0","1.5432753343799985E+0","8.9714227389646680E+1","1.8189511638231499E+0","3.054200000000000E-6"
"890","9.9111432001490829E-1","4.0498555935747532E-23","1.0693844675165751E-2","3.1349957582337245E-15","1.5352896656975782E-2","-1.2062223978833507E-14","3.0003121357318601E+0","2.7998812149490595E+0","1.6276368473345289E+2","3.1894660096714500E+1","3.054200000000000E-6"
"889","9.9937128327024560E-1","2.9480100671432669E-23","1.2599373152759897E-2","-1.8248272908010162E-12","1.5091348818552658E-3","1.3345835045433708E-10","3.0003118785820200E+0","1.5092806871203388E+0","8.7738038535757454E+1","1.8558810973386799E+0","3.054200000000000E-6"
"888","9.9787266731919810E-1","3.6599292269702862E-23","1.2275479395885625E-2","9.8458492396897313E-14","5.3201987781726122E-3","-1.8935706723705887E-12","3.0003117237681902E+0","1.5456381031684354E+0","8.9851580700253550E+1","1.8226222383649100E+0","3.054200000000000E-6"
"887","9.9111949197978066E-1","4.1097041788444957E-23","1.0701503516223976E-2","3.0148235826473755E-15","1.5354117866033025E-2","-1.1691431363364269E-14","3.0003115719175599E+0","2.7989000450336783E+0","1.6270664701702248E+2","3.1686588014185801E+1","3.054200000000000E-6"
"886","9.9938032259125398E-1","2.9476840532716679E-23","1.2608555078376589E-2","7.2084155816939615E-12","1.4853529909131689E-3","-4.6795146709658049E-10","3.0003113538626001E+0","1.5102424201520648E+0","8.7793946340394953E+1","1.8603761291142400E+0","3.054200000000000E-6"
"885","9.9784381976614744E-1","3.5529985552098570E-23","1.2275577007570947E-2","1.0856237007107730E-13","5.3904211156617374E-3","-2.3789601102821998E-12","3.0003111284708899E+0","1.5480055354512825E+0","8.9989205110766306E+1","1.8262858501262600E+0","3.054200000000000E-6"
"884","9.9783810416376983E-1","3.5427890784994403E-23","1.2275605203992722E-2","1.0253336091580836E-13","5.4043170306587278E-3","-1.7676884227357763E-12","3.0003110092907699E+0","1.5484795520216521E+0","9.0016760809631705E+1","1.8270174422180601E+0","3.054200000000000E-6"
"883","9.9782672534987038E-1","3.6223255963237361E-23","1.2275669889739297E-2","1.2296696886027407E-13","5.4319643376934644E-3","-1.8777299222746647E-12","3.0003107708255099E+0","1.5494280953327992E+0","9.0071901864769089E+1","1.8284793361003200E+0","3.054200000000000E-6"
"882","9.9939318172521341E-1","2.9480075172923257E-23","1.2622212338391867E-2","-4.0346226395982223E-12","1.4515020616146562E-3","2.7816186074774626E-10","3.0003105686239602E+0","1.5116904388147299E+0","8.7878123073264845E+1","1.8670964533393899E+0","3.054200000000000E-6"
"881","9.9780978540002763E-1","3.5796596203283157E-23","1.2275786977258927E-2","1.3915502649594139E-13","5.4730811811683584E-3","-3.1241947613168233E-12","3.0003104128926701E+0","1.5508521505130448E+0","9.0154685544006256E+1","1.8306686672812200E+0","3.054200000000000E-6"
"880","9.9113238592157749E-1","4.0680080721172337E-23","1.0720483277850920E-2","3.2387486690563116E-15","1.5357038709307484E-2","-1.1789054243383179E-14","3.0003101749406800E+0","2.7964466070484595E+0","1.6256402289261067E+2","3.1173960349076498E+1","3.054200000000000E-6"
"879","9.9940132689657857E-1","2.9478429008277969E-23","1.2631247224051140E-2","8.9550030413071168E-12","1.4300481623795056E-3","-5.9687740023405314E-10","3.0003100462920398E+0","1.5126589317703054E+0","8.7934423848185659E+1","1.8715628010891401E+0","3.054200000000000E-6"
"878","9.9778188274824831E-1","4.0277878191061199E-23","1.2276032788718203E-2","8.6683672377779743E-14","5.5406953997441145E-3","-1.2074503808134620E-12","3.0003098158269301E+0","1.5532287353829504E+0","9.0292842015945951E+1","1.8343069940880199E+0","3.054200000000000E-6"
"877","9.9113752927759968E-1","4.0868739939380360E-23","1.0728008943664769E-2","2.7488115971608603E-15","1.5358154726077915E-2","-1.0700662834065579E-14","3.0003096211250799E+0","2.7954650300520867E+0","1.6250696151160412E+2","3.0971880085567399E+1","3.054200000000000E-6"
"876","9.9776533236785903E-1","4.0322184052621069E-23","1.2276208931780537E-2","6.9266112274316469E-14","5.5807346292822404E-3","-5.1900268155400689E-13","3.0003094573520399E+0","1.5546564909515181E+0","9.0375840807465408E+1","1.8364829081301499E+0","3.054200000000000E-6"
"875","9.9941296149534309E-1","2.9491234350062618E-23","1.2644705344030782E-2","-1.0463534551007711E-11","1.3993863461080110E-3","7.1384230431475853E-10","3.0003092644231799E+0","1.5141157325026635E+0","8.8019111103435989E+1","1.8782432492343899E+0","3.054200000000000E-6"
"874","9.9114266460214306E-1","4.1181786442201183E-23","1.0735497152028121E-2","3.7119164570020978E-15","1.5359241155490059E-2","-1.2867513981332035E-14","3.0003090701251298E+0","2.7944833396885778E+0","1.6244989354029917E+2","3.0771469273764001E+1","3.054200000000000E-6"
"873","9.9773805392570736E-1","3.8401057079966481E-23","1.2276547096914198E-2","1.3215100520196592E-13","5.6466195305612810E-3","-2.7927814486277863E-12","3.0003088596304099E+0","1.5570389258435655E+0","9.0514337354960631E+1","1.8400962571538899E+0","3.054200000000000E-6"
"872","9.9773264277660567E-1","4.1002757241356691E-23","1.2276621112188043E-2","8.3455778302348784E-14","5.6596728725438264E-3","-1.6365737200652336E-12","3.0003087400590198E+0","1.5575158231365782E+0","9.0542060517013269E+1","1.8408168167331000E+0","3.054200000000000E-6"
"871","9.9772186392150641E-1","4.2092009351482485E-23","1.2276775266509294E-2","1.0166978813763541E-13","5.6856588383691169E-3","-2.0152178135837774E-12","3.0003085008996702E+0","1.5584700145323092E+0","9.0597529908600634E+1","1.8422557114901099E+0","3.054200000000000E-6"
"870","9.9771114211269174E-1","4.0608729756568070E-23","1.2276937380542958E-2","1.3219347183247033E-13","5.7114861866688921E-3","-2.8503123918606991E-12","3.0003082617265200E+0","1.5594247242778005E+0","9.0653029433079553E+1","1.8436915494859600E+0","3.054200000000000E-6"
"869","9.9770580227907191E-1","3.9406681230163656E-23","1.2277021347591420E-2","1.1053724671717443E-13","5.7243412366446943E-3","-2.3852451865626212E-12","3.0003081421378002E+0","1.5599022696193974E+0","9.0680790267721605E+1","1.8444082888560200E+0","3.054200000000000E-6"
"868","9.9943096133447995E-1","2.9486018093154577E-23","1.2666914692287758E-2","-9.8013190431749586E-12","1.3519080895158882E-3","6.6133108863353229E-10","3.0003079653026199E+0","1.5165528214037380E+0","8.8160784817107839E+1","1.8893307290437900E+0","3.054200000000000E-6"
"867","9.9943437192186735E-1","2.9483698370039052E-23","1.2671327020519136E-2","7.6814152925344194E-12","1.3429060076500590E-3","-5.3304915913219170E-10","3.0003077060332100E+0","1.5170414077145231E+0","8.8189187489274474E+1","1.8915418786968501E+0","3.054200000000000E-6"
"866","9.9767930886778233E-1","3.7535546985780835E-23","1.2277469139576076E-2","7.7551094348605851E-14","5.7880434487011870E-3","-1.1745093518783988E-12","3.0003075442188800E+0","1.5622918412353384E+0","9.0819701689773524E+1","1.8479796748273001E+0","3.054200000000000E-6"
"865","9.9767405049955959E-1","3.7427630935115054E-23","1.2277564097261771E-2","1.0090896825122979E-13","5.8006715175299949E-3","-1.7648624089190549E-12","3.0003074246477799E+0","1.5627701144979067E+0","9.0847504840174864E+1","1.8486914024374701E+0","3.054200000000000E-6"
"864","9.9766357315195853E-1","3.5259414773733249E-23","1.2277759201182421E-2","6.2214735077550006E-14","5.8258177512811749E-3","-1.1038303433396667E-12","3.0003071855267400E+0","1.5637270089397990E+0","9.0903131366197385E+1","1.8501122131449499E+0","3.054200000000000E-6"
"863","9.9765314757985735E-1","3.5214974495323850E-23","1.2277961055231497E-2","6.9554497504261457E-14","5.8508194301251423E-3","-8.0244655940415439E-13","3.0003069464406500E+0","1.5646843584841825E+0","9.0958784348398851E+1","1.8515294191492599E+0","3.054200000000000E-6"
"862","9.9764795393703720E-1","3.7236727989495362E-23","1.2278064452219859E-2","4.7879653972007636E-14","5.8632667894954089E-3","-4.1521038053814164E-13","3.0003068269131798E+0","1.5651632007099356E+0","9.0986620573969219E+1","1.8522366418574101E+0","3.054200000000000E-6"
"861","9.9116567583425297E-1","4.1896594568539348E-23","1.0768737432997189E-2","2.6286033960754339E-15","1.5363769348074874E-2","-1.1235830074725753E-14","3.0003066249908801E+0","2.7900643638867715E+0","1.6219300807658388E+2","2.9889792308205301E+1","3.054200000000000E-6"
"860","9.9945057792756564E-1","2.9497795629960917E-23","1.2693259578457480E-2","-4.0331943161845676E-11","1.3001038737970199E-3","2.8259814029448315E-9","3.0003064122101502E+0","1.5194892347871547E+0","8.8331485438131935E+1","1.9025682595006801E+0","3.054200000000000E-6"
"859","9.9762217294754618E-1","3.8037232027294138E-23","1.2278605197081138E-2","7.2441033584246582E-14","5.9249800285082034E-3","-1.3216177180152563E-12","3.0003062294691900E+0","1.5675590371729644E+0","9.1125896186327083E+1","1.8557585175251801E+0","3.054200000000000E-6"
"858","9.9117076808761617E-1","4.2413458374293421E-23","1.0776024184239274E-2","2.8391205968991595E-15","1.5364696624494712E-2","-1.0756200343136732E-14","3.0003060891600799E+0","2.7890820723128544E+0","1.6213590515550288E+2","2.9698241055435300E+1","3.054200000000000E-6"
"857","9.9760685049088427E-1","4.0090925032867666E-23","1.2278947845006718E-2","7.4646618784372406E-14","5.9615988636215391E-3","-1.3155589727432624E-12","3.0003058711897399E+0","1.5689977970469624E+0","9.1209534684020568E+1","1.8578598713015499E+0","3.054200000000000E-6"
"856","9.9945967991911422E-1","3.0556717191910555E-23","1.2706326269279439E-2","1.6390816369909781E-11","1.2760435024584806E-3","-1.1594660140221535E-9","3.0003056377883599E+0","1.5209613482039885E+0","8.8417062855770283E+1","1.9091623464779399E+0","3.054200000000000E-6"
"855","9.9759163443428245E-1","3.8869489460856353E-23","1.2279303440430529E-2","7.9846078584842651E-14","5.9979194333880971E-3","-1.1490760982657219E-12","3.0003055130785401E+0","1.5704374635558360E+0","9.1293225886533193E+1","1.8599520613193801E+0","3.054200000000000E-6"
"854","9.9117839217101888E-1","4.2676315693447069E-23","1.0786887225860402E-2","2.6665315927274145E-15","1.5366034527455882E-2","-1.0976923299896031E-14","3.0003052904742900E+0","2.7876084377046615E+0","1.6205023930743062E+2","2.9413823003052201E+1","3.054200000000000E-6"
"853","9.9946551194803479E-1","3.0555129726089837E-23","1.2715003001800994E-2","1.3822882059550001E-11","1.2606188032336953E-3","-9.7677876304241172E-10","3.0003051222235602E+0","1.5219439843272606E+0","8.8474185806316186E+1","1.9135502666222299E+0","3.054200000000000E-6"
"852","9.9756650404567049E-1","3.9955763720776199E-23","1.2279923409110013E-2","7.1454243263285231E-14","6.0578089400653975E-3","-1.1840310665612290E-12","3.0003049166585800E+0","1.5728388457477793E+0","9.1432823885165107E+1","1.8634179723311299E+0","3.054200000000000E-6"
"851","9.9118346544837976E-1","4.1244093821842133E-23","1.0794084883775546E-2","2.1653832377976407E-15","1.5366891396827446E-2","-8.4355695622311645E-15","3.0003047613660598E+0","2.7866258848267984E+0","1.6199312119613626E+2","2.9226125710231099E+1","3.054200000000000E-6"
"850","9.9755155977715437E-1","4.0273142582054910E-23","1.2280310946956509E-2","5.9746764585427132E-14","6.0933661120114056E-3","-1.0490544372069648E-12","3.0003045590987099E+0","1.5742807943315755E+0","9.1516647750064010E+1","1.8654844689644401E+0","3.054200000000000E-6"
"849","9.9947393023125808E-1","3.5159064658791731E-23","1.2727971003876782E-2","-8.9206131782800532E-12","1.2383420788014922E-3","6.2906929544593084E-10","3.0003043498818802E+0","1.5234195831737360E+0","8.8559965840182784E+1","1.9201204378938801E+0","3.054200000000000E-6"
"848","9.9753671321781667E-1","4.0138839469849480E-23","1.2280709564167009E-2","7.1490353356963207E-14","6.1286482919056797E-3","-1.1865502171741801E-12","3.0003042017811699E+0","1.5757235514583416E+0","9.1600518617468722E+1","1.8675408849059900E+0","3.054200000000000E-6"
"847","9.9119106134333745E-1","4.0335477277983766E-23","1.0804815415025223E-2","2.8418862172058436E-15","1.5368124567200096E-2","-1.0440880594174538E-14","3.0003039726854102E+0","2.7851518636536459E+0","1.6190743287613307E+2","2.8947410631899000E+1","3.054200000000000E-6"
"846","9.9947933537275391E-1","3.5206111713547430E-23","1.2736587313348736E-2","2.5319754792970438E-12","1.2240311323143433E-3","-2.0180353350078187E-10","3.0003038356203202E+0","1.5244043122835980E+0","8.8617210460965154E+1","1.9244929534192201E+0","3.054200000000000E-6"
"845","9.9751218024824728E-1","3.8809208673715931E-23","1.2281397319293362E-2","6.3873856729756098E-14","6.1868564785999280E-3","-1.0270375644803486E-12","3.0003036068388100E+0","1.5781298788379510E+0","9.1740404091498490E+1","1.8709452229959100E+0","3.054200000000000E-6"
"844","9.9119611601039959E-1","4.0532449661347812E-23","1.0811925477486889E-2","2.4216700651720164E-15","1.5368912192639856E-2","-1.1166171304748250E-14","3.0003034501953398E+0","2.7841690566030168E+0","1.6185029998917761E+2","2.8763464160352299E+1","3.054200000000000E-6"
"843","9.9749758389337684E-1","3.7824874084535555E-23","1.2281823310041615E-2","5.1002525437156980E-14","6.2214331123724908E-3","-7.8864043634574722E-13","3.0003032502529501E+0","1.5795746777962705E+0","9.1824393655376966E+1","1.8729736533690100E+0","3.054200000000000E-6"
"842","9.9948715247335851E-1","3.5213769558696477E-23","1.2749471932575258E-2","4.6121377645183563E-12","1.2033231273514873E-3","-3.4429656159042815E-10","3.0003030651171199E+0","1.5258827505100470E+0","8.8703155554672279E+1","1.9310417713912000E+0","3.054200000000000E-6"
"841","9.9748307770192135E-1","3.8032992726654317E-23","1.2282258807298583E-2","7.2397865367854422E-14","6.2557549981722459E-3","-1.2113148556099038E-12","3.0003028939712100E+0","1.5810202024651128E+0","9.1908425406516159E+1","1.8749911955535501E+0","3.054200000000000E-6"
"840","9.9120368426001448E-1","4.0847315961516289E-23","1.0822525718753966E-2","2.8088878576711644E-15","1.5370042351135765E-2","-1.0969831925455926E-14","3.0003026713649601E+0","2.7826946593812152E+0","1.6176458980858141E+2","2.8490299941982499E+1","3.054200000000000E-6"
"839","9.9746865978674437E-1","3.8820003380709389E-23","1.2282703425237540E-2","6.6949661117718052E-14","6.2898272050140426E-3","-1.3243242870638981E-12","3.0003025380086501E+0","1.5824664324819433E+0","9.1992498161193978E+1","1.8769976450407300E+0","3.054200000000000E-6"
"838","9.9745909598384030E-1","3.9726986242859174E-23","1.2283004721201585E-2","3.9202847536074137E-14","6.3124057225431183E-3","-8.9437329624397907E-13","3.0003023008847300E+0","1.5834309680183536E+0","9.2048568882024668E+1","1.8783290169045399E+0","3.054200000000000E-6"
"837","9.9120872067525068E-1","4.1231293201863596E-23","1.0829549648651050E-2","2.1111019339239933E-15","1.5370761864059156E-2","-9.1541887688085684E-15","3.0003021553909601E+0","2.7817116050506900E+0","1.6170744254666360E+2","2.8310004579551599E+1","3.054200000000000E-6"
"836","9.9744482118061362E-1","3.9834788556191252E-23","1.2283463727239374E-2","4.6725248755933034E-14","6.3460725893116779E-3","-6.3304235760669944E-13","3.0003019454857598E+0","1.5848783306593381E+0","9.2132707478810275E+1","1.8803165395969901E+0","3.054200000000000E-6"
"835","9.9949946517592181E-1","3.5217508176378890E-23","1.2770850947539885E-2","7.4759425057238863E-11","1.1706780118427504E-3","-5.5325269024623649E-9","3.0003017831341898E+0","1.5283499735763866E+0","8.8846581038293763E+1","1.9419302400043601E+0","3.054200000000000E-6"
"834","9.9743062993647180E-1","4.1599175142524851E-23","1.2283930903238127E-2","5.1919249864071514E-14","6.3795024590472451E-3","-1.0102243635857406E-12","3.0003015904428998E+0","1.5863263483893681E+0","9.2216884157463895E+1","1.8822924526502200E+0","3.054200000000000E-6"
"833","9.9121626181190137E-1","4.1704802403761996E-23","1.0840021768624314E-2","2.7139481913212582E-15","1.5371790684617349E-2","-1.0625814857866970E-14","3.0003013862594101E+0","2.7802368419463881E+0","1.6162171109645652E+2","2.8042244145422501E+1","3.054200000000000E-6"
"832","9.9741652059181851E-1","4.1982407920320202E-23","1.2284405919496947E-2","7.0538215041212991E-14","6.4126997977489624E-3","-1.3775387694296853E-12","3.0003012357688701E+0","1.5877750037484795E+0","9.2301097902996702E+1","1.8842565714633699E+0","3.054200000000000E-6"
"831","9.9950645820002726E-1","3.5217515504581449E-23","1.2783627549165450E-2","4.9253446977403772E-12","1.1521212078411933E-3","-3.6036264513214663E-10","3.0003010151473202E+0","1.5298319628862380E+0","8.8932732564836797E+1","1.9484491762878600E+0","3.054200000000000E-6"
"830","9.9122128032671353E-1","4.1896346414356397E-23","1.0846960994888032E-2","2.8854258701423480E-15","1.5372443185774685E-2","-1.1459255260191724E-14","3.0003008767016501E+0","2.7792535470001596E+0","1.6156454984698158E+2","2.7865503472398501E+1","3.054200000000000E-6"
"829","9.9739318268274479E-1","4.3257088074385952E-23","1.2285214182767781E-2","6.6973647862999451E-14","6.4675236280571750E-3","-1.1879630140895096E-12","3.0003006454979402E+0","1.5901908010606403E+0","9.2441533886493815E+1","1.8875034099342201E+0","3.054200000000000E-6"
"828","9.9951096763792180E-1","3.5225797905424484E-23","1.2792126274865413E-2","6.0942423232050769E-11","1.1401482550822972E-3","-4.5259596828068631E-9","3.0003005036196702E+0","1.5308205672987016E+0","8.8990202466080177E+1","1.9527892269761700E+0","3.054200000000000E-6"
"827","9.9737928403527221E-1","4.4527001600171722E-23","1.2285708594230352E-2","6.3138832018140890E-14","6.5001216241217692E-3","-1.1242511107243199E-12","3.0003002918655901E+0","1.5916410765633260E+0","9.2525841814785721E+1","1.8894352145331601E+0","3.054200000000000E-6"
"826","9.9122879487229232E-1","4.1973935955813955E-23","1.0857307112070350E-2","2.8238265556886797E-15","1.5373372297111859E-2","-1.2541297167411628E-14","3.0003001171208799E+0","2.7777784278434599E+0","1.6147879769861063E+2","2.7603004587767099E+1","3.054200000000000E-6"
"825","9.9736546165567075E-1","4.5327288503059546E-23","1.2286209746443585E-2","5.1025951936239795E-14","6.5325022608408081E-3","-8.7685976028088407E-13","3.0002999386442299E+0","1.5930919313369829E+0","9.2610183417462537E+1","1.8913545901192099E+0","3.054200000000000E-6"
"824","9.9951751570465908E-1","3.5320037605842305E-23","1.2804848172599108E-2","-5.5627957184641133E-11","1.1227533315947243E-3","4.1309573456064719E-9","3.0002997369807298E+0","1.5323043104720935E+0","8.9076455948838642E+1","1.9592917590812000E+0","3.054200000000000E-6"
"823","9.9735171412121848E-1","4.5390324835615513E-23","1.2286717366480729E-2","4.6208295514748039E-14","6.5646693755004645E-3","-8.3765904970364421E-13","3.0002995858442500E+0","1.5945433508614848E+0","9.2694557850435146E+1","1.8932613727839001E+0","3.054200000000000E-6"
"822","9.9123629370946220E-1","4.2547751146742207E-23","1.0867578624131631E-2","2.1823851776792391E-15","1.5374242346443001E-2","-9.3806317488141259E-15","3.0002993632008601E+0","2.7763030996390330E+0","1.6139303339780326E+2","2.7343596303356701E+1","3.054200000000000E-6"
"821","9.9952174391270809E-1","3.5320328993706052E-23","1.2813313222935196E-2","1.2394107974923779E-11","1.1115147565695835E-3","-9.9180578138435327E-10","3.0002992263011099E+0","1.5332939878982541E+0","8.9133988226893649E+1","1.9636211077253500E+0","3.054200000000000E-6"
"820","9.9732896416204786E-1","4.5806613818640392E-23","1.2287577064344661E-2","5.4236534253881469E-14","6.6178167905844723E-3","-9.9385437312255967E-13","3.0002989988075299E+0","1.5969636006703571E+0","9.2835252668045356E+1","1.8964109277124499E+0","3.054200000000000E-6"
"819","9.9124128429731917E-1","4.2521488162293940E-23","1.0874385214838307E-2","2.9201111084129363E-15","1.5374789844692897E-2","-1.2362833011190053E-14","3.0002988637069499E+0","2.7753194330246473E+0","1.6133585054238361E+2","2.7172350431375001E+1","3.054200000000000E-6"
"818","9.9731540959075726E-1","4.5505452867245734E-23","1.2288100675266377E-2","4.2050351244736208E-14","6.6494323924428866E-3","-5.3378943552267803E-13","3.0002986471787900E+0","1.5984164592414098E+0","9.2919710756180862E+1","1.8982833585078001E+0","3.054200000000000E-6"
"817","9.9952789142103393E-1","3.5320812691816375E-23","1.2825988456187742E-2","-1.7860893039460059E-11","1.0951658251739244E-3","1.2482792219206861E-9","3.0002984608630801E+0","1.5347792127490079E+0","8.9220327843044387E+1","1.9701077264152100E+0","3.054200000000000E-6"
"816","9.9730192501349657E-1","4.7045807924426557E-23","1.2288629838632962E-2","4.6255779727738296E-14","6.6808475711779862E-3","-7.6564013221203330E-13","3.0002982960059801E+0","1.5998698337543140E+0","9.3004198837230504E+1","1.9001426275866200E+0","3.054200000000000E-6"
"815","9.9124875735721929E-1","4.1598520034807055E-23","1.0884534012958606E-2","2.0077343030036490E-15","1.5375562700356078E-2","-8.9842019166373502E-15","3.0002981191075402E+0","2.7738437638303659E+0","1.6125006641903349E+2","2.6917985723754299E+1","3.054200000000000E-6"
"814","9.9728850919895951E-1","4.8313751726378415E-23","1.2289164325947859E-2","4.1563166975223507E-14","6.7120656555663136E-3","-5.8746559329901935E-13","3.0002979452976501E+0","1.6013237119968682E+0","9.3088716201270259E+1","1.9019885875767299E+0","3.054200000000000E-6"
"813","9.9727960293249829E-1","4.8390953526923477E-23","1.2289523499482096E-2","5.1410159679771043E-14","6.7327698148894636E-3","-1.0064018084333084E-12","3.0002977117542100E+0","1.6022932381726238E+0","9.3145077039711893E+1","1.9032117621761899E+0","3.054200000000000E-6"
"812","9.9727516095204372E-1","4.7972286399637401E-23","1.2289703916959896E-2","4.7567230944310869E-14","6.7430898778023376E-3","-7.6141097749089764E-13","3.0002975950620101E+0","1.6027780821860904E+0","9.3173262163327649E+1","1.9038210939742399E+0","3.054200000000000E-6"
"811","9.9125621518932516E-1","4.0855101799032599E-23","1.0894610143109740E-2","2.9454004182779088E-15","1.5376277971021625E-2","-1.0397747127654464E-14","3.0002973800332202E+0","2.7723678943895749E+0","1.6116427065488247E+2","2.6666584245802600E+1","3.054200000000000E-6"
"810","9.9953765094461744E-1","3.5445713177465162E-23","1.2847060180723995E-2","-2.5972122600250680E-11","1.0691878352273967E-3","1.9025791889215415E-9","3.0002971865734600E+0","1.5372562842842599E+0","8.9364325841342804E+1","1.9809004343524399E+0","3.054200000000000E-6"
"809","9.9725306088751775E-1","4.8346797591848666E-23","1.2290614003348608E-2","3.6507975724590343E-14","6.7943745983725301E-3","-5.9846811049084877E-13","3.0002970124076600E+0","1.6052030950005347E+0","9.3314233865661805E+1","1.9068449900721700E+0","3.054200000000000E-6"
"808","9.9126117870468644E-1","4.1442979060373874E-23","1.0901287542279866E-2","2.5692567192011904E-15","1.5376723092347049E-2","-1.1485379667619523E-14","3.0002968903619598E+0","2.7713838717553734E+0","1.6110706710319297E+2","2.6500606713958199E+1","3.054200000000000E-6"
"807","9.9723988723762547E-1","4.7403915091114158E-23","1.2291166185929705E-2","5.4879578467183335E-14","6.8248969669247490E-3","-1.3590222142582062E-12","3.0002966634702601E+0","1.6066587224917004E+0","9.3398852917640326E+1","1.9086409339905801E+0","3.054200000000000E-6"
"806","9.9723114013162395E-1","4.7598943600039874E-23","1.2291536741795303E-2","4.1637772665778084E-14","6.8451434961685955E-3","-7.2239458171647810E-13","3.0002964311227700E+0","1.6076293926117557E+0","9.3455280256256458E+1","1.9098304821201000E+0","3.054200000000000E-6"
"805","9.9722677705963514E-1","4.7218771390510577E-23","1.2291722728995877E-2","5.0815146907631811E-14","6.8552365632933397E-3","-8.2477195634228996E-13","3.0002963150330202E+0","1.6081148020828797E+0","9.3483498251256677E+1","1.9104229169900699E+0","3.054200000000000E-6"
"804","9.9126861154802048E-1","4.1705732981951308E-23","1.0911244128322626E-2","2.3650193916421619E-15","1.5377343578667015E-2","-1.0354381561348408E-14","3.0002961603860898E+0","2.7699076756130947E+0","1.6102125234711556E+2","2.6254042027048801E+1","3.054200000000000E-6"
"803","9.9127108587351975E-1","4.1166266465958644E-23","1.0914547222958671E-2","2.0964939405693394E-15","1.5377537899587561E-2","-9.8351445912364628E-15","3.0002959182618700E+0","2.7694155674385641E+0","1.6099264494072045E+2","2.6172487611529800E+1","3.054200000000000E-6"
"802","9.9720506498708639E-1","4.6559828974792960E-23","1.2292659486683934E-2","4.2070024868946834E-14","6.9054040533790021E-3","-6.3490607240355379E-13","3.0002957354341402E+0","1.6105425789800465E+0","9.3624630636224936E+1","1.9133615052956701E+0","3.054200000000000E-6"
"801","9.9720074296904404E-1","4.5535071103052885E-23","1.2292848156325514E-2","4.6207442065285352E-14","6.9153786902619542E-3","-5.5643926845450253E-13","3.0002956196860202E+0","1.6110282777808509E+0","9.3652865450640448E+1","1.9139444718892300E+0","3.054200000000000E-6"
"800","9.9955038572826937E-1","3.5490522458736227E-23","1.2876464404193627E-2","-2.0084667233111539E-11","1.0352443319865906E-3","1.4556113647476428E-9","3.0002954052719701E+0","1.5407272431469892E+0","8.9566100849168024E+1","1.9959728788056399E+0","3.054200000000000E-6"
"799","9.9127849907214938E-1","4.1445801814213996E-23","1.0924409560453780E-2","2.1044314824369281E-15","1.5378083607376294E-2","-9.0009856887378292E-15","3.0002951954674701E+0","2.7679391161105342E+0","1.6090681535009475E+2","2.5929702984422399E+1","3.054200000000000E-6"
"798","9.9717923286576426E-1","4.3993532143620161E-23","1.2293797743900874E-2","3.1502747471996939E-14","6.9649629837606128E-3","-5.1438048309920704E-13","3.0002950418164298E+0","1.6134574699826776E+0","9.3794080110599609E+1","1.9168352913702700E+0","3.054200000000000E-6"
"797","9.9955384176597784E-1","3.5428433748814221E-23","1.2884847906250371E-2","1.7268591011415509E-11","1.0260228872676182E-3","-1.3694648054310957E-9","3.0002948968507099E+0","1.5417195146639628E+0","8.9623783927827347E+1","2.0002715397496700E+0","3.054200000000000E-6"
"796","9.9716640552782287E-1","4.3328380703429938E-23","1.2294372266825634E-2","5.4304980901570738E-14","6.9944858832450907E-3","-1.1651318434172359E-12","3.0002946957994401E+0","1.6149155319454043E+0","9.3878840684139647E+1","1.9185504046319100E+0","3.054200000000000E-6"
"795","9.9128589773612197E-1","4.0820949579491808E-23","1.0934202005902055E-2","2.2285070584842785E-15","1.5378573830267181E-2","-9.9702029660496075E-15","3.0002944780034002E+0","2.7664624769032464E+0","1.6082097483760558E+2","2.5689702604944500E+1","3.054200000000000E-6"
"794","9.9715363610342655E-1","4.3214374535504988E-23","1.2294950171421706E-2","4.2332451227505985E-14","7.0238410936816565E-3","-6.6194704797762139E-13","3.0002943503180499E+0","1.6163739933103740E+0","9.3963624475872109E+1","1.9202508329046399E+0","3.054200000000000E-6"
"793","9.9955888429254580E-1","3.5423611596431540E-23","1.2897410250072124E-2","-7.3158692810512797E-12","1.0125606044407412E-3","4.3190091892218003E-10","3.0002941346161700E+0","1.5432083440015196E+0","8.9710333081279359E+1","2.0067139841454500E+0","3.054200000000000E-6"
"792","9.9129082218713049E-1","4.1093360834720584E-23","1.0940691805535639E-2","3.0888301495049860E-15","1.5378870070018313E-2","-1.1859071919892877E-14","3.0002940026320100E+0","2.7654779478441549E+0","1.6076374184624532E+2","2.5531228079079799E+1","3.054200000000000E-6"
"791","9.9713248000302668E-1","4.3202799176810110E-23","1.2295920443257360E-2","4.9319397664175664E-14","7.0724003881505893E-3","-6.9604399345074329E-13","3.0002937757208401E+0","1.6188056272767630E+0","9.4104981081352136E+1","1.9230519185065800E+0","3.054200000000000E-6"
"790","9.9956215536353499E-1","3.5444327387987480E-23","1.2905777186373745E-2","1.1106962440915982E-10","1.0038223777447950E-3","-8.7389662551297090E-9","3.0002936267119402E+0","1.5442011599086367E+0","8.9768047806618981E+1","2.0110053507994499E+0","3.054200000000000E-6"
"789","9.9711986069646663E-1","4.2290744663530295E-23","1.2296506623646203E-2","3.6752976160899701E-14","7.1013201671314436E-3","-5.0202436603204467E-13","3.0002934316941299E+0","1.6202651136336153E+0","9.4189824458275112E+1","1.9247125988346201E+0","3.054200000000000E-6"
"788","9.9129819699960697E-1","4.1764318048835199E-23","1.0950369250243331E-2","2.1699812076517153E-15","1.5379268935145535E-2","-1.0614033820056608E-14","3.0002932939473999E+0","2.7640010020206351E+0","1.6067788350943292E+2","2.5295773820131998E+1","3.054200000000000E-6"
"787","9.9710729612857174E-1","4.2396541063875601E-23","1.2297095642652151E-2","3.8195907100787194E-14","7.1300808912294796E-3","-7.6971946421944674E-13","3.0002930882222700E+0","1.6217249700410765E+0","9.4274689347110922E+1","1.9263581574544399E+0","3.054200000000000E-6"
"786","9.9956693208633762E-1","3.5452576679707154E-23","1.2918316713002063E-2","6.5805588765747604E-11","9.9105467671832602E-4","-5.2472204908051089E-9","3.0002928652100400E+0","1.5456907523455494E+0","8.9854641320832556E+1","2.0174363688232200E+0","3.054200000000000E-6"
"785","9.9709478548392605E-1","4.1549197923891435E-23","1.2297687362733362E-2","4.9556959169680072E-14","7.1586847805813663E-3","-8.5950729235555119E-13","3.0002927453100798E+0","1.6231851890520255E+0","9.4359575314940898E+1","1.9279884792069699E+0","3.054200000000000E-6"
"784","9.9130555772176898E-1","4.1820938561764253E-23","1.0959978571534896E-2","2.6049509169008938E-15","1.5379613643036421E-2","-1.2076343793299741E-14","3.0002925904688200E+0","2.7625238760461333E+0","1.6059201470001994E+2","2.5062991975213301E+1","3.054200000000000E-6"
"783","9.9957003329504712E-1","3.5468435837109541E-23","1.2926669733828073E-2","-7.7409778037447509E-11","9.8276060544501818E-4","6.0390862860720252E-9","3.0002923577653702E+0","1.5466840468212886E+0","8.9912383866492519E+1","2.0217201420707900E+0","3.054200000000000E-6"
"782","9.9707405208793953E-1","4.0482879396249641E-23","1.2298679204864061E-2","3.6344643877263173E-14","7.2060152672354452E-3","-3.9054561748013315E-13","3.0002921750460101E+0","1.6256196736596460E+0","9.4501097634904895E+1","1.9306715123275200E+0","3.054200000000000E-6"
"781","9.9706992280298445E-1","4.0174764957831361E-23","1.2298878376690971E-2","3.6552846127416319E-14","7.2154306670026494E-3","-4.4389844457454677E-13","3.0002920611831101E+0","1.6261066861932429E+0","9.4529408819699583E+1","1.9312029560953901E+0","3.054200000000000E-6"
"780","9.9957307037643783E-1","3.5540736681193479E-23","1.2935017804645461E-2","-6.9610868387977786E-11","9.7463395198081116E-4","5.4201886531493310E-9","3.0002918504936700E+0","1.5476775105342109E+0","8.9970136250308258E+1","2.0260002585523900E+0","3.054200000000000E-6"
"779","9.9131535038133600E-1","4.1419497470734454E-23","1.0972686147298068E-2","2.9607394620577095E-15","1.5379989843841207E-2","-1.1505622258330839E-14","3.0002916605170400E+0","2.7605540993400970E+0","1.6047750694409632E+2","2.4756703412608001E+1","3.054200000000000E-6"
"778","9.9704936181993575E-1","3.8843815842597321E-23","1.2299877999676247E-2","3.8441770811570010E-14","7.2622583486277670E-3","-5.2305435144990248E-13","3.0002914928269901E+0","1.6285423131846402E+0","9.4670997549121196E+1","1.9338341343005601E+0","3.054200000000000E-6"
"777","9.9957604537728373E-1","3.5576621422771114E-23","1.2943361291775727E-2","-4.8384488864891516E-11","9.6666951803113131E-4","3.6307014694381450E-9","3.0002913433860701E+0","1.5486711367414547E+0","9.0027898080301341E+1","2.0302774636442300E+0","3.054200000000000E-6"
"776","9.9703709261027373E-1","3.9813571373481865E-23","1.2300480624521017E-2","4.2406288368778777E-14","7.2901581588857411E-3","-5.4758938590957467E-13","3.0002911525854401E+0","1.6300041321474679E+0","9.4755976525919465E+1","1.9353918629477000E+0","3.054200000000000E-6"
"775","9.9132267885709402E-1","4.0609025906554752E-23","1.0982139015460940E-2","2.4900496329353652E-15","1.5380210052776401E-2","-1.0081391956134747E-14","3.0002909690098400E+0","2.7590765638028452E+0","1.6039161432583677E+2","2.4530001092569002E+1","3.054200000000000E-6"
"774","9.9702487306467946E-1","4.0530369903168169E-23","1.2301085245196013E-2","4.4417736128932959E-14","7.3179127474480351E-3","-9.5595424846487881E-13","3.0002908129278398E+0","1.6314662754456362E+0","9.4840974357094424E+1","1.9369337252363701E+0","3.054200000000000E-6"
"773","9.9701675394909817E-1","4.0021317784324413E-23","1.2301489378675205E-2","4.1402198312500439E-14","7.3363360645498227E-3","-6.9437490614770850E-13","3.0002905868157401E+0","1.6324412147985332E+0","9.4897649876263571E+1","1.9379527659487601E+0","3.054200000000000E-6"
"772","9.9701270248992246E-1","3.9540270899094112E-23","1.2301691749042590E-2","3.4769169509072469E-14","7.3455240076303312E-3","-4.9059580682193739E-13","3.0002904738579899E+0","1.6329287369533239E+0","9.4925990686537673E+1","1.9384596143402100E+0","3.054200000000000E-6"
"771","9.9132999377889031E-1","4.0477028560306682E-23","1.0991525883905581E-2","2.4832256730088333E-15","1.5380377687676123E-2","-1.1463880198837323E-14","3.0002902825591899E+0","2.7575988572378036E+0","1.6030571176532925E+2","2.4305839196684001E+1","3.054200000000000E-6"
"770","9.9958322389442589E-1","3.5554188330880515E-23","1.2964202212935967E-2","-7.6675883585051375E-11","9.4743535936679299E-4","5.9838796667581545E-9","3.0002900762809501E+0","1.5511558742036755E+0","9.0172341716976717E+1","2.0409595796787801E+0","3.054200000000000E-6"
"769","9.9699252519048054E-1","3.9172144507234763E-23","1.2302706477660921E-2","3.8674521224402870E-14","7.3912292726891907E-3","-5.9856268223473677E-13","3.0002899100575999E+0","1.6353668638312133E+0","9.5067724740244728E+1","1.9409669792029300E+0","3.054200000000000E-6"
"768","9.9698850555964880E-1","3.9038601367216903E-23","1.2302909971412005E-2","4.4378276144797291E-14","7.4003239009925057E-3","-7.6555929250788554E-13","3.0002897974960998E+0","1.6358545909399713E+0","9.5096077464975338E+1","1.9414630497933600E+0","3.054200000000000E-6"
"767","9.9698048193580779E-1","3.9211027165903651E-23","1.2303317476362438E-2","3.5426343973280419E-14","7.4184672559314347E-3","-4.9549600266209518E-13","3.0002895725727101E+0","1.6368301452253966E+0","9.5152788731619637E+1","1.9424497575280999E+0","3.054200000000000E-6"
"766","9.9133972619494404E-1","3.9300777729256162E-23","1.1003940110933341E-2","2.8352059589910143E-15","1.5380520211600779E-2","-1.1743480270411070E-14","3.0002893750821098E+0","2.7556283203075385E+0","1.6019115981578196E+2","2.4010842873170098E+1","3.054200000000000E-6"
"765","9.9696848524344384E-1","3.8613828613033589E-23","1.2303929971509628E-2","1.9293959398792834E-14","7.4455684945157795E-3","-4.6050880663866042E-13","3.0002892356884399E+0","1.6382937237786257E+0","9.5237869997549240E+1","1.9439161789634001E+0","3.054200000000000E-6"
"764","9.9958871498057777E-1","3.5483442302295163E-23","1.2980858998018820E-2","2.5678659030590179E-10","9.3270555035232419E-4","-2.0637473153576801E-8","3.0002890632337298E+0","1.5531442793210686E+0","9.0287932386295751E+1","2.0494930752194098E+0","3.054200000000000E-6"
"763","9.9695653449069588E-1","3.7499461231558945E-23","1.2304543864314843E-2","3.0334397119370816E-14","7.4725346924589663E-3","-3.3631173045657011E-13","3.0002888994080501E+0","1.6397575941084037E+0","9.5322968225136364E+1","1.9453661408539400E+0","3.054200000000000E-6"
"762","9.9134701009790038E-1","3.9550079626122108E-23","1.1013175373151472E-2","2.1626719476612082E-15","1.5380566947111148E-2","-8.5952167052801275E-15","3.0002887002614500E+0","2.7541502248086251E+0","1.6010523464563309E+2","2.3792462103689601E+1","3.054200000000000E-6"
"761","9.9959138118131075E-1","3.5464651486753581E-23","1.2989182848187838E-2","3.3217145470723040E-11","9.2554840475844919E-4","-2.8508971960597116E-9","3.0002885569038100E+0","1.5541386697250217E+0","9.0345738640842143E+1","2.0537553053976199E+0","3.054200000000000E-6"
"760","9.9693671700973874E-1","3.8139771403978523E-23","1.2305569865008140E-2","3.4683623386604039E-14","7.5171827763507622E-3","-5.5328319272401782E-13","3.0002883402911400E+0","1.6421980122170079E+0","9.5464835473477436E+1","1.9477458920476400E+0","3.054200000000000E-6"
"759","9.9693276838179989E-1","3.7840538817387464E-23","1.2305775461006550E-2","3.0767132366376094E-14","7.5260685980239649E-3","-3.9956189325803085E-13","3.0002882286713302E+0","1.6426861892797899E+0","9.5493214355094452E+1","1.9482162808238099E+0","3.054200000000000E-6"
"758","9.9135428096294131E-1","3.9086589649393493E-23","1.1022346667564391E-2","2.2100877049892076E-15","1.5380562611816924E-2","-1.1750624297184817E-14","3.0002880303541000E+0","2.7526719668499049E+0","1.6001930003131329E+2","2.3576497846385202E+1","3.054200000000000E-6"
"757","9.9135670171345436E-1","3.9285650663804345E-23","1.1025389653251848E-2","2.2197244327968027E-15","1.5380549893224271E-2","-1.0468243440429031E-14","3.0002878081362598E+0","2.7521791785227578E+0","1.5999065308604582E+2","2.3505040576104300E+1","3.054200000000000E-6"
"756","9.9691309840510223E-1","3.6367226748854914E-23","1.2306805236384093E-2","2.3982064941401774E-14","7.5702819594165383E-3","-1.4657211958283165E-13","3.0002876715959901E+0","1.6451275317684864E+0","9.5635135339825879E+1","1.9505402156878500E+0","3.054200000000000E-6"
"755","9.9959656258400487E-1","3.5423399193424196E-23","1.3005822843341067E-2","1.2199830808033643E-12","9.1162833546351314E-4","-2.8477700838686757E-10","3.0002875445983599E+0","1.5561278089529447E+0","9.0461371985734047E+1","2.0622729750227902E+0","3.054200000000000E-6"
"754","9.9690135419754888E-1","3.6228493050493328E-23","1.2307424421210749E-2","3.4159119873267770E-14","7.5966394402218205E-3","-6.0522193708792716E-13","3.0002873381735098E+0","1.6465926966337696E+0","9.5720308821808686E+1","1.9519120368250900E+0","3.054200000000000E-6"
"753","9.9136395542918543E-1","3.8238274572189680E-23","1.1034476577488189E-2","2.4234154259001647E-15","1.5380478140780758E-2","-1.0487924146408149E-14","3.0002871447150898E+0","2.7507007077827641E+0","1.5990470610224983E+2","2.3292242936600001E+1","3.054200000000000E-6"
"752","9.9688965264919172E-1","3.6479806030223146E-23","1.2308044491507034E-2","3.0068878089805609E-14","7.6228708696850275E-3","-4.1550920902288820E-13","3.0002870053713502E+0","1.6480581253401252E+0","9.5805497641494014E+1","1.9532668336046499E+0","3.054200000000000E-6"
"751","9.9960032209680072E-1","3.5496346790406579E-23","1.3018296877394833E-2","-2.6758834265162651E-11","9.0151900523829790E-4","1.9447708947140251E-9","3.0002867856666100E+0","1.5576199373740875E+0","9.0548112922679536E+1","2.0686536021704200E+0","3.054200000000000E-6"
"750","9.9687799322158155E-1","3.7030977151882660E-23","1.2308665364530900E-2","2.5059375050533844E-14","7.6489777252447041E-3","-4.5107544350637686E-13","3.0002866731921300E+0","1.6495238133715575E+0","9.5890701536356389E+1","1.9546045083981800E+0","3.054200000000000E-6"
"749","9.9137119645663885E-1","3.8745212210592787E-23","1.1043500904340281E-2","1.9036121023788615E-15","1.5380356324842834E-2","-9.5138313525388052E-15","3.0002864861105101E+0","2.7492220802722751E+0","1.5981875000501594E+2","2.3081779563241799E+1","3.054200000000000E-6"
"748","9.9960277072882586E-1","3.5509228381751201E-23","1.3026610517375636E-2","2.2406485975852325E-10","8.9493001699545609E-4","-1.8347237030807291E-8","3.0002862798421099E+0","1.5586148153696464E+0","9.0605947522073549E+1","2.0729052654356401E+0","3.054200000000000E-6"
"747","9.9685865301684484E-1","3.7062089482673270E-23","1.2309701718585107E-2","3.7578525957791426E-14","7.6922162384966616E-3","-3.5721418776678558E-13","3.0002861209511900E+0","1.6519671911272127E+0","9.6032740835946257E+1","1.9567956553543899E+0","3.054200000000000E-6"
"746","9.9685479863056836E-1","3.6903570658035128E-23","1.2309909198145248E-2","2.6930258798343439E-14","7.7008234752966110E-3","-4.8412315348412105E-13","3.0002860107124798E+0","1.6524559499088622E+0","9.6061153534250153E+1","1.9572281061405701E+0","3.054200000000000E-6"
"745","9.9684710336308346E-1","3.6467853270372780E-23","1.2310324343334955E-2","3.2306839917724589E-14","7.7179978942816972E-3","-3.4940514192885161E-13","3.0002857904452100E+0","1.6534335494646704E+0","9.6117983697275477E+1","1.9580872008432799E+0","3.054200000000000E-6"
"744","9.9138083167644264E-1","3.8547908954983403E-23","1.1055436958702067E-2","2.3662529634724632E-15","1.5380116753489588E-2","-1.0349075024563179E-14","3.0002856153934898E+0","2.7472503371401915E+0","1.5970412793611806E+2","2.2804733842632402E+1","3.054200000000000E-6"
"743","9.9683559394926857E-1","3.6888769294949411E-23","1.2310947484737227E-2","2.7687082691145445E-14","7.7436601424934592E-3","-3.3025813412875108E-13","3.0002854605709901E+0","1.6549001515109989E+0","9.6203240725974965E+1","1.9593612729814600E+0","3.054200000000000E-6"
"742","9.9960753519121481E-1","3.5409132916504805E-23","1.3043233023847235E-2","4.7470050139187105E-11","8.8209978249446735E-4","-4.2070509938224222E-9","3.0002852684802201E+0","1.5606048538168682E+0","9.0721633140699666E+1","2.0813986874035701E+0","3.054200000000000E-6"
"741","9.9682412428657341E-1","3.6844080862356496E-23","1.2311571069191068E-2","2.4233591650106979E-14","7.7692043271350422E-3","-3.8392247454859694E-13","3.0002851313307901E+0","1.6563669932486413E+0","9.6288511688494651E+1","1.9606177773269500E+0","3.054200000000000E-6"
"740","9.9138804366674504E-1","3.8249503549005419E-23","1.1064317447242056E-2","2.4343194337773415E-15","1.5379879748343980E-2","-1.1479351295420540E-14","3.0002849678706802E+0","2.7457713529528380E+0","1.5961815110441859E+2","2.2599585284228400E+1","3.054200000000000E-6"
"739","9.9960985343263076E-1","3.5470314143166171E-23","1.3051542324486394E-2","3.0144174107682542E-10","8.7585157484515062E-4","-2.4939829905113231E-8","3.0002847629320901E+0","1.5616000109105399E+0","9.0779483964723852E+1","2.0856397990006199E+0","3.054200000000000E-6"
"738","9.9680509522112415E-1","3.7468338561013761E-23","1.2312611166874154E-2","2.8701226144008433E-14","7.8115191719549072E-3","-4.0412213993900602E-13","3.0002845840118400E+0","1.6588122515201023E+0","9.6430660306894239E+1","1.9626726565160799E+0","3.054200000000000E-6"
"737","9.9680130230789699E-1","3.7370043654848437E-23","1.2312819281671201E-2","3.1565215919636601E-14","7.8199437507857194E-3","-3.0165258212928371E-13","3.0002844747609601E+0","1.6593013802103453E+0","9.6459094508855287E+1","1.9630777070523000E+0","3.054200000000000E-6"
"736","9.9961213059959264E-1","3.5475162939197872E-23","1.3059850801173615E-2","3.1404440230103830E-10","8.6971094388464535E-4","-2.5959599919884352E-8","3.0002842574517499E+0","1.5625952822120117E+0","9.0837341427916257E+1","2.0898827389349002E+0","3.054200000000000E-6"
"735","9.9139764069325587E-1","3.9797520366610090E-23","1.1076063755924999E-2","2.0909166804309550E-15","1.5379488078261566E-2","-1.0623953947025380E-14","3.0002841117852599E+0","2.7437991425599395E+0","1.5950350187254980E+2","2.2329505951879000E+1","3.054200000000000E-6"
"734","9.9678240130957718E-1","3.7453211495561662E-23","1.2313860193608878E-2","2.1450107232093423E-14","7.8618772585770970E-3","-2.6178841704410067E-13","3.0002839295751702E+0","1.6617474012928559E+0","9.6601287471256498E+1","1.9650731440351199E+0","3.054200000000000E-6"
"733","9.9961436774136603E-1","3.5491487571136296E-23","1.3068158493269174E-2","4.3302697427277038E-11","8.6367518285484417E-4","-3.7566980580555454E-9","3.0002837520432202E+0","1.5635906476215840E+0","9.0895204361834033E+1","2.0941187868586000E+0","3.054200000000000E-6"
"732","9.9677111096895565E-1","3.7061360529759005E-23","1.2314484923034909E-2","2.0768319551155035E-14","7.8868874956039593E-3","-3.1300594898861578E-13","3.0002836033211802E+0","1.6632153112419639E+0","9.6686620531422790E+1","1.9662464306724501E+0","3.054200000000000E-6"
"731","9.9140482442585309E-1","3.9164065453516876E-23","1.1084803442582872E-2","1.8431328746425331E-15","1.5379138095662964E-2","-9.0854711548083300E-15","3.0002834751295699E+0","2.7423198140337215E+0","1.5941750502362171E+2","2.2129493980040898E+1","3.054200000000000E-6"
"730","9.9140721635723439E-1","3.9579496236656470E-23","1.1087703436848695E-2","2.2425423430179550E-15","1.5379010802073182E-2","-9.5449845213924625E-15","3.0002832639335799E+0","2.7418266724357050E+0","1.5938883754188717E+2","2.2063302342650100E+1","3.054200000000000E-6"
"729","9.9675237609612488E-1","3.6633266128429659E-23","1.2315526236099281E-2","2.4492357213459857E-14","7.9283253092813106E-3","-2.2314466961033571E-13","3.0002830609996498E+0","1.6656623120680027E+0","9.6828870448621203E+1","1.9681616544856799E+0","3.054200000000000E-6"
"728","9.9674864133340146E-1","3.6558711305845230E-23","1.2315734492450166E-2","2.6945632499070863E-14","7.9365763773486756E-3","-2.9768592447098502E-13","3.0002829527512098E+0","1.6661517837325999E+0","9.6857324588488666E+1","1.9685386308200901E+0","3.054200000000000E-6"
"727","9.9961872585574940E-1","3.5666974410459387E-23","1.3084771243978893E-2","-1.0556439129019038E-10","8.5190688719471769E-4","8.3735306447734257E-9","3.0002827414849902E+0","1.5655815330035214E+0","9.1010939214768499E+1","2.1025857465088200E+0","3.054200000000000E-6"
"726","9.9673746118953077E-1","3.6818024673062914E-23","1.2316359208190998E-2","2.1479238876976673E-14","7.9612573628262510E-3","-3.3137055148336884E-13","3.0002826284388000E+0","1.6676203395028604E+0","9.6942695191758531E+1","1.9696573619768001E+0","3.054200000000000E-6"
"725","9.9141677098854375E-1","3.9016941041817131E-23","1.1099237770314373E-2","2.4418824752745560E-15","1.5378448847093770E-2","-1.0370663867044449E-14","3.0002824242250599E+0","2.7398539477139554E+0","1.5927415841087176E+2","2.1800900337085999E+1","3.054200000000000E-6"
"724","9.9962084897455739E-1","3.5739794873385711E-23","1.3093077235594351E-2","1.4245952907575984E-10","8.4616861824260143E-4","-1.2115311197139301E-8","3.0002822362902202E+0","1.5665771200481702E+0","9.1068815032854900E+1","2.1068140785689700E+0","3.054200000000000E-6"
"723","9.9671890718648126E-1","3.6962879507957737E-23","1.2317400090941776E-2","2.2119922021452567E-14","8.0021541230499427E-3","-2.4473684405535700E-13","3.0002820893648501E+0","1.6700683944966055E+0","9.7085006390206772E+1","1.9714810542476899E+0","3.054200000000000E-6"
"722","9.9671520818686532E-1","3.7087238358236570E-23","1.2317608201472265E-2","2.4101722759454612E-14","8.0102981140078560E-3","-3.6015051970350027E-13","3.0002819817676198E+0","1.6705580737405299E+0","9.7113472597149070E+1","1.9718396336893700E+0","3.054200000000000E-6"
"721","9.9670782187108387E-1","3.7649403227225052E-23","1.2318024339525438E-2","2.5705615416632282E-14","8.0265510594846878E-3","-2.8116032542162272E-13","3.0002817667911801E+0","1.6715374995495156E+0","9.7170408924569813E+1","1.9725506069774601E+0","3.054200000000000E-6"
"720","9.9142630491212747E-1","3.9876702230747435E-23","1.1110668015117018E-2","2.0691680402780123E-15","1.5377803122342713E-2","-1.0208182777846920E-14","3.0002815925705799E+0","2.7378809734072718E+0","1.5915946477089670E+2","2.1542227589589299E+1","3.054200000000000E-6"
"719","9.9669677138937318E-1","3.7708249372989768E-23","1.2318648307882596E-2","2.5138743190174538E-14","8.0508434848677434E-3","-1.8224176382521023E-13","3.0002814448724600E+0","1.6730068048689706E+0","9.7255823100898482E+1","1.9736015529929201E+0","3.054200000000000E-6"
"718","9.9668942356307200E-1","3.8190661106231662E-23","1.2319064103713303E-2","1.7000965813617172E-14","8.0669808997610067E-3","-3.1081655401363620E-13","3.0002812306245898E+0","1.6739864515189440E+0","9.7312772266325624E+1","1.9742918024523199E+0","3.054200000000000E-6"
"717","9.9668575535608728E-1","3.8233418589082404E-23","1.2319271940642407E-2","2.4691273082673946E-14","8.0750324635200741E-3","-2.3677091881983081E-13","3.0002811236102001E+0","1.6744763074455737E+0","9.7341248744249413E+1","1.9746338030353601E+0","3.054200000000000E-6"
"716","9.9962600070459484E-1","3.5921248219994676E-23","1.3113840665442762E-2","1.4943872563477381E-10","8.3223137666831189E-4","-1.2869367035743763E-8","3.0002809736158400E+0","1.5690662892185403E+0","9.1213516295155316E+1","2.1173822234704498E+0","3.054200000000000E-6"
"715","9.9143581844809803E-1","4.0429310578720652E-23","1.1121995409010850E-2","2.2739223165227753E-15","1.5377074518964400E-2","-1.2169162489670516E-14","3.0002807688824600E+0","2.7359077544105155E+0","1.5904475690651182E+2","2.1287213477848301E+1","3.054200000000000E-6"
"714","9.9666747082834051E-1","3.8230616514757355E-23","1.2320310436147546E-2","2.4951679198336817E-14","8.1151203775865505E-3","-2.8590211790853910E-13","3.0002805896359002E+0","1.6769259087912300E+0","9.7483649835773690E+1","1.9763124313642400E+0","3.054200000000000E-6"
"713","9.9962800146548558E-1","3.5848370187527570E-23","1.3122146511822971E-2","7.4415567001664359E-11","8.2681315516453587E-4","-6.5260693500602979E-9","3.0002804686179001E+0","1.5700621171699569E+0","9.1271406117719124E+1","2.1216011976018101E+0","3.054200000000000E-6"
"712","9.9665654482658916E-1","3.7909564454571378E-23","1.2320932912160075E-2","1.9473604640902109E-14","8.1390385596932912E-3","-3.0327759715132868E-13","3.0002802701312898E+0","1.6783959231721000E+0","9.7569105231511230E+1","1.9772943909731799E+0","3.054200000000000E-6"
"711","9.9664927923309543E-1","3.7851108634657190E-23","1.2321347605519270E-2","2.9994708080311257E-14","8.1549285635009391E-3","-2.7967960650915845E-13","3.0002800574957198E+0","1.6793760366922041E+0","9.7626081537197877E+1","1.9779384689079300E+0","3.054200000000000E-6"
"710","9.9664202824277803E-1","3.7756303396700939E-23","1.2321762048932662E-2","2.4134948945200568E-14","8.1707745467557644E-3","-3.2769934050703667E-13","3.0002798451546102E+0","1.6803562324146804E+0","9.7683062621501875E+1","1.9785740668939300E+0","3.054200000000000E-6"
"709","9.9663479175163838E-1","3.7753565945861400E-23","1.2322176227693908E-2","2.3422786996639780E-14","8.1865767974072228E-3","-2.9994589582362194E-13","3.0002796331083399E+0","1.6813365095434094E+0","9.7740048438142935E+1","1.9792011589383900E+0","3.054200000000000E-6"
"708","9.9662756965688115E-1","3.7810804259310458E-23","1.2322590127293347E-2","2.5649856692994556E-14","8.2023356000018727E-3","-3.3435305920618855E-13","3.0002794213572899E+0","1.6823168672936362E+0","9.7797038941501413E+1","1.9798197191122899E+0","3.054200000000000E-6"
"707","9.9662036185691627E-1","3.7557097625682796E-23","1.2323003733422058E-2","1.4511397844102210E-14","8.2180512358896590E-3","-2.7833271164283054E-13","3.0002792099018301E+0","1.6832973048917146E+0","9.7854034086603448E+1","1.9804297213526401E+0","3.054200000000000E-6"
"706","9.9661316825132518E-1","3.7925614343393425E-23","1.2323417031961484E-2","2.2937667872955625E-14","8.2337239832393928E-3","-2.7142993235857095E-13","3.0002789987423202E+0","1.6842778215748933E+0","9.7911033829108476E+1","1.9810311397234499E+0","3.054200000000000E-6"
"705","9.9660598874084394E-1","3.8316795809888300E-23","1.2323830008979905E-2","2.4293973698373499E-14","8.2493541170188586E-3","-3.4703649378176673E-13","3.0002787878791199E+0","1.6852584165911413E+0","9.7968038125299202E+1","1.9816239484899800E+0","3.054200000000000E-6"
"704","9.9659882322734583E-1","3.8635805767937609E-23","1.2324242650730354E-2","1.9275865471273318E-14","8.2649419092394281E-3","-1.6818663327946929E-13","3.0002785773125700E+0","1.6862390891988823E+0","9.8025046932066019E+1","1.9822081217880401E+0","3.054200000000000E-6"
"703","9.9659167161382745E-1","3.8860721346369629E-23","1.2324654943651973E-2","1.9923656457845876E-14","8.2804876286653485E-3","-2.7558343564329193E-13","3.0002783670430100E+0","1.6872198386669632E+0","9.8082060206905311E+1","1.9827836337650000E+0","3.054200000000000E-6"
"702","9.9658453380437872E-1","3.9127174316248948E-23","1.2325066874352572E-2","2.5978629939038966E-14","8.2959915412947199E-3","-3.0340793894290706E-13","3.0002781570707802E+0","1.6882006642742176E+0","9.8139077907893935E+1","1.9833504587179001E+0","3.054200000000000E-6"
"701","9.9146895978284300E-1","3.9034322174438811E-23","1.1160848728730554E-2","1.9253336610878737E-15","1.5373884199562772E-2","-9.3466657724816097E-15","3.0002779474764698E+0","2.7289996290131215E+0","1.5864317131842429E+2","2.0422494969848000E+1","3.054200000000000E-6"
"700","9.9147131795989329E-1","3.9679719507625747E-23","1.1163577662676789E-2","1.5980991230225800E-15","1.5373618834819374E-2","-7.9319101537092310E-15","3.0002777495464099E+0","2.7285060842167725E+0","1.5861448039782172E+2","2.0362337233663599E+1","3.054200000000000E-6"
"699","9.9147367495381233E-1","4.0257174293248883E-23","1.1166300518871452E-2","2.0123543041694609E-15","1.5373348540342618E-2","-9.4475238914018163E-15","3.0002775520894001E+0","2.7280125254867871E+0","1.5858578866722402E+2","2.0302388569035301E+1","3.054200000000000E-6"
"698","9.9147603076921997E-1","4.0436724184961172E-23","1.1169017315002749E-2","2.5355433754876844E-15","1.5373073328666284E-2","-1.2016708000745505E-14","3.0002773551041799E+0","2.7275189528906223E+0","1.5855709613055274E+2","2.0242648004789299E+1","3.054200000000000E-6"
"697","9.9147838541071687E-1","4.0797137117608014E-23","1.1171728068685063E-2","2.1242215439681034E-15","1.5372793212265231E-2","-9.3450142079167659E-15","3.0002771585894998E+0","2.7270253664953463E+0","1.5852840279170658E+2","2.0183114575480602E+1","3.054200000000000E-6"
"696","9.9148073888288846E-1","4.1147344709447529E-23","1.1174432797463328E-2","1.9269793068998178E-15","1.5372508203545179E-2","-9.5903500273818055E-15","3.0002769625441101E+0","2.7265317663676485E+0","1.5849970865456248E+2","2.0123787321276900E+1","3.054200000000000E-6"
"695","9.9148309119030187E-1","4.0781999712398144E-23","1.1177131518808191E-2","2.2511947612284739E-15","1.5372218314862997E-2","-1.0361057049563041E-14","3.0002767669667798E+0","2.7260381525738304E+0","1.5847101372297462E+2","2.0064665287964900E+1","3.054200000000000E-6"
"694","9.9148544233750913E-1","4.1161551536468087E-23","1.1179824250121075E-2","2.2750507260786525E-15","1.5371923558509810E-2","-1.0401210859527223E-14","3.0002765718562601E+0","2.7255445251798198E+0","1.5844231800077557E+2","2.0005747526878199E+1","3.054200000000000E-6"
"693","9.9148779232904494E-1","4.0929124124098312E-23","1.1182511008731870E-2","1.8844902767699344E-15","1.5371623946718259E-2","-8.5481600090397122E-15","3.0002763772113301E+0","2.7250508842511678E+0","1.5841362149177596E+2","1.9947033094850600E+1","3.054200000000000E-6"
"692","9.9651739538665141E-1","3.8416618415246503E-23","1.2328959691319172E-2","1.8508262941074232E-14","8.4412427192020172E-3","-2.9246868853794164E-13","3.0002761772238999E+0","1.6975221728802501E+0","9.8680959141959107E+1","1.9882971281324200E+0","3.054200000000000E-6"
"691","9.9651039699212429E-1","3.8505315441368331E-23","1.2329367052231456E-2","2.4577060599560788E-14","8.4563229999479669E-3","-3.1864559567231553E-13","3.0002759703922099E+0","1.6985037568092540E+0","9.8738020925975789E+1","1.9887711932748100E+0","3.054200000000000E-6"
"690","9.9650341137245857E-1","3.8690640087731603E-23","1.2329773908657872E-2","2.7616516927458326E-14","8.4713643312157843E-3","-3.0749961346330890E-13","3.0002757638612501E+0","1.6994854092561975E+0","9.8795086693101567E+1","1.9892362775728401E+0","3.054200000000000E-6"
"689","9.9649643844412872E-1","3.8651504105000114E-23","1.2330180249157609E-2","2.2806552074083270E-14","8.4863669452028088E-3","-2.6540724441830549E-13","3.0002755576312898E+0","1.7004671296122300E+0","9.8852156407942530E+1","1.9896923556184900E+0","3.054200000000000E-6"
"688","9.9648947812450095E-1","3.8777871453204409E-23","1.2330586062427250E-2","2.3829473294833114E-14","8.5013310716754078E-3","-3.0629895306031731E-13","3.0002753517025700E+0","1.7014489172764664E+0","9.8909230035567788E+1","1.9901394021775700E+0","3.054200000000000E-6"
"687","9.9648253033182255E-1","3.8810563181976146E-23","1.2330991337300029E-2","2.6608259270754336E-14","8.5162569380310710E-3","-3.2944905243378799E-13","3.0002751460753498E+0","1.7024307716558387E+0","9.8966307541500896E+1","1.9905773919075300E+0","3.054200000000000E-6"
"686","9.9647559498519811E-1","3.8758786845508857E-23","1.2331396062736451E-2","2.3995712940370724E-14","8.5311447692849700E-3","-3.3350777099356735E-13","3.0002749407498799E+0","1.7034126921649611E+0","9.9023388891712059E+1","1.9910062993672499E+0","3.054200000000000E-6"
"685","9.9646867200458800E-1","3.8700395649080837E-23","1.2331800227829254E-2","2.1862089902784979E-14","8.5459947881462960E-3","-3.2060492009684964E-13","3.0002747357263999E+0","1.7043946782260075E+0","9.9080474052610825E+1","1.9914260993384800E+0","3.054200000000000E-6"
"684","9.9646176131079123E-1","3.8453784674144832E-23","1.2332203821798313E-2","2.6061514207324305E-14","8.5608072150147319E-3","-3.6104118366030845E-13","3.0002745310051502E+0","1.7053767292685902E+0","9.9137562991039232E+1","1.9918367665601500E+0","3.054200000000000E-6"
"683","9.9645486282543316E-1","3.8404386481938812E-23","1.2332606833987063E-2","2.0122283097557118E-14","8.5755822680779678E-3","-2.3211187140245114E-13","3.0002743265863598E+0","1.7063588447296016E+0","9.9194655674262521E+1","1.9922382757884500E+0","3.054200000000000E-6"
"682","9.9644797647095129E-1","3.8114578584452145E-23","1.2333009253860270E-2","2.2881569020135518E-14","8.5903201632196793E-3","-2.4544943962792496E-13","3.0002741224702500E+0","1.7073410240531441E+0","9.9251752069965050E+1","1.9926306016424900E+0","3.054200000000000E-6"
"681","9.9644110217058435E-1","3.7898239834996531E-23","1.2333411071001147E-2","2.4349054051330505E-14","8.6050211142017670E-3","-2.8004604531994926E-13","3.0002739186570602E+0","1.7083232666903461E+0","9.9308852146239602E+1","1.9930137191072701E+0","3.054200000000000E-6"
"680","9.9643423984836799E-1","3.7674329797996634E-23","1.2333812275116939E-2","2.1398371172028856E-14","8.6196853326365643E-3","-1.7056394361510417E-13","3.0002737151469998E+0","1.7093055720993047E+0","9.9365955871584092E+1","1.9933876027465001E+0","3.054200000000000E-6"
"679","9.9152290655508590E-1","4.2142432646590746E-23","1.1222107235566428E-2","1.2322445188601923E-15","1.5366555259171790E-2","-8.3428485467649466E-15","3.0002735125852902E+0","2.7176446896195845E+0","1.5798308196686557E+2","1.9090091211206701E+1","3.054200000000000E-6"
"678","9.9152523865932018E-1","4.2483830764906619E-23","1.1224700731443877E-2","2.7729188122689733E-15","1.5366179577213821E-2","-1.1730535482153518E-14","3.0002733252262299E+0","2.7171508407550391E+0","1.5795437337006308E+2","1.9034506134154899E+1","3.054200000000000E-6"
"677","9.9152756968250078E-1","4.2223527365894128E-23","1.1227288538744138E-2","2.2115207246844544E-15","1.5365799239071264E-2","-1.0736341658889876E-14","3.0002731383125498E+0","2.7166569794152200E+0","1.5792566404804359E+2","1.8979109161011699E+1","3.054200000000000E-6"
"676","9.9152989962887628E-1","4.1501078158648129E-23","1.1229870673584183E-2","1.5218783486543288E-15","1.5365414255969406E-2","-7.9303263589673750E-15","3.0002729518431099E+0","2.7161631056593500E+0","1.5789695400424981E+2","1.8923899441733798E+1","3.054200000000000E-6"
"675","9.9153222850267975E-1","4.1227932780625450E-23","1.1232447152015589E-2","1.6937264155550962E-15","1.5365024639083281E-2","-8.5528802041403690E-15","3.0002727658167601E+0","2.7156692195463199E+0","1.5786824324210522E+2","1.8868876130996401E+1","3.054200000000000E-6"
"674","9.9153455630812859E-1","4.1388943486858916E-23","1.1235017990027787E-2","2.0451783873356634E-15","1.5364630399531334E-2","-1.0226580364954698E-14","3.0002725802323700E+0","2.7151753211346970E+0","1.5783953176501450E+2","1.8814038388390799E+1","3.054200000000000E-6"
"673","9.9153688304942489E-1","4.1228635884146131E-23","1.1237583203545004E-2","2.0515187458877238E-15","1.5364231548384106E-2","-1.0250041877474499E-14","3.0002723950888099E+0","2.7146814104827204E+0","1.5781081957636323E+2","1.8759385378311102E+1","3.054200000000000E-6"
"672","9.9638314676966377E-1","3.8519336152752005E-23","1.2336800756287620E-2","1.9183958812687597E-14","8.7285169227151235E-3","-2.2976721982115971E-13","3.0002721985050602E+0","1.7166748105883356E+0","9.9794347048949135E+1","1.9958948631451101E+0","3.054200000000000E-6"
"671","9.9637638330161937E-1","3.8317325722469359E-23","1.2337196349720456E-2","1.6443040136181316E-14","8.7428771638805285E-3","-2.1129144283750324E-13","3.0002719975799499E+0","1.7176576286134821E+0","9.9851480573879130E+1","1.9961892436849900E+0","3.054200000000000E-6"
"670","9.9636963112732813E-1","3.8365974282244889E-23","1.2337591237783238E-2","2.2021671171965167E-14","8.7572025804648693E-3","-2.1830581509447477E-13","3.0002717969598698E+0","1.7186405045874873E+0","9.9908617467512656E+1","1.9964741513949200E+0","3.054200000000000E-6"
"669","9.9636289017846780E-1","3.8456294650317763E-23","1.2337985411293915E-2","2.2455979504306658E-14","8.7714933630985634E-3","-2.9768144560622321E-13","3.0002715966450002E+0","1.7196234380348447E+0","9.9965757702207426E+1","1.9967495612243700E+0","3.054200000000000E-6"
"668","9.9635616038738484E-1","3.8422023523564006E-23","1.2338378861166999E-2","1.9233145867859893E-14","8.7857497006567659E-3","-2.4596254924999765E-13","3.0002713966355099E+0","1.7206064284857867E+0","1.0002290125065473E+2","1.9970154480544100E+0","3.054200000000000E-6"
"667","9.9634944168708672E-1","3.8340437665772291E-23","1.2338771578409850E-2","2.4016409138460839E-14","8.7999717801191864E-3","-2.5510688074643762E-13","3.0002711969315898E+0","1.7215894754762298E+0","1.0008004808587629E+2","1.9972717868425101E+0","3.054200000000000E-6"
"666","9.9634273401123397E-1","3.8705679265244803E-23","1.2339163554121402E-2","2.2116319935602850E-14","8.8141597867138679E-3","-2.3342435790356941E-13","3.0002709975333999E+0","1.7225725785476458E+0","1.0013719818121679E+2","1.9975185524115799E+0","3.054200000000000E-6"
"665","9.9633603729412978E-1","3.9008665183865225E-23","1.2339554779494376E-2","2.0555400974151822E-14","8.8283139038899533E-3","-2.3243976506817985E-13","3.0002707984411101E+0","1.7235557372470203E+0","1.0019435151034145E+2","1.9977557196512401E+0","3.054200000000000E-6"
"664","9.9632935147071100E-1","3.9119998524435112E-23","1.2339945245806299E-2","2.6305715058151619E-14","8.8424343133830692E-3","-2.5539966497589582E-13","3.0002705996548800E+0","1.7245389511267042E+0","1.0025150804722738E+2","1.9979832634812900E+0","3.054200000000000E-6"
"663","9.9632267647654060E-1","3.9041033795209036E-23","1.2340334944425223E-2","2.4090144263607405E-14","8.8565211951787820E-3","-2.5816893689206546E-13","3.0002704011748902E+0","1.7255222197443958E+0","1.0030866776616250E+2","1.9982011587408799E+0","3.054200000000000E-6"
"662","9.9156472245046423E-1","4.1474267167045477E-23","1.1267932766573492E-2","1.7710598081060150E-15","1.5359089588934038E-2","-9.0699740060263035E-15","3.0002702073438399E+0","2.7087535486782013E+0","1.5746621901804568E+2","1.8117660588146599E+1","3.054200000000000E-6"
"661","9.9156703573344995E-1","4.1290922584273136E-23","1.1270426282519902E-2","1.5025617276935450E-15","1.5358631770994701E-2","-9.0324531401575770E-15","3.0002700278298402E+0","2.7082594840580039E+0","1.5743749787885935E+2","1.8065335169726701E+1","3.054200000000000E-6"
"660","9.9156934800956809E-1","4.1349104400608439E-23","1.1272914390430881E-2","2.0477096834710830E-15","1.5358169491088910E-2","-9.8656149233825193E-15","3.0002698487412500E+0","2.7077654079799913E+0","1.5740877607360324E+2","1.8013183268194702E+1","3.054200000000000E-6"
"659","9.9157165928280167E-1","4.1513909797901957E-23","1.1275397105317487E-2","2.0804736117953423E-15","1.5357702759529581E-2","-1.0727899767306111E-14","3.0002696700770000E+0","2.7072713204977994E+0","1.5738005360539537E+2","1.7961204115706298E+1","3.054200000000000E-6"
"658","9.9157396955712118E-1","4.1616893784164724E-23","1.1277874442130976E-2","1.5034282184378108E-15","1.5357231586590973E-2","-8.5621202332668532E-15","3.0002694918360202E+0","2.7067772216647712E+0","1.5735133047733666E+2","1.7909396948793599E+1","3.054200000000000E-6"
"657","9.9157627883648147E-1","4.1688300150543167E-23","1.1280346415764737E-2","2.2830456702940726E-15","1.5356755982493165E-2","-1.0016574134923536E-14","3.0002693140172498E+0","2.7062831115339603E+0","1.5732260669251124E+2","1.7857761008155901E+1","3.054200000000000E-6"
"656","9.9627954862690782E-1","3.9370070733246411E-23","1.2342848690569414E-2","2.3326033613505928E-14","8.9472808468575495E-3","-2.0756242307864802E-13","3.0002691185299102E+0","1.7319147702954680E+0","1.0068028177499336E+2","1.9993805617435700E+0","3.054200000000000E-6"
"655","9.9627295285911521E-1","3.9529874272773648E-23","1.2343232364761892E-2","1.3512862356318029E-14","8.9611218410864980E-3","-2.1555493137949122E-13","3.0002689223514998E+0","1.7328984358649944E+0","1.0073746456967289E+2","1.9995252929517200E+0","3.054200000000000E-6"
"654","9.9626636739695507E-1","3.9391000987683740E-23","1.2343615201211740E-2","1.3766767502744175E-14","8.9749307714405476E-3","-2.1736008080246148E-13","3.0002687264805701E+0","1.7338821526163584E+0","1.0079465033967311E+2","1.9996601621780199E+0","3.054200000000000E-6"
"653","9.9625979218152849E-1","3.9568177905013717E-23","1.2343997192043621E-2","9.6076712447089276E-15","8.9887078026864419E-3","-1.5834948037466785E-13","3.0002685309172801E+0","1.7348659201538696E+0","1.0085183906199161E+2","1.9997851443594199E+0","3.054200000000000E-6"
"652","9.9625322715447950E-1","3.9536432264067856E-23","1.2344378329455645E-2","2.1629848182346505E-14","9.0024530980713884E-3","-2.8235467178710587E-13","3.0002683356617599E+0","1.7358497380863722E+0","1.0090903071388956E+2","1.9999002143983200E+0","3.054200000000000E-6"
"651","9.9624667225799601E-1","3.9683993530529278E-23","1.2344758605724036E-2","2.6313730691282441E-14","9.0161668194299223E-3","-2.8572820356742870E-13","3.0002681407141298E+0","1.7368336060271774E+0","1.0096622527288784E+2","2.0000053471169599E+0","3.054200000000000E-6"
"650","9.9624012743478807E-1","3.9868894246828793E-23","1.2345138013189446E-2","2.1043773050097237E-14","9.0298491270694101E-3","-2.8215211164965487E-13","3.0002679460745201E+0","1.7378175235939877E+0","1.0102342271676257E+2","2.0001005174314299E+0","3.054200000000000E-6"
"649","9.9623359262808908E-1","3.9949151445761776E-23","1.2345516544262618E-2","1.7766755334038638E-14","9.0435001799147839E-3","-2.6187528758337091E-13","3.0002677517430700E+0","1.7388014904088194E+0","1.0108062302354072E+2","2.0001857000364098E+0","3.054200000000000E-6"
"648","9.9159931776767296E-1","4.1391600804578356E-23","1.1304774412710291E-2","1.6439309121674775E-15","1.5351758443305011E-2","-9.3168849485812013E-15","3.0002675588206098E+0","2.7013414003172525E+0","1.5703533338883480E+2","1.7350654999760199E+1","3.054200000000000E-6"
"647","9.9160161635960631E-1","4.1410439843029272E-23","1.1307188357963903E-2","1.6658306998646577E-15","1.5351234757820686E-2","-7.8544685928448559E-15","3.0002673855772599E+0","2.7008471693317793E+0","1.5700660257844345E+2","1.7300853627026200E+1","3.054200000000000E-6"
"646","9.9160391400297676E-1","4.1278080605263042E-23","1.1309597114320162E-2","1.9255749623962480E-15","1.5350706760231855E-2","-1.1021003422284342E-14","3.0002672127437000E+0","2.7003529276633516E+0","1.5697787114702678E+2","1.7251214691442101E+1","3.054200000000000E-6"
"645","9.9160621070156341E-1","4.1150746489718174E-23","1.1312000695940754E-2","1.3678264112888361E-15","1.5350174460171935E-2","-8.5640809941409620E-15","3.0002670403189100E+0","2.6998586753614391E+0","1.5694913909746063E+2","1.7201737486566699E+1","3.054200000000000E-6"
"644","9.9160850645913212E-1","4.1020434523968098E-23","1.1314399116934090E-2","1.1747413877236935E-15","1.5349637867221599E-2","-6.4766574717347385E-15","3.0002668683018898E+0","2.6993644124752536E+0","1.5692040643260577E+2","1.7152421309852500E+1","3.054200000000000E-6"
"643","9.9619782774810162E-1","3.9920636979083794E-23","1.2347582466944134E-2","2.7104162105788918E-14","9.1180292582983859E-3","-2.7029483831248257E-13","3.0002666884338600E+0","1.7442141717080115E+0","1.0139527492657167E+2","2.0004745520835998E+0","3.054200000000000E-6"
"642","9.9619135670007564E-1","4.0134974985432744E-23","1.2347955121110326E-2","1.9586992125542903E-14","9.1314809315912304E-3","-1.8170867595493486E-13","3.0002664961083800E+0","1.7451984497106947E+0","1.0145249332343205E+2","2.0004942019043601E+0","3.054200000000000E-6"
"641","9.9618489525881460E-1","4.0262440932887229E-23","1.2348326844065968E-2","2.4854113707125298E-14","9.1449024976875508E-3","-2.7518445796764801E-13","3.0002663040919502E+0","1.7461827742583622E+0","1.0150971442606188E+2","2.0005036752794800E+0","3.054200000000000E-6"
"640","9.9617844337173844E-1","4.0445839799387402E-23","1.2348697628770803E-2","2.4295670566705808E-14","9.1582941039963211E-3","-2.6356662966077938E-13","3.0002661123846699E+0","1.7471671450073796E+0","1.0156693821448492E+2","2.0005029470344402E+0","3.054200000000000E-6"
"639","9.9617200098672365E-1","4.0584532138718653E-23","1.2349067468239681E-2","1.3896138233964602E-14","9.1716558965703014E-3","-2.1659629754495575E-13","3.0002659209866600E+0","1.7481515616178980E+0","1.0162416466894494E+2","2.0004919918650899E+0","3.054200000000000E-6"
"638","9.9616556805210565E-1","4.1006629480607460E-23","1.2349436355544179E-2","1.3365391083380844E-14","9.1849880202600730E-3","-1.6049445307313642E-13","3.0002657298980200E+0","1.7491360237537499E+0","1.0168139376989977E+2","2.0004707844993899E+0","3.054200000000000E-6"
"637","9.9615914451667054E-1","4.1251955740654511E-23","1.2349804283811947E-2","2.1835011178671344E-14","9.1982906185890025E-3","-2.8068450059584378E-13","3.0002655391188600E+0","1.7501205310824497E+0","1.0173862549802121E+2","2.0004392998108602E+0","3.054200000000000E-6"
"636","9.9615273032965412E-1","4.0946296994679684E-23","1.2350171246235084E-2","2.0498023405779344E-14","9.2115638339524217E-3","-2.1518213447332839E-13","3.0002653486492901E+0","1.7511050832751340E+0","1.0179585983419166E+2","2.0003975124193198E+0","3.054200000000000E-6"
"635","9.9163141309799907E-1","4.0915444624719417E-23","1.1338102557753204E-2","7.9510382930120842E-16","1.5344037906234691E-2","-6.1722925286451017E-15","3.0002651703401102E+0","2.6944212121200453E+0","1.5663304656180350E+2","1.6667964254020799E+1","3.054200000000000E-6"
"634","9.9163369874920249E-1","4.1072143652010446E-23","1.1340445127686205E-2","1.2580178904593974E-15","1.5343454711682730E-2","-7.3126869029858494E-15","3.0002650027431699E+0","2.6939268359812472E+0","1.5660430731330774E+2","1.6620374103111601E+1","3.054200000000000E-6"
"633","9.9163598350357152E-1","4.1181031639895874E-23","1.1342782702144165E-2","1.0159080581035113E-15","1.5342867335902805E-2","-6.1702028376177365E-15","3.0002648355421999E+0","2.6934324498288138E+0","1.5657556748269579E+2","1.6572936843213199E+1","3.054200000000000E-6"
"632","9.9163826736470584E-1","4.1350603665469373E-23","1.1345115294552665E-2","1.9927619982495256E-15","1.5342275787923904E-2","-9.8563760430264390E-15","3.0002646687362500E+0","2.6929380537086924E+0","1.5654682707263865E+2","1.6525651819976499E+1","3.054200000000000E-6"
"631","9.9612398083552034E-1","4.1369112949725548E-23","1.2351810444829883E-2","1.9919150391837524E-14","9.2709334441380496E-3","-2.5485583621379267E-13","3.0002644953700002E+0","1.7555361146931636E+0","1.0205344611925172E+2","2.0000812953252498E+0","3.054200000000000E-6"
"630","9.9611761717676017E-1","4.1163791212053420E-23","1.2352171975722671E-2","2.0171208199351418E-14","9.2840475435700381E-3","-2.7287678659790967E-13","3.0002643066049202E+0","1.7565209079156636E+0","1.0211069446705262E+2","1.9999823909243899E+0","3.054200000000000E-6"
"629","9.9611126254693161E-1","4.1172099207330768E-23","1.2352532497785697E-2","2.1445752372833935E-14","9.2971331561484526E-3","-2.7032706150050626E-13","3.0002641181500600E+0","1.7575057439490203E+0","1.0216794530354939E+2","1.9998730192270000E+0","3.054200000000000E-6"
"628","9.9610491689844449E-1","4.1369482596061661E-23","1.2352892004598539E-2","2.1852980950662584E-14","9.3101904154080650E-3","-2.6457337553153880E-13","3.0002639300055098E+0","1.7584906224898786E+0","1.0222519861110727E+2","1.9997531549180600E+0","3.054200000000000E-6"
"627","9.9609858018410924E-1","4.1575618589648826E-23","1.2353250489789091E-2","1.8653886085753143E-14","9.3232194537772022E-3","-2.4542367969345231E-13","3.0002637421713700E+0","1.7594755432380844E+0","1.0228245437227758E+2","1.9996227725589899E+0","3.054200000000000E-6"
"626","9.9609225235713272E-1","4.1758671074267403E-23","1.2353607947033579E-2","2.1827432016105588E-14","9.3362204025830148E-3","-2.6046868867601531E-13","3.0002635546477201E+0","1.7604605058966509E+0","1.0233971256979582E+2","1.9994818467687501E+0","3.054200000000000E-6"
"625","9.9608593337111728E-1","4.1844374740546061E-23","1.2353964370056978E-2","1.2043974975453699E-14","9.3491933920755600E-3","-1.4859748695037570E-13","3.0002633674346599E+0","1.7614455101717061E+0","1.0239697318657849E+2","1.9993303521103600E+0","3.054200000000000E-6"
"624","9.9165878250722483E-1","4.1534661691519979E-23","1.1365886624297992E-2","2.0143799001511748E-15","1.5336765577732772E-2","-9.9344643167328388E-15","3.0002631851021300E+0","2.6884880475454591E+0","1.5628813774098154E+2","1.6106831021433301E+1","3.054200000000000E-6"
"623","9.9166105763130241E-1","4.1329541579121862E-23","1.1368170123578223E-2","1.3595847156579367E-15","1.5336132795749151E-2","-7.6677836963673037E-15","3.0002630221944200E+0","2.6879935542235787E+0","1.5625939168035740E+2","1.6061033141236699E+1","3.054200000000000E-6"
"622","9.9166333190093792E-1","4.1224220807629360E-23","1.1370448785196137E-2","1.5056273535662582E-15","1.5335495938290974E-2","-7.7641021348841673E-15","3.0002628596714098E+0","2.6874990514239494E+0","1.5623064506876941E+2","1.6015380528155799E+1","3.054200000000000E-6"
"621","9.9166560531958592E-1","4.1220234831052880E-23","1.1372722621985036E-2","2.0201234732264967E-15","1.5334855013912425E-2","-1.1069702041515727E-14","3.0002626975321900E+0","2.6870045391897439E+0","1.5620189790872729E+2","1.5969872568770700E+1","3.054200000000000E-6"
"620","9.9605760611615157E-1","4.1652804880556855E-23","1.2355555309149805E-2","2.1774478839995241E-14","9.4072292863875903E-3","-2.6519618815310690E-13","3.0002625288216702E+0","1.7658785366871479E+0","1.0265467545134673E+2","1.9985171536859601E+0","3.054200000000000E-6"
"619","9.9605133494311460E-1","4.1746751918627069E-23","1.2355905933781209E-2","1.7968509549850782E-14","9.4200507801004765E-3","-2.2232813187059728E-13","3.0002623433183500E+0","1.7668637647352656E+0","1.0271194907658419E+2","1.9983070749463800E+0","3.054200000000000E-6"
"618","9.9604507231868866E-1","4.1525556068012194E-23","1.2356255484488338E-2","2.2061484004112594E-14","9.4328451353333613E-3","-2.3658879459464997E-13","3.0002621581261599E+0","1.7678490325628469E+0","1.0276922501429547E+2","1.9980862616058801E+0","3.054200000000000E-6"
"617","9.9603881819927231E-1","4.1412935427613439E-23","1.2356603955323850E-2","1.2075628227454555E-14","9.4456124745612696E-3","-1.3914527221372992E-13","3.0002619732451801E+0","1.7688343398980930E+0","1.0282650324868032E+2","1.9978546881216701E+0","3.054200000000000E-6"
"616","9.9603257254162081E-1","4.1597900767398559E-23","1.2356951340381537E-2","1.8518432753924731E-14","9.4583529192145219E-3","-2.2929208725913950E-13","3.0002617886754899E+0","1.7698196864720077E+0","1.0288378376410131E+2","1.9976123289370600E+0","3.054200000000000E-6"
"615","9.9602633530284068E-1","4.1808278646564895E-23","1.2357297633797224E-2","1.3700251070983102E-14","9.4710665898116008E-3","-2.6354197418529771E-13","3.0002616044171702E+0","1.7708050720183199E+0","1.0294106654507949E+2","1.9973591583934300E+0","3.054200000000000E-6"
"614","9.9602010644038497E-1","4.2251691398863426E-23","1.2357642829743819E-2","1.9462682869966661E-14","9.4837536059243135E-3","-2.3863036687476497E-13","3.0002614204703000E+0","1.7717904962734465E+0","1.0299835157629217E+2","1.9970951509114701E+0","3.054200000000000E-6"
"613","9.9168602835725239E-1","4.1194323398364343E-23","1.1392972129717573E-2","1.2919807697400206E-15","1.5328905076541333E-2","-8.8635570413730548E-15","3.0002612553999399E+0","2.6825535115407755E+0","1.5594314919570027E+2","1.5566710747233500E+1","3.054200000000000E-6"
"612","9.9168829345348164E-1","4.1248757052548533E-23","1.1395198413618326E-2","1.5531054451542903E-15","1.5328223945369358E-2","-8.4157706386803207E-15","3.0002610970488699E+0","2.6820589072872192E+0","1.5591439668635672E+2","1.5522616298949201E+1","3.054200000000000E-6"
"611","9.9169055773596215E-1","4.1237595284157888E-23","1.1397420010745717E-2","1.1837552773761409E-15","1.5327538838937503E-2","-7.8017932455332293E-15","3.0002609390717301E+0","2.6815642940596645E+0","1.5588564365533352E+2","1.5478659968731501E+1","3.054200000000000E-6"
"610","9.9599837077905717E-1","4.1979556732151567E-23","1.2358842289797526E-2","1.8937831914509309E-14","9.5279499612399895E-3","-2.2401605304077629E-13","3.0002607791099600E+0","1.7752397822556203E+0","1.0319886668856212E+2","1.9960854133532500E+0","3.054200000000000E-6"
"609","9.9599217909263704E-1","4.1802131660637981E-23","1.2359182476077544E-2","1.8335323990327171E-14","9.5405184857430981E-3","-2.2548584901225649E-13","3.0002605965655200E+0","1.7762253775097725E+0","1.0325616166035060E+2","1.9957723219522800E+0","3.054200000000000E-6"
"608","9.9598599555455658E-1","4.1622873867078797E-23","1.2359521533529308E-2","2.0297290380625199E-14","9.5530609963259648E-3","-2.3350116601665440E-13","3.0002604143329399E+0","1.7772110100700023E+0","1.0331345880082918E+2","1.9954482523229700E+0","3.054200000000000E-6"
"607","9.9597982012442943E-1","4.1680706716593154E-23","1.2359859456569878E-2","1.9018857019077119E-14","9.5655776064933248E-3","-2.1114598122056533E-13","3.0002602324122800E+0","1.7781966796894999E+0","1.0337075809565022E+2","1.9951131786338001E+0","3.054200000000000E-6"
"606","9.9597365276218652E-1","4.1801769769119727E-23","1.2360196239651410E-2","1.9640334953376429E-14","9.5780684288485178E-3","-2.1021615812585914E-13","3.0002600508036101E+0","1.7791823861239178E+0","1.0342805953060922E+2","1.9947670752080300E+0","3.054200000000000E-6"
"605","9.9596749342807567E-1","4.1732012594087654E-23","1.2360531877260461E-2","1.8312494631367995E-14","9.5905335751311441E-3","-2.0256275138646037E-13","3.0002598695070102E+0","1.7801681291313174E+0","1.0348536309164173E+2","1.9944099161210400E+0","3.054200000000000E-6"
"604","9.9170864309659146E-1","4.1096643707778734E-23","1.1415025527351064E-2","1.5940401451111285E-15","1.5321915844167490E-2","-9.3261500737533768E-15","3.0002596886109201E+0","2.6776070700050765E+0","1.5565560090744776E+2","1.5131913158108400E+1","3.054200000000000E-6"
"603","9.9171090020328101E-1","4.1130490904468593E-23","1.1417205490465725E-2","1.7765328092680802E-15","1.5321195321195963E-2","-8.9817438542585157E-15","3.0002595339599001E+0","2.6771123778144004E+0","1.5562684328611246E+2","1.5089174356143101E+1","3.054200000000000E-6"
"602","9.9171315652889802E-1","4.1197900954512784E-23","1.1419380887538135E-2","1.3921149469964783E-15","1.5320470902498110E-2","-8.0594834139606883E-15","3.0002593796741701E+0","2.6766176770466950E+0","1.5559808516617426E+2","1.5046568052125400E+1","3.054200000000000E-6"
"601","9.9171541207665093E-1","4.1452879378332291E-23","1.1421551730400643E-2","1.8090529311856784E-15","1.5319742595832561E-2","-1.0380921157529946E-14","3.0002592257528700E+0","2.6761229677405725E+0","1.5556932654987779E+2","1.5004093700164400E+1","3.054200000000000E-6"
"600","9.9593987472235768E-1","4.1682645421155631E-23","1.2362027925139357E-2","1.9605224278164175E-14","9.6463119444420414E-3","-2.3226512777215203E-13","3.0002590575359500E+0","1.7846044188876007E+0","1.0374325505628033E+2","1.9926651942492299E+0","3.054200000000000E-6"
"599","9.9593375884612823E-1","4.1823100689167613E-23","1.2362357165588029E-2","1.7212312862041591E-14","9.6586378311564938E-3","-2.0203031373647901E-13","3.0002588779569201E+0","1.7855903588271838E+0","1.0380057006544415E+2","1.9922467670780499E+0","3.054200000000000E-6"
"598","9.9592765074707279E-1","4.2270375340950678E-23","1.2362685225530115E-2","1.7461396034267487E-14","9.6709387472583390E-3","-2.3125289459954913E-13","3.0002586986903999E+0","1.7865763338241269E+0","1.0385788711257482E+2","1.9918171159927700E+0","3.054200000000000E-6"
"597","9.9592155038769414E-1","4.2128488016503656E-23","1.2363012099694476E-2","1.8426445344476031E-14","9.6832147982107205E-3","-2.0427349767872170E-13","3.0002585197364402E+0","1.7875623436536969E+0","1.0391520618460807E+2","1.9913762150385701E+0","3.054200000000000E-6"
"596","9.9591545773077905E-1","4.2148663468631726E-23","1.2363337782838869E-2","2.1598001576554045E-14","9.6954660886170753E-3","-2.0889127867371573E-13","3.0002583410951100E+0","1.7885483880933468E+0","1.0397252726860674E+2","1.9909240381433000E+0","3.054200000000000E-6"
"595","9.9590937273939806E-1","4.2067131894567749E-23","1.2363662269750454E-2","1.4777053396723130E-14","9.7076927223124308E-3","-1.7923474615853391E-13","3.0002581627664799E+0","1.7895344669226674E+0","1.0402985035175787E+2","1.9904605593545699E+0","3.054200000000000E-6"
"594","9.9173342883699689E-1","4.1673090367029646E-23","1.1438755927417828E-2","1.4414422342573372E-15","1.5313777095993389E-2","-9.6708630194047829E-15","3.0002580074015102E+0","2.6721649904788727E+0","1.5533924001628992E+2","1.4668984577180300E+1","3.054200000000000E-6"
"593","9.9173567752657865E-1","4.1805273828915611E-23","1.1440886307774532E-2","1.1141937921164355E-15","1.5313014141353483E-2","-8.4247044117320362E-15","3.0002578567225102E+0","2.6716702060331028E+0","1.5531047703194889E+2","1.4627673690504400E+1","3.054200000000000E-6"
"592","9.9173792546979544E-1","4.1718032123685409E-23","1.1443012249902244E-2","1.5995472105978450E-15","1.5312247374518896E-2","-1.0405366720776515E-14","3.0002577063996498E+0","2.6711754134246295E+0","1.5528171357309071E+2","1.4586489450227001E+1","3.054200000000000E-6"
"591","9.9588813510902296E-1","4.1932420361936537E-23","1.2364788479030858E-2","1.7178167786866701E-14","9.7502932494228627E-3","-2.0858171606467884E-13","3.0002575410796601E+0","1.7929860105112554E+0","1.0423049670400212E+2","1.9887490044914899E+0","3.054200000000000E-6"
"590","9.9588208416299717E-1","4.1546413944149258E-23","1.2365107519159408E-2","9.3814633726802119E-15","9.7624101919951065E-3","-1.3916036449503891E-13","3.0002573641589301E+0","1.7939722414227752E+0","1.0428782862804944E+2","1.9882343442175201E+0","3.054200000000000E-6"
"589","9.9587604068432733E-1","4.1738658473325086E-23","1.2365425334891881E-2","1.0796396024332466E-14","9.7745030350936558E-3","-1.6567798545695328E-13","3.0002571875512398E+0","1.7949585055489139E+0","1.0434516248294075E+2","1.9877082383658899E+0","3.054200000000000E-6"
"588","9.9587000463785613E-1","4.1893519608692760E-23","1.2365741921197031E-2","1.6167474958667294E-14","9.7865718776134255E-3","-1.6867922924096666E-13","3.0002570112566400E+0","1.7959448026825733E+0","1.0440249825663690E+2","1.9871706608066300E+0","3.054200000000000E-6"
"587","9.9586397598868648E-1","4.1913330584363416E-23","1.2366057273069423E-2","1.7888718971621468E-14","9.7986168176534116E-3","-1.9607321133009247E-13","3.0002568352751999E+0","1.7969311326186297E+0","1.0445983593721361E+2","1.9866215852438400E+0","3.054200000000000E-6"
"586","9.9175364043262815E-1","4.2370563889655493E-23","1.1457770524227247E-2","1.1354303367876246E-15","1.5306773882574365E-2","-9.9665702527476512E-15","3.0002566640433299E+0","2.6677116396579743E+0","1.5508035625181088E+2","1.4301702893662799E+1","3.054200000000000E-6"
"585","9.9175588251542346E-1","4.2318947819432351E-23","1.1459861366386066E-2","2.2966625461576795E-15","1.5305976881795042E-2","-1.2561173946147701E-14","3.0002565165404702E+0","2.6672167830489988E+0","1.5505158907245286E+2","1.4261513485782400E+1","3.054200000000000E-6"
"584","9.9175812387932816E-1","4.2158459270960627E-23","1.1461947871177738E-2","1.1154216540205459E-15","1.5305176134250342E-2","-8.3656794809865368E-15","3.0002563693865199E+0","2.6667219185999631E+0","1.5502282143733370E+2","1.4221446178615500E+1","3.054200000000000E-6"
"583","9.9584293347255115E-1","4.2158902413654633E-23","1.2367151211772752E-2","1.3969924311635642E-14","9.8405872757163938E-3","-1.8562195850609820E-13","3.0002562218071498E+0","1.8003835427969552E+0","1.0466053266635886E+2","1.9846088950642600E+0","3.054200000000000E-6"
"582","9.9583693768625969E-1","4.2344247739533448E-23","1.2367460947416612E-2","1.7369957301275548E-14","9.8525258497342526E-3","-1.8010633190890513E-13","3.0002560472356499E+0","1.8013700178563914E+0","1.0471787878329920E+2","1.9840077534409000E+0","3.054200000000000E-6"
"581","9.9583094910988912E-1","4.2439735401495496E-23","1.2367769421538504E-2","1.2722607117909332E-14","9.8644410481905781E-3","-1.7357381094179753E-13","3.0002558729776401E+0","1.8023565246238540E+0","1.0477522674350172E+2","1.9833949691107200E+0","3.054200000000000E-6"
"580","9.9582496771017559E-1","4.2300182277339047E-23","1.2368076629291040E-2","1.7842432298539711E-14","9.8763329646414273E-3","-1.8636401057163451E-13","3.0002556990331701E+0","1.8033430629063427E+0","1.0483257653574688E+2","1.9827705157349300E+0","3.054200000000000E-6"
"579","9.9581899345409963E-1","4.2111168922431757E-23","1.2368382565848402E-2","1.6843785357771046E-14","9.8882016919330101E-3","-1.6760680564574659E-13","3.0002555254023000E+0","1.8043296325126352E+0","1.0488992814891849E+2","1.9821343668879501E+0","3.054200000000000E-6"
"578","9.9581302630887858E-1","4.1990788293911545E-23","1.2368687226410871E-2","1.3338231905144865E-14","9.9000473222252607E-3","-1.6233209765170091E-13","3.0002553520850799E+0","1.8053162332532999E+0","1.0494728157200443E+2","1.9814864960553800E+0","3.054200000000000E-6"
"577","9.9177602926881225E-1","4.1612752711224300E-23","1.1478485076995464E-2","1.7305176788858598E-15","1.5298636117351865E-2","-1.0271449858408725E-14","3.0002552046216802E+0","2.6627627249276546E+0","1.5479266419093423E+2","1.3905244807027900E+1","3.054200000000000E-6"
"576","9.9177826429666793E-1","4.1426114915638177E-23","1.1480533036145765E-2","2.9665587079860386E-16","1.5297801965314503E-2","-6.6365627792872131E-15","3.0002550605727700E+0","2.6622677914719901E+0","1.5476389254429733E+2","1.3866254555804399E+1","3.054200000000000E-6"
"575","9.9178049863522666E-1","4.1129575835916692E-23","1.1482576766258884E-2","1.5444054160026647E-15","1.5296964136271178E-2","-9.2428242417172048E-15","3.0002549168650199E+0","2.6617728505185392E+0","1.5473512046179647E+2","1.3827381594635799E+1","3.054200000000000E-6"
"574","9.9579219683082887E-1","4.2165939911210292E-23","1.2369743421091185E-2","1.0756884208162952E-14","9.9413264547350746E-3","-1.4573649464860424E-13","3.0002547479456698E+0","1.8087695783341295E+0","1.0514803264923260E+2","1.9791262554069100E+0","3.054200000000000E-6"
"573","9.9578626128507319E-1","4.2300691510403951E-23","1.2370042280828428E-2","1.7246469424294159E-14","9.9530692715456125E-3","-1.8572424086928724E-13","3.0002545760406099E+0","1.8097563168811825E+0","1.0520539408332823E+2","1.9784253078238001E+0","3.054200000000000E-6"
"572","9.9578033267404042E-1","4.2263057377472369E-23","1.2370339838543533E-2","1.2691444666159889E-14","9.9647894865924607E-3","-1.4790567458939391E-13","3.0002544044495099E+0","1.8107430855512043E+0","1.0526275726854293E+2","1.9777124923056300E+0","3.054200000000000E-6"
"571","9.9577441096644703E-1","4.2444273262636984E-23","1.2370636089572354E-2","1.3328918933504485E-14","9.9764871878262364E-3","-1.3310850357067500E-13","3.0002542331724298E+0","1.8117298841657050E+0","1.0532012219450066E+2","1.9769877822248401E+0","3.054200000000000E-6"
"570","9.9576849613122731E-1","4.2341917416651428E-23","1.2370931029268862E-2","1.4258991894326534E-14","9.9881624625577595E-3","-1.6553376068165403E-13","3.0002540622094398E+0","1.8127167125478085E+0","1.0537748885091921E+2","1.9762511509822400E+0","3.054200000000000E-6"
"569","9.9179611994783623E-1","4.0939970529882699E-23","1.1496765351626010E-2","9.0406243951766431E-16","1.5290996945391924E-2","-7.1221392042325641E-15","3.0002539203993499E+0","2.6583080566857502E+0","1.5453370384167147E+2","1.3558515995528200E+1","3.054200000000000E-6"
"568","9.9179834887588758E-1","4.0953660369020306E-23","1.1498775628738219E-2","1.0393624517524436E-15","1.5290129943112048E-2","-6.6467062685991615E-15","3.0002537793936201E+0","2.6578130569364493E+0","1.5450492834122943E+2","1.3520564713717700E+1","3.054200000000000E-6"
"567","9.9575373890793084E-1","4.2231389284708010E-23","1.2371662611124858E-2","1.3462624620223072E-14","1.0017253101036969E-2","-1.3236303871735684E-13","3.0002536361764101E+0","1.8151839125898803E+0","1.0552091299608583E+2","1.9743572423665501E+0","3.054200000000000E-6"
"566","9.9574784788453807E-1","4.2242120660686197E-23","1.2371952924856367E-2","1.5539419112740848E-14","1.0028850561869194E-2","-1.6216469986454342E-13","3.0002534663131302E+0","1.8161708437885018E+0","1.0557828562947054E+2","1.9735786765524399E+0","3.054200000000000E-6"
"565","9.9574196359641542E-1","4.2241997876063832E-23","1.2372241906589322E-2","1.2439668358329999E-14","1.0040425981603195E-2","-1.5086383555049544E-13","3.0002532967641802E+0","1.8171578039782235E+0","1.0563565994817615E+2","1.9727880692322901E+0","3.054200000000000E-6"
"564","9.9573608601367547E-1","4.2162535546000345E-23","1.2372529551779912E-2","1.5152610848909355E-14","1.0051979444233484E-2","-1.4621661682412628E-13","3.0002531275296200E+0","1.8181447929907004E+0","1.0569303594241634E+2","1.9719853935774601E+0","3.054200000000000E-6"
"563","9.9573021510664261E-1","4.2264216722798481E-23","1.2372815855903840E-2","1.4043455252206295E-14","1.0063511033142002E-2","-1.5794372173324138E-13","3.0002529586094999E+0","1.8191318106590919E+0","1.0575041360249232E+2","1.9711706227647900E+0","3.054200000000000E-6"
"562","9.9181393295262454E-1","4.0460702082969410E-23","1.1512732368902621E-2","1.2033515591866752E-15","1.5283960023654968E-2","-7.7168692690362009E-15","3.0002528016754102E+0","2.6543478587697829E+0","1.5430348821622454E+2","1.3258049476646100E+1","3.054200000000000E-6"
"561","9.9181615665149048E-1","4.0408274341770017E-23","1.1514709854051335E-2","1.5169530780597297E-15","1.5283064269456942E-2","-9.5615445570042285E-15","3.0002526633243201E+0","2.6538528022777030E+0","1.5427470941719125E+2","1.3220991121832499E+1","3.054200000000000E-6"
"560","9.9181837970922815E-1","4.0373827439135972E-23","1.1516683285769708E-2","8.2496740592256666E-16","1.5282164950182716E-2","-7.6156428568164590E-15","3.0002525253017902E+0","2.6533577388332907E+0","1.5424593021400250E+2","1.3184042418145200E+1","3.054200000000000E-6"
"559","9.9570971907955019E-1","4.2316988260939933E-23","1.2373807294509953E-2","1.7424290512753445E-14","1.0103700529401892E-2","-1.7069437582555534E-13","3.0002523698660801E+0","1.8225865957893528E+0","1.0595124839318319E+2","1.9682232872321701E+0","3.054200000000000E-6"
"558","9.9570387785140324E-1","4.2315080575652277E-23","1.2374087508293947E-2","1.2923222001450424E-14","1.0115134703234864E-2","-1.5208325710005761E-13","3.0002522023616200E+0","1.8235737403838201E+0","1.0600863343177068E+2","1.9673537552255200E+0","3.054200000000000E-6"
"557","9.9569804313935606E-1","4.2444244828302453E-23","1.2374366356425380E-2","9.3071070321295225E-15","1.0126547451808130E-2","-1.2100226546792281E-13","3.0002520351719100E+0","1.8245609127424967E+0","1.0606602008435698E+2","1.9664719798864401E+0","3.054200000000000E-6"
"556","9.9569221491503146E-1","4.2548620804439930E-23","1.2374643834485083E-2","1.3288158557902030E-14","1.0137938854832230E-2","-1.3334972291735049E-13","3.0002518682969899E+0","1.8255481127078352E+0","1.0612340834178352E+2","1.9655779342322801E+0","3.054200000000000E-6"
"555","9.9183170474549898E-1","4.0886638059887859E-23","1.1528439312083123E-2","1.2446288280694819E-15","1.5276694520794543E-2","-1.0697753178890775E-14","3.0002517040264700E+0","2.6503872138790214E+0","1.5407324660708088E+2","1.2964628973998700E+1","3.054200000000000E-6"
"554","9.9183392339192744E-1","4.1062687943633210E-23","1.1530384648088549E-2","1.1864638883103038E-15","1.5275770421858037E-2","-8.1109474044229264E-15","3.0002515682839301E+0","2.6498921026208850E+0","1.5404446462436781E+2","1.2928435924649399E+1","3.054200000000000E-6"
"553","9.9183614141900622E-1","4.1165418605833388E-23","1.1532326009767068E-2","1.0523971202380779E-15","1.5274842807775964E-2","-6.3950398874399064E-15","3.0002514328642902E+0","2.6493969846523182E+0","1.5401568225156163E+2","1.2892349150657800E+1","3.054200000000000E-6"
"552","9.9567186681550801E-1","4.2422987579029679E-23","1.2375604154953932E-2","1.1310842128529052E-14","1.0177641807261080E-2","-1.2030108082369843E-13","3.0002512867146400E+0","1.8290035277464631E+0","1.0632427975053031E+2","1.9623517546148801E+0","3.054200000000000E-6"
"551","9.9566606743988584E-1","4.2371539529868167E-23","1.2375875413424858E-2","1.5199607608927027E-14","1.0188938127176000E-2","-1.6189424530291162E-13","3.0002511212570102E+0","1.8299908500286026E+0","1.0638167511852036E+2","1.9614021572095099E+0","3.054200000000000E-6"
"550","9.9566027439930338E-1","4.2362298371462534E-23","1.2376145277790721E-2","9.3145611563718767E-15","1.0200213530316094E-2","-1.1789778059712656E-13","3.0002509561144799E+0","1.8309781990750125E+0","1.0643907204238045E+2","1.9604401402759200E+0","3.054200000000000E-6"
"549","9.9565448766660469E-1","4.2386344770363377E-23","1.2376413743729104E-2","1.1968374946944324E-14","1.0211468092908300E-2","-1.3270084115892700E-13","3.0002507912871201E+0","1.8319655747367922E+0","1.0649647051345464E+2","1.9594656766556799E+0","3.054200000000000E-6"
"548","9.9184943672486214E-1","4.1185968874176081E-23","1.1543891261807077E-2","9.3961899750904119E-16","1.5269203646297550E-2","-5.8858545347500084E-15","3.0002506270882399E+0","2.6464261375702636E+0","1.5384297991859367E+2","1.2678037322806400E+1","3.054200000000000E-6"
"547","9.9185165049117763E-1","4.1282997160028457E-23","1.1545805073915571E-2","7.8892274443929217E-16","1.5268251596199814E-2","-6.4344131641388642E-15","3.0002504939094199E+0","2.6459309734500231E+0","1.5381419486288209E+2","1.2642683035587600E+1","3.054200000000000E-6"
"546","9.9185386365938111E-1","4.1367643586086885E-23","1.1547714988648932E-2","1.1819570833090369E-15","1.5267296079222319E-2","-8.2233225878935773E-15","3.0002503610479798E+0","2.6454358028524014E+0","1.5378540943062507E+2","1.2607431779046600E+1","3.054200000000000E-6"
"545","9.9563428338886317E-1","4.2326076907921158E-23","1.2377342299787410E-2","1.0223349442189631E-14","1.0250696031381694E-2","-1.1698111773831001E-13","3.0002502168740302E+0","1.8354215970290020E+0","1.0669737722328135E+2","1.9559566425859500E+0","3.054200000000000E-6"
"544","9.9562852471036534E-1","4.2450546910595192E-23","1.2377604419652816E-2","1.0323708253569866E-14","1.0261857741285959E-2","-1.3011336801484335E-13","3.0002500534655798E+0","1.8364090906510986E+0","1.0675478255166638E+2","1.9549258312449900E+0","3.054200000000000E-6"
"543","9.9562277219356998E-1","4.2354683139948942E-23","1.2377865117545810E-2","1.1572271555344625E-14","1.0272999020884736E-2","-1.3214200816654593E-13","3.0002498903725998E+0","1.8373966100919903E+0","1.0681218938095873E+2","1.9538824230186100E+0","3.054200000000000E-6"
"542","9.9561702581246436E-1","4.2364394757327929E-23","1.2378124389225547E-2","1.3648227509292415E-14","1.0284119943144519E-2","-1.3792089229593446E-13","3.0002497275951399E+0","1.8383841552108038E+0","1.0686959770296912E+2","1.9528263905036600E+0","3.054200000000000E-6"
"541","9.9186713025425344E-1","4.1506377284448095E-23","1.1559093160297816E-2","1.7638660797338554E-15","1.5261490502689932E-2","-8.9428621499857247E-15","3.0002495705062699E+0","2.6424646448301297E+0","1.5361268902197048E+2","1.2398065806195600E+1","3.054200000000000E-6"
"540","9.9186933930850463E-1","4.1580151455330151E-23","1.1560976056797994E-2","2.0615093825534634E-15","1.5260510881932407E-2","-9.8961238212978321E-15","3.0002494398475501E+0","2.6419694296823559E+0","1.5358390099990828E+2","1.2363524765824801E+1","3.054200000000000E-6"
"539","9.9187154778535691E-1","4.1506056751960740E-23","1.1562855130796048E-2","1.2782813273238770E-15","1.5259527840965329E-2","-6.8134579423022374E-15","3.0002493095008198E+0","2.6414742082818030E+0","1.5355511261435731E+2","1.2329083636602400E+1","3.054200000000000E-6"
"538","9.9559696142556875E-1","4.2096261576830054E-23","1.2379020547732303E-2","1.3310018695277229E-14","1.0322883899159349E-2","-1.2626943149561643E-13","3.0002491603596200E+0","1.8418407633341034E+0","1.0707053846853587E+2","1.9490304644110099E+0","3.054200000000000E-6"
"537","9.9559124233768570E-1","4.2311742126400100E-23","1.2379273349290228E-2","4.4207913520137279E-15","1.0333914103459952E-2","-1.0683505738974535E-13","3.0002489990027401E+0","1.8428284222917422E+0","1.0712795340826509E+2","1.9479172828854101E+0","3.054200000000000E-6"
"536","9.9558552924542321E-1","4.2374523842423098E-23","1.2379524701519444E-2","1.2419469852945289E-14","1.0344924343204276E-2","-1.2087955596631636E-13","3.0002488379616898E+0","1.8438161061733396E+0","1.0718536979688270E+2","1.9467913259279399E+0","3.054200000000000E-6"
"535","9.9557982212384410E-1","4.2416393398585244E-23","1.2379774600250767E-2","1.2350903345156396E-14","1.0355914688250459E-2","-1.2397535804274387E-13","3.0002486772365402E+0","1.8448038148454979E+0","1.0724278762663393E+2","1.9456525659313999E+0","3.054200000000000E-6"
"534","9.9188478666350033E-1","4.0789108295788249E-23","1.1574049816194497E-2","8.8679425515755690E-16","1.5253558089619236E-2","-5.6975681806465302E-15","3.0002485339356202E+0","2.6385027501014946E+0","1.5338237475680964E+2","1.2124513764637200E+1","3.054200000000000E-6"
"533","9.9188699116960188E-1","4.0975523786584698E-23","1.1575902389006156E-2","1.0909755232541268E-15","1.5252551266119387E-2","-5.5759370657615215E-15","3.0002484057545100E+0","2.6380074856945734E+0","1.5335358387119726E+2","1.2090761436545799E+1","3.054200000000000E-6"
"532","9.9556558027944619E-1","4.2268558128544936E-23","1.2380392960772027E-2","1.5013916559249256E-14","1.0383303966117217E-2","-1.2996983207289941E-13","3.0002482768060998E+0","1.8472731941190870E+0","1.0738633845565764E+2","1.9427494715688600E+0","3.054200000000000E-6"
"531","9.9555989386119670E-1","4.2163016344732176E-23","1.2380637739590070E-2","1.0343139857797563E-14","1.0394225223523493E-2","-1.1919854496614862E-13","3.0002481171870601E+0","1.8482609885235104E+0","1.0744376126922722E+2","1.9415656835052899E+0","3.054200000000000E-6"
"530","9.9555421330338389E-1","4.2378003170874258E-23","1.2380881046281230E-2","1.4822622346893595E-14","1.0405126895121233E-2","-1.3137587135506974E-13","3.0002479578841799E+0","1.8492488071316782E+0","1.0750118548981744E+2","1.9403689679842400E+0","3.054200000000000E-6"
"529","9.9554853858193515E-1","4.2198417090010332E-23","1.2381122876732693E-2","9.3079830354021925E-15","1.0416009048305579E-2","-1.0867381685815303E-13","3.0002477988975200E+0","1.8502366498161185E+0","1.0755861111001806E+2","1.9391592973246401E+0","3.054200000000000E-6"
"528","9.9190020659204714E-1","4.0613073921679744E-23","1.1586939396474070E-2","1.5594563816602603E-15","1.5246439641337506E-2","-7.8851542649985287E-15","3.0002476430876399E+0","2.6350357734162539E+0","1.5318083124233414E+2","1.1890269820256700E+1","3.054200000000000E-6"
"527","9.9190240724983136E-1","4.0603943915668373E-23","1.1588765909180065E-2","1.4110657800953228E-15","1.5245409307709181E-2","-6.9956428546251519E-15","3.0002475170405001E+0","2.6345404673084922E+0","1.5315203793255375E+2","1.1857188226276699E+1","3.054200000000000E-6"
"526","9.9190460736769814E-1","4.0621185461561684E-23","1.1590588734419526E-2","9.1658292684022461E-16","1.5244375637266057E-2","-5.2899465345282530E-15","3.0002473912956700E+0","2.6340451553476600E+0","1.5312324428252063E+2","1.1824201011905499E+1","3.054200000000000E-6"
"525","9.9552872267421932E-1","4.2573834303487658E-23","1.2381957598732897E-2","1.3716207335291660E-14","1.0453943840070942E-2","-1.2742481657318284E-13","3.0002472449353101E+0","1.8536942869960640E+0","1.0775961169706959E+2","1.9348230273924301E+0","3.054200000000000E-6"
"524","9.9552307392254613E-1","4.2584913353817398E-23","1.2382192735431617E-2","1.1458599574725825E-14","1.0464738983027364E-2","-1.0714340258536326E-13","3.0002470873723901E+0","1.8546822364737827E+0","1.0781704352541482E+2","1.9335547148153700E+0","3.054200000000000E-6"
"523","9.9551743087751832E-1","4.2487445628264419E-23","1.2382426373422765E-2","1.0250796982069104E-14","1.0475514970625811E-2","-9.5594118613352925E-14","3.0002469301260200E+0","1.8556702093449329E+0","1.0787447671367528E+2","1.9322732942019500E+0","3.054200000000000E-6"
"522","9.9551179351602404E-1","4.2522359112463453E-23","1.2382658508646531E-2","1.2146203226191538E-14","1.0486271867499865E-2","-1.0779470548785515E-13","3.0002467731962699E+0","1.8566582054885963E+0","1.0793191125482170E+2","1.9309787376261300E+0","3.054200000000000E-6"
"521","9.9191779687264936E-1","4.0751259612885816E-23","1.1601448737718286E-2","1.0777772994310256E-15","1.5238103841075622E-2","-7.1635675695486148E-15","3.0002466431401702E+0","2.6310731620993173E+0","1.5295047532020877E+2","1.1628239951795001E+1","3.054200000000000E-6"
"520","9.9191999327894798E-1","4.0959274857427612E-23","1.1603245994415125E-2","1.6582224804057249E-15","1.5237046962245282E-2","-8.5615680768347843E-15","3.0002465194940302E+0","2.6305778098801786E+0","1.5292167932986553E+2","1.1595903557174401E+1","3.054200000000000E-6"
"519","9.9549772482739662E-1","4.2417577300838274E-23","1.2383232245538119E-2","1.1246502371556372E-14","1.0513081008237781E-2","-1.1015576359245183E-13","3.0002463822574899E+0","1.8591282968801905E+0","1.0807550348094104E+2","1.9276846932007901E+0","3.054200000000000E-6"
"518","9.9549210717835390E-1","4.2534024944040069E-23","1.2383459089229460E-2","1.0877841599183033E-14","1.0523771590660683E-2","-1.1063447314325070E-13","3.0002462264363801E+0","1.8601163735393265E+0","1.0813294270264140E+2","1.9263439408692999E+0","3.054200000000000E-6"
"517","9.9548649511061327E-1","4.2621088288450494E-23","1.2383684411985800E-2","8.6154093614415331E-15","1.0534443368154484E-2","-1.0408300855416371E-13","3.0002460709321701E+0","1.8611044729387018E+0","1.0819038324628536E+2","1.9249899268334101E+0","3.054200000000000E-6"
"516","9.9548088860183725E-1","4.2751144345198619E-23","1.2383908209786937E-2","1.1089674168550631E-14","1.0545096403132450E-2","-1.1388575479009736E-13","3.0002459157449199E+0","1.8620925949625968E+0","1.0824782510514594E+2","1.9236226230600399E+0","3.054200000000000E-6"
"515","9.9193316086678529E-1","4.1585538469070707E-23","1.1613953850521098E-2","1.4162329498179380E-15","1.5230636687743054E-2","-8.7063068809142415E-15","3.0002457838399201E+0","2.6276055787657588E+0","1.5274889653983877E+2","1.1403796665764000E+1","3.054200000000000E-6"
"514","9.9193535367847629E-1","4.1762146699729438E-23","1.1615725958171988E-2","1.2376994222114208E-15","1.5229556856450853E-2","-6.9243943647996488E-15","3.0002456622623499E+0","2.6271101875090146E+0","1.5272009828014762E+2","1.1372094281297500E+1","3.054200000000000E-6"
"513","9.9546689650502296E-1","4.2789120982600987E-23","1.2384461006311612E-2","8.1302982695211464E-15","1.0571647398010749E-2","-9.4352426012928889E-14","3.0002455291638999E+0","1.8645629982535261E+0","1.0839143546270769E+2","1.9201460369756500E+0","3.054200000000000E-6"
"512","9.9546130927869159E-1","4.2798490095507495E-23","1.2384679435229487E-2","7.9673654883258612E-15","1.0582235319916070E-2","-1.0207539721992868E-13","3.0002453750865099E+0","1.8655511985651738E+0","1.0844888187261955E+2","1.9187319982179301E+0","3.054200000000000E-6"
"511","9.9545572751248457E-1","4.2844575687853770E-23","1.2384896321192719E-2","1.8017284180100140E-14","1.0592804775290780E-2","-1.3830689221717482E-13","3.0002452213263799E+0","1.8665394209918296E+0","1.0850632956812892E+2","1.9173045433732501E+0","3.054200000000000E-6"
"510","9.9545015118480473E-1","4.2956712944582614E-23","1.2385111660219406E-2","1.1325741317087812E-14","1.0603355824389787E-2","-9.9541691499111174E-14","3.0002450678835602E+0","1.8675276654227080E+0","1.0856377854279550E+2","1.9158636443320300E+0","3.054200000000000E-6"
"509","9.9194850004360324E-1","4.1909276281308963E-23","1.1626284155082161E-2","4.6263751201987067E-16","1.5223009617137519E-2","-4.6080926700645365E-15","3.0002449389310302E+0","2.6241377257404008E+0","1.5254730208164975E+2","1.1183742365968699E+1","3.054200000000000E-6"
"508","9.9195068937520714E-1","4.1831826326579539E-23","1.1628031523577951E-2","4.9581539238145134E-16","1.5221907081999237E-2","-6.0718776046052682E-15","3.0002448193926101E+0","2.6236422966295949E+0","1.5251850162141290E+2","1.1152657732875500E+1","3.054200000000000E-6"
"507","9.9543623401856796E-1","4.3027949997429282E-23","1.2385643213842152E-2","1.2041132522724806E-14","1.0629653311856528E-2","-1.1246247710520328E-13","3.0002446856652001E+0","1.8699983720490181E+0","1.0870740653395687E+2","1.9122023935534500E+0","3.054200000000000E-6"
"506","9.9543067655748974E-1","4.2983830251507330E-23","1.2385853107297982E-2","1.1282764453278780E-14","1.0640140408251958E-2","-1.0447638112545094E-13","3.0002445333335102E+0","1.8709866926345200E+0","1.0876485993567097E+2","1.9107142179766501E+0","3.054200000000000E-6"
"505","9.9542512443932818E-1","4.2903703592014854E-23","1.2386061435959991E-2","1.0390411623896341E-14","1.0650609364980473E-2","-1.0194638642631104E-13","3.0002443813194302E+0","1.8719750347362185E+0","1.0882231458817220E+2","1.9092124713481600E+0","3.054200000000000E-6"
"504","9.9541957764318356E-1","4.2820063999858318E-23","1.2386268195872793E-2","1.1351890291815870E-14","1.0661060240282745E-2","-1.1677852674732079E-13","3.0002442296230498E+0","1.8729633982479510E+0","1.0887977048528913E+2","1.9076971254356401E+0","3.054200000000000E-6"
"503","9.9196381519759935E-1","4.1787603183080903E-23","1.1638442492505601E-2","2.0354251118377869E-15","1.5215224348234576E-2","-1.1467717803412008E-14","3.0002441082095301E+0","2.6206696112001175E+0","1.5234569242098260E+2","1.0967964841102400E+1","3.054200000000000E-6"
"502","9.9196600116126699E-1","4.1770951003374570E-23","1.1640165522413301E-2","1.0697156282711639E-15","1.5214099350799306E-2","-6.8986878742607124E-15","3.0002439906815002E+0","2.6201741453830851E+0","1.5231688982692643E+2","1.0937482230013400E+1","3.054200000000000E-6"
"501","9.9540573380061070E-1","4.3122764282673724E-23","1.2386778206472113E-2","1.3102463135690130E-14","1.0687108701257803E-2","-1.0643487007467528E-13","3.0002438517724102E+0","1.8754344000068655E+0","1.0902341563320340E+2","1.9038490783347100E+0","3.054200000000000E-6"
"500","9.9540020546872265E-1","4.3212216111103025E-23","1.2386979444691729E-2","1.1690766434180334E-14","1.0697496745018029E-2","-9.4617204755173304E-14","3.0002437011884600E+0","1.8764228376294347E+0","1.0908087583855767E+2","1.9022859123055000E+0","3.054200000000000E-6"
"499","9.9539468236632211E-1","4.3141985892157779E-23","1.2387179096425350E-2","9.8725427007004008E-15","1.0707866964993517E-2","-9.6129065171630979E-14","3.0002435509225198E+0","1.8774112961943110E+0","1.0913833726133754E+2","1.9007090196929199E+0","3.054200000000000E-6"
"498","9.9197692394250137E-1","4.1679521696293781E-23","1.1648729159240765E-2","1.2790240539527837E-15","1.5208426614954673E-2","-8.1709241154058310E-15","3.0002434073032900E+0","2.6176967394679957E+0","1.5217287239034107E+2","1.0786334248995001E+1","3.054200000000000E-6"
"497","9.9197910710688164E-1","4.1699291312933914E-23","1.1650431639451056E-2","1.7350609614066615E-15","1.5207282551166950E-2","-1.0223240069570746E-14","3.0002432914760502E+0","2.6172012430760123E+0","1.5214406801889106E+2","1.0756355523778099E+1","3.054200000000000E-6"
"496","9.9198128981246003E-1","4.1459243499171097E-23","1.1652130722284337E-2","8.8226193201655065E-16","1.5206135326124311E-2","-6.1796995392618951E-15","3.0002431759302999E+0","2.6167057416662631E+0","1.5211526335574649E+2","1.0726459714219500E+1","3.054200000000000E-6"
"495","9.9537539239911599E-1","4.3075843754896305E-23","1.2387865327207514E-2","9.2845052785980150E-15","1.0744023182271580E-2","-8.6990487505460010E-14","3.0002430274969898E+0","1.8808710646295803E+0","1.0933946174327708E+2","1.8950813896011700E+0","3.054200000000000E-6"
"494","9.9536989258074760E-1","4.3013617800847197E-23","1.2388057791172562E-2","6.5386849997165874E-15","1.0754313886891808E-2","-7.5840975071870671E-14","3.0002428786629300E+0","1.8818596161864289E+0","1.0939692857189920E+2","1.8934423765893300E+0","3.054200000000000E-6"
"493","9.9536439788204301E-1","4.3083258653606311E-23","1.2388248647080716E-2","7.9457553237802633E-15","1.0764587073106048E-2","-8.5866245396880723E-14","3.0002427301472601E+0","1.8828481881352475E+0","1.0945439658595447E+2","1.8917894809914000E+0","3.054200000000000E-6"
"492","9.9199219653496840E-1","4.1672216657509231E-23","1.1660575448290437E-2","1.2493377194676452E-15","1.5200351944253256E-2","-7.2985643987077157E-15","3.0002426024042599E+0","2.6142281601194868E+0","1.5197123570927783E+2","1.0578213929357000E+1","3.054200000000000E-6"
"491","9.9199437653363132E-1","4.1630676681122655E-23","1.1662254310004843E-2","1.3124244317450882E-15","1.5199185848728281E-2","-7.4848292722489319E-15","3.0002424885357102E+0","2.6137326290629064E+0","1.5194242932269319E+2","1.0548809349809501E+1","3.054200000000000E-6"
"490","9.9535068340550403E-1","4.3263294513929082E-23","1.2388718725948726E-2","7.8935551452800516E-15","1.0790193751969799E-2","-8.3638514932486791E-14","3.0002423602515602E+0","1.8853197065832850E+0","1.0959807177022354E+2","1.8875963193188601E+0","3.054200000000000E-6"
"489","9.9534520647205915E-1","4.3261865042433202E-23","1.2388903922882137E-2","1.0475581456435138E-14","1.0800406050210270E-2","-9.2672649320603997E-14","3.0002422128508601E+0","1.8863083491399451E+0","1.0965554388887882E+2","1.8858946109528301E+0","3.054200000000000E-6"
"488","9.9533973457098635E-1","4.3377882293222399E-23","1.2389087494183250E-2","1.0969426908756946E-14","1.0810601072378873E-2","-9.8638441346682854E-14","3.0002420657688900E+0","1.8872970116549384E+0","1.0971301716775901E+2","1.8841788920909699E+0","3.054200000000000E-6"
"487","9.9200526991643656E-1","4.1669000992878080E-23","1.1670598622490208E-2","-3.9880661122345837E-17","1.5193308525107968E-2","-6.0239675748922759E-15","3.0002419233459499E+0","2.6112549012259967E+0","1.5179839317203476E+2","1.0402993259476400E+1","3.054200000000000E-6"
"486","9.9200744728586954E-1","4.1613667779777118E-23","1.1672257538881244E-2","1.2689859522622530E-15","1.5192123722583906E-2","-9.3588125151112711E-15","3.0002418111347802E+0","2.6107593412963617E+0","1.5176958510699154E+2","1.0374069384579901E+1","3.054200000000000E-6"
"485","9.9200962422455696E-1","4.1623914479615180E-23","1.1673913157493975E-2","1.0357213933050349E-15","1.5190935817842772E-2","-7.4080373633736252E-15","3.0002416991979501E+0","2.6102637766284071E+0","1.5174077676649861E+2","1.0345224624219901E+1","3.054200000000000E-6"
"484","9.9532062227247464E-1","4.3374249160875417E-23","1.2389717135617893E-2","8.4568184654275740E-15","1.0846148362726979E-2","-7.4185471671021316E-14","3.0002415534931401E+0","1.8907574862725030E+0","1.0991418270173746E+2","1.8780631326584301E+0","3.054200000000000E-6"
"483","9.9531517278234760E-1","4.3168561654276105E-23","1.2389893343361248E-2","8.4176694773842164E-15","1.0856266293423593E-2","-8.6246914728871819E-14","3.0002414078464201E+0","1.8917462374416694E+0","1.0997166113429337E+2","1.8762840143994299E+0","3.054200000000000E-6"
"482","9.9530972822090569E-1","4.3114307653380333E-23","1.2390067904058057E-2","8.3995181471179022E-15","1.0866367235444400E-2","-7.7790021320994866E-14","3.0002412625188599E+0","1.8927350080584406E+0","1.1002914069738434E+2","1.8744907290912900E+0","3.054200000000000E-6"
"481","9.9202050253059382E-1","4.1000256486901630E-23","1.1682142045229956E-2","1.8139350120679300E-15","1.5184949914685058E-2","-1.0488539084974436E-14","3.0002411436100100E+0","2.6077858829411031E+0","1.5159673097456644E+2","1.0202177677827599E+1","3.054200000000000E-6"
"480","9.9202267692899704E-1","4.0910703845835183E-23","1.1683778033648284E-2","4.3143021491753322E-16","1.5183743488684375E-2","-5.5400248093481985E-15","3.0002410333079399E+0","2.6072902902783697E+0","1.5156792100667113E+2","1.0173801705359899E+1","3.054200000000000E-6"
"479","9.9529613825908592E-1","4.3317516203081018E-23","1.2390497074459897E-2","1.0518599924001557E-14","1.0891545600519413E-2","-9.8106573960625815E-14","3.0002409005968098E+0","1.8952070190902788E+0","1.1017284451670903E+2","1.8699453479782100E+0","3.054200000000000E-6"
"478","9.9529071080296161E-1","4.3463473514635711E-23","1.2390665839887880E-2","9.7858241447590473E-15","1.0901587483677054E-2","-8.3782506746212548E-14","3.0002407563869502E+0","1.8961958570639992E+0","1.1023032799541799E+2","1.8681022535862399E+0","3.054200000000000E-6"
"477","9.9528528819304440E-1","4.3491381813021230E-23","1.2390832940786139E-2","1.0605014087451721E-14","1.0911612606346459E-2","-8.1226832928933105E-14","3.0002406124965999E+0","1.8971847140824836E+0","1.1028781258124388E+2","1.8662448639579401E+0","3.054200000000000E-6"
"476","9.9203354272130118E-1","4.1212386954991302E-23","1.1691909434293216E-2","1.7948211830513854E-15","1.5177665368657840E-2","-1.0508531176084533E-14","3.0002404858461098E+0","2.6048122584574833E+0","1.5142386718470871E+2","1.0033073781038500E+1","3.054200000000000E-6"
"475","9.9203571465424567E-1","4.1261635220711017E-23","1.1693526057089945E-2","1.7981885765163524E-15","1.5176440576433570E-2","-1.0259052297028634E-14","3.0002403771597899E+0","2.6043166385325289E+0","1.5139505563199631E+2","1.0005156682386399E+1","3.054200000000000E-6"
"474","9.9527175275219737E-1","4.3393715047133682E-23","1.2391243385243974E-2","6.6246302870154588E-15","1.0936602412512739E-2","-7.8451189356155871E-14","3.0002402541691899E+0","1.8996569393752467E+0","1.1043152885606045E+2","1.8615386610178899E+0","3.054200000000000E-6"
"473","9.9526634696251592E-1","4.3528140943961383E-23","1.2391404629727824E-2","9.5403293046300600E-15","1.0946569264386500E-2","-8.0364145708032528E-14","3.0002401113978299E+0","1.9006458623635116E+0","1.1048901727686496E+2","1.8596310135257801E+0","3.054200000000000E-6"
"472","9.9526094593860037E-1","4.3632479438477125E-23","1.2391564192222426E-2","1.1296974987602040E-14","1.0956519577936759E-2","-9.2850515102481052E-14","3.0002399689463601E+0","1.9016348040066005E+0","1.1054650678211827E+2","1.8577089425510600E+0","3.054200000000000E-6"
"471","9.9204656830375870E-1","4.0951716494581765E-23","1.1701561280996487E-2","1.8614594184098467E-15","1.5170271005357448E-2","-8.8013159911015424E-15","3.0002398377299500E+0","2.6018384721954209E+0","1.5125099399028932E+2","9.8666988835107894E+0","3.054200000000000E-6"
"470","9.9204873784480030E-1","4.0924248928366147E-23","1.1703158797762113E-2","1.6228087664977477E-15","1.5169027998212790E-2","-8.0608575849180581E-15","3.0002397306407400E+0","2.6013428257227442E+0","1.5122218089429538E+2","9.8392310124408393E+0","3.054200000000000E-6"
"469","9.9524746411373088E-1","4.3716173314361117E-23","1.2391955714301701E-2","1.2319898582999236E-14","1.0981323324762033E-2","-9.6708262177460113E-14","3.0002396142178198E+0","1.9041072391730662E+0","1.1069023525738713E+2","1.8528404754276799E+0","3.054200000000000E-6"
"468","9.9524207963197397E-1","4.3861714450670101E-23","1.2392109359292164E-2","7.7510773721458770E-15","1.0991216134871650E-2","-7.1153757676947774E-14","3.0002394728866801E+0","1.9050962454428872E+0","1.1074772851954451E+2","1.8508676979762200E+0","3.054200000000000E-6"
"467","9.9523669983750718E-1","4.3969485744727828E-23","1.2392261304842177E-2","1.1325868303007971E-14","1.1001092623024249E-2","-8.4040323969814035E-14","3.0002393318758300E+0","1.9060852699899056E+0","1.1080522284419837E+2","1.8488803689206701E+0","3.054200000000000E-6"
"466","9.9205957971618808E-1","4.0640008990377634E-23","1.1711099130679650E-2","2.1540438000794796E-15","1.5162767723454981E-2","-1.0135285058053364E-14","3.0002391991505499E+0","2.5988645283979510E+0","1.5107811163796597E+2","9.7029957597102197E+0","3.054200000000000E-6"
"465","9.9206174693764426E-1","4.0634699524820931E-23","1.1712677796146875E-2","1.5668094482871562E-15","1.5161506649059979E-2","-9.4898619530469299E-15","3.0002390936401602E+0","2.5983688560745781E+0","1.5104929703921022E+2","9.6759677290946193E+0","3.054200000000000E-6"
"464","9.9522327074571759E-1","4.3609499327084374E-23","1.2392633708217761E-2","1.2179239223348198E-14","1.1025712744598036E-2","-9.6546520396065084E-14","3.0002389807505399E+0","1.9085579107815600E+0","1.1094896327294340E+2","1.8438481962988800E+0","3.054200000000000E-6"
"463","9.9521790722208048E-1","4.3804446410417307E-23","1.2392779675187943E-2","9.1996850584118963E-15","1.1035532476634477E-2","-7.4472391459262805E-14","3.0002388408613898E+0","1.9095469986544746E+0","1.1100646127888066E+2","1.8418097126286399E+0","3.054200000000000E-6"
"462","9.9521254830914996E-1","4.3653354116716289E-23","1.2392923925264848E-2","6.8206691618444757E-15","1.1045336097433555E-2","-7.0994549310435538E-14","3.0002387012929401E+0","1.9105361044387634E+0","1.1106396032604825E+2","1.8397565494297601E+0","3.054200000000000E-6"
"461","9.9207257738944798E-1","4.0768630405750712E-23","1.1720524499815657E-2","1.9137825109626750E-15","1.5155156400017262E-2","-9.3754204562987809E-15","3.0002385699989902E+0","2.5958904312046527E+0","1.5090522036838206E+2","9.5419087184914204E+0","3.054200000000000E-6"
"460","9.9207474236242432E-1","4.0751104516522247E-23","1.1722084563970545E-2","1.7134541199156537E-15","1.5153877402479452E-2","-1.1466260075546200E-14","3.0002384660494501E+0","2.5953947337106866E+0","1.5087640430640047E+2","9.5153113922717498E+0","3.054200000000000E-6"
"459","9.9519917108884182E-1","4.3714580991681929E-23","1.2393277013588630E-2","6.3911928688659619E-15","1.1069774964568074E-2","-6.2190233474919130E-14","3.0002383537754298E+0","1.9130089467397831E+0","1.1120771246900694E+2","1.8345592321544399E+0","3.054200000000000E-6"
"458","9.9519382818191882E-1","4.3825074226943101E-23","1.2393415223982671E-2","7.3361703981360102E-15","1.1079522557217896E-2","-7.0769622537280493E-14","3.0002382153301199E+0","1.9139981145895049E+0","1.1126521512418422E+2","1.8324544671029599E+0","3.054200000000000E-6"
"457","9.9518848981094399E-1","4.3556506776623228E-23","1.2393551700017325E-2","8.6122194748296087E-15","1.1089254243921107E-2","-8.6977706666627168E-14","3.0002380772059301E+0","1.9149872999960607E+0","1.1132271879998159E+2","1.8303348949080800E+0","3.054200000000000E-6"
"456","9.9208556174720930E-1","4.0721936060171871E-23","1.1729838876696003E-2","1.1175577310000451E-15","1.5147437891033375E-2","-8.4457731611078828E-15","3.0002379501683598E+0","2.5929161846549342E+0","1.5073232041635794E+2","9.3833835544901891E+0","3.054200000000000E-6"
"455","9.9208772454163119E-1","4.0732218949161688E-23","1.1731380584896381E-2","1.2367682504700819E-15","1.5146141111012075E-2","-7.3151217727067712E-15","3.0002378477620599E+0","2.5924204626540961E+0","1.5070350292973421E+2","9.3572080394914092E+0","3.054200000000000E-6"
"454","9.9517516362105918E-1","4.3478144338281345E-23","1.2393885276794045E-2","1.1573285569240603E-14","1.1113514166190044E-2","-9.7558319858473686E-14","3.0002377333008998E+0","1.9174603398176040E+0","1.1146648242527321E+2","1.8249709974244701E+0","3.054200000000000E-6"
"453","9.9516984099754580E-1","4.3548957461064256E-23","1.2394015651978681E-2","9.1017884456122549E-15","1.1123190533972371E-2","-8.1846933435012805E-14","3.0002375963013299E+0","1.9184495860677804E+0","1.1152398963805344E+2","1.8227993774611699E+0","3.054200000000000E-6"
"452","9.9516452283698398E-1","4.3497384042341218E-23","1.2394144275315018E-2","7.6229253967403134E-15","1.1132851195833161E-2","-6.7592770818973025E-14","3.0002374596233099E+0","1.9194388495310541E+0","1.1158149785147154E+2","1.8206128231850900E+0","3.054200000000000E-6"
"451","9.9209853320612629E-1","4.0478706185991156E-23","1.1739043722106136E-2","1.4395623105327174E-15","1.5139613031959435E-2","-7.9279037375942640E-15","3.0002373395537498E+0","2.5899417926912074E+0","1.5055941201107527E+2","9.2273675010786800E+0","3.054200000000000E-6"
"450","9.9210069389076527E-1","4.0591763681151258E-23","1.1740567315187444E-2","1.3495273089349379E-15","1.5138298606731373E-2","-7.8134010074242336E-15","3.0002372386733902E+0","2.5894460468313514E+0","1.5053059313747067E+2","9.2016051396573602E+0","3.054200000000000E-6"
"449","9.9515124685627299E-1","4.3388415921334657E-23","1.2394458143779690E-2","8.7528710286504258E-15","1.1156934423560413E-2","-7.6793704114949260E-14","3.0002371193356301E+0","1.9219120830058243E+0","1.1172527273428101E+2","1.8150809149601399E+0","3.054200000000000E-6"
"448","9.9514594419067748E-1","4.3419298192516442E-23","1.2394580604993141E-2","7.8315361515328571E-15","1.1166540457587854E-2","-7.1061110727876610E-14","3.0002369837837799E+0","1.9229014061278935E+0","1.1178278441580530E+2","1.8128418688388701E+0","3.054200000000000E-6"
"447","9.9514064591673512E-1","4.3522766854919405E-23","1.2394701296834038E-2","5.7496915112566802E-15","1.1176130980612030E-2","-6.2847342560892918E-14","3.0002368485539201E+0","1.9238907461296670E+0","1.1184029707858652E+2","1.8105877618140700E+0","3.054200000000000E-6"
"446","9.9211149217600525E-1","4.1076062420164512E-23","1.1748140469976055E-2","1.4296485519790121E-15","1.5131682638219750E-2","-7.1643883496004971E-15","3.0002367380521600E+0","2.5869672591619386E+0","1.5038649537625446E+2","9.0738091853913403E+0","3.054200000000000E-6"
"445","9.9211365081850811E-1","4.0980515304596216E-23","1.1749646184359312E-2","1.5361672716502069E-15","1.5130350701780513E-2","-9.2153808882483905E-15","3.0002366386807502E+0","2.5864714900755499E+0","1.5035767515243685E+2","9.0484515477801697E+0","3.054200000000000E-6"
"444","9.9512741934306115E-1","4.3803115166619884E-23","1.2394995259829979E-2","6.2535350063478591E-15","1.1200039706779241E-2","-6.3598984303036823E-14","3.0002365118886201E+0","1.9263641695067102E+0","1.1198408300086204E+2","1.8048864190179399E+0","3.054200000000000E-6"
"443","9.9512213631743085E-1","4.3788339652928268E-23","1.2395109728137343E-2","4.2725581240151526E-15","1.1209576275510147E-2","-5.1732262526944892E-14","3.0002363777865302E+0","1.9273535680178751E+0","1.1204159906493192E+2","1.8025793783949300E+0","3.054200000000000E-6"
"442","9.9511685761379542E-1","4.3768557111591672E-23","1.2395222409502566E-2","7.5076991214705048E-15","1.1219097523222808E-2","-7.1192994799580037E-14","3.0002362440068802E+0","1.9283429830852508E+0","1.1209911609145325E+2","1.8002571510659600E+0","3.054200000000000E-6"
"441","9.9212443905996517E-1","4.1502290495236819E-23","1.1757130528011825E-2","7.1767391940050197E-16","1.5123647505708502E-2","-6.8515270268589350E-15","3.0002361455624800E+0","2.5839925878245924E+0","1.5021357073032578E+2","8.9226585846011695E+0","3.054200000000000E-6"
"440","9.9510894762871760E-1","4.3596639253500342E-23","1.2395388072477273E-2","9.6015025449253799E-15","1.1233350758749606E-2","-7.6529849564016184E-14","3.0002360439422402E+0","1.9298271365749311E+0","1.1218539342686329E+2","1.7967452741248400E+0","3.054200000000000E-6"
"439","9.9510367966346513E-1","4.3601469212795593E-23","1.2395496269368736E-2","6.9192155766111660E-15","1.1242833885251480E-2","-7.1827588364310469E-14","3.0002359109691801E+0","1.9308165927250380E+0","1.1224291284162049E+2","1.7943849583485201E+0","3.054200000000000E-6"
"438","9.9509841596712523E-1","4.3535130620138711E-23","1.2395602665615228E-2","7.4325834472308347E-15","1.1252301835198701E-2","-6.7829792825124096E-14","3.0002357783189599E+0","1.9318060651863238E+0","1.1230043320458492E+2","1.7920093586635100E+0","3.054200000000000E-6"
"437","9.9213521918394643E-1","4.1696750317490724E-23","1.1764541741734739E-2","1.1934878857358100E-15","1.5116872114179230E-2","-8.9999456859921289E-15","3.0002356586335202E+0","2.5815135924232107E+0","1.5006946089316131E+2","8.7985037936586892E+0","3.054200000000000E-6"
"436","9.9213737425459769E-1","4.1430798825857793E-23","1.1766015278311892E-2","1.6615947405001451E-15","1.5115508411266812E-2","-8.9288607696720969E-15","3.0002355619854599E+0","2.5810177823484590E+0","1.5004063828659369E+2","8.7738669840180705E+0","3.054200000000000E-6"
"435","9.9508527530455648E-1","4.3495742605814330E-23","1.2395860752666459E-2","6.2435221095649469E-15","1.1275905579458453E-2","-6.0529713371950659E-14","3.0002354481064502E+0","1.9342798172493803E+0","1.1244423823415201E+2","1.7860033108925200E+0","3.054200000000000E-6"
"434","9.9508002643182691E-1","4.3515703507971056E-23","1.2395960815751342E-2","7.5182863790197567E-15","1.1285320730842326E-2","-6.8459432933958926E-14","3.0002353165869602E+0","1.9352693462595152E+0","1.1250176188443412E+2","1.7835740000422000E+0","3.054200000000000E-6"
"433","9.9507478176112696E-1","4.3439618401252942E-23","1.2396059060517627E-2","6.4767009452010818E-15","1.1294720887250158E-2","-6.2621688083234003E-14","3.0002351853907800E+0","1.9362588912739229E+0","1.1255928646508229E+2","1.7811292812461701E+0","3.054200000000000E-6"
"432","9.9214814493582315E-1","4.1572425071423615E-23","1.1773339773295229E-2","1.4857085799168751E-15","1.5108646964788338E-2","-1.0209828200574891E-14","3.0002350824091799E+0","2.5785386779059669E+0","1.4989652211061284E+2","8.6516417298658901E+0","3.054200000000000E-6"
"431","9.9215029815012212E-1","4.1506917536788195E-23","1.1774796077962552E-2","1.6802337878180218E-15","1.5107266113140696E-2","-1.0758451714285507E-14","3.0002349872236298E+0","2.5780428463173939E+0","1.4986769825339616E+2","8.6273869368768192E+0","3.054200000000000E-6"
"430","9.9506168837223485E-1","4.3476464127663306E-23","1.2396296691443449E-2","7.2604930821387739E-15","1.1318155935441580E-2","-6.6784214045314877E-14","3.0002348588155900E+0","1.9387328233900329E+0","1.1270310196155712E+2","1.7749498950173099E+0","3.054200000000000E-6"
"429","9.9505645829367462E-1","4.3575367787060866E-23","1.2396388541066179E-2","8.7608163887931739E-15","1.1327503920872034E-2","-7.1598240913248499E-14","3.0002347287519102E+0","1.9397224238946142E+0","1.1276062976797969E+2","1.7724510332507699E+0","3.054200000000000E-6"
"428","9.9215890799306861E-1","4.1691988859089066E-23","1.1780592853124614E-2","1.7413212509293162E-15","1.5101714278562758E-2","-1.1272141360333958E-14","3.0002346088990701E+0","2.5760594848317400E+0","1.4975240078226062E+2","8.5309948953528600E+0","3.054200000000000E-6"
"427","9.9216105970901403E-1","4.1816683751492005E-23","1.1782034966424621E-2","1.5833331899937959E-15","1.5100319229708939E-2","-9.3009783806205900E-15","3.0002345149201601E+0","2.5755636357569718E+0","1.4972357590853025E+2","8.5070526208718800E+0","3.054200000000000E-6"
"426","9.9504340116370327E-1","4.3712513040152194E-23","1.2396610123690191E-2","8.8121466785197854E-15","1.1350809140745837E-2","-7.3553939704743295E-14","3.0002344050096998E+0","1.9421964937282088E+0","1.1290445327029605E+2","1.7661358731938099E+0","3.054200000000000E-6"
"425","9.9503818550079426E-1","4.3690358816902396E-23","1.2396695529777893E-2","8.1234545295530258E-15","1.1360105432503678E-2","-6.9895786321855879E-14","3.0002342760799201E+0","1.9431861489204385E+0","1.1296198425584031E+2","1.7635825360152300E+0","3.054200000000000E-6"
"424","9.9503297392465018E-1","4.3612523706200107E-23","1.2396779085942633E-2","6.1400821906357933E-15","1.1369387041018208E-2","-5.4306773698043393E-14","3.0002341474743699E+0","1.9441758195927863E+0","1.1301951614128026E+2","1.7610135738393000E+0","3.054200000000000E-6"
"423","9.9217181390706566E-1","4.1690941958626231E-23","1.1789203351337506E-2","2.0884603848050219E-15","1.5093301610219989E-2","-1.1220291410948711E-14","3.0002340486174002E+0","2.5730843389494811E+0","1.4957944854991928E+2","8.3882653207038107E+0","3.054200000000000E-6"
"422","9.9502516419231202E-1","4.3540260432405585E-23","1.2396900942900016E-2","6.8671225497571490E-15","1.1383282005764129E-2","-6.6354804868458935E-14","3.0002339551742501E+0","1.9456603544873599E+0","1.1310581564865440E+2","1.7571307752081400E+0","3.054200000000000E-6"
"421","9.9501996277157989E-1","4.3438373752924178E-23","1.2396979856882654E-2","6.0669226306013367E-15","1.1392527071949092E-2","-6.0942114696943288E-14","3.0002338273798101E+0","1.9466500635823212E+0","1.1316334976769132E+2","1.7545226336255499E+0","3.054200000000000E-6"
"420","9.9501476538858979E-1","4.3351813179229628E-23","1.2397056907030191E-2","7.3413064288398507E-15","1.1401757586964777E-2","-7.1943681821386114E-14","3.0002336999100199E+0","1.9476397879362959E+0","1.1322088477377059E+2","1.7518987737651599E+0","3.054200000000000E-6"
"419","9.9218256096039525E-1","4.1596876013342581E-23","1.1796301979938140E-2","2.0241779535124451E-15","1.5086213665193604E-2","-6.2963761865055007E-15","3.0002335882616702E+0","2.5706049578405787E+0","1.4943531629066885E+2","8.2709994834143803E+0","3.054200000000000E-6"
"418","9.9218470953251447E-1","4.1558388850404035E-23","1.1797713399874827E-2","1.9199364528620813E-15","1.5084787672668193E-2","-1.0147313919754150E-14","3.0002334968995101E+0","2.5701090716712471E+0","1.4940648926054422E+2","8.2477266814278405E+0","3.054200000000000E-6"
"417","9.9500178950548779E-1","4.3204860666000206E-23","1.2397241351957895E-2","5.7445763081174440E-15","1.1424770457234956E-2","-5.6053847209033164E-14","3.0002333826567100E+0","1.9501141651715748E+0","1.1336472614607034E+2","1.7452701832900299E+0","3.054200000000000E-6"
"416","9.9499660614593377E-1","4.3133697283926582E-23","1.2397311847268255E-2","7.3875332782923778E-15","1.1433950335323986E-2","-6.0823525866180952E-14","3.0002332563241700E+0","1.9511039424440726E+0","1.1342226422842792E+2","1.7425911018398399E+0","3.054200000000000E-6"
"415","9.9219330108230674E-1","4.1278199512477982E-23","1.1803331588386734E-2","1.6057079688117577E-15","1.5079055796936932E-2","-9.7259794116481383E-15","3.0002331338001298E+0","2.5681254943391565E+0","1.4929117924174730E+2","8.1552301019932294E+0","3.054200000000000E-6"
"414","9.9219544829349426E-1","4.1251740072633931E-23","1.1804729291673068E-2","7.8584016537006011E-16","1.5077615867335765E-2","-5.7772722138444786E-15","3.0002330436105300E+0","2.5676295919172176E+0","1.4926235126682036E+2","8.1322536373976497E+0","3.054200000000000E-6"
"413","9.9498366511206493E-1","4.2918479105706846E-23","1.2397479843870039E-2","9.0756466804785014E-15","1.1456837175362932E-2","-7.1093966667851430E-14","3.0002329419158800E+0","1.9535784510379008E+0","1.1356611323690932E+2","1.7358240569239900E+0","3.054200000000000E-6"
"412","9.9497849560906226E-1","4.3048811750972266E-23","1.2397543735310497E-2","9.1271245250580293E-15","1.1465966864350840E-2","-6.8463194059920018E-14","3.0002328167221299E+0","1.9545682804821554E+0","1.1362365435213390E+2","1.7330894345196299E+0","3.054200000000000E-6"
"411","9.9497333003480970E-1","4.3171741129755031E-23","1.2397605730893926E-2","3.8242917807297975E-15","1.1475082294645474E-2","-4.9237540825400792E-14","3.0002326918540199E+0","1.9555581246976939E+0","1.1368119632604800E+2","1.7303388853114701E+0","3.054200000000000E-6"
"410","9.9220618037537944E-1","4.1005338477791020E-23","1.1811677032390102E-2","2.2720390322601211E-15","1.5070374610944621E-2","-1.0399440865269482E-14","3.0002325961533400E+0","2.5651500320141158E+0","1.4911820861384231E+2","8.0182477420374099E+0","3.054200000000000E-6"
"409","9.9496558901068644E-1","4.3194663080010080E-23","1.2397695160727180E-2","5.6877250100646739E-15","1.1488728783017228E-2","-5.2690191398539886E-14","3.0002325051627401E+0","1.9570429185875116E+0","1.1376751088942522E+2","1.7261831429122301E+0","3.054200000000000E-6"
"408","9.9496043320010941E-1","4.3036984360681546E-23","1.2397752399038769E-2","6.4233325896850525E-15","1.1497808722193834E-2","-6.4947602397079946E-14","3.0002323811093401E+0","1.9580327994725644E+0","1.1382505499502447E+2","1.7233926652701399E+0","3.054200000000000E-6"
"407","9.9495528127188793E-1","4.2999589334645570E-23","1.2397807727376572E-2","7.4223144679191361E-15","1.1506874526660165E-2","-6.4740195276488181E-14","3.0002322573820401E+0","1.9590226949228831E+0","1.1388259994733693E+2","1.7205861720354401E+0","3.054200000000000E-6"
"406","9.9221690598547274E-1","4.0542412017854623E-23","1.1818557334555483E-2","9.1667337600974960E-16","1.5063064288318105E-2","-6.0981245578152321E-15","3.0002321544767798E+0","2.5626703937931805E+0","1.4897406140806427E+2","7.9056851414258196E+0","3.054200000000000E-6"
"405","9.9221905034893187E-1","4.0514838469123066E-23","1.1819925364329336E-2","1.5601489142140513E-15","1.5061593969163222E-2","-8.3517763095741138E-15","3.0002320668307001E+0","2.5621744569096077E+0","1.4894523142980142E+2","7.8833437531389103E+0","3.054200000000000E-6"
"404","9.9494241835070962E-1","4.3357867107336971E-23","1.2397937665512003E-2","7.2179472816963651E-15","1.1529477427570611E-2","-6.7004397900530391E-14","3.0002319494913801E+0","1.9614974968914862E+0","1.1402646601038444E+2","1.7134997066751001E+0","3.054200000000000E-6"
"403","9.9493727990783853E-1","4.3512340501791774E-23","1.2397986277033752E-2","5.6400532053182344E-15","1.1538494034807063E-2","-4.9238444606518045E-14","3.0002318269065098E+0","1.9624874428652013E+0","1.1408401389974084E+2","1.7106369625187301E+0","3.054200000000000E-6"
"402","9.9222762532843090E-1","4.0674006113553658E-23","1.1825370900280435E-2","1.2733619582831080E-15","1.5055685276563490E-2","-6.4551353879134348E-15","3.0002317185304599E+0","2.5601906790517699E+0","1.4882990975397090E+2","7.7945424850835501E+0","3.054200000000000E-6"
"401","9.9222976846279343E-1","4.0635084680793619E-23","1.1826725666116342E-2","1.2139222415864241E-15","1.5054201264167772E-2","-7.8045656524502987E-15","3.0002316320244402E+0","2.5596947270768626E+0","1.4880107889841327E+2","7.7724823269762400E+0","3.054200000000000E-6"
"400","9.9492445050174760E-1","4.3427230079108647E-23","1.2398099360913968E-2","5.5109183268773354E-15","1.1560974470407118E-2","-5.4234624310013330E-14","3.0002315218739901E+0","1.9649623702675272E+0","1.1422788725454589E+2","1.7034094925095300E+0","3.054200000000000E-6"
"399","9.9491932538614603E-1","4.3328248871528597E-23","1.2398141205790178E-2","6.0799324598363632E-15","1.1569942300907252E-2","-5.9161488478957019E-14","3.0002314004332100E+0","1.9659523660679130E+0","1.1428543804044391E+2","1.7004901970201600E+0","3.054200000000000E-6"
"398","9.9223833860632138E-1","4.0754240048031865E-23","1.1832118421451121E-2","1.0968076559181879E-15","1.5048237945231415E-2","-6.5227873090478135E-15","3.0002312882647000E+0","2.5577108895541949E+0","1.4868575375412576E+2","7.6847969134959202E+0","3.054200000000000E-6"
"397","9.9224048055169389E-1","4.0941146677317494E-23","1.1833460060516414E-2","8.0857928577892259E-16","1.5046740312612161E-2","-5.5025199618022460E-15","3.0002312028889002E+0","2.5572149228369230E+0","1.4865692204155977E+2","7.6630134715208902E+0","3.054200000000000E-6"
"396","9.9490652910312338E-1","4.3355127071558083E-23","1.2398237310506727E-2","6.3988485120551015E-15","1.1592301312495282E-2","-5.3312132806983959E-14","3.0002310982630198E+0","1.9684274171800167E+0","1.1442931858678949E+2","1.6931209801066300E+0","3.054200000000000E-6"
"395","9.9490141715924241E-1","4.3393955446499339E-23","1.2398272338637028E-2","4.2198589588577689E-15","1.1601220778834995E-2","-4.5910876813446301E-14","3.0002309779680298E+0","1.9694174621245428E+0","1.1448687222955208E+2","1.6901448400652901E+0","3.054200000000000E-6"
"394","9.9224904601867081E-1","4.0651380138861279E-23","1.1838800579921344E-2","1.0901498065601803E-15","1.5040722656452756E-2","-9.6788465187035092E-15","3.0002308636305801E+0","2.5552310270325478E+0","1.4854159350921944E+2","7.5764260459436104E+0","3.054200000000000E-6"
"393","9.9225118681465796E-1","4.0564458966118384E-23","1.1840129227398912E-2","1.4854808638807603E-15","1.5039211475157627E-2","-1.0810076874037567E-14","3.0002307793753000E+0","2.5547350459155322E+0","1.4851276095956246E+2","7.5549149004466702E+0","3.054200000000000E-6"
"392","9.9488865361351819E-1","4.3090788582119696E-23","1.2398351338582334E-2","9.1396195945344341E-15","1.1623459388098740E-2","-7.3934725874932946E-14","3.0002306786644999E+0","1.9718926352573807E+0","1.1463075986925013E+2","1.6826331529488701E+0","3.054200000000000E-6"
"391","9.9488355468827705E-1","4.3036791782695819E-23","1.2398379499578959E-2","4.2339777382807635E-15","1.1632330895104159E-2","-4.5559789701086918E-14","3.0002305595170400E+0","1.9728827286772455E+0","1.1468831632999822E+2","1.6795998830652801E+0","3.054200000000000E-6"
"390","9.9225974776251347E-1","4.0604161050581206E-23","1.1845418047695651E-2","1.4665227854998170E-15","1.5033139765086318E-2","-8.5221339753170696E-15","3.0002304445798700E+0","2.5527510931874926E+0","1.4839742911811553E+2","7.4694079689987500E+0","3.054200000000000E-6"
"389","9.9226188744822885E-1","4.0424019207743060E-23","1.1846733836820951E-2","9.3677391391549623E-16","1.5031615105225630E-2","-7.7969869203812299E-15","3.0002303614355399E+0","2.5522550980071639E+0","1.4836859575092507E+2","7.4481647923014496E+0","3.054200000000000E-6"
"388","9.9487082350017086E-1","4.3140574515237718E-23","1.2398441268413968E-2","5.3531477698305852E-15","1.1654450104581195E-2","-4.7844298775692908E-14","3.0002302630845801E+0","1.9753580221755485E+0","1.1483221096682404E+2","1.6719450232872000E+0","3.054200000000000E-6"
"387","9.9486573744289308E-1","4.3161918359981032E-23","1.2398462511590607E-2","4.4415720092168415E-15","1.1663274049481460E-2","-4.4798862463222947E-14","3.0002301450864501E+0","1.9763481634152502E+0","1.1488977020745180E+2","1.6688543470988799E+0","3.054200000000000E-6"
"386","9.9227044403244458E-1","4.0671490967503886E-23","1.1851971487114175E-2","9.1149933710354596E-16","1.5025489618844673E-2","-6.6668048074695465E-15","3.0002300310650298E+0","2.5502710896890419E+0","1.4825326067789581E+2","7.3637212249008099E+0","3.054200000000000E-6"
"385","9.9227258264651608E-1","4.0729918353083920E-23","1.1853274549211056E-2","1.5916749131149177E-15","1.5023951549113816E-2","-9.7515646377836923E-15","3.0002299490222302E+0","2.5497750807757926E+0","1.4822442651237836E+2","7.3427417791886196E+0","3.054200000000000E-6"
"384","9.9485303823865923E-1","4.3049787565600842E-23","1.2398506922210355E-2","5.2551244541521474E-15","1.1685274842944127E-2","-4.6362387586217038E-14","3.0002298515295700E+0","1.9788235756564410E+0","1.1503367174708116E+2","1.6610556353016599E+0","3.054200000000000E-6"
"383","9.9484796490101135E-1","4.3106353794802252E-23","1.2398521196566004E-2","5.5791583326790143E-15","1.1694051615558225E-2","-5.4936825650003811E-14","3.0002297346826001E+0","1.9798137640733309E+0","1.1509123373022990E+2","1.6579072859787500E+0","3.054200000000000E-6"
"382","9.9228113502065984E-1","4.0584502586337026E-23","1.1858461551028193E-2","2.7983683787822173E-16","1.5017772558428382E-2","-4.0820766688740029E-15","3.0002296230392300E+0","2.5477910181773114E+0","1.4810908828390407E+2","7.2593448007473702E+0","3.054200000000000E-6"
"381","9.9228327260124460E-1","4.0744308710803706E-23","1.1859752015543857E-2","8.7222095225431107E-16","1.5016221146139756E-2","-6.1448199914844788E-15","3.0002295420886802E+0","2.5472949958556397E+0","1.4808025333892346E+2","7.2386249358242498E+0","3.054200000000000E-6"
"380","9.9483529731268816E-1","4.3042764285212260E-23","1.2398548121066277E-2","5.0546043569589425E-15","1.1715934958427921E-2","-5.0432054496486292E-14","3.0002294440059600E+0","1.9822892934664715E+0","1.1523514208017784E+2","1.6499640681822600E+0","3.054200000000000E-6"
"379","9.9483023654862168E-1","4.2858553747736024E-23","1.2398555375276222E-2","5.5012406250726637E-15","1.1724664941315325E-2","-4.5822222283884785E-14","3.0002293283120198E+0","1.9832795284303597E+0","1.1529270676921315E+2","1.6467577895710801E+0","3.054200000000000E-6"
"378","9.9229182091701018E-1","4.0459536275296149E-23","1.1864888882975842E-2","1.2487558293394126E-15","1.5009988917660417E-2","-8.9003754749495868E-15","3.0002292204562901E+0","2.5453108802632434E+0","1.4796491202978817E+2","7.1562581174760904E+0","3.054200000000000E-6"
"377","9.9229395750180038E-1","4.0511969186374352E-23","1.1866166877515062E-2","1.2449836162034125E-15","1.5008424228764868E-2","-8.0269522401363227E-15","3.0002291405888299E+0","2.5448148448519010E+0","1.4793607632387418E+2","7.1357937687319701E+0","3.054200000000000E-6"
"376","9.9481760021388355E-1","4.2769118721412304E-23","1.2398564684919601E-2","7.4653994848899913E-15","1.1746431781044023E-2","-6.2350953062825368E-14","3.0002290405203600E+0","1.9857551734151322E+0","1.1543662183877468E+2","1.6386694397097401E+0","3.054200000000000E-6"
"375","9.9481255187957518E-1","4.2819090770168056E-23","1.2398564867317000E-2","6.6166240919800336E-15","1.1755115349641895E-2","-6.0609708176545640E-14","3.0002289259813799E+0","1.9867454543078709E+0","1.1549418919776217E+2","1.6354049873706100E+0","3.054200000000000E-6"
"374","9.9230250190904257E-1","4.0398247361784443E-23","1.1871254117350164E-2","1.6492503516793680E-15","1.5002139023610446E-2","-7.9984226393731796E-15","3.0002288232707199E+0","2.5428306775293237E+0","1.4782073200754172E+2","7.0544410198647602E+0","3.054200000000000E-6"
"373","9.9230463753527554E-1","4.0516958119443494E-23","1.1872519767708751E-2","1.4488815349330962E-15","1.5000561122719323E-2","-9.5309566945713728E-15","3.0002287444773299E+0","2.5423346293414530E+0","1.4779189555889809E+2","7.0342282061903401E+0","3.054200000000000E-6"
"372","9.9479994644159109E-1","4.2858502048947353E-23","1.2398556432503264E-2","4.6583311486801962E-15","1.1776766616104118E-2","-4.3953736182558520E-14","3.0002286410795498E+0","1.9892212133535991E+0","1.1563811089795553E+2","1.6271709100557099E+0","3.054200000000000E-6"
"371","9.9479491039538748E-1","4.2966443949006811E-23","1.2398549491069170E-2","7.7077582424781931E-15","1.1785404138896435E-2","-6.3678544015507664E-14","3.0002285276974900E+0","1.9902115395687048E+0","1.1569568089163889E+2","1.6238480523849099E+0","3.054200000000000E-6"
"370","9.9231317818204634E-1","4.0483147111905460E-23","1.1877557879565780E-2","2.1645724587184828E-15","1.4994223196710154E-2","-1.0610303160249637E-14","3.0002284314376499E+0","2.5403504115302633E+0","1.4767654830754375E+2","6.9538737661118004E+0","3.054200000000000E-6"
"369","9.9231531288651365E-1","4.0377994361474211E-23","1.1878811309764106E-2","6.7841397151078774E-16","1.4992632147128043E-2","-7.0913375113754407E-15","3.0002283537094399E+0","2.5398543508735343E+0","1.4764771113405601E+2","6.9339085878705404E+0","3.054200000000000E-6"
"368","9.9478233550268469E-1","4.2778461984925322E-23","1.2398523181298440E-2","5.1299625264046424E-15","1.1806940744730477E-2","-4.5747003939775970E-14","3.0002282456904799E+0","1.9926874111733885E+0","1.1583960913514923E+2","1.6154676859060300E+0","3.054200000000000E-6"
"367","9.9477731160504845E-1","4.2871707211945093E-23","1.2398509063649558E-2","7.4075062340997916E-15","1.1815532583383101E-2","-5.8412500104505016E-14","3.0002281334673602E+0","1.9936777821156668E+0","1.1589718172892840E+2","1.6120862053813201E+0","3.054200000000000E-6"
"366","9.9232384991909861E-1","4.0429313163664891E-23","1.1883800786221753E-2","1.1146172499414693E-15","1.4986241750885115E-2","-6.3819886619245434E-15","3.0002280449128800E+0","2.5378700837936763E+0","1.4753236101859807E+2","6.8545370181135103E+0","3.054200000000000E-6"
"365","9.9476978221574897E-1","4.2739881764168241E-23","1.2398484023288482E-2","4.0666562119811764E-15","1.1828395999520853E-2","-3.9956922199254892E-14","3.0002279657542901E+0","1.9951633622731426E+0","1.1598354199989511E+2","1.6069825035298499E+0","3.054200000000000E-6"
"364","9.9476476691137428E-1","4.2746046844670973E-23","1.2398464747490984E-2","5.7897474656063393E-15","1.1836955424364368E-2","-5.1881443414144914E-14","3.0002278543602401E+0","1.9961537648050611E+0","1.1604111643005440E+2","1.6035590248757301E+0","3.054200000000000E-6"
"363","9.9475975502482972E-1","4.2796506154506318E-23","1.2398443400865081E-2","6.4487574670934143E-15","1.1845501933862730E-2","-5.1940868991793555E-14","3.0002277432981201E+0","1.9971441798902401E+0","1.1609869158996429E+2","1.6001187194499600E+0","3.054200000000000E-6"
"362","9.9233451730110267E-1","4.0143222409055480E-23","1.1889983445258713E-2","1.2615227738043089E-15","1.4978194993653850E-2","-8.3626473904954220E-15","3.0002276636527898E+0","2.5353896958207276E+0","1.4738817022797090E+2","6.7564118320068198E+0","3.054200000000000E-6"
"361","9.9475224357926817E-1","4.2722168466831713E-23","1.2398407488628001E-2","6.5938645930411584E-15","1.1858297544007024E-2","-5.4948959437129051E-14","3.0002275773276699E+0","1.9986298259529958E+0","1.1618505569216003E+2","1.5949266781076601E+0","3.054200000000000E-6"
"360","9.9474724018902239E-1","4.2815203021289186E-23","1.2398380945927132E-2","4.9101912931373329E-15","1.1866811889245151E-2","-4.3019085966886165E-14","3.0002274670961202E+0","1.9996202722169687E+0","1.1624263266456659E+2","1.5914442404672100E+0","3.054200000000000E-6"
"359","9.9234304819128027E-1","4.0009694778673959E-23","1.1894886597307686E-2","1.1826189731755762E-15","1.4971710766297776E-2","-8.3140390350537016E-15","3.0002273624064100E+0","2.5334053430644761E+0","1.4727281513194251E+2","6.6787715233466800E+0","3.054200000000000E-6"
"358","9.9234518050683596E-1","4.0112391836661849E-23","1.1896106456115751E-2","1.2783019658686046E-15","1.4970083226256377E-2","-1.0031428456824205E-14","3.0002272876144298E+0","2.5329092490867677E+0","1.4724397602142784E+2","6.6594796488341297E+0","3.054200000000000E-6"
"357","9.9473474647414473E-1","4.2662619217545845E-23","1.2398305453112095E-2","3.9310585339614811E-15","1.1888041741390477E-2","-3.9724181935644902E-14","3.0002271929724600E+0","2.0020964419843605E+0","1.1638657824097690E+2","1.5826642760291700E+0","3.054200000000000E-6"
"356","9.9472975486396908E-1","4.2681263093071168E-23","1.2398271590065736E-2","3.4980569350706855E-15","1.1896511350869972E-2","-3.5993988978088828E-14","3.0002270839055400E+0","2.0030869314140229E+0","1.1644415772270656E+2","1.5791227072613301E+0","3.054200000000000E-6"
"355","9.9235370818331170E-1","4.0311204696889186E-23","1.1900962315600429E-2","1.1534230107106076E-15","1.4963547203507368E-2","-8.7979367592949478E-15","3.0002269905148902E+0","2.5309248503670028E+0","1.4712861825343225E+2","6.5827806330665304E+0","3.054200000000000E-6"
"354","9.9235583971298724E-1","4.0373403509074331E-23","1.1902170409881726E-2","1.5941125162017130E-15","1.4961906743758063E-2","-9.4608535711121275E-15","3.0002269167554299E+0","2.5304287450419451E+0","1.4709977848326946E+2","6.5637222856721600E+0","3.054200000000000E-6"
"353","9.9471729043359181E-1","4.2497675525993116E-23","1.2398177729181776E-2","4.2590749318619806E-15","1.1917629787212435E-2","-3.9455782001097367E-14","3.0002268126962002E+0","2.0055632083975401E+0","1.1658810953184259E+2","1.5701947189951799E+0","3.054200000000000E-6"
"352","9.9471231047135344E-1","4.2682649913066050E-23","1.2398136491935956E-2","4.1409388316480511E-15","1.1926054998462908E-2","-3.9477928414308548E-14","3.0002267047961202E+0","2.0065537404365217E+0","1.1664569149055227E+2","1.5665938667056700E+0","3.054200000000000E-6"
"351","9.9236436431563668E-1","3.9946270705206883E-23","1.1906979443759711E-2","1.2085182572615765E-15","1.4955319157293753E-2","-8.0387784057625062E-15","3.0002266237692599E+0","2.5284443015010472E+0","1.4698441810971590E+2","6.4879502812125498E+0","3.054200000000000E-6"
"350","9.9470484671964177E-1","4.2584039644292258E-23","1.2398070665556961E-2","4.1783066589746288E-15","1.1938669153601981E-2","-3.9001777470892108E-14","3.0002265435719102E+0","2.0080395611184674E+0","1.1673206574377252E+2","1.5611607791079001E+0","3.054200000000000E-6"
"349","9.9469987499750256E-1","4.2579121797056698E-23","1.2398024127817200E-2","6.3256144917507614E-15","1.1947062855050374E-2","-5.2165368382757660E-14","3.0002264365066398E+0","2.0090301232574026E+0","1.1678964945226335E+2","1.5575174999833601E+0","3.054200000000000E-6"
"348","9.9237288655885392E-1","3.9799257445901093E-23","1.1911751349018795E-2","1.7328950455634679E-16","1.4948690483455278E-2","-4.3610742140441259E-15","3.0002263340500201E+0","2.5264598229127984E+0","1.4686905569877737E+2","6.4129097966881599E+0","3.054200000000000E-6"
"347","9.9237501676128959E-1","3.9776210126083766E-23","1.1912938558213963E-2","1.4811316962464905E-15","1.4947026911879147E-2","-1.0527673093654314E-14","3.0002262621282099E+0","2.5259636978728994E+0","1.4684021478254445E+2","6.3942629397912700E+0","3.054200000000000E-6"
"346","9.9468746000865682E-1","4.2865058747771134E-23","1.2397898463750123E-2","6.2304268944245799E-15","1.1967992229461686E-2","-4.6117251366020668E-14","3.0002261703062398E+0","2.0115065808454595E+0","1.1693361176036635E+2","1.5483349625051701E+0","3.054200000000000E-6"
"345","9.9468249971228262E-1","4.2741608503696112E-23","1.2397844458490058E-2","3.7674515075979846E-15","1.1976342096958546E-2","-3.9641957797388690E-14","3.0002260644116800E+0","2.0124971846622475E+0","1.1699119789168883E+2","1.5446321897648201E+0","3.054200000000000E-6"
"344","9.9238353617842323E-1","4.0176630166044784E-23","1.1917664462196284E-2","1.7872910007197663E-15","1.4940347079359626E-2","-8.8174999592041366E-15","3.0002259764632702E+0","2.5239791764715740E+0","1.4672484988278103E+2","6.3201244803211800E+0","3.054200000000000E-6"
"343","9.9238566569132691E-1","4.0032144977486497E-23","1.1918840227449859E-2","9.1786535906166071E-16","1.4938670745599207E-2","-8.2951239860637756E-15","3.0002259055509999E+0","2.5234830408652886E+0","1.4669600835229920E+2","6.3017014328971603E+0","3.054200000000000E-6"
"342","9.9467011312844378E-1","4.2792504668292428E-23","1.2397700056942419E-2","2.8043836147293073E-15","1.1997162289329148E-2","-3.6641779824990865E-14","3.0002258011409202E+0","2.0149737457789501E+0","1.1713516621815565E+2","1.5353007997264401E+0","3.054200000000000E-6"
"341","9.9466516413069062E-1","4.2767866318265681E-23","1.2397638529120814E-2","4.4170032815563058E-15","1.2005468643880067E-2","-3.9544997933752834E-14","3.0002256964193901E+0","2.0159643907427252E+0","1.1719275474144935E+2","1.5315384441538500E+0","3.054200000000000E-6"
"340","9.9239418241782817E-1","4.0005483912367987E-23","1.1923520579317880E-2","2.0618954516302653E-15","1.4931939972905945E-2","-1.1730356067215485E-14","3.0002256239082001E+0","2.5214984777404750E+0","1.4658064102705120E+2","6.2284515059941201E+0","3.054200000000000E-6"
"339","9.9465774664038098E-1","4.2737400222329512E-23","1.2397542186951483E-2","4.3523312023320220E-15","1.2017904982188779E-2","-4.0135793991642536E-14","3.0002255399663702E+0","2.0174503800376735E+0","1.1727913879654029E+2","1.5258629663566201E+0","3.054200000000000E-6"
"338","9.9465280563620118E-1","4.2742184945185405E-23","1.2397475251919322E-2","4.4922690917089962E-15","1.2026180449325389E-2","-3.9409603313369651E-14","3.0002254360841598E+0","2.0184410540720474E+0","1.1733672900977631E+2","1.5220580120366500E+0","3.054200000000000E-6"
"337","9.9240269708832185E-1","3.9829914827353409E-23","1.1928164808759453E-2","2.1182494385797851E-15","1.4925168602333940E-2","-1.1481189472058991E-14","3.0002253454602399E+0","2.5195138820092531E+0","1.4646527180631594E+2","6.1559028719585402E+0","3.054200000000000E-6"
"336","9.9240482544466579E-1","3.9950207567934159E-23","1.1929320254921919E-2","1.8187181106428645E-15","1.4923469432100628E-2","-1.0642538719483790E-14","3.0002252763450898E+0","2.5190177280612014E+0","1.4643642920958405E+2","6.1378743116715899E+0","3.054200000000000E-6"
"335","9.9464046701467568E-1","4.3305055502633447E-23","1.2397298406865853E-2","3.8870966678043471E-15","1.2046815314277115E-2","-3.6939378251189200E-14","3.0002251778494098E+0","2.0209177896167119E+0","1.1748070747615108E+2","1.5124710446015299E+0","3.054200000000000E-6"
"334","9.9463553709521024E-1","4.3191554690363156E-23","1.2397223853838639E-2","3.9634671190885551E-15","1.2055047805131953E-2","-3.7587570470614413E-14","3.0002250751443400E+0","2.0219085039084255E+0","1.1753830002964101E+2","1.5086064195144100E+0","3.054200000000000E-6"
"333","9.9241333766451878E-1","3.9698007953984526E-23","1.1933919725331489E-2","1.9269907066503061E-15","1.4916647503238008E-2","-1.0053782354957727E-14","3.0002250018624599E+0","2.5170330925226319E+0","1.4632105767475397E+2","6.0661905991392198E+0","3.054200000000000E-6"
"332","9.9462814810882016E-1","4.3311375679500501E-23","1.2397107922433525E-2","6.0427842265357331E-15","1.2067373631764208E-2","-4.6715951183404473E-14","3.0002249217182499E+0","2.0233945967240667E+0","1.1762469010263347E+2","1.5027775095310401E+0","3.054200000000000E-6"
"331","9.9462322603192166E-1","4.3259409349986646E-23","1.2397027893528322E-2","3.4921255193229533E-15","1.2075575612527116E-2","-3.4106254701499228E-14","3.0002248198555002E+0","2.0243853394598017E+0","1.1768228430964130E+2","1.4988702549601500E+0","3.054200000000000E-6"
"330","9.9242184801843647E-1","3.9982493461217205E-23","1.1938483700002427E-2","1.1422895639570339E-15","1.4909785276236711E-2","-7.9142825702368161E-15","3.0002247305298102E+0","2.5150484258879398E+0","1.4620568433223315E+2","5.9951896297599703E+0","3.054200000000000E-6"
"329","9.9242397532513715E-1","4.0088768075354665E-23","1.1939619179591047E-2","1.4720576496475049E-15","1.4908063438134408E-2","-1.0160009544255030E-14","3.0002246631865201E+0","2.5145522544476839E+0","1.4617684071863826E+2","5.9775451220096896E+0","3.054200000000000E-6"
"328","9.9461093446663462E-1","4.3328623687742279E-23","1.2396818192954488E-2","3.7846548704446229E-15","1.2096027414070419E-2","-3.4165376480879732E-14","3.0002245666746901E+0","2.0268622456727337E+0","1.1782627269736416E+2","1.4890275280931000E+0","3.054200000000000E-6"
"327","9.9460602326548297E-1","4.3398323994107547E-23","1.2396730449203862E-2","5.4973014922581129E-15","1.2104186938516183E-2","-3.9065549341703518E-14","3.0002244659933299E+0","2.0278530278006817E+0","1.1788386919433404E+2","1.4850606082954101E+0","3.054200000000000E-6"
"326","9.9243248346364343E-1","4.0332054818203220E-23","1.1944139169020962E-2","1.5474679813719617E-15","1.4901151020409217E-2","-1.0658362982435465E-14","3.0002243957638099E+0","2.5125675498658291E+0","1.4606146517015952E+2","5.9073863019425401E+0","3.054200000000000E-6"
"325","9.9459866224565208E-1","4.3154680529619154E-23","1.2396594679513710E-2","4.9232159490224360E-15","1.2116403590560277E-2","-3.6536860416147659E-14","3.0002243156051298E+0","2.0293392219123012E+0","1.1797026515590014E+2","1.4790782814877801E+0","3.054200000000000E-6"
"324","9.9459375873951250E-1","4.3009008853869617E-23","1.2396501390183043E-2","6.7327454534378846E-15","1.2124532970488190E-2","-4.5144874874162521E-14","3.0002242157692001E+0","2.0303300318747168E+0","1.1802786327095315E+2","1.4750687733980501E+0","3.054200000000000E-6"
"323","9.9244098992254171E-1","4.0219514310926069E-23","1.1948624274205325E-2","1.4003676044654710E-15","1.4894198592997425E-2","-9.6549430035962418E-15","3.0002241314472800E+0","2.5105828156543071E+0","1.4594608789923848E+2","5.8378923328437704E+0","3.054200000000000E-6"
"322","9.9244311628441062E-1","4.0211763370092520E-23","1.1949740131192977E-2","1.9469013771421256E-15","1.4892454249286154E-2","-1.0125721459320245E-14","3.0002240658512500E+0","2.5100866275467570E+0","1.4591724331673456E+2","5.8206218128670599E+0","3.054200000000000E-6"
"321","9.9458151334510470E-1","4.3207016505468933E-23","1.2396258415866709E-2","4.3507414705451580E-15","1.2144803902168091E-2","-3.9150841112544768E-14","3.0002239676609301E+0","2.0328071050983598E+0","1.1817186136740169E+2","1.4649705370526700E+0","3.054200000000000E-6"
"320","9.9244949478347777E-1","3.9938496499917337E-23","1.1953074762166912E-2","7.2623761752244287E-16","1.4887206280562303E-2","-6.5186731239002089E-15","3.0002238702178499E+0","2.5085980524512861E+0","1.4583070894297339E+2","5.7690554668419303E+0","3.054200000000000E-6"
"319","9.9245162075853033E-1","3.9987136012405052E-23","1.1954182006233613E-2","1.1367761577893796E-15","1.4885451984823357E-2","-6.8090682184977496E-15","3.0002238053906400E+0","2.5081018571946165E+0","1.4580186394487436E+2","5.7519480264934799E+0","3.054200000000000E-6"
"318","9.9456928693200641E-1","4.3001389744945920E-23","1.2396001452525941E-2","3.3816547651886967E-15","1.2165000102509269E-2","-2.9384680831927725E-14","3.0002237216718601E+0","2.0352842468534225E+0","1.1831586344774296E+2","1.4547660287373401E+0","3.054200000000000E-6"
"317","9.9456440164814253E-1","4.2956046030211407E-23","1.2395894733654959E-2","5.9006824337849876E-15","1.2173057739594009E-2","-4.2103937464619613E-14","3.0002236238703799E+0","2.0362751226070457E+0","1.1837346538739369E+2","1.4506545058645499E+0","3.054200000000000E-6"
"316","9.9246012373575720E-1","4.0067660752567325E-23","1.1958589593798996E-2","1.5463205589377697E-15","1.4878409988171597E-2","-8.1309425808786552E-15","3.0002235479935200E+0","2.5061170586372472E+0","1.4568648293337776E+2","5.6839218305333699E+0","3.054200000000000E-6"
"315","9.9455707935135684E-1","4.2968997869146182E-23","1.2395730425945665E-2","5.7922255742494737E-15","1.2185121935630027E-2","-4.5910096186590808E-14","3.0002234778054100E+0","2.0377614565283944E+0","1.1845986947642839E+2","1.4444554181331399E+0","3.054200000000000E-6"
"314","9.9455220155909796E-1","4.2786157349559107E-23","1.2395618060889164E-2","6.3199298493946283E-15","1.2193149926713160E-2","-4.7342435046986796E-14","3.0002233808539298E+0","2.0387523592802270E+0","1.1851747298554861E+2","1.4403015113335500E+0","3.054200000000000E-6"
"313","9.9246862529617108E-1","4.0011082891138281E-23","1.1962963154512417E-2","9.7300870789554654E-16","1.4871328379227736E-2","-6.1920284426197827E-15","3.0002232936412501E+0","2.5041322324946993E+0","1.4557110031828984E+2","5.6165357499593300E+0","3.054200000000000E-6"
"312","9.9247075047421784E-1","4.0113966064763972E-23","1.1964051258272266E-2","1.4051574453444973E-15","1.4869551801423705E-2","-8.1794353819162633E-15","3.0002232305267800E+0","2.5036360217207942E+0","1.4554225441813736E+2","5.5997883831156798E+0","3.054200000000000E-6"
"311","9.9454002009638864E-1","4.2607682792642773E-23","1.2395327220157836E-2","6.8613972002148513E-15","1.2213168248397754E-2","-4.9185223047878535E-14","3.0002231399649300E+0","2.0412296630281377E+0","1.1866148448291537E+2","1.4298427245057801E+0","3.054200000000000E-6"
"310","9.9453515269401627E-1","4.2390870999274081E-23","1.2395206899961446E-2","3.6400614665345095E-15","1.2221154973927751E-2","-3.5384055740717562E-14","3.0002230442058000E+0","2.0422206031744921E+0","1.1871909016586713E+2","1.4256296483344399E+0","3.054200000000000E-6"
"309","9.9247925037519724E-1","3.9957120988396320E-23","1.1968382647688614E-2","1.8385548317025111E-15","1.4862420842566070E-2","-1.0099124898957385E-14","3.0002229799546800E+0","2.5016511619568256E+0","1.4542686984855712E+2","5.5331921142842804E+0","3.054200000000000E-6"
"308","9.9452785711439584E-1","4.2141256324739014E-23","1.2395022136054855E-2","6.7935544075683648E-15","1.2233113057433522E-2","-4.7454370236044662E-14","3.0002229012069002E+0","2.0437070332546736E+0","1.1880549984484111E+2","1.4192784223136401E+0","3.054200000000000E-6"
"307","9.9452299706383018E-1","4.2052555421209385E-23","1.2394896097281349E-2","3.6246825924134938E-15","1.2241070475649027E-2","-3.2345026088461892E-14","3.0002228063011600E+0","2.0446979998269494E+0","1.1886310706399388E+2","1.4150232285419599E+0","3.054200000000000E-6"
"306","9.9248774903708037E-1","3.9673435519912093E-23","1.1972680586543596E-2","1.0499306844813750E-15","1.4855250533642509E-2","-7.9951206571680323E-15","3.0002227323862201E+0","2.4996662759744388E+0","1.4531148375483852E+2","5.4672195696269599E+0","3.054200000000000E-6"
"305","9.9451571246880888E-1","4.2181975582861500E-23","1.2394702732661158E-2","5.3610108280402508E-15","1.2252984701987320E-2","-4.0714357701794664E-14","3.0002226645834198E+0","2.0461844693698756E+0","1.1894951903703006E+2","1.4086089312976500E+0","3.054200000000000E-6"
"304","9.9451085971268804E-1","4.2197649362999532E-23","1.2394570944797441E-2","5.0457624773996073E-15","1.2260912950875629E-2","-3.7953764047144457E-14","3.0002225705325101E+0","2.0471754621337768E+0","1.1900712777876366E+2","1.4043117651312900E+0","3.054200000000000E-6"
"303","9.9249624653778401E-1","3.9915127355142323E-23","1.1976945326558462E-2","2.0813955070227584E-15","1.4848040987903904E-2","-1.1577804645676326E-14","3.0002224878034198E+0","2.4976813643688067E+0","1.4519609617158036E+2","5.4018636496692300E+0","3.054200000000000E-6"
"302","9.9249837074059433E-1","4.0052366958522237E-23","1.1978006353488214E-2","2.5495816129425415E-16","1.4846232483798330E-2","-5.3454572413652701E-15","3.0002224271221398E+0","2.4971851325328114E+0","1.4516724904703901E+2","5.3856201959710504E+0","3.054200000000000E-6"
"301","9.9449874049807629E-1","4.2246412952579380E-23","1.2394231365862863E-2","6.1878442958514010E-15","1.2280682741401927E-2","-4.3806382149127408E-14","3.0002223369034802E+0","2.0496529895133793E+0","1.1915115227636703E+2","1.3934956594409900E+0","3.054200000000000E-6"
"300","9.9250474295457758E-1","4.0168855960754615E-23","1.1981177116794006E-2","6.1257335476676558E-16","1.4840792316606182E-2","-3.6230516809564742E-15","3.0002222461884700E+0","2.4956964277277471E+0","1.4508070713295388E+2","5.3371173663285800E+0","3.054200000000000E-6"
"299","9.9250686689841017E-1","4.0175040428303252E-23","1.1982229944887015E-2","1.1821816957249481E-15","1.4838974048262552E-2","-7.8827250575128654E-15","3.0002221862463898E+0","2.4952001897238922E+0","1.4505185964986032E+2","5.3210252427716203E+0","3.054200000000000E-6"
"298","9.9448663927873471E-1","4.2336911681470857E-23","1.2393877283297437E-2","5.3048776956917071E-15","1.2300380184540416E-2","-3.6690478364956459E-14","3.0002221054177900E+0","2.0521305813899535E+0","1.1929518052333114E+2","1.3825753703324399E+0","3.054200000000000E-6"
"297","9.9448180379826678E-1","4.2242797914807653E-23","1.2393731571863381E-2","4.3146671489920772E-15","1.2308238979239293E-2","-3.4380373458399786E-14","3.0002220134244801E+0","2.0531216360718316E+0","1.1935279286450245E+2","1.3781781976926399E+0","3.054200000000000E-6"
"296","9.9251536206801561E-1","4.0207794195620939E-23","1.1986420894145073E-2","1.9591562621030763E-15","1.4831676623477112E-2","-1.0696087727626933E-14","3.0002219483165198E+0","2.4932152226041686E+0","1.4493646883943740E+2","5.2570313449260100E+0","3.054200000000000E-6"
"295","9.9447455591463596E-1","4.2354995917612607E-23","1.2393508619381080E-2","3.1764395254941859E-15","1.2320005613169902E-2","-2.9330888805998969E-14","3.0002218760791699E+0","2.0546082371933414E+0","1.1943921248651139E+2","1.3715514178964301E+0","3.054200000000000E-6"
"294","9.9446972753732943E-1","4.2365962523078130E-23","1.2393357053522585E-2","3.4956705862263673E-15","1.2327835694292726E-2","-2.8747437851442558E-14","3.0002217849457602E+0","2.0555993172875420E+0","1.1949682630496082E+2","1.3671129399869999E+0","3.054200000000000E-6"
"293","9.9252385632526952E-1","4.0202660505943748E-23","1.1990579444466814E-2","7.4694023457762180E-16","1.4824340316304184E-2","-7.5162645274895491E-15","3.0002217133151401E+0","2.4912302317453823E+0","1.4482107664900684E+2","5.1936317581411000E+0","3.054200000000000E-6"
"292","9.9446249026696332E-1","4.2383604734580117E-23","1.2393125295845972E-2","2.3149563209399226E-15","1.2339559355801484E-2","-2.1945204601566084E-14","3.0002216488914502E+0","2.0570859563588999E+0","1.1958324813308376E+2","1.3604243873022701E+0","3.054200000000000E-6"
"291","9.9445766893762577E-1","4.2369670618667923E-23","1.2392967844100780E-2","-7.0746482341304751E-16","1.2347360853533662E-2","-1.0258872293205285E-14","3.0002215586194700E+0","2.0580770616410744E+0","1.1964086341576940E+2","1.3559448573476001E+0","3.054200000000000E-6"
"290","9.9253234974541971E-1","4.0091024727461761E-23","1.1994705836509087E-2","9.4040924029772239E-16","1.4816965231695328E-2","-7.0985632028432434E-15","3.0002214812250698E+0","2.4892452177123392E+0","1.4470568311140221E+2","5.1308198436883696E+0","3.054200000000000E-6"
"289","9.9253447297841979E-1","4.0133143730277238E-23","1.1995732437750782E-2","9.9099128948209065E-16","1.4815115413685184E-2","-8.0294618960093315E-15","3.0002214236554399E+0","2.4887489606486395E+0","1.4467683452031503E+2","5.1152079207934404E+0","3.054200000000000E-6"
"288","9.9444562786199631E-1","4.2569421811902243E-23","1.2392563864546482E-2","4.2209161436781790E-15","1.2366814779435303E-2","-3.2824661354568572E-14","3.0002213344494799E+0","2.0605548685752590E+0","1.1978490416453856E+2","1.3446746331208901E+0","3.054200000000000E-6"
"287","9.9254084240311002E-1","3.9785988951886012E-23","1.1998800308416158E-2","1.9822050291805980E-15","1.4809551472706127E-2","-1.0885600038755403E-14","3.0002212520292999E+0","2.4872601810630366E+0","1.4459028825906120E+2","5.0685890665133799E+0","3.054200000000000E-6"
"286","9.9254296545708987E-1","3.9737553649611847E-23","1.1999818966543122E-2","1.4772532993395612E-15","1.4807692001985629E-2","-9.9036995278762938E-15","3.0002211951806199E+0","2.4867639184316728E+0","1.4456143934431259E+2","5.0531214188198197E+0","3.054200000000000E-6"
"285","9.9443360417444260E-1","4.2487165162332930E-23","1.2392145035242710E-2","4.0968014902759297E-15","1.2386197790213367E-2","-3.1770464612517555E-14","3.0002211124397400E+0","2.0630327375381126E+0","1.1992894851918024E+2","1.3333030261456400E+0","3.054200000000000E-6"
"284","9.9254933437239501E-1","3.9694453662288533E-23","1.2002863095853579E-2","1.3133010034071420E-15","1.4802099140526274E-2","-7.4089644240168628E-15","3.0002210257110100E+0","2.4852751223487841E+0","1.4447489212403272E+2","5.0069329935640097E+0","3.054200000000000E-6"
"283","9.9255145726577521E-1","3.9639484925644962E-23","1.2003873869397984E-2","1.0076425512194041E-15","1.4800230042100957E-2","-8.1749207018702699E-15","3.0002209695790900E+0","2.4847788542865521E+0","1.4444604289357497E+2","4.9916080286041300E+0","3.054200000000000E-6"
"282","9.9442159774010330E-1","4.2625149228264143E-23","1.2391711275991030E-2","4.5142060939124507E-15","1.2405510199892160E-2","-3.4023036036316643E-14","3.0002208925942400E+0","2.0655106679826849E+0","1.2007299644789893E+2","1.3218308756065300E+0","3.054200000000000E-6"
"281","9.9441679996727217E-1","4.2689343613676453E-23","1.2391533573830252E-2","4.6324348038081181E-15","1.2413215465004700E-2","-3.2380698048561442E-14","3.0002208052629298E+0","2.0665018572538218E+0","1.2013061661306064E+2","1.3172140673005099E+0","3.054200000000000E-6"
"280","9.9255994847780182E-1","3.9881375801210443E-23","1.2007897378926598E-2","1.3286483712148001E-15","1.4792729632917391E-2","-8.5830425242932771E-15","3.0002207468342599E+0","2.4827937687563941E+0","1.4433064519967479E+2","4.9306614422816102E+0","3.054200000000000E-6"
"279","9.9440960842523418E-1","4.2896503243272313E-23","1.2391262506009935E-2","3.9738395140548531E-15","1.2424752318338877E-2","-3.2474405517892455E-14","3.0002206749170202E+0","2.0679886593669545E+0","1.2021704791918567E+2","1.3102591060842801E+0","3.054200000000000E-6"
"278","9.9440481746298925E-1","4.2948150332768206E-23","1.2391078776804829E-2","3.2130823183245369E-15","1.2432429552801955E-2","-2.7680977129761784E-14","3.0002205884541699E+0","2.0689798728632773E+0","1.2027466949261445E+2","1.3056027292379999E+0","3.054200000000000E-6"
"277","9.9256843916592363E-1","3.9977231817038458E-23","1.2011889725334349E-2","1.4784112575372337E-15","1.4785190871496896E-2","-9.5285554475396134E-15","3.0002205269297000E+0","2.4808086623778944E+0","1.4421524629381142E+2","4.8702754504819996E+0","3.054200000000000E-6"
"276","9.9439763609718956E-1","4.2906866265383780E-23","1.2390798643921459E-2","4.4962468182675481E-15","1.2443924451322029E-2","-3.4866194765315204E-14","3.0002204594121902E+0","2.0704667111536796E+0","1.2036110290180929E+2","1.2985887330473000E+0","3.054200000000000E-6"
"275","9.9439285189277560E-1","4.2928076985747098E-23","1.2390608854953159E-2","2.2433316137929606E-15","1.2451573776304523E-2","-2.2529372000310072E-14","3.0002203738194599E+0","2.0714579486616076E+0","1.2041872587108918E+2","1.2938932205758200E+0","3.054200000000000E-6"
"274","9.9257692940233255E-1","3.9969323194900581E-23","1.2015851136450675E-2","1.2290803366176320E-15","1.4777613853103420E-2","-8.0897054500893222E-15","3.0002203098491700E+0","2.4788235356814416E+0","1.4409984620681763E+2","4.8104439404683204E+0","3.054200000000000E-6"
"273","9.9438568062440080E-1","4.2890534618164707E-23","1.2390319607745011E-2","3.6952357031002948E-15","1.2463026900554418E-2","-3.0402589508173797E-14","3.0002202460839098E+0","2.0729448228102849E+0","1.2050516136480995E+2","1.2868208686166800E+0","3.054200000000000E-6"
"272","9.9438090312548777E-1","4.2824232214659367E-23","1.2390123726049947E-2","5.4168391119111481E-15","1.2470648435615475E-2","-3.8814337151020689E-14","3.0002201613629800E+0","2.0739360841180647E+0","1.2056278571763126E+2","1.2820866937959401E+0","3.054200000000000E-6"
"271","9.9258541925866617E-1","3.9925976345863802E-23","1.2019781837761867E-2","6.9880014095057720E-16","1.4769998671221892E-2","-5.4774217528492420E-15","3.0002200955765699E+0","2.4768383891912302E+0","1.4398444496916608E+2","4.7511608948716404E+0","3.054200000000000E-6"
"270","9.9437374187635885E-1","4.2800913476203555E-23","1.2389825314887852E-2","4.7426357815801618E-15","1.2482059963741634E-2","-3.3605788811137538E-14","3.0002200349364099E+0","2.0754229938087314E+0","1.2064922327749152E+2","1.2749567277015099E+0","3.054200000000000E-6"
"269","9.9436897103103439E-1","4.3049337786138048E-23","1.2389623307255113E-2","2.3539488741350634E-15","1.2489653826852350E-2","-2.2461814643586743E-14","3.0002199510889800E+0","2.0764142787063884E+0","1.2070684900164790E+2","1.2701844067063801E+0","3.054200000000000E-6"
"268","9.9259390880601828E-1","3.9899494934034626E-23","1.2023682052439618E-2","1.8035816199858673E-15","1.4762345417579004E-2","-9.7079410372819438E-15","3.0002198840959999E+0","2.4748532234253680E+0","1.4386904261097553E+2","4.6924203901655499E+0","3.054200000000000E-6"
"267","9.9436181972359072E-1","4.2857832549635104E-23","1.2389315682134703E-2","3.3642155493186802E-15","1.2501023934621479E-2","-2.8122083394508125E-14","3.0002198259739599E+0","2.0779012236253953E+0","1.2079328860941449E+2","1.2629976345107701E+0","3.054200000000000E-6"
"266","9.9435705548035402E-1","4.2614572948649901E-23","1.2389107515103475E-2","3.7294355252273301E-15","1.2508590242178609E-2","-2.9786081601429710E-14","3.0002197430017601E+0","2.0788925319046943E+0","1.2085091569280073E+2","1.2581877291924299E+0","3.054200000000000E-6"
"265","9.9260239811494699E-1","4.0001453991819683E-23","1.2027552001374901E-2","1.5415373827215128E-15","1.4754654182164456E-2","-1.0230145320156961E-14","3.0002196753917101E+0","2.4728680388959878E+0","1.4375363916201758E+2","4.6342165949471497E+0","3.054200000000000E-6"
"264","9.9434991403764639E-1","4.2568881559563835E-23","1.2388790625641995E-2","6.6438820018327706E-15","1.2519919103020617E-2","-4.4027653779073359E-14","3.0002196192008999E+0","2.0803795117409556E+0","1.2093735733038950E+2","1.2509450295289899E+0","3.054200000000000E-6"
"263","9.9434515634539666E-1","4.2589882899834670E-23","1.2388576265495228E-2","5.6317376830643530E-15","1.2527457969866001E-2","-3.7464772597067676E-14","3.0002195371056901E+0","2.0813708431953413E+0","1.2099498576099809E+2","1.2460981502460999E+0","3.054200000000000E-6"
"262","9.9261088725548197E-1","4.0041395183178769E-23","1.2031391903201398E-2","2.8551783091994824E-15","1.4746925053245617E-2","-1.4719438893368876E-14","3.0002194694481199E+0","2.4708828361093489E+0","1.4363823465172220E+2","4.5765437690523596E+0","3.054200000000000E-6"
"261","9.9433802469107524E-1","4.2346403578998978E-23","1.2388250060926304E-2","3.4528791899656873E-15","1.2538745754882759E-2","-2.8715160590982597E-14","3.0002194146216299E+0","2.0828578576402683E+0","1.2108142941047007E+2","1.2388004768043399E+0","3.054200000000000E-6"
"260","9.9433327349910927E-1","4.2291816120919107E-23","1.2388029473690115E-2","2.9976137820814003E-15","1.2546257294323456E-2","-2.0912710856357038E-14","3.0002193334051701E+0","2.0838492120648269E+0","1.2113905917638887E+2","1.2339172855310501E+0","3.054200000000000E-6"
"259","9.9261937629713548E-1","4.0157955271245029E-23","1.2035201974332702E-2","1.6804268271168060E-15","1.4739158117391425E-2","-1.0853580693625578E-14","3.0002192662498102E+0","2.4688976155659477E+0","1.4352282910918439E+2","4.5193962615833900E+0","3.054200000000000E-6"
"258","9.9432615155740878E-1","4.2195574949118510E-23","1.2387693902855792E-2","4.0801277039305254E-15","1.2557504172327545E-2","-3.0319085970867491E-14","3.0002192122406002E+0","2.0853362608122521E+0","1.2122550481994578E+2","1.2265656718127000E+0","3.054200000000000E-6"
"257","9.9432140681541104E-1","4.2391826134385985E-23","1.2387467054294620E-2","2.4177513397661537E-15","1.2564988496137732E-2","-2.1757073226722405E-14","3.0002191319047000E+0","2.0863276380036693E+0","1.2128313590935568E+2","1.2216468853599201E+0","3.054200000000000E-6"
"256","9.9262786530890890E-1","4.0079639361812191E-23","1.2038982428981869E-2","6.7620553276352827E-16","1.4731353459491439E-2","-5.6486441851438333E-15","3.0002190657815202E+0","2.4669123777606066E+0","1.4340742256316943E+2","4.4627685098959704E+0","3.054200000000000E-6"
"255","9.9431429451114528E-1","4.2520256264242445E-23","1.2387122065643311E-2","5.4310729790738879E-15","1.2576194633675597E-2","-3.8231684017763568E-14","3.0002190120623302E+0","2.0878147207497828E+0","1.2136958352933635E+2","1.2142424496858799E+0","3.054200000000000E-6"
"254","9.9430955616918115E-1","4.2321685095850534E-23","1.2386888921255428E-2","3.0693778828147738E-15","1.2583651852139381E-2","-2.4851654024706450E-14","3.0002189326088202E+0","2.0888061205062853E+0","1.2142721593050776E+2","1.2092888431472799E+0","3.054200000000000E-6"
"253","9.9263635435930109E-1","4.0226496232282905E-23","1.2042733479196786E-2","1.3395617953449149E-15","1.4723511162764749E-2","-8.3242675698640457E-15","3.0002188680281598E+0","2.4649271231825876E+0","1.4329201504211923E+2","4.4066550383427199E+0","3.054200000000000E-6"
"252","9.9430245342772916E-1","4.2339672396764912E-23","1.2386534462834373E-2","2.7258758273540221E-15","1.2594817413505903E-2","-2.2925236980495628E-14","3.0002188140913999E+0","2.0902932369495733E+0","1.2151366550938448E+2","1.2018327939703899E+0","3.054200000000000E-6"
"251","9.9429772143623663E-1","4.2648766527221544E-23","1.2386294987850342E-2","3.9101002433778812E-15","1.2602247635406520E-2","-2.9855828953504941E-14","3.0002187355221102E+0","2.0912846590709018E+0","1.2157129921067586E+2","1.1968452043952900E+0","3.054200000000000E-6"
"250","9.9264484351631599E-1","4.0212086487517813E-23","1.2046455334885067E-2","1.8138166407925573E-15","1.4715631308791501E-2","-1.2600930013492351E-14","3.0002186729747802E+0","2.4629418523156819E+0","1.4317660657415769E+2","4.3510504567965302E+0","3.054200000000000E-6"
"249","9.9429062818353298E-1","4.2660208115303611E-23","1.2385931007299969E-2","2.0833051063138112E-15","1.2613372782678581E-2","-1.8674986499765777E-14","3.0002186183324402E+0","2.0927718089120706E+0","1.2165775073105002E+2","1.1893388459057399E+0","3.054200000000000E-6"
"248","9.9428590249331716E-1","4.2665830358529586E-23","1.2385685166675150E-2","3.1995613536974372E-15","1.2620776115338076E-2","-2.7284730360973317E-14","3.0002185406492599E+0","2.0937632531994161E+0","1.2171538572090412E+2","1.1843181761217201E+0","3.054200000000000E-6"
"247","9.9265333284747437E-1","4.0263188154797541E-23","1.2050148203841919E-2","1.1242406151209057E-15","1.4707713977525117E-2","-7.8658709817011762E-15","3.0002184806065899E+0","2.4609565656383072E+0","1.4306119718709638E+2","4.2959494595100898E+0","3.054200000000000E-6"
"246","9.9427881865584167E-1","4.3218825801180826E-23","1.2385311611224685E-2","3.1871633198773989E-15","1.2631861008392472E-2","-2.5158546820166181E-14","3.0002184247901602E+0","2.0952504361413355E+0","1.2180183916550283E+2","1.1767629142348801E+0","3.054200000000000E-6"
"245","9.9427409921806909E-1","4.3073435883827798E-23","1.2385059369641014E-2","2.6593785848669481E-15","1.2639237557668806E-2","-2.2554094225293005E-14","3.0002183479949900E+0","2.0962419023973204E+0","1.2185947543244565E+2","1.1717101369221199E+0","3.054200000000000E-6"
"244","9.9266182241981604E-1","4.0093346003056155E-23","1.2053812291776492E-2","1.8701969772900664E-15","1.4699759247297384E-2","-1.2782698047268153E-14","3.0002182909089501E+0","2.4589712636236030E+0","1.4294578690844003E+2","4.2413468241670200E+0","3.054200000000000E-6"
"243","9.9426702472283413E-1","4.3228921928297886E-23","1.2384676186101798E-2","4.2982049152946129E-15","1.2650282354208755E-2","-2.9478807184062868E-14","3.0002182334693299E+0","2.0977291181449562E+0","1.2194593078411783E+2","1.1641074855172200E+0","3.054200000000000E-6"
"242","9.9426231148902255E-1","4.3388505101740032E-23","1.2384417507959702E-2","9.1275100478473949E-16","1.2657632224518796E-2","-1.2363086112500019E-14","3.0002181575640798E+0","2.0987206061735737E+0","1.2200356831675504E+2","1.1590236475090601E+0","3.054200000000000E-6"
"241","9.9267031229991287E-1","4.0146703029974903E-23","1.2057447802338523E-2","1.3827361549528837E-15","1.4691767194864759E-2","-9.2599928097550282E-15","3.0002181038673901E+0","2.4569859467395196E+0","1.4283037576539164E+2","4.1872374100445802E+0","3.054200000000000E-6"
"240","9.9425524626356809E-1","4.2852328567388304E-23","1.2384024642719727E-2","3.9426711940844792E-15","1.2668637080096549E-2","-3.0964018330447860E-14","3.0002180443747601E+0","2.1002078544339255E+0","1.2209002555846796E+2","1.1513752350401001E+0","3.054200000000000E-6"
"239","9.9425053918558259E-1","4.2861587174135200E-23","1.2383759492135906E-2","2.2188433170134008E-15","1.2675960374429602E-2","-1.8367166708502593E-14","3.0002179693613900E+0","2.1011993640405064E+0","1.2214766434548294E+2","1.1462614618718401E+0","3.054200000000000E-6"
"238","9.9267880255387198E-1","4.0300994186200999E-23","1.2061054937144464E-2","2.6621964354705638E-15","1.4683737895383931E-2","-1.2850459338077635E-14","3.0002179194675702E+0","2.4550006154489141E+0","1.4271496378485821E+2","4.1336161576293504E+0","3.054200000000000E-6"
"237","9.9424348315796196E-1","4.3171038026230435E-23","1.2383356891155498E-2","3.9304346655197112E-15","1.2686925442469894E-2","-2.8174133642965220E-14","3.0002178575113598E+0","2.1026866445225494E+0","1.2223412346031860E+2","1.1385690383330600E+0","3.054200000000000E-6"
"236","9.9423878218800665E-1","4.3206346359924245E-23","1.2383085231958002E-2","3.3851274655630210E-15","1.2694222262398403E-2","-2.7770977948033237E-14","3.0002177833918302E+0","2.1036781755137182E+0","1.2229176349047000E+2","1.1334265389639200E+0","3.054200000000000E-6"
"235","9.9268729324734795E-1","4.0230225007389088E-23","1.2064633895805029E-2","8.4536781570686075E-16","1.4675671422468971E-2","-8.4481861904631194E-15","3.0002177376952899E+0","2.4530152702096322E+0","1.4259955099345541E+2","4.0804780870859902E+0","3.054200000000000E-6"
"234","9.9423173528677777E-1","4.3287120546740179E-23","1.2382672840762655E-2","2.9613683463803367E-15","1.2705147694216131E-2","-2.1679426331783731E-14","3.0002176728840699E+0","2.1051654879283390E+0","1.2237822446162154E+2","1.1256919832199199E+0","3.054200000000000E-6"
"233","9.9269366159512973E-1","4.0180912118183840E-23","1.2067299743162899E-2","1.5310851915510671E-15","1.4669597216122977E-2","-9.7493280937857929E-15","3.0002176030819498E+0","2.4515262523989971E+0","1.4251299088361978E+2","4.0409386710013901E+0","3.054200000000000E-6"
"232","9.9269578444554629E-1","4.0264008873063394E-23","1.2068184875945751E-2","1.5751920589968690E-15","1.4667567848179476E-2","-8.3736726024031730E-15","3.0002175585365101E+0","2.4510299114745990E+0","1.4248413741751284E+2","4.0278182972825700E+0","3.054200000000000E-6"
"231","9.9422000253160658E-1","4.3217064811205500E-23","1.2381972400163222E-2","2.2087889173959168E-15","1.2723304084741300E-2","-1.8707896409044972E-14","3.0002174904979202E+0","2.1076443841719121E+0","1.2252232853450924E+2","1.1127473824630900E+0","3.054200000000000E-6"
"230","9.9270215321439603E-1","4.0278458684388677E-23","1.2070829867927626E-2","2.1976370510417670E-15","1.4661465862169433E-2","-1.2100213682958970E-14","3.0002174258741698E+0","2.4495408838364714E+0","1.4239757673638195E+2","3.9886344221351799E+0","3.054200000000000E-6"
"229","9.9270427621323265E-1","4.0368331857942290E-23","1.2071708073236135E-2","1.3556266568635400E-15","1.4659427243042443E-2","-9.4655702983323879E-15","3.0002173819773401E+0","2.4490445396919061E+0","1.4236872308307906E+2","3.9756319648032798E+0","3.054200000000000E-6"
"228","9.9420828477485179E-1","4.3822498334814281E-23","1.2381255477239140E-2","2.7545365104358403E-15","1.2741394859995659E-2","-2.1426700368492950E-14","3.0002173103579901E+0","2.1101233327769036E+0","1.2266643565128940E+2","1.0997387870140800E+0","3.054200000000000E-6"
"227","9.9271064545144105E-1","4.0498135883097595E-23","1.2074332355324990E-2","1.6918530246142692E-15","1.4653297529275992E-2","-1.0422214958292470E-14","3.0002172512556600E+0","2.4475555025592302E+0","1.4228216185000772E+2","3.9368000633747999E+0","3.054200000000000E-6"
"226","9.9420126127141717E-1","4.3755585239372382E-23","1.2380817373366026E-2","2.3122224883846328E-15","1.2752217930854489E-2","-1.9644199360201333E-14","3.0002172033543699E+0","2.1116107268763011E+0","1.2275290137096930E+2","1.0919044834300600E+0","3.054200000000000E-6"
"225","9.9419658189971294E-1","4.3887271100421101E-23","1.2380521979119463E-2","1.9515728842264688E-15","1.2759420262517019E-2","-1.6533977839587902E-14","3.0002171324694400E+0","2.1126023332698520E+0","1.2281054578443865E+2","1.0866699998631999E+0","3.054200000000000E-6"
"224","9.9271913837027859E-1","4.0607991930792988E-23","1.2077807397656008E-2","6.5996134051473463E-16","1.4645092285332976E-2","-9.8742461468318799E-15","3.0002170792127698E+0","2.4455701090070976E+0","1.4216674625006522E+2","3.8854309046874298E+0","3.054200000000000E-6"
"223","9.9418956726950969E-1","4.3516014993166458E-23","1.2380073885235106E-2","3.2967511464468032E-15","1.2770204224740978E-2","-2.7087478110735527E-14","3.0002170268191399E+0","2.1140897582759419E+0","1.2289701330079730E+2","1.0788015168956400E+0","3.054200000000000E-6"
"222","9.9418489379017072E-1","4.3615342582627939E-23","1.2379771812172926E-2","3.2639405774853061E-15","1.2777380531451847E-2","-2.8375555258514196E-14","3.0002169568374901E+0","2.1150813851801207E+0","1.2295465890659770E+2","1.0735450903933601E+0","3.054200000000000E-6"
"221","9.9272763203450276E-1","4.0604254754634908E-23","1.2081255185334457E-2","8.0092521515947775E-16","1.4636850196742875E-2","-7.2331102353418218E-15","3.0002169097319800E+0","2.4435847036152953E+0","1.4205132996185483E+2","3.8345223312540901E+0","3.054200000000000E-6"
"220","9.9417788796395512E-1","4.3557343650756016E-23","1.2379313671729168E-2","2.2573375016255191E-15","1.2788125526926802E-2","-2.0301019094162943E-14","3.0002168525436801E+0","2.1165688408118295E+0","1.2304112820329566E+2","1.0656450037205001E+0","3.054200000000000E-6"
"219","9.9273400280985302E-1","4.0735842387985712E-23","1.2083823253716571E-2","1.1126702245718729E-15","1.4630644490111344E-2","-8.1744727901934074E-15","3.0002167842947198E+0","2.4420956420609130E+0","1.4196476730909222E+2","3.7966404258174502E+0","3.054200000000000E-6"
"218","9.9273612650729370E-1","4.0723623379374719E-23","1.2084675906902653E-2","7.2445976988243210E-16","1.4628571328430252E-2","-6.1230578865523750E-15","3.0002167427999198E+0","2.4415992868145100E+0","1.4193591301041340E+2","3.7840698021058001E+0","3.054200000000000E-6"
"217","9.9416622323995185E-1","4.3203462213773881E-23","1.2378536637977741E-2","3.2637170767300767E-15","1.2805982071213091E-2","-2.6138190684515096E-14","3.0002166805332999E+0","2.1190479740176364E+0","1.2318524605135569E+2","1.0524394707434599E+0","3.054200000000000E-6"
"216","9.9274249793028757E-1","4.0793274571890853E-23","1.2087223798324576E-2","2.1005828349682813E-16","1.4622338078737480E-2","-3.7402501739233310E-15","3.0002166192655002E+0","2.4401102169833493E+0","1.4184934987650217E+2","3.7465269940935202E+0","3.054200000000000E-6"
"215","9.9274462185142731E-1","4.0773406081318225E-23","1.2088069749060799E-2","1.4704276857891123E-15","1.4620255743862783E-2","-9.4867672152338482E-15","3.0002165784033301E+0","2.4396138590309784E+0","1.4182049542051911E+2","3.7340688497077101E+0","3.054200000000000E-6"
"214","9.9415457298343823E-1","4.2843232165590725E-23","1.2377742688325007E-2","4.2868085427589600E-15","1.2823774088100585E-2","-2.9499455176431472E-14","3.0002165107934098E+0","2.1215271574296128E+0","1.2332936681801854E+2","1.0391897509601000E+0","3.054200000000000E-6"
"213","9.9275099396888256E-1","4.0615048169158222E-23","1.2090597602350081E-2","1.0195520515429565E-15","1.4613994997754761E-2","-8.8786437254091155E-15","3.0002164567619101E+0","2.4381247812398419E+0","1.4173393182387576E+2","3.6968618357852399E+0","3.054200000000000E-6"
"212","9.9414758972674844E-1","4.2994069196524406E-23","1.2377258158808633E-2","2.2012221461575338E-15","1.2834418419747196E-2","-1.8993981451454616E-14","3.0002164100415700E+0","2.1230146913837702E+0","1.2341584066778475E+2","1.0312208400753000E+0","3.054200000000000E-6"
"211","9.9414293708108004E-1","4.3061365509234517E-23","1.2376931726315377E-2","2.7112233070225065E-15","1.2841501804825177E-2","-2.0685139375751554E-14","3.0002163433294600E+0","2.1240063905864863E+0","1.2347349047646931E+2","1.0259009995372199E+0","3.054200000000000E-6"
"210","9.9275949098771932E-1","4.0787015141098969E-23","1.2093944849319579E-2","1.4541115051456734E-15","1.4605615308111315E-2","-1.0750905619349195E-14","3.0002162967709598E+0","2.4361393352490195E+0","1.4161851317554877E+2","3.6476406093320999E+0","3.054200000000000E-6"
"209","9.9413596238277846E-1","4.3182310947017046E-23","1.2376436942751650E-2","2.4977733867936896E-15","1.2852107664093644E-2","-1.8685400307449294E-14","3.0002162439458502E+0","2.1254939541671756E+0","1.2355996604849557E+2","1.0179112843044600E+0","3.054200000000000E-6"
"208","9.9276586443225845E-1","4.0785796988399707E-23","1.2096437965875118E-2","1.3691158900988336E-15","1.4599306552305694E-2","-9.0090195402326563E-15","3.0002161784189099E+0","2.4346502442805362E+0","1.4153194881287524E+2","3.6110134479806999E+0","3.054200000000000E-6"
"207","9.9276798904849273E-1","4.0725886493831034E-23","1.2097265720976864E-2","1.9439192270781965E-15","1.4597199069328593E-2","-1.2991038618699939E-14","3.0002161392797602E+0","2.4341538794252653E+0","1.4150309395561032E+2","3.5988590439575998E+0","3.054200000000000E-6"
"206","9.9412434921310211E-1","4.3379425502049444E-23","1.2375598558328264E-2","1.6728605481170391E-15","1.2869732965115848E-2","-1.4552414802969559E-14","3.0002160801349600E+0","2.1279732659623982E+0","1.2370409427837868E+2","1.0045716561792599E+0","3.054200000000000E-6"
"205","9.9277436331474089E-1","4.0803337741029992E-23","1.2099739174257834E-2","2.1020763728612181E-15","1.4590862939876686E-2","-1.2639379581651520E-14","3.0002160227941399E+0","2.4326647813515128E+0","1.4141652917989077E+2","3.5625588680412901E+0","3.054200000000000E-6"
"204","9.9411738806853789E-1","4.3338958275519779E-23","1.2375087245885137E-2","3.3519445125729974E-15","1.2880277544112180E-2","-2.4644750838049853E-14","3.0002159829475001E+0","2.1294608763757399E+0","1.2379057257289722E+2","1.0000000000130700E+0","3.054200000000000E-6"
"203","9.9411275010620292E-1","4.3559953793330128E-23","1.2374742906962707E-2","1.5769773242470661E-15","1.2887294541680095E-2","-1.3470964912987056E-14","3.0002159186145700E+0","2.1304526263142147E+0","1.2384822533097086E+2","1.0000000000320599E+0","3.054200000000000E-6"
"202","9.9278286334621169E-1","4.0685573071196392E-23","1.2103014321155363E-2","2.3639728419039816E-15","1.4582382879084008E-2","-1.2443719800225371E-14","3.0002158696469001E+0","2.4306793093047379E+0","1.4130110901686996E+2","3.5145366438905299E+0","3.054200000000000E-6"
"201","9.9410579734605875E-1","4.3307272734415050E-23","1.2374221186691311E-2","3.8764233829487401E-15","1.2897800989741802E-2","-2.5356164881363579E-14","3.0002158228041398E+0","2.1319402656439093E+0","1.2393470530646506E+2","1.0000000000150500E+0","3.054200000000000E-6"
"200","9.9410116495123924E-1","4.3405736954112148E-23","1.2373869889244606E-2","1.5528263235744959E-15","1.2904792609488572E-2","-1.4687727100952118E-14","3.0002157593903802E+0","2.1329320347695671E+0","1.2399235917993478E+2","1.0000000000227400E+0","3.054200000000000E-6"
"199","9.9279136458733364E-1","4.0818482254823354E-23","1.2106263583520188E-2","1.2691793294952954E-15","1.4573866425597947E-2","-8.0744997174377670E-15","3.0002157189646601E+0","2.4286938285432931E+0","1.4118568834724488E+2","3.4669426959703999E+0","3.054200000000000E-6"
"198","9.9409422050932739E-1","4.3905826441772406E-23","1.2373337701093862E-2","2.5167863485802751E-15","1.2915261054528730E-2","-1.9139568789187553E-14","3.0002156649604501E+0","2.1344197027447844E+0","1.2407884082066066E+2","1.0000000000147300E+0","3.054200000000000E-6"
"197","9.9279774134829724E-1","4.0729007161938502E-23","1.2108683649056517E-2","6.3999689188785924E-16","1.4567455235492868E-2","-6.2866586542209972E-15","3.0002156075631699E+0","2.4272047124934422E+0","1.4109912252653243E+2","3.4315258757472100E+0","3.054200000000000E-6"
"196","9.9279986709840840E-1","4.0779816084829582E-23","1.2109487136602783E-2","8.2590530782672440E-16","1.4565313633715519E-2","-7.1196206296188960E-15","3.0002155707350200E+0","2.4267083394662849E+0","1.4107026719421651E+2","3.4197730130228399E+0","3.054200000000000E-6"
"195","9.9408265744855051E-1","4.4171458047152491E-23","1.2372436688325638E-2","1.8653744340042546E-15","1.2932657949164051E-2","-1.4864593617676658E-14","3.0002155094222700E+0","2.1368991872286038E+0","1.2422297908933831E+2","1.0000000000000000E+0","3.054200000000000E-6"
"194","9.9280624485119373E-1","4.0781397421516302E-23","1.2111888034172262E-2","1.4518127692429315E-15","1.4558875224626885E-2","-8.4968254788488173E-15","3.0002154611649101E+0","2.4252192174393179E+0","1.4098370102604022E+2","3.3846717997741100E+0","3.054200000000000E-6"
"193","9.9407572617910778E-1","4.4114085316853951E-23","1.2371887625380155E-2","3.6196012866275838E-15","1.2943065850763076E-2","-2.6116693395554288E-14","3.0002154172084601E+0","2.1383869004763341E+0","1.2430946336186192E+2","1.0000000000000000E+0","3.054200000000000E-6"
"192","9.9407110805457322E-1","4.4250643788698542E-23","1.2371518046755682E-2","3.8531253470126480E-15","1.2949991881250329E-2","-2.6500251317964540E-14","3.0002153561955098E+0","2.1393787186475430E+0","1.2436712008646495E+2","1.0000000000500400E+0","3.054200000000000E-6"
"191","9.9281474972871564E-1","4.0902746109847420E-23","1.2115067012659112E-2","7.5624639574674704E-16","1.4550258967108043E-2","-7.7755488961291614E-15","3.0002153171978398E+0","2.4232337147586978E+0","1.4086827908220187E+2","3.3382351312642502E+0","3.054200000000000E-6"
"190","9.9406418493307525E-1","4.4284251878492702E-23","1.2370958357383843E-2","4.0045336694036753E-15","1.2960362103690540E-2","-2.6269617625760970E-14","3.0002152653714198E+0","2.1408664598421732E+0","1.2445360598360762E+2","1.0000000000000000E+0","3.054200000000000E-6"
"189","9.9282112932466249E-1","4.0624059267955405E-23","1.2117434676155673E-2","6.3891745904199943E-16","1.4543773017583431E-2","-6.1482468551040652E-15","3.0002152108107398E+0","2.4217445829771980E+0","1.4078171234697163E+2","3.3036792488880100E+0","3.054200000000000E-6"
"188","9.9405726666920446E-1","4.3837984060610964E-23","1.2370392262466834E-2","3.4860807936315739E-15","1.2970709776952128E-2","-2.4157532070077301E-14","3.0002151753829001E+0","2.1423542176768562E+0","1.2454009284807572E+2","1.0000000000024800E+0","3.054200000000000E-6"
"187","9.9405265718048341E-1","4.3748724163933165E-23","1.2370011296157828E-2","3.2971675893071335E-15","1.2977595719850771E-2","-2.3431464415856170E-14","3.0002151158553998E+0","2.1433460654304719E+0","1.2459775129237370E+2","1.0000000000000000E+0","3.054200000000000E-6"
"186","9.9282963675035107E-1","4.0973453250114580E-23","1.2120569602743755E-2","1.6112089831745082E-15","1.4535093449325810E-2","-1.1350612540457193E-14","3.0002150710693001E+0","2.4197590678828163E+0","1.4066628968149212E+2","3.2579638745711899E+0","3.054200000000000E-6"
"185","9.9404574696101011E-1","4.3683698720498451E-23","1.2369434475476579E-2","2.7435613507619565E-15","1.2987905907091431E-2","-1.9565816616441967E-14","3.0002150272624299E+0","2.1448338507858127E+0","1.2468423975668240E+2","1.0000000000050100E+0","3.054200000000000E-6"
"184","9.9404114281377065E-1","4.3658593788907656E-23","1.2369046337777075E-2","3.5260062265768191E-15","1.2994766898921638E-2","-2.5799385049515456E-14","3.0002149686665200E+0","2.1458257167980852E+0","1.2474189926239907E+2","1.0000000000385700E+0","3.054200000000000E-6"
"183","9.9283814571302798E-1","4.0749887656291249E-23","1.2123679588151351E-2","1.1981521093823014E-15","1.4526377770303056E-2","-9.3681848899767671E-15","3.0002149337261601E+0","2.4177735462214098E+0","1.4055086663425601E+2","3.2126555421154199E+0","3.054200000000000E-6"
"182","9.9403424057443945E-1","4.3345770883346251E-23","1.2368458728544798E-2","3.1691343660595809E-15","1.3005039718500084E-2","-2.3464139290818594E-14","3.0002148814727798E+0","2.1473135294089998E+0","1.2482838931113841E+2","1.0000000000000000E+0","3.054200000000000E-6"
"181","9.9284452847883753E-1","4.0599042870539051E-23","1.2125995809623945E-2","2.3070493069722548E-15","1.4519817341632062E-2","-1.3421035079119888E-14","3.0002148322856201E+0","2.4162844008935167E+0","1.4046429911154203E+2","3.1789392178491598E+0","3.054200000000000E-6"
"180","9.9402734309249519E-1","4.3101006847621980E-23","1.2367864615817256E-2","3.8872866613091816E-15","1.3015290173547521E-2","-2.6863070847816196E-14","3.0002147951203799E+0","2.1488013582464176E+0","1.2491488030316260E+2","1.0000000000000000E+0","3.054200000000000E-6"
"179","9.9402274740286423E-1","4.3053966766396805E-23","1.2367464916299449E-2","2.7315454425944649E-15","1.3022111406057937E-2","-1.9939336559422548E-14","3.0002147380201998E+0","2.1497932531058859E+0","1.2497254148583467E+2","1.0000000000170499E+0","3.054200000000000E-6"
"178","9.9285304027161714E-1","4.0291568204625805E-23","1.2129062547049907E-2","1.8803045127038975E-15","1.4511038580934645E-2","-1.2587102359727210E-14","3.0002146991113299E+0","2.4142988686482241E+0","1.4034887544903972E+2","3.1343344725931499E+0","3.054200000000000E-6"
"177","9.9401585779897306E-1","4.3148031419210686E-23","1.2366859913421561E-2","1.9228642865534003E-15","1.3032324679104829E-2","-1.5719751707589992E-14","3.0002146530730500E+0","2.1512811087767019E+0","1.2505903403774742E+2","1.0000000000318101E+0","3.054200000000000E-6"
"176","9.9285942522661785E-1","4.0316275055546897E-23","1.2131346521130734E-2","3.8068591441235012E-16","1.4504430892989658E-2","-3.7005252476667666E-15","3.0002146007841302E+0","2.4128097158117354E+0","1.4026230748983340E+2","3.1011417464062201E+0","3.054200000000000E-6"
"175","9.9286155376126228E-1","4.0214241680753725E-23","1.2132104796696784E-2","7.0303333429839687E-16","1.4502223835431897E-2","-6.9388502138542753E-15","3.0002145683033499E+0","2.4123133308680087E+0","1.4023345146477928E+2","3.0901268959188601E+0","3.054200000000000E-6"
"174","9.9400438555101711E-1","4.2688283788519131E-23","1.2365836975196338E-2","2.6984300570514864E-15","1.3049297366458708E-2","-1.8444866164120611E-14","3.0002145133728999E+0","2.1537609036789722E+0","1.2520319035178025E+2","1.0000000000000000E+0","3.054200000000000E-6"
"173","9.9286794002669254E-1","4.0779889109367741E-23","1.2134370511315036E-2","2.5055819634417879E-15","1.4495589187417177E-2","-1.3437244692255493E-14","3.0002144717433699E+0","2.4108241741225225E+0","1.4014688327833377E+2","3.0572297655447498E+0","3.054200000000000E-6"
"172","9.9399750842033785E-1","4.2546355751276234E-23","1.2365214414261645E-2","3.0476695227913999E-15","1.3059451384137692E-2","-2.1360002820819083E-14","3.0002144306821199E+0","2.1552488017371529E+0","1.2528968536777028E+2","1.0000000000116300E+0","3.054200000000000E-6"
"171","9.9287432730315017E-1","4.0618324579864707E-23","1.2136622610459457E-2","9.9893464213598782E-16","1.4488934340212964E-2","-9.3029350605027006E-15","3.0002143765032199E+0","2.4093350146254666E+0","1.4006031493193302E+2","3.0245526487876102E+0","3.054200000000000E-6"
"170","9.9287645662413770E-1","4.0755160286461336E-23","1.2137370296156717E-2","1.3957393840143331E-15","1.4486711572126101E-2","-9.3578149381117948E-15","3.0002143450489900E+0","2.4088386275415097E+0","1.4003145878246227E+2","3.0137089224674098E+0","3.054200000000000E-6"
"169","9.9398605682673424E-1","4.2432266865289909E-23","1.2364162074109866E-2","2.7464206486641667E-15","1.3076325550573760E-2","-1.9564855861062158E-14","3.0002142947508501E+0","2.1577286667267579E+0","1.2543384575614482E+2","1.0000000000450200E+0","3.054200000000000E-6"
"168","9.9288284528605297E-1","4.0453767982989401E-23","1.2139604345922813E-2","9.5074747987141644E-16","1.4480029819709854E-2","-7.5941476791371978E-15","3.0002142515612600E+0","2.4073494646139233E+0","1.3994489023663672E+2","2.9813229512471202E+0","3.054200000000000E-6"
"167","9.9397919200836538E-1","4.2285021607671910E-23","1.2363521788383298E-2","3.4070780597025857E-15","1.3086420596886823E-2","-2.1179934566787053E-14","3.0002142143264199E+0","2.1592166065031084E+0","1.2552034319731025E+2","1.0000000000490801E+0","3.054200000000000E-6"
"166","9.9397461800633280E-1","4.2032693392986823E-23","1.2363091215892260E-2","3.4787908616998049E-15","1.3093138379539272E-2","-2.2989105027236854E-14","3.0002141611836399E+0","2.1602085749555782E+0","1.2557800865811669E+2","1.0000000000422600E+0","3.054200000000000E-6"
"165","9.9289136516590359E-1","4.0827099796593707E-23","1.2142562153854307E-2","1.6003457167279478E-15","1.4471089460694333E-2","-1.2029154156054613E-14","3.0002141289461099E+0","2.4053639103434459E+0","1.3982946529375855E+2","2.9384785544681100E+0","3.054200000000000E-6"
"164","9.9396776080201876E-1","4.1792574493390312E-23","1.2362439766451327E-2","3.7160237226000068E-15","1.3103196709810657E-2","-2.4909129011432570E-14","3.0002140821808099E+0","2.1616965404673318E+0","1.2566450759534168E+2","1.0000000000136400E+0","3.054200000000000E-6"
"163","9.9289775635466171E-1","4.0754523098895181E-23","1.2144764901687199E-2","7.8298655877106294E-16","1.4464360695898012E-2","-6.2575252264359460E-15","3.0002140385050700E+0","2.4038747420606303E+0","1.3974289643662092E+2","2.9065961536391400E+0","3.054200000000000E-6"
"162","9.9396090813633420E-1","4.2156868066332672E-23","1.2361781586831799E-2","1.9196983704738099E-15","1.3113233061664882E-2","-1.5572408414854404E-14","3.0002140040328800E+0","2.1631845212957170E+0","1.2575100742295852E+2","1.0000000000000000E+0","3.054200000000000E-6"
"161","9.9395634220300355E-1","4.2428390748638109E-23","1.2361339049525020E-2","3.1929874573093354E-15","1.3119911771427649E-2","-2.1127750785904282E-14","3.0002139524099198E+0","2.1641765169778067E+0","1.2580867446668684E+2","1.0000000000000000E+0","3.054200000000000E-6"
"160","9.9290627968994727E-1","4.0545773731559858E-23","1.2147681212643945E-2","1.0476410012182758E-15","1.4455357712508448E-2","-6.6381442043416422E-15","3.0002139199353501E+0","2.4018891811944840E+0","1.3962747111032101E+2","2.8644182528982798E+0","3.054200000000000E-6"
"159","9.9394949705223556E-1","4.2532851381541050E-23","1.2360669599278803E-2","2.8945104692648373E-15","1.3129911576752291E-2","-2.0182582432574636E-14","3.0002138756900600E+0","2.1656645231266722E+0","1.2589517576624279E+2","1.0000000000475699E+0","3.054200000000000E-6"
"158","9.9291267353474266E-1","4.0642845315147411E-23","1.2149853015556622E-2","1.1672988536112893E-15","1.4448582022345688E-2","-9.9837275454616468E-15","3.0002138325158798E+0","2.4004000083703620E+0","1.3954090198918655E+2","2.8330320855000002E+0","3.054200000000000E-6"
"157","9.9394265638083779E-1","4.2310644173380281E-23","1.2359993354247988E-2","3.6935894469267930E-15","1.3139889504062174E-2","-2.3492273212933236E-14","3.0002137998289999E+0","2.1671525443437001E+0","1.2598167794174648E+2","1.0000000000000000E+0","3.054200000000000E-6"
"156","9.9393809841085934E-1","4.2318048086097350E-23","1.2359538737271462E-2","2.6429043189114091E-15","1.3146529319426361E-2","-1.8052579909753642E-14","3.0002137497328101E+0","2.1681445668136869E+0","1.2603934654271832E+2","1.0000000000000000E+0","3.054200000000000E-6"
"155","9.9292120049696797E-1","4.0193447781870389E-23","1.2152728301678357E-2","7.4626081318964397E-16","1.4439516527304783E-2","-7.3084551063134823E-15","3.0002137179583701E+0","2.3984144419853379E+0","1.3942547634206127E+2","2.7915110653027000E+0","3.054200000000000E-6"
"154","9.9393126515598074E-1","4.2273103098267330E-23","1.2358851113167622E-2","3.8625637565366398E-15","1.3156470865381444E-2","-2.4732173567578090E-14","3.0002136753063899E+0","2.1696326129378454E+0","1.2612585016613214E+2","1.0000000000338900E+0","3.054200000000000E-6"
"153","9.9292759712587120E-1","3.9854759649412414E-23","1.2154869510893663E-2","1.1344626310523205E-15","1.4432693993856691E-2","-7.1983877820359745E-15","3.0002136335357599E+0","2.3969252654212578E+0","1.3933890700351427E+2","2.7606140449577601E+0","3.054200000000000E-6"
"152","9.9392443632165128E-1","4.2182796947361862E-23","1.2358156628745049E-2","3.6548479643687655E-15","1.3166390631136603E-2","-2.3029463573116377E-14","3.0002136017427801E+0","2.1711206738825886E+0","1.2621235465110142E+2","1.0000000000281899E+0","3.054200000000000E-6"
"151","9.9391988621045091E-1","4.1889428942066724E-23","1.2357689815590848E-2","2.4880387571884575E-15","1.3172991725999506E-2","-1.7992286469107648E-14","3.0002135531804401E+0","2.1721127227003247E+0","1.2627002478372994E+2","1.0000000000000000E+0","3.054200000000000E-6"
"150","9.9293612788506613E-1","4.0193047116260397E-23","1.2157704236681123E-2","2.2093758206771728E-15","1.4423566093336729E-2","-1.3222975019010292E-14","3.0002135229578100E+0","2.3949396945776393E+0","1.3922348109720036E+2","2.7197406231547498E+0","3.054200000000000E-6"
"149","9.9391306469495522E-1","4.1909495180504622E-23","1.2356983842083986E-2","2.0856280174274953E-15","1.3182875271289826E-2","-1.5726149189621754E-14","3.0002134810581800E+0","2.1736008081402378E+0","1.2635653069266110E+2","1.0000000000980001E+0","3.054200000000000E-6"
"148","9.9294252742506217E-1","4.0138727199409817E-23","1.2159815197753505E-2","1.5866742367564191E-15","1.4416696793807139E-2","-9.8907820987155993E-15","3.0002134415077801E+0","2.3934505150627592E+0","1.3913691158711640E+2","2.6893259128154301E+0","3.054200000000000E-6"
"147","9.9390624754160417E-1","4.2115364279097945E-23","1.2356270941775657E-2","3.0104703909687493E-15","1.3192737131636057E-2","-2.0776001262720451E-14","3.0002134098027802E+0","2.1750889081539380E+0","1.2644303744880079E+2","1.0000000000000000E+0","3.054200000000000E-6"
"146","9.9390170518535081E-1","4.1998093978927335E-23","1.2355791814251641E-2","3.0812292607577726E-15","1.3199299675341634E-2","-2.0483710152451200E-14","3.0002133627815302E+0","2.1760809828806678E+0","1.2650070908758009E+2","1.0000000000000000E+0","3.054200000000000E-6"
"145","9.9295106214983309E-1","3.9719275866129129E-23","1.2162609820220700E-2","2.6010583609056900E-15","1.4407506587524347E-2","-1.5787204075168028E-14","3.0002133348772899E+0","2.3914649408048065E+0","1.3902148548231926E+2","2.6490911396409902E+0","3.054200000000000E-6"
"144","9.9389489525383035E-1","4.1937062913122691E-23","1.2355067313252404E-2","1.7057070174040106E-15","1.3209125471870621E-2","-1.1738361415737353E-14","3.0002132929743399E+0","2.1775691069787899E+0","1.2658721724380393E+2","1.0000000000000000E+0","3.054200000000000E-6"
"143","9.9295746472685664E-1","3.9749989793131653E-23","1.2164690873148337E-2","2.3395608739056207E-15","1.4400590594297462E-2","-1.3946377416129488E-14","3.0002132563759600E+0","2.3899757591164525E+0","1.3893491584588614E+2","2.6191521513777798E+0","3.054200000000000E-6"
"142","9.9388808962645103E-1","4.1662431841171458E-23","1.2354335818002131E-2","4.9043057901964936E-15","1.3218929676179755E-2","-2.7543666639260624E-14","3.0002132240381401E+0","2.1790572454045760E+0","1.2667372623292860E+2","1.0000000000000000E+0","3.054200000000000E-6"
"141","9.9296386864376285E-1","3.8921673745940974E-23","1.2166759211028128E-2","4.5888414709106064E-16","1.4393654610462020E-2","-7.4555757165855153E-15","3.0002131791311601E+0","2.3884865767317103E+0","1.3884834616897032E+2","2.5894150890770100E+0","3.054200000000000E-6"
"140","9.9296600358443809E-1","3.9047721207892423E-23","1.2167445841981024E-2","1.6657892598235822E-15","1.4391338175586198E-2","-9.9569657711361851E-15","3.0002131536613801E+0","2.3879901824728931E+0","1.3881948960240805E+2","2.5795474091001398E+0","3.054200000000000E-6"
"139","9.9387675642012707E-1","4.1695438286317391E-23","1.2353101047022100E-2","3.1675921748354391E-15","1.3235222126515862E-2","-1.9908958347612323E-14","3.0002131110843200E+0","2.1815375077032382E+0","1.2681790971781371E+2","1.0000000001094600E+0","3.054200000000000E-6"
"138","9.9297240932341191E-1","3.8623265431905447E-23","1.2169497321317198E-2","1.3374234103085826E-15","1.4384375556282566E-2","-9.4330705267409410E-15","3.0002130780852898E+0","2.3865009993769108E+0","1.3873291988414618E+2","2.5500778041851202E+0","3.054200000000000E-6"
"137","9.9386996216474843E-1","4.1489432832170214E-23","1.2352350775160253E-2","4.5679772581726599E-15","1.3244968917458719E-2","-2.7842433626754661E-14","3.0002130444785200E+0","2.1830256838858424E+0","1.2690442090183109E+2","1.0000000000000000E+0","3.054200000000000E-6"
"136","9.9297881645550712E-1","3.8635635013237253E-23","1.2171536227346331E-2","1.6962545577655109E-15","1.4377392973910816E-2","-9.4795834181071680E-15","3.0002130037557899E+0","2.3850118159093303E+0","1.3864635014428245E+2","2.5208074852212299E+0","3.054200000000000E-6"
"135","9.9386317213437725E-1","4.1533928040542330E-23","1.2351593414690337E-2","1.7957052933325399E-15","1.3254694239597553E-2","-1.2686542306069892E-14","3.0002129787495599E+0","2.1845138740585974E+0","1.2699093289912884E+2","1.0000000000021101E+0","3.054200000000000E-6"
"134","9.9385864778408883E-1","4.1356356919951674E-23","1.2351084556729626E-2","2.5922172699824824E-15","1.3261165876807013E-2","-1.7347086079784241E-14","3.0002129354181801E+0","2.1855060085673572E+0","1.2704860801317824E+2","1.0000000000000000E+0","3.054200000000000E-6"
"133","9.9298736150458389E-1","3.9056092857302555E-23","1.2174235313976333E-2","1.1050200441791689E-15","1.4368051829698818E-2","-8.4893976603103220E-15","3.0002129065816598E+0","2.3830262376124907E+0","1.3853092380469528E+2","2.4820884974417599E+0","3.054200000000000E-6"
"132","9.9385186474772791E-1","4.1580424638255429E-23","1.2350315323921801E-2","2.7386930145283698E-15","1.3270855490416717E-2","-2.0954296927594501E-14","3.0002128711542002E+0","2.1869942218528395E+0","1.2713512135407322E+2","1.0000000001012901E+0","3.054200000000000E-6"
"131","9.9299377197540706E-1","3.9302414642141517E-23","1.2176245115119283E-2","1.4341761619919206E-15","1.4361022709706715E-2","-9.4324089268721294E-15","3.0002128351445601E+0","2.3815370538121088E+0","1.3844435404548500E+2","2.4532789405117001E+0","3.054200000000000E-6"
"130","9.9384508587925180E-1","4.1637970559494721E-23","1.2349538932682383E-2","1.9975049354797873E-15","1.3280523722036341E-2","-1.6247548103258185E-14","3.0002128077713901E+0","2.1884824488835295E+0","1.2722163549400950E+2","1.0000000000000000E+0","3.054200000000000E-6"
"129","9.9384056893855610E-1","4.1329297774163061E-23","1.2349017348561163E-2","1.4275996883269264E-15","1.3286957346677857E-2","-1.1792420417429038E-14","3.0002127660065399E+0","2.1894746078282319E+0","1.2727931202857775E+2","1.0000000000000000E+0","3.054200000000000E-6"
"128","9.9300232155800894E-1","3.9934130214125581E-23","1.2178905610570515E-2","1.3696914262792274E-15","1.4351619553590919E-2","-8.3034975327552117E-15","3.0002127418118900E+0","2.3795514755661182E+0","1.3832892770885383E+2","2.4151704422137898E+0","3.054200000000000E-6"
"127","9.9383379696917440E-1","4.1104139211426034E-23","1.2348228967754973E-2","2.9239672430793396E-15","1.3296590012415878E-2","-1.9752133569830764E-14","3.0002127040960098E+0","2.1909628575636999E+0","1.2736582748839621E+2","1.0000000000000000E+0","3.054200000000000E-6"
"126","9.9300873549017465E-1","4.0103741013790160E-23","1.2180886628609078E-2","8.3086084593164710E-16","1.4344543952264746E-2","-6.3323589856958940E-15","3.0002126732446701E+0","2.3780622921723094E+0","1.3824235797327859E+2","2.3868159175744599E+0","3.054200000000000E-6"
"125","9.9382702911089615E-1","4.1096083247741507E-23","1.2347433357660805E-2","4.2356825707375303E-15","1.3306201380529414E-2","-2.6412343357720415E-14","3.0002126430710701E+0","2.1924511207997561E+0","1.2745234373303562E+2","1.0000000000000000E+0","3.054200000000000E-6"
"124","9.9301515094308634E-1","4.1036569715789988E-23","1.2182855408273218E-2","1.3885189733940335E-15","1.4337448446459875E-2","-9.4621620565608192E-15","3.0002126059005998E+0","2.3765731091765114E+0","1.3815578826084067E+2","2.3586547158160101E+0","3.054200000000000E-6"
"123","9.9382026534251344E-1","4.1314656677320457E-23","1.2346630491436762E-2","3.1963381015210210E-15","1.3315791482030138E-2","-2.0721205592593997E-14","3.0002125829334099E+0","2.1939393974447299E+0","1.2753886075716699E+2","1.0000000000000000E+0","3.054200000000000E-6"
"122","9.9381575842530379E-1","4.1280453405226255E-23","1.2346091202781519E-2","3.3892940962179988E-15","1.3322173083406464E-2","-2.1274077220039022E-14","3.0002125433353899E+0","2.1949315892788519E+0","1.2759653920367460E+2","1.0000000000533000E+0","3.054200000000000E-6"
"121","9.9302370728442091E-1","4.1101206772077710E-23","1.2185461510152989E-2","2.3534176010746951E-15","1.4327956825272131E-2","-1.3562898042093821E-14","3.0002125180041999E+0","2.3745875326978458E+0","1.3804036202694826E+2","2.3214054705943599E+0","3.054200000000000E-6"
"120","9.9380900142640616E-1","4.1349340748145690E-23","1.2345276182954340E-2","2.3164150852623838E-15","1.3331727808539447E-2","-1.6024128808789749E-14","3.0002124846802700E+0","2.1964198880683781E+0","1.2768305751512091E+2","1.0000000000313700E+0","3.054200000000000E-6"
"119","9.9303012637230192E-1","4.1416311209789431E-23","1.2187401957609855E-2","1.5268923201881112E-15","1.4320814910604850E-2","-9.8637173426113502E-15","3.0002124534984902E+0","2.3730983511470014E+0","1.3795379239850888E+2","2.2936915573604000E+0","3.054200000000000E-6"
"118","9.9380224846106602E-1","4.1155372710615802E-23","1.2344453834687028E-2","2.3742372400075220E-15","1.3341261348095285E-2","-1.6673601048299418E-14","3.0002124269169501E+0","2.1979082000224763E+0","1.2776957659185476E+2","1.0000000000000000E+0","3.054200000000000E-6"
"117","9.9303654705496591E-1","4.1371350389205405E-23","1.2189330357756703E-2","1.7958445710401908E-15","1.4313653120534408E-2","-1.0509876370715581E-14","3.0002123902025799E+0","2.3716091704348026E+0","1.3786722281882197E+2","2.2661677604135702E+0","3.054200000000000E-6"
"116","9.9303868764073311E-1","4.1586768253994594E-23","1.2189970490398955E-2","1.5227136386522390E-15","1.4311261441807463E-2","-9.9007900534704000E-15","3.0002123693721101E+0","2.3711127770730163E+0","1.3783836630440621E+2","2.2570352502812301E+0","3.054200000000000E-6"
"115","9.9379100242514395E-1","4.1150747607768843E-23","1.2343066894345882E-2","2.4805556885634656E-15","1.3357103582325653E-2","-1.6273341275847876E-14","3.0002123326312500E+0","2.2003887489517933E+0","1.2791377673925444E+2","1.0000000001057301E+0","3.054200000000000E-6"
"114","9.9304511048409394E-1","4.1115693418789408E-23","1.2191882915263061E-2","2.3026612491164561E-15","1.4304073163514916E-2","-1.2990852524667305E-14","3.0002123076831402E+0","2.3696235976819171E+0","1.3775179680151791E+2","2.2297635177185802E+0","3.054200000000000E-6"
"113","9.9378426011316678E-1","4.0981546521001413E-23","1.2342224869227109E-2","3.2163268280497533E-15","1.3366580771630434E-2","-1.9534255655256110E-14","3.0002122772545401E+0","2.2018770955636047E+0","1.2800029783072273E+2","1.0000000000071601E+0","3.054200000000000E-6"
"112","9.9305153497363507E-1","4.1220602377122891E-23","1.2193783424020327E-2","2.6739377221425401E-15","1.4296865027838791E-2","-1.4979024716375640E-14","3.0002122471948200E+0","2.3681344194328444E+0","1.3766522736501830E+2","2.2026797923074799E+0","3.054200000000000E-6"
"111","9.9377752175777112E-1","4.1099382276669130E-23","1.2341375414470461E-2","2.6244328078306730E-15","1.3376036882868248E-2","-1.7025151577587550E-14","3.0002122227760299E+0","2.2033654550041328E+0","1.2808681966795456E+2","1.0000000000000000E+0","3.054200000000000E-6"
"110","9.9305796113128042E-1","4.0819488442487822E-23","1.2195672072273608E-2","1.1378795261598953E-15","1.4289637041914357E-2","-6.5541634491884208E-15","3.0002121879032702E+0","2.3666452424545845E+0","1.3757865800239404E+2","2.1757832047381100E+0","3.054200000000000E-6"
"109","9.9306010355829932E-1","4.0508639784404048E-23","1.2196298995580016E-2","2.1229903112104271E-15","1.4287223303289688E-2","-1.1988468746313949E-14","3.0002121684046998E+0","2.3661488504330528E+0","1.3754980156589042E+2","2.1668591145508902E+0","3.054200000000000E-6"
"108","9.9376629990109899E-1","4.1279069816405276E-23","1.2339943070216748E-2","2.8048642320166772E-15","1.3391750305488845E-2","-1.6972305596759221E-14","3.0002121339793000E+0","2.2058460823311203E+0","1.2823102437279533E+2","1.0000000000012901E+0","3.054200000000000E-6"
"107","9.9306653197408179E-1","4.0697244072649732E-23","1.2198171915674743E-2","1.9574441810946776E-15","1.4279968860868989E-2","-1.2104832264781577E-14","3.0002121107028601E+0","2.3646596753482738E+0","1.3746323231333866E+2","2.1402107283626299E+0","3.054200000000000E-6"
"106","9.9375957199451193E-1","4.1432129249000480E-23","1.2339073665959047E-2","1.9056510547668683E-15","1.3401150347183316E-2","-1.1923905046335038E-14","3.0002120819046398E+0","2.2073344755336661E+0","1.2831754817269265E+2","1.0000000001014899E+0","3.054200000000000E-6"
"105","9.9307296210888951E-1","4.1199816071499540E-23","1.2200033103557736E-2","9.6480868631258628E-16","1.4272694583505535E-2","-7.6471093780982179E-15","3.0002120541888599E+0","2.3631705018319744E+0","1.3737666315196631E+2","2.1137475337843101E+0","3.054200000000000E-6"
"104","9.9375284796805763E-1","4.1507199766998656E-23","1.2338196728761892E-2","2.9211544737781315E-15","1.3410529413840910E-2","-1.8768798988416363E-14","3.0002120307347102E+0","2.2088228812289570E+0","1.2840407269882266E+2","1.0000000000748599E+0","3.054200000000000E-6"
"103","9.9307939398444778E-1","4.0957788194145416E-23","1.2201882613601072E-2","2.3891306362913946E-15","1.4265400477178393E-2","-1.5049905706593338E-14","3.0002119988589100E+0","2.3616813300105437E+0","1.3729009408912066E+2","2.0874687324144499E+0","3.054200000000000E-6"
"102","9.9374612780097327E-1","4.1142967586367102E-23","1.2337312230080338E-2","2.0055148196317255E-15","1.3419887532788626E-2","-1.4463043567850952E-14","3.0002119804713399E+0","2.2103112993253156E+0","1.2849059794585594E+2","1.0000000000000000E+0","3.054200000000000E-6"
"101","9.9374164982343993E-1","4.1168555901628183E-23","1.2336718349298255E-2","3.1064350747886651E-15","1.3426114654481744E-2","-2.1129741073034087E-14","3.0002119474669700E+0","2.2113035849004152E+0","1.2854828184174724E+2","1.0000000000143900E+0","3.054200000000000E-6"
"100","9.9308797256380310E-1","4.1819212791588426E-23","1.2204330554760922E-2","9.9100290319116561E-16","1.4255644166726342E-2","-4.8307502472617887E-15","3.0002119269210001E+0","2.3596957704355721E+0","1.3717466883787975E+2","2.0527158248567798E+0","3.054200000000000E-6"
"99","9.9373493604259089E-1","4.1129493589669925E-23","1.2335821184268150E-2","3.1032565947286355E-15","1.3435437920411360E-2","-2.0199012254013287E-14","3.0002118987186002E+0","2.2127920234613958E+0","1.2863480827843713E+2","1.0000000000991200E+0","3.054200000000000E-6"
"98","9.9309440858528086E-1","4.1948979658239578E-23","1.2206153025926253E-2","2.0332672147452615E-15","1.4248303814156586E-2","-1.0876841459091414E-14","3.0002118743392701E+0","2.3582066030564390E+0","1.3708810003327531E+2","2.0268642910583199E+0","3.054200000000000E-6"
"97","9.9372822606591160E-1","4.1207962656763196E-23","1.2334916380837845E-2","2.6225872141007274E-15","1.3444740309898399E-2","-1.6818168882902784E-14","3.0002118508816800E+0","2.2142804741787865E+0","1.2872133542180777E+2","1.0000000001522400E+0","3.054200000000000E-6"
"96","9.9310084641952112E-1","4.1953790230489807E-23","1.2207963997889844E-2","1.3111658701716324E-15","1.4240943650095490E-2","-9.6250454869917686E-15","3.0002118229291601E+0","2.3567174377884763E+0","1.3700153135139817E+2","2.0011946463608199E+0","3.054200000000000E-6"
"95","9.9372151987276336E-1","4.1314718715866195E-23","1.2334003909863096E-2","2.5172887870016779E-15","1.3454021849062928E-2","-1.6521582929187842E-14","3.0002118039580798E+0","2.2157689369607660E+0","1.2880786326652137E+2","1.0000000000088201E+0","3.054200000000000E-6"
"94","9.9371705116911502E-1","4.1471006737790000E-23","1.2333391321665209E-2","2.2549249729429646E-15","1.3460197971081601E-2","-1.5608255824837867E-14","3.0002117731840099E+0","2.2167612521392646E+0","1.2886554888332788E+2","1.0000000001220199E+0","3.054200000000000E-6"
"93","9.9310943305548816E-1","4.1824141786375833E-23","1.2210360830776500E-2","1.7965054756083503E-15","1.4231099287866551E-2","-9.8800137793703236E-15","3.0002117561985400E+0","2.3547318875951464E+0","1.3688610664553420E+2","1.9672501804828799E+0","3.054200000000000E-6"
"92","9.9371035123607354E-1","4.1442274489966299E-23","1.2332466006230789E-2","2.0827566389475434E-15","1.3469444816882503E-2","-1.4372057686377914E-14","3.0002117277867999E+0","2.2182497348246879E+0","1.2895207788507551E+2","1.0000000000051701E+0","3.054200000000000E-6"
"91","9.9311587520297084E-1","4.0728528786587534E-23","1.2212145176088990E-2","4.6406907059985716E-16","1.4223692913905425E-2","-5.7724633081867308E-15","3.0002117075080101E+0","2.3532427277321224E+0","1.3679953827785886E+2","1.9420022491976701E+0","3.054200000000000E-6"
"90","9.9370365503168068E-1","4.1408283182904586E-23","1.2331532944716745E-2","3.5233133881543296E-15","1.3478670880434404E-2","-2.2364395176886713E-14","3.0002116833079402E+0","2.2197382293295651E+0","1.2903860757391578E+2","1.0000000001597500E+0","3.054200000000000E-6"
"89","9.9312231923463201E-1","4.0908809569919212E-23","1.2213918196922392E-2","1.1042378754095651E-15","1.4216266742144554E-2","-8.0979935920884207E-15","3.0002116599769701E+0","2.3517535703891603E+0","1.3671297005668066E+2","1.9169339523671900E+0","3.054200000000000E-6"
"88","9.9369696253541151E-1","4.1432140234993513E-23","1.2330592107362150E-2","2.7270862513420455E-15","1.3487876186675176E-2","-1.9522051252534777E-14","3.0002116397493501E+0","2.2212267355618511E+0","1.2912513794449796E+2","1.0000000001629199E+0","3.054200000000000E-6"
"87","9.9312876517178539E-1","4.0307881514930743E-23","1.2215679944946213E-2","2.0845424190491821E-15","1.4208820775957989E-2","-1.4229427855113188E-14","3.0002116136018500E+0","2.3502644156875316E+0","1.3662640198904941E+2","1.8920446637105000E+0","3.054200000000000E-6"
"86","9.9369027372676955E-1","4.1335659956296651E-23","1.2329643464235606E-2","2.4463754678877079E-15","1.3497060760213153E-2","-1.6260096517979112E-14","3.0002115971129499E+0","2.2227152534294352E+0","1.2921166899146738E+2","1.0000000000000000E+0","3.054200000000000E-6"
"85","9.9368581655958088E-1","4.1126377445207023E-23","1.2329006684086100E-2","2.3834483159304023E-15","1.3503172303076566E-2","-1.5734366018266629E-14","3.0002115692019702E+0","2.2237076050930242E+0","1.2926935672923810E+2","1.0000000000000000E+0","3.054200000000000E-6"
"84","9.9313736275550435E-1","3.9333397725961295E-23","1.2218011495497514E-2","2.5888095102931297E-15","1.4198862034934139E-2","-1.5586446796880291E-14","3.0002115535603102E+0","2.3482788804025261E+0","1.3651097814984141E+2","1.8591363643145000E+0","3.054200000000000E-6"
"83","9.9367913385151230E-1","4.1139055926799113E-23","1.2328044964358213E-2","3.1002681075177321E-15","1.3512322375920925E-2","-2.0536026217998296E-14","3.0002115281068802E+0","2.2251961421478699E+0","1.2935588889160817E+2","1.0000000001272900E+0","3.054200000000000E-6"
"82","9.9314381322142320E-1","3.9482657216838437E-23","1.2219747139329433E-2","9.8095326428120345E-16","1.4191369893027824E-2","-7.8885643115923139E-15","3.0002115098685298E+0","2.3467897323320979E+0","1.3642441046769741E+2","1.8346624589837699E+0","3.054200000000000E-6"
"81","9.9367245477654909E-1","4.1306466296787105E-23","1.2327075358196615E-2","1.3749061893551650E-15","1.3521451780116744E-2","-1.1583239164131672E-14","3.0002114879391799E+0","2.2266846905919930E+0","1.2944242171606382E+2","1.0000000000000000E+0","3.054200000000000E-6"
"80","9.9315026566353370E-1","3.9260347418894777E-23","1.2221471680142468E-2","2.2045712136628260E-15","1.4183857965545565E-2","-1.4672681065231835E-14","3.0002114673209102E+0","2.3453005873027437E+0","1.3633784296233824E+2","1.8103656463995299E+0","3.054200000000000E-6"
"79","9.9366577931429423E-1","4.1484208023379117E-23","1.2326097835033018E-2","2.3998080196792269E-15","1.3530560539091716E-2","-1.7050466419591157E-14","3.0002114487008500E+0","2.2281732503329796E+0","1.2952895519723268E+2","1.0000000000000000E+0","3.054200000000000E-6"
"78","9.9315672010294564E-1","3.8365110561833386E-23","1.2223185168152814E-2","1.8839342784830132E-15","1.4176326254431978E-2","-1.2523584439801289E-14","3.0002114259139701E+0","2.3438114454330687E+0","1.3625127564065863E+2","1.7862454051921799E+0","3.054200000000000E-6"
"77","9.9365910744437491E-1","4.1521246327775631E-23","1.2325112364122070E-2","3.2304138328572771E-15","1.3539648675959701E-2","-2.1932401726393794E-14","3.0002114103938800E+0","2.2296618212783148E+0","1.2961548932973668E+2","1.0000000001481899E+0","3.054200000000000E-6"
"76","9.9316317656072295E-1","3.8500496480925456E-23","1.2224887653248719E-2","1.9024512288038839E-15","1.4168774761288763E-2","-1.1586932383754632E-14","3.0002113856442598E+0","2.3423223068410906E+0","1.3616470850951927E+2","1.7623012388624799E+0","3.054200000000000E-6"
"75","9.9316532916547551E-1","3.8759063123769370E-23","1.2225452711764114E-2","1.5376042142714329E-15","1.4166253201132212E-2","-9.7891926544428255E-15","3.0002113724731498E+0","2.3418259280591207E+0","1.3613585284266256E+2","1.7543588957155600E+0","3.054200000000000E-6"
"74","9.9364799558888839E-1","4.1652662062655899E-23","1.2323452166870190E-2","2.9701547717439603E-15","1.3554749805596436E-2","-1.9674192027303390E-14","3.0002113486240800E+0","2.2321427975008357E+0","1.2975971431669595E+2","1.0000000000052101E+0","3.054200000000000E-6"
"73","9.9317178834709818E-1","3.8213599366583111E-23","1.2227140603348884E-2","9.4978481054127981E-16","1.4158675333882128E-2","-7.1752596386460566E-15","3.0002113337144198E+0","2.3403367940199713E+0","1.3604928597618985E+2","1.7306487678817699E+0","3.054200000000000E-6"
"72","9.9364133319911419E-1","4.1452634280904285E-23","1.2322445350294472E-2","3.3277877769478869E-15","1.3563783060741640E-2","-2.2663034637525922E-14","3.0002113128105798E+0","2.2336313978713687E+0","1.2984625015975598E+2","1.0000000000236500E+0","3.054200000000000E-6"
"71","9.9317824959606782E-1","3.7841407268922423E-23","1.2228817607163458E-2","1.6103204769662082E-15","1.4151077687069941E-2","-1.2110420847052759E-14","3.0002112960849701E+0","2.3388476635316251E+0","1.3596271931613367E+2","1.7071136565041800E+0","3.054200000000000E-6"
"70","9.9363467432717800E-1","4.1400860529376533E-23","1.2321430471702898E-2","2.1592939662535277E-15","1.3572795775797133E-2","-1.5724089297191233E-14","3.0002112779358501E+0","2.2351200091061365E+0","1.2993278663437957E+2","1.0000000000121501E+0","3.054200000000000E-6"
"69","9.9318471293330746E-1","3.8004683492798969E-23","1.2230483772021886E-2","1.8754124584495481E-15","1.4143460261213544E-2","-1.2508691989986658E-14","3.0002112595814299E+0","2.3373585367101817E+0","1.3587615286924321E+2","1.6837531518339901E+0","3.054200000000000E-6"
"68","9.9362801895281339E-1","4.1311134051134250E-23","1.2320407499506879E-2","9.2948806456736698E-16","1.3581787972388765E-2","-8.7408298011776381E-15","3.0002112440019499E+0","2.2366086311121114E+0","1.3001932373515874E+2","1.0000000000000000E+0","3.054200000000000E-6"
"67","9.9319117837969850E-1","3.8838470972968650E-23","1.2232139146421206E-2","1.9881398365064948E-15","1.4135823056497045E-2","-1.1908435236707431E-14","3.0002112242004402E+0","2.3358694136711819E+0","1.3578958664223507E+2","1.6605668708952199E+0","3.054200000000000E-6"
"66","9.9362136705577353E-1","4.1264492696813721E-23","1.2319376401933120E-2","3.5999266915952920E-15","1.3590759671825093E-2","-2.4515881670305492E-14","3.0002112110109600E+0","2.2380972637961398E+0","1.3010586145667830E+2","1.0000000000223701E+0","3.054200000000000E-6"
"65","9.9319764595608373E-1","3.8799863956183733E-23","1.2233783778544177E-2","1.2502524619538685E-15","1.4128166072782682E-2","-9.6507454306877701E-15","3.0002111899387001E+0","2.3343802945296162E+0","1.3570302064179396E+2","1.6375544581318699E+0","3.054200000000000E-6"
"64","9.9319980229180760E-1","3.9127706329094086E-23","1.2234329610362351E-2","6.9500550116950429E-16","1.4125609349474544E-2","-6.8513875087704103E-15","3.0002111787662700E+0","2.3338839223683214E+0","1.3567416535981266E+2","1.6299222335131001E+0","3.054200000000000E-6"
"63","9.9361028823316744E-1","4.1666454653135588E-23","1.2317639762696616E-2","3.1580547613312963E-15","1.3605667011870212E-2","-2.0079070222891732E-14","3.0002111581269801E+0","2.2405783417451111E+0","1.3025009235723556E+2","1.0000000003126399E+0","3.054200000000000E-6"
"62","9.9320627274053985E-1","3.8636550816141258E-23","1.2235959993863855E-2","2.2393072908101091E-15","1.4117925992984144E-2","-1.5032583061275928E-14","3.0002111459917100E+0","2.3323948086012765E+0","1.3558759967180509E+2","1.6071411395852100E+0","3.054200000000000E-6"
"61","9.9360364551015790E-1","4.1614959428829783E-23","1.2316586840697415E-2","3.3001515219909456E-15","1.3614584154015846E-2","-2.1555515407626065E-14","3.0002111276606298E+0","2.2420670024475320E+0","1.3033663170753024E+2","1.0000000001263400E+0","3.054200000000000E-6"
"60","9.9321274536775117E-1","3.8222918645962971E-23","1.2237579746308996E-2","2.1782525514427810E-15","1.4110222855913694E-2","-1.3343555865192093E-14","3.0002111143287302E+0","2.3309056989978858E+0","1.3550103422584053E+2","1.5845331928575701E+0","3.054200000000000E-6"
"59","9.9359700619039748E-1","4.1535093848217849E-23","1.2315525675218887E-2","2.6999272841257064E-15","1.3623480874449081E-2","-1.9230023419211464E-14","3.0002110981448999E+0","2.2435556734852904E+0","1.3042317165864236E+2","1.0000000001147500E+0","3.054200000000000E-6"
"58","9.9321922019415898E-1","3.8500021848956560E-23","1.2239188914852896E-2","1.1630620263777797E-15","1.4102499937040758E-2","-9.0062550383932243E-15","3.0002110837740901E+0","2.3294165936713682E+0","1.3541446902850069E+2","1.5620981319469500E+0","3.054200000000000E-6"
"57","9.9359037025372232E-1","4.1483534323544117E-23","1.2314456233608807E-2","2.4369477408558020E-15","1.3632357193008256E-2","-1.7845984821309163E-14","3.0002110695819200E+0","2.2450443547645822E+0","1.3050971220511897E+2","1.0000000001264600E+0","3.054200000000000E-6"
"56","9.9322569724044529E-1","3.8971431151087971E-23","1.2240787546345316E-2","2.9012116559439456E-15","1.4094757234829967E-2","-1.7988310325283266E-14","3.0002110543245601E+0","2.3279274927344189E+0","1.3532790408633679E+2","1.5398357252760300E+0","3.054200000000000E-6"
"55","9.9358373767998709E-1","4.1071922142154399E-23","1.2313378483022237E-2","1.6798398790807373E-15","1.3641213129222561E-2","-1.3756264973938311E-14","3.0002110419738499E+0","2.2465330461914426E+0","1.3059625334149760E+2","1.0000000003308500E+0","3.054200000000000E-6"
"54","9.9323217652725915E-1","3.9237017196911349E-23","1.2242375687337876E-2","1.1059113571306076E-15","1.4086994747420985E-2","-9.8121229694928248E-15","3.0002110259769399E+0","2.3264383962992321E+0","1.3524133940587089E+2","1.5177457710144600E+0","3.054200000000000E-6"
"53","9.9357710844905822E-1","4.0821287062785530E-23","1.2312292390420674E-2","1.9912480011473443E-15","1.3650048702303031E-2","-1.4508431991782683E-14","3.0002110153228601E+0","2.2480217476717521E+0","1.3068279506230689E+2","1.0000000001027800E+0","3.054200000000000E-6"
"52","9.9323865807521516E-1","3.9167642512132537E-23","1.2243953384081628E-2","1.9572042419305678E-15","1.4079212472634771E-2","-1.2723805600161689E-14","3.0002109987280501E+0","2.3249493044774940E+0","1.3515477499359568E+2","1.4958280978007199E+0","3.054200000000000E-6"
"51","9.9357048254081792E-1","4.0779172260496801E-23","1.2311197922569727E-2","2.4540612703591436E-15","1.3658863931151509E-2","-1.6623091930771064E-14","3.0002109896311402E+0","2.2495104591112196E+0","1.3076933736206550E+2","1.0000000001177700E+0","3.054200000000000E-6"
"50","9.9356606710466644E-1","4.0630913060393489E-23","1.2310463607918489E-2","2.9049035520716115E-15","1.3664729457224686E-2","-1.9827861338811542E-14","3.0002109730373401E+0","2.2505029388904254E+0","1.3082703254749853E+2","1.0000000001479901E+0","3.054200000000000E-6"
"49","9.9324730369205771E-1","3.8902366497481055E-23","1.2246040812518927E-2","9.4074063614270157E-16","1.4068805321513764E-2","-1.1539236998131787E-14","3.0002109640999000E+0","2.3229638560837755E+0","1.3503935620558269E+2","1.4668722884086201E+0","3.054200000000000E-6"
"48","9.9355944668956775E-1","4.0498948672122823E-23","1.2309355106930167E-2","2.1759448038437267E-15","1.3673510820173167E-2","-1.5753894627258585E-14","3.0002109489492801E+0","2.2519916667184954E+0","1.3091357579996517E+2","1.0000000001084099E+0","3.054200000000000E-6"
"47","9.9325379059599950E-1","3.8905139329678908E-23","1.2247594317559935E-2","2.4393652855340727E-15","1.4060976865902165E-2","-1.4758181314148246E-14","3.0002109394024901E+0","2.3214747754583418E+0","1.3495279244417497E+2","1.4453561134450199E+0","3.054200000000000E-6"
"46","9.9355282954357016E-1","4.0465333796862755E-23","1.2308238141101675E-2","2.3531111316358446E-15","1.3682271887765045E-2","-1.7741304198984348E-14","3.0002109258263898E+0","2.2534804042534367E+0","1.3100011961671507E+2","1.0000000000000000E+0","3.054200000000000E-6"
"45","9.9326027982956999E-1","3.9036270478885048E-23","1.2249137530401244E-2","1.2543766123069412E-15","1.4053128613339884E-2","-9.7674668779144576E-15","3.0002109157933998E+0","2.3199856998151298E+0","1.3486622897239553E+2","1.4240118753249700E+0","3.054200000000000E-6"
"44","9.9354621564659917E-1","4.0343813856295304E-23","1.2307112676470449E-2","1.7111664113320488E-15","1.3691012677756912E-2","-1.4184344701816216E-14","3.0002109036709101E+0","2.2549691514003078E+0","1.3108666399222909E+2","1.0000000001336000E+0","3.054200000000000E-6"
"43","9.9326677141324982E-1","3.9060951803529528E-23","1.2250670496028574E-2","1.1937982617974303E-15","1.4045260560261938E-2","-1.0088400471608642E-14","3.0002108932695299E+0","2.3184966292637408E+0","1.3477966579661575E+2","1.4028395421644699E+0","3.054200000000000E-6"
"42","9.9353960497858973E-1","4.0258495992224112E-23","1.2305978678870538E-2","3.0104445576285303E-15","1.3699733207593568E-2","-1.9377980300200966E-14","3.0002108824850802E+0","2.2564579080639744E+0","1.3117320892097680E+2","1.0000000002481000E+0","3.054200000000000E-6"
"41","9.9327326536749072E-1","3.9058315084547259E-23","1.2252193259142853E-2","2.3297191955347105E-15","1.4037372702793073E-2","-1.5250082411759435E-14","3.0002108718278202E+0","2.3170075639133141E+0","1.3469310292318016E+2","1.3818391136789701E+0","3.054200000000000E-6"
"40","9.9353299751948743E-1","3.9877660745734889E-23","1.2304836113933073E-2","1.0792391238871282E-15","1.3708433494409753E-2","-1.0952982012120585E-14","3.0002108622711900E+0","2.2579466741491077E+0","1.3125975439741654E+2","1.0000000001258500E+0","3.054200000000000E-6"
"39","9.9327976171271859E-1","3.9342843727956205E-23","1.2253705864160566E-2","2.4373617851177666E-15","1.4029465036741446E-2","-1.4405106207561638E-14","3.0002108514652299E+0","2.3155185038725303E+0","1.3460654035840659E+2","1.3610106249936300E+0","3.054200000000000E-6"
"38","9.9352639324924474E-1","3.9783169577917337E-23","1.2303684947082739E-2","1.3093792783787529E-15","1.3717113555029158E-2","-1.3632417074773855E-14","3.0002108430315100E+0","2.2594354495601738E+0","1.3134630041599473E+2","1.0000000001974700E+0","3.054200000000000E-6"
"37","9.9328626046933077E-1","3.9237877739397337E-23","1.2255208355217007E-2","1.9930395824166184E-15","1.4021537557594119E-2","-1.4134774063548507E-14","3.0002108321787602E+0","2.3140294492496243E+0","1.3451997810858700E+2","1.3403541455774399E+0","3.054200000000000E-6"
"36","9.9351979214782271E-1","3.9859894457140768E-23","1.2302525143538240E-2","1.5062047723253760E-15","1.3725773405966533E-2","-1.2267425794002733E-14","3.0002108247683599E+0","2.2609242342014348E+0","1.3143284697114586E+2","1.0000000000000000E+0","3.054200000000000E-6"
"35","9.9329276165770009E-1","3.9510077191152909E-23","1.2256700776167929E-2","1.2824823998835407E-15","1.4013590260529668E-2","-1.0043137257366384E-14","3.0002108139653898E+0","2.3125404001523870E+0","1.3443341617998755E+2","1.3198697799825900E+0","3.054200000000000E-6"
"34","9.9351319419518880E-1","4.0176771840173374E-23","1.2301356668309319E-2","3.3162906813768344E-15","1.3734413063421078E-2","-2.2770663338792157E-14","3.0002108074840601E+0","2.2624130279769399E+0","1.3151939405729212E+2","1.0000000000385001E+0","3.054200000000000E-6"
"33","9.9329926529817336E-1","3.9599682661918793E-23","1.2258183170593673E-2","1.6831696737692028E-15","1.4005623140401720E-2","-1.1850066629567566E-14","3.0002107968221599E+0","2.3110513566881790E+0","1.3434685457884936E+2","1.2995576689355399E+0","3.054200000000000E-6"
"32","9.9350659937131602E-1","4.0285902489246178E-23","1.2300179486195167E-2","2.2795179569308325E-15","1.3743032543292229E-2","-1.6787205727124804E-14","3.0002107911809301E+0","2.2639018307905152E+0","1.3160594166884266E+2","1.0000000002003899E+0","3.054200000000000E-6"
"31","9.9350220455038096E-1","4.0345715725469661E-23","1.2299389843482071E-2","2.3004507738199544E-15","1.3748767661143897E-2","-1.6510364204481006E-14","3.0002107808584402E+0","2.2648943709731242E+0","1.3166364036566767E+2","1.0000000000000000E+0","3.054200000000000E-6"
"30","9.9330794066831318E-1","3.9640136479075832E-23","1.2260144174484077E-2","1.5888411905800301E-15","1.3994969468225366E-2","-1.2467833553122154E-14","3.0002107756240801E+0","2.3090659743498056E+0","1.3423143963078903E+2","1.2727431173087300E+0","3.054200000000000E-6"
"29","9.9349561489661942E-1","4.0208032481863149E-23","1.2298198071094463E-2","3.0318347457504684E-15","1.3757353546178649E-2","-2.0997249886431424E-14","3.0002107661958601E+0","2.2663831886358325E+0","1.3175018884043328E+2","1.0000000000000000E+0","3.054200000000000E-6"
"28","9.9331445010936092E-1","3.9586457465641322E-23","1.2261603341618205E-2","1.0059261174210739E-15","1.3986956072538609E-2","-7.8798371905153845E-15","3.0002107609663802E+0","2.3075769444444321E+0","1.3414487881785780E+2","1.2528336864143099E+0","3.054200000000000E-6"
"27","9.9348902831823616E-1","4.0147995002145457E-23","1.2296997496914026E-2","1.4489184597120411E-15","1.3765919294498255E-2","-1.2530235018804658E-14","3.0002107525207600E+0","2.2678720150790470E+0","1.3183673782563034E+2","1.0000000000000000E+0","3.054200000000000E-6"
"26","9.9332096207017073E-1","3.9548435914914510E-23","1.2263052625517686E-2","1.6764746798817219E-15","1.3978922834392879E-2","-1.1214416963244197E-14","3.0002107473690498E+0","2.3060879205268852E+0","1.3405831835301302E+2","1.2330972457095799E+0","3.054200000000000E-6"
"25","9.9348244479521941E-1","4.0101963693526508E-23","1.2295788084956643E-2","9.6870819446912565E-16","1.3774464920857392E-2","-1.1643927397156154E-14","3.0002107398355502E+0","2.2693608502057510E+0","1.3192328731561909E+2","1.0000000002358000E+0","3.054200000000000E-6"
"24","9.9332747657099218E-1","3.9593662499582177E-23","1.2264492068587483E-2","5.0394751968881398E-16","1.3970869747286922E-2","-6.6013575646041962E-15","3.0002107348291900E+0","2.3045989027027165E+0","1.3397175824239065E+2","1.2135340976974400E+0","3.054200000000000E-6"
"23","9.9347586430755874E-1","3.9932727063842361E-23","1.2294569799020142E-2","2.5284262142002247E-15","1.3782990439704636E-2","-1.7744536830917512E-14","3.0002107281426400E+0","2.2708496939186826E+0","1.3200983730474547E+2","1.0000000003160900E+0","3.054200000000000E-6"
"22","9.9333399363205688E-1","3.9423792075065340E-23","1.2265921712965587E-2","1.6376890594383320E-15","1.3962796804407766E-2","-1.4675489492666927E-14","3.0002107233439599E+0","2.3031098910770766E+0","1.3388519849210334E+2","1.1941445848309200E+0","3.054200000000000E-6"
"21","9.9346928683524460E-1","4.0043202527644969E-23","1.2293342602682403E-2","1.2326097984236178E-15","1.3791495865184154E-2","-1.2578832121055373E-14","3.0002107174444599E+0","2.2723385461203267E+0","1.3209638778734069E+2","1.0000000003398000E+0","3.054200000000000E-6"
"20","9.9334051327357564E-1","3.9307892115902292E-23","1.2267341600527643E-2","1.9523709723337870E-15","1.3954703998638976E-2","-1.4648906558658521E-14","3.0002107129104898E+0","2.3016208857547227E+0","1.3379863910824088E+2","1.1749290882753101E+0","3.054200000000000E-6"
"19","9.9346271235826844E-1","4.0184098204709692E-23","1.2292106459300763E-2","2.7689308152634500E-15","1.3799981211123153E-2","-1.9239871691124668E-14","3.0002107077434701E+0","2.2738274067129174E+0","1.3218293875772136E+2","1.0000000003763900E+0","3.054200000000000E-6"
"18","9.9334703551574199E-1","3.9200465749697389E-23","1.2268751772887743E-2","1.1259880750888580E-15","1.3946591322540447E-2","-1.0564262185599209E-14","3.0002107035259602E+0","2.3001318868400271E+0","1.3371208009687069E+2","1.1558880293235800E+0","3.054200000000000E-6"
"17","9.9345614085662004E-1","4.0148760467329836E-23","1.2290861332009548E-2","1.4068528155458539E-15","1.3808446491048535E-2","-9.8997774325609973E-15","3.0002106990421100E+0","2.2753162755984233E+0","1.3226949021018874E+2","1.0000000004301099E+0","3.054200000000000E-6"
"16","9.9335356037873079E-1","3.9205865688134031E-23","1.2270152271399701E-2","1.9759772540238804E-15","1.3938458768367183E-2","-1.5145070704524245E-14","3.0002106951875702E+0","2.2986428944369801E+0","1.3362552146403794E+2","1.1370218704197199E+0","3.054200000000000E-6"
"15","9.9344957231028941E-1","4.0365016498723838E-23","1.2289607183718940E-2","1.8216427799716681E-15","1.3816891718169843E-2","-1.2444758292292460E-14","3.0002106913428799E+0","2.2768051526785476E+0","1.3235604213902855E+2","1.0000000005777601E+0","3.054200000000000E-6"
"14","9.9336008788270092E-1","3.8604777447680635E-23","1.2271543137160583E-2","3.3947664754273366E-15","1.3930306328061727E-2","-2.2335117959210515E-14","3.0002106878925301E+0","2.2971539086492001E+0","1.3353896321576627E+2","1.1183311134345200E+0","3.054200000000000E-6"
"13","9.9344300669926311E-1","3.9999605262602203E-23","1.2288343977112828E-2","1.1501349365326024E-15","1.3825316905392739E-2","-9.5000041115275295E-15","3.0002106846482701E+0","2.2782940378547227E+0","1.3244259453851086E+2","1.0000000004575300E+0","3.054200000000000E-6"
"12","9.9336661804779669E-1","3.8596820196370069E-23","1.2272924411012475E-2","1.9593368401688764E-15","1.3922133993258505E-2","-1.5257079179987033E-14","3.0002106816380598E+0","2.2956649295799365E+0","1.3345240535805775E+2","1.0998163024205900E+0","3.054200000000000E-6"
"11","9.9343644400352427E-1","3.9896824840318006E-23","1.2287071674646613E-2","1.4189718666536145E-15","1.3833722065314831E-2","-1.1227233261717911E-14","3.0002106789608001E+0","2.2797829310280977E+0","1.3252914740288921E+2","1.0000000005390799E+0","3.054200000000000E-6"
"10","9.9337315089414568E-1","3.8283615850686761E-23","1.2274296133543696E-2","1.9293701306629958E-15","1.3913941755275704E-2","-1.4842187804558947E-14","3.0002106764214300E+0","2.2941759573320826E+0","1.3336584789689383E+2","1.0814780237577599E+0","3.054200000000000E-6"
"9","9.9342988420305367E-1","3.9778161257803248E-23","1.2285790238546899E-2","1.3075223658385650E-15","1.3842107210222549E-2","-1.1172410606903933E-14","3.0002106742830099E+0","2.2812718320995415E+0","1.3261570072640092E+2","1.0000000000000000E+0","3.054200000000000E-6"
"8","9.9337968644186347E-1","3.8783763176365868E-23","1.2275658345091164E-2","1.7803328293030498E-15","1.3905729605127976E-2","-1.1351251157750859E-14","3.0002106722398998E+0","2.2926869920081701E+0","1.3327929083823491E+2","1.0633169045890500E+0","3.054200000000000E-6"
"7","9.9342332727782656E-1","3.9571618136258330E-23","1.2284499630808243E-2","6.5397239619021284E-16","1.3850472352095779E-2","-7.9047234992299611E-15","3.0002106706174398E+0","2.2827607409696302E+0","1.3270225450326618E+2","1.0000000000000000E+0","3.054200000000000E-6"
"6","9.9338622471105198E-1","3.8993822784866662E-23","1.2277011085743444E-2","1.6359664980880298E-15","1.3897497533511993E-2","-1.3111298602096407E-14","3.0002106690907500E+0","2.2911980337103883E+0","1.3319273418802152E+2","1.0453336154322099E+0","3.054200000000000E-6"
"5","9.9341677320781152E-1","3.9368470978868311E-23","1.2283199813192256E-2","2.7662777054131731E-15","1.3858817502601407E-2","-1.8332516226870916E-14","3.0002106679666700E+0","2.2842496575386475E+0","1.3278880872768829E+2","1.0000000000000000E+0","3.054200000000000E-6"
"4","9.9339276572180046E-1","3.9141028945275927E-23","1.2278354395340018E-2","1.5987609201717496E-15","1.3889245530822944E-2","-1.2438088039940929E-14","3.0002106669713098E+0","2.2897090825405821E+0","1.3310617795217411E+2","1.0275288675599701E+0","3.054200000000000E-6"
"3","9.9341022197297257E-1","3.9237200000595533E-23","1.2281890747225301E-2","3.1563677656686729E-15","1.3867142673102234E-2","-2.2149749756860072E-14","3.0002106663332802E+0","2.2857385817065698E+0","1.3287536339385264E+2","1.0000000000000000E+0","3.054200000000000E-6"
"2","9.9339930949418676E-1","3.9129614175940087E-23","1.2279688313475782E-2","1.8256530407928993E-15","1.3880973587140502E-2","-1.4557441315622361E-14","3.0002106658788898E+0","2.2882201386002605E+0","1.3301962213659365E+2","1.0099034182002300E+0","3.054200000000000E-6"
"1","9.9340367355326509E-1","3.8978669223785814E-23","1.2280572394197038E-2","1.7344211323073705E-15","1.3875447874654088E-2","-1.1651427741003394E-14","3.0002106657198699E+0","2.2872275133730695E+0","1.3296191849592691E+2","1.0000000000000000E+0","3.054200000000000E-6"