"Id ","x0 (LU) ","y0 (LU) ","z0 (LU) ","vx0 (LU/TU) ","vy0 (LU/TU) ","vz0 (LU/TU) ","Jacobi constant (LU2/TU2) ","Period (TU) ","Period (days) ","Stability index  ","Mass ratio"
"1220","1.0030516289641727E+0","1.2523401516596093E-21","1.7613075082610678E-17","-6.1818283152940801E-14","4.2071729820709863E-2","-2.8211636972064244E-5","3.0002453719975302E+0","4.1379689311747248E+0","2.4054987295694960E+2","1.6470602739284701E+2","3.054200000000000E-6"
"1219","1.0030516344015958E+0","1.2372070678858916E-21","5.3631494577500099E-17","-6.5076809695870612E-14","4.2071578550474199E-2","-1.0233031039921144E-4","3.0002453715901800E+0","4.1379692149413980E+0","2.4054988945297413E+2","1.6470615747911600E+2","3.054200000000000E-6"
"1218","1.0030516460140626E+0","1.2678323603457075E-21","8.8966635413867427E-17","-6.1025421022455579E-14","4.2071255501317587E-2","-1.7644829207944164E-4","3.0002453707203300E+0","4.1379698206660445E+0","2.4054992466517348E+2","1.6470643896501301E+2","3.054200000000000E-6"
"1217","1.0030516638013904E+0","1.2686156896988100E-21","1.2662064880240270E-16","-6.5367605214031001E-14","4.2070760678680146E-2","-2.5056508098835465E-4","3.0002453693879700E+0","4.1379707484498320E+0","2.4054997859942864E+2","1.6470687541679601E+2","3.054200000000000E-6"
"1216","1.0030516877635933E+0","1.2592912228594601E-21","1.6093316798442406E-16","-6.7473701606987381E-14","4.2070094088229225E-2","-3.2468017612019361E-4","3.0002453675930800E+0","4.1379719982990428E+0","2.4055005125610487E+2","1.6470746065329101E+2","3.054200000000000E-6"
"1215","1.0030517179007070E+0","1.2412101124421055E-21","1.9907251561516777E-16","-6.4224273340789511E-14","4.2069255737433559E-2","-3.9879307649703818E-4","3.0002453653356902E+0","4.1379735702138056E+0","2.4055014263520965E+2","1.6470819338241000E+2","3.054200000000000E-6"
"1214","1.0030517542127837E+0","1.2642485555135598E-21","2.3676878342345958E-16","-6.4452436854909448E-14","4.2068245635638060E-2","-4.7290328117670957E-4","3.0002453626158001E+0","4.1379754641907676E+0","2.4055025273654803E+2","1.6470907935615500E+2","3.054200000000000E-6"
"1213","1.0030517966998898E+0","1.2649799222082267E-21","2.6476268641017421E-16","-6.1527151760745012E-14","4.2067063794045727E-2","-5.4701028926065656E-4","3.0002453594334200E+0","4.1379776802239263E+0","2.4055038155977115E+2","1.6471011328813299E+2","3.054200000000000E-6"
"1212","1.0030518453620938E+0","1.2749949782033414E-21","3.0688631583638594E-16","-6.7316792633710362E-14","4.2065710225887148E-2","-6.2111359990408503E-4","3.0002453557885702E+0","4.1379802183105516E+0","2.4055052910472020E+2","1.6471129579986800E+2","3.054200000000000E-6"
"1211","1.0030519001994875E+0","1.2853507793776942E-21","3.4196381014900985E-16","-6.7735098893368550E-14","4.2064184946130789E-2","-6.9521271232048554E-4","3.0002453516812602E+0","4.1379830784414109E+0","2.4055069537085859E+2","1.6471263360212399E+2","3.054200000000000E-6"
"1210","1.0030519612121642E+0","1.2787416004454942E-21","3.7407463754031152E-16","-6.2020570537222590E-14","4.2062487971791331E-2","-7.6930712579382967E-4","3.0002453471115098E+0","4.1379862606107718E+0","2.4055088035785300E+2","1.6471412135860601E+2","3.054200000000000E-6"
"1209","1.0030520284002340E+0","1.2760182770685152E-21","4.1229261450404193E-16","-6.7147737201835862E-14","4.2060619321737103E-2","-8.4339633968421657E-4","3.0002453420793400E+0","4.1379897648098494E+0","2.4055108406519273E+2","1.6471575367765001E+2","3.054200000000000E-6"
"1208","1.0030521017638159E+0","1.2709783209813971E-21","4.4817053176970102E-16","-6.5600677861513231E-14","4.2058579016711603E-2","-9.1747985343604451E-4","3.0002453365847801E+0","4.1379935910291819E+0","2.4055130649232780E+2","1.6471754604435301E+2","3.054200000000000E-6"
"1207","1.0030521813030386E+0","1.2320889252638543E-21","4.7209582270339021E-16","-5.9850262658706462E-14","4.2056367079444316E-2","-9.9155716658835781E-4","3.0002453306278398E+0","4.1379977392593705E+0","2.4055154763871178E+2","1.6471948163202401E+2","3.054200000000000E-6"
"1206","1.0030522670180413E+0","1.2212075209768139E-21","5.1737593914524375E-16","-6.1317727110793289E-14","4.2053983534540165E-2","-1.0656277787812140E-3","3.0002453242085498E+0","4.1380022094902378E+0","2.4055180750375311E+2","1.6472156831851501E+2","3.054200000000000E-6"
"1205","1.0030523589089779E+0","1.2223332520296055E-21","5.5932006949956269E-16","-6.6395319876987627E-14","4.2051428408478767E-2","-1.1396911897633187E-3","3.0002453173269399E+0","4.1380070017092088E+0","2.4055208608672069E+2","1.6472380757606399E+2","3.054200000000000E-6"
"1204","1.0030524569760122E+0","1.2472509477359969E-21","5.9643676860798766E-16","-6.6354887046513725E-14","4.2048701729648488E-2","-1.2137468994010082E-3","3.0002453099830499E+0","4.1380121159033365E+0","2.4055238338686195E+2","1.6472619819483799E+2","3.054200000000000E-6"
"1203","1.0030525612193144E+0","1.2547293336730205E-21","6.2219678073080382E-16","-6.4548121587407998E-14","4.2045803528403008E-2","-1.2877944076882494E-3","3.0002453021769000E+0","4.1380175520605924E+0","2.4055269940347759E+2","1.6472873894257299E+2","3.054200000000000E-6"
"1202","1.0030526716390677E+0","1.2405228493910542E-21","6.7025900373563154E-16","-6.9040116974151476E-14","4.2042733836989747E-2","-1.3618332147529390E-3","3.0002452939085198E+0","4.1380233101672736E+0","2.4055303413577107E+2","1.6473142343482800E+2","3.054200000000000E-6"
"1201","1.0030527882354727E+0","1.2440641915439242E-21","7.0971929719138889E-16","-6.7193911184645326E-14","4.2039492689450002E-2","-1.4358628208616464E-3","3.0002452851779600E+0","4.1380293902061069E+0","2.4055338758273822E+2","1.6473426896621100E+2","3.054200000000000E-6"
"1200","1.0030529110087310E+0","1.2553143263322767E-21","7.3810067100837553E-16","-6.7040555039469846E-14","4.2036080121896434E-2","-1.5098827264366664E-3","3.0002452759852498E+0","4.1380357921634294E+0","2.4055375974358483E+2","1.6473725381782199E+2","3.054200000000000E-6"
"1199","1.0030530399590594E+0","1.2548711152821061E-21","8.0044795833299106E-16","-7.0600220662426755E-14","4.2032496172237394E-2","-1.5838924320556800E-3","3.0002452663304302E+0","4.1380425160219305E+0","2.4055415061730451E+2","1.6474039513776700E+2","3.054200000000000E-6"
"1198","1.0030531750866869E+0","1.2556872579280330E-21","8.1145067151562986E-16","-6.4131089694185038E-14","4.2028740880295096E-2","-1.6578914384629165E-3","3.0002452562135402E+0","4.1380495617640003E+0","2.4055456020287369E+2","1.6474368699968599E+2","3.054200000000000E-6"
"1197","1.0030533163918525E+0","1.2686858012620547E-21","8.4206855731539487E-16","-6.7490839836623674E-14","4.2024814287822974E-2","-1.7318792465789695E-3","3.0002452456346398E+0","4.1380569293710181E+0","2.4055498849920977E+2","1.6474712616538400E+2","3.054200000000000E-6"
"1196","1.0030534638748005E+0","1.2605642822973625E-21","8.6740836158050947E-16","-6.6758107625522109E-14","4.2020716438492922E-2","-1.8058553575082564E-3","3.0002452345937498E+0","4.1380646188257888E+0","2.4055543550531323E+2","1.6475071505420800E+2","3.054200000000000E-6"
"1195","1.0030536175358014E+0","1.2927735933919038E-21","9.2289423544668196E-16","-6.6683453686659282E-14","4.2016447377743300E-2","-1.8798192725404624E-3","3.0002452230909502E+0","4.1380726301043405E+0","2.4055590121979054E+2","1.6475446230902500E+2","3.054200000000000E-6"
"1194","1.0030537773751194E+0","1.2833814311518270E-21","9.5948371292998667E-16","-6.8359760825420535E-14","4.2012007153094874E-2","-1.9537704931726781E-3","3.0002452111262601E+0","4.1380809631883588E+0","2.4055638564157701E+2","1.6475835177736201E+2","3.054200000000000E-6"
"1193","1.0030539433930357E+0","1.3042195770257317E-21","9.7470720480516371E-16","-6.6153797684453201E-14","4.2007395813881354E-2","-2.0277085211058603E-3","3.0002451986997598E+0","4.1380896180561164E+0","2.4055688876940954E+2","1.6476239446175600E+2","3.054200000000000E-6"
"1192","1.0030541155898447E+0","1.3323757449460979E-21","1.0145274178726932E-15","-6.7649755887460637E-14","4.2002613411316135E-2","-2.1016328582554506E-3","3.0002451858114800E+0","4.1380985946845419E+0","2.4055741060194703E+2","1.6476658695071501E+2","3.054200000000000E-6"
"1191","1.0030542939658476E+0","1.3484634763025147E-21","1.0675507520281634E-15","-6.5610121960902918E-14","4.1997659998545871E-2","-2.1755430067626771E-3","3.0002451724614900E+0","4.1381078930512061E+0","2.4055795113788557E+2","1.6477092970402001E+2","3.054200000000000E-6"
"1190","1.0030544785213626E+0","1.3381741721429196E-21","1.0963643800839570E-15","-6.7820823969189199E-14","4.1992535630573459E-2","-2.2494384689985374E-3","3.0002451586498502E+0","4.1381175131298473E+0","2.4055851037569843E+2","1.6477542055348800E+2","3.054200000000000E-6"
"1189","1.0030546692567133E+0","1.3470707738470877E-21","1.1278270669259836E-15","-6.5946542163657831E-14","4.1987240364314872E-2","-2.3233187475751758E-3","3.0002451443766098E+0","4.1381274548962157E+0","2.4055908831397605E+2","1.6478006286270801E+2","3.054200000000000E-6"
"1188","1.0030548661722307E+0","1.3585846244903993E-21","1.1528011264840218E-15","-6.1436688002271179E-14","4.1981774258633926E-2","-2.3971833453552889E-3","3.0002451296418400E+0","4.1381377183258872E+0","2.4055968495129852E+2","1.6478485087789900E+2","3.054200000000000E-6"
"1187","1.0030550692682663E+0","1.3587475937840031E-21","1.2020752522139380E-15","-6.6957538328329703E-14","4.1976137374177352E-2","-2.4710317654524374E-3","3.0002451144456099E+0","4.1381483033901310E+0","2.4056030028599568E+2","1.6478979606073699E+2","3.054200000000000E-6"
"1186","1.0030552785451767E+0","1.3678220485736495E-21","1.2457185377304676E-15","-6.6343687996911556E-14","4.1970329773553409E-2","-2.5448635112481971E-3","3.0002450987879699E+0","4.1381592100613771E+0","2.4056093431646482E+2","1.6479488543532099E+2","3.054200000000000E-6"
"1185","1.0030554940033265E+0","1.3648999024478418E-21","1.2890661589465387E-15","-6.8044000282568959E-14","4.1964351521262065E-2","-2.6186780863966105E-3","3.0002450826690099E+0","4.1381704383123488E+0","2.4056158704112025E+2","1.6480013315780801E+2","3.054200000000000E-6"
"1184","1.0030557156430973E+0","1.3868456408977775E-21","1.3116503539116852E-15","-6.4976268868706851E-14","4.1958202683651441E-2","-2.6924749948299934E-3","3.0002450660887900E+0","4.1381819881126267E+0","2.4056225845819364E+2","1.6480552270170401E+2","3.054200000000000E-6"
"1183","1.0030559434648765E+0","1.4162760543375333E-21","1.3345411968511183E-15","-6.5276348465205868E-14","4.1951883329001662E-2","-2.7662537407719045E-3","3.0002450490473702E+0","4.1381938594322500E+0","2.4056294856594329E+2","1.6481106288010699E+2","3.054200000000000E-6"
"1182","1.0030561774690654E+0","1.4183040631367854E-21","1.3773572934649686E-15","-6.4673648649808876E-14","4.1945393527419009E-2","-2.8400138287393195E-3","3.0002450315448499E+0","4.1382060522394628E+0","2.4056365736252314E+2","1.6481675750107900E+2","3.054200000000000E-6"
"1181","1.0030564176560708E+0","1.4250160469170831E-21","1.4145959553855093E-15","-6.5389544340286795E-14","4.1938733350981389E-2","-2.9137547635588509E-3","3.0002450135812899E+0","4.1382185665040474E+0","2.4056438484617661E+2","1.6482260212792499E+2","3.054200000000000E-6"
"1180","1.0030566640263190E+0","1.4242576500109476E-21","1.4626955198223754E-15","-6.3424850140776413E-14","4.1931902873536382E-2","-2.9874760503630169E-3","3.0002449951567800E+0","4.1382314021909181E+0","2.4056513101486408E+2","1.6482859337981100E+2","3.054200000000000E-6"
"1179","1.0030569165802419E+0","1.4335179236542584E-21","1.5063279201156069E-15","-6.7256371834933423E-14","4.1924902170881961E-2","-3.0611771946095091E-3","3.0002449762713899E+0","4.1382445592666803E+0","2.4056589586664418E+2","1.6483473901202399E+2","3.054200000000000E-6"
"1178","1.0030571753182758E+0","1.4159278303486527E-21","1.5347426966130390E-15","-6.6596247386974823E-14","4.1917731320728485E-2","-3.1348577020876012E-3","3.0002449569252101E+0","4.1382580376985931E+0","2.4056667939961366E+2","1.6484102795397899E+2","3.054200000000000E-6"
"1177","1.0030574402408758E+0","1.3923374438610769E-21","1.5886623870417014E-15","-6.3455749652236511E-14","4.1910390402597870E-2","-3.2085170789189219E-3","3.0002449371183300E+0","4.1382718374505014E+0","2.4056748161167076E+2","1.6484747016177201E+2","3.054200000000000E-6"
"1176","1.0030577113485073E+0","1.3918118553820797E-21","1.5935849449468841E-15","-6.4018478031204924E-14","4.1902879497914998E-2","-3.2821548315718030E-3","3.0002449168508201E+0","4.1382859584854605E+0","2.4056830250066770E+2","1.6485405467070700E+2","3.054200000000000E-6"
"1175","1.0030579886416406E+0","1.3943084690676411E-21","1.6349963036344078E-15","-6.5069860418984822E-14","4.1895198689975349E-2","-3.3557704668670122E-3","3.0002448961227799E+0","4.1383004007677346E+0","2.4056914206452720E+2","1.6486079697595699E+2","3.054200000000000E-6"
"1174","1.0030582721207668E+0","1.4247378880500727E-21","1.6640398365763129E-15","-6.4861317712849585E-14","4.1887348063887532E-2","-3.4293634919825016E-3","3.0002448749343098E+0","4.1383151642560954E+0","2.4057000030085246E+2","1.6486769278259399E+2","3.054200000000000E-6"
"1173","1.0030585617863759E+0","1.4330208986355566E-21","1.7173108572927325E-15","-6.7006229863603204E-14","4.1879327706764599E-2","-3.5029334144750881E-3","3.0002448532854902E+0","4.1383302489148113E+0","2.4057087720756638E+2","1.6487472870704499E+2","3.054200000000000E-6"
"1172","1.0030588576389732E+0","1.4231164308903871E-21","1.7184168971650706E-15","-6.2293823209795429E-14","4.1871137707481021E-2","-3.5764797422705771E-3","3.0002448311764200E+0","4.1383456547027517E+0","2.4057177278227789E+2","1.6488192017126499E+2","3.054200000000000E-6"
"1171","1.0030591596790754E+0","1.4212017789025608E-21","1.7937119714000642E-15","-6.7655276856885003E-14","4.1862778156815481E-2","-3.6500019836821873E-3","3.0002448086072002E+0","4.1383613815796725E+0","2.4057268702264759E+2","1.6488925783334901E+2","3.054200000000000E-6"
"1170","1.0030594679072102E+0","1.4328925530696274E-21","1.8766305108519633E-15","-6.7959852414662548E-14","4.1854249147396001E-2","-3.7234996474157173E-3","3.0002447855779200E+0","4.1383774295036178E+0","2.4057361992623640E+2","1.6489674964090301E+2","3.054200000000000E-6"
"1169","1.0030597823239116E+0","1.4167034756161895E-21","1.8780415108318078E-15","-6.6848565223153427E-14","4.1845550773753175E-2","-3.7969722425801058E-3","3.0002447620887001E+0","4.1383937984333139E+0","2.4057457149064501E+2","1.6490438847852701E+2","3.054200000000000E-6"
"1168","1.0030601029297281E+0","1.4279182735634305E-21","1.9086292031900720E-15","-6.3746907923526481E-14","4.1836683132214579E-2","-3.8704192786894343E-3","3.0002447381396302E+0","4.1384104883241548E+0","2.4057554171328036E+2","1.6491217854801201E+2","3.054200000000000E-6"
"1167","1.0030604297252175E+0","1.4490765475750523E-21","1.9066215091324016E-15","-6.2728602185042358E-14","4.1827646321051133E-2","-3.9438402656798927E-3","3.0002447137308099E+0","4.1384274991332690E+0","2.4057653059165023E+2","1.6492011053787300E+2","3.054200000000000E-6"
"1166","1.0030607627109531E+0","1.4645331404148411E-21","1.9537126496373120E-15","-6.5393473361851998E-14","4.1818440440245790E-2","-4.0172347139012122E-3","3.0002446888623600E+0","4.1384448308124542E+0","2.4057753812295255E+2","1.6492819719339400E+2","3.054200000000000E-6"
"1165","1.0030611018875046E+0","1.4591052912147032E-21","2.0448026242056829E-15","-6.7967836858249891E-14","4.1809065591827600E-2","-4.0906021341527571E-3","3.0002446635343900E+0","4.1384624833196684E+0","2.4057856430474328E+2","1.6493643528000101E+2","3.054200000000000E-6"
"1164","1.0030614472554635E+0","1.4725105672235703E-21","1.9822190423681114E-15","-5.9862979402866755E-14","4.1799521879568258E-2","-4.1639420376644717E-3","3.0002446377470098E+0","4.1384804566065183E+0","2.4057960913420916E+2","1.6494481792508901E+2","3.054200000000000E-6"
"1163","1.0030617988154267E+0","1.4765419618326040E-21","2.0709267011879028E-15","-6.5932184505385040E-14","4.1789809409112116E-2","-4.2372539361171090E-3","3.0002446115003201E+0","4.1384987506262796E+0","2.4058067260863410E+2","1.6495335689840300E+2","3.054200000000000E-6"
"1162","1.0030621565680118E+0","1.4690009489658994E-21","2.1481389332132100E-15","-6.6071129798866118E-14","4.1779928287882170E-2","-4.3105373416409843E-3","3.0002445847944599E+0","4.1385173653269405E+0","2.4058175472499448E+2","1.6496203899800301E+2","3.054200000000000E-6"
"1161","1.0030625205138297E+0","1.4620655239329853E-21","2.1914802138378858E-15","-6.6731836780419230E-14","4.1769878625286937E-2","-4.3837917668444453E-3","3.0002445576295300E+0","4.1385363006624640E+0","2.4058285548061403E+2","1.6497087349006901E+2","3.054200000000000E-6"
"1160","1.0030628906535106E+0","1.4405241525602489E-21","2.1595579164862659E-15","-6.2438901885706859E-14","4.1759660532512212E-2","-4.4570167248017285E-3","3.0002445300056602E+0","4.1385555565826095E+0","2.4058397487257218E+2","1.6497985490510101E+2","3.054200000000000E-6"
"1159","1.0030632669876993E+0","1.4589181857663508E-21","2.1618211549658667E-15","-6.1666443755845354E-14","4.1749274122516868E-2","-4.5302117290603851E-3","3.0002445019229702E+0","4.1385751330335605E+0","2.4058511289774049E+2","1.6498898434307600E+2","3.054200000000000E-6"
"1158","1.0030636495170386E+0","1.4743053309789630E-21","2.2526922860249535E-15","-6.4942329482537863E-14","4.1738719510247560E-2","-4.6033762936715603E-3","3.0002444733815898E+0","4.1385950299660781E+0","2.4058626955325650E+2","1.6499826468339700E+2","3.054200000000000E-6"
"1157","1.0030640382421976E+0","1.4725479486939077E-21","2.3113288891181736E-15","-6.5348945582110207E-14","4.1727996812318195E-2","-4.6765099331637933E-3","3.0002444443816301E+0","4.1386152473239326E+0","2.4058744483585150E+2","1.6500769162362101E+2","3.054200000000000E-6"
"1156","1.0030644331638381E+0","1.4885614746234746E-21","2.3612425766923007E-15","-6.6374746343462556E-14","4.1717106147336189E-2","-4.7496121625866935E-3","3.0002444149232299E+0","4.1386357850560920E+0","2.4058863874255886E+2","1.6501727424047601E+2","3.054200000000000E-6"
"1155","1.0030648342826460E+0","1.4768295764698674E-21","2.3837921671743811E-15","-6.7641785632446123E-14","4.1706047635636345E-2","-4.8226824974906147E-3","3.0002443850065301E+0","4.1386566431058203E+0","2.4058985127008037E+2","1.6502699624037200E+2","3.054200000000000E-6"
"1154","1.0030652415993127E+0","1.4586957660223268E-21","2.3997658389840058E-15","-6.2100038349118157E-14","4.1694821399397453E-2","-4.8957204539462574E-3","3.0002443546316400E+0","4.1386778214169064E+0","2.4059108241514838E+2","1.6503686981230501E+2","3.054200000000000E-6"
"1153","1.0030656551145338E+0","1.4838251670236618E-21","2.4652965934112025E-15","-6.6362262610068866E-14","4.1683427562689529E-2","-4.9687255485589450E-3","3.0002443237987100E+0","4.1386993199342879E+0","2.4059233217456196E+2","1.6504689858713601E+2","3.054200000000000E-6"
"1152","1.0030660748290192E+0","1.4690220653022940E-21","2.4323631097634997E-15","-6.3536389146403572E-14","4.1671866251392201E-2","-5.0416972984675956E-3","3.0002442925078801E+0","4.1387211386009035E+0","2.4059360054500405E+2","1.6505706976663100E+2","3.054200000000000E-6"
"1151","1.0030665007434976E+0","1.4801515882659374E-21","2.5461487811138045E-15","-6.6223215954702719E-14","4.1660137593074624E-2","-5.1146352213383307E-3","3.0002442607592799E+0","4.1387432773548491E+0","2.4059488752287592E+2","1.6506738860071300E+2","3.054200000000000E-6"
"1150","1.0030669328586925E+0","1.4895301535910678E-21","2.5987662946655629E-15","-6.2347704165539095E-14","4.1648241717313308E-2","-5.1875388354099428E-3","3.0002442285530599E+0","4.1387657361396890E+0","2.4059619310489697E+2","1.6507786657492099E+2","3.054200000000000E-6"
"1149","1.0030673711753457E+0","1.4965453448040912E-21","2.6104136632644136E-15","-6.7476931012990706E-14","4.1636178755428785E-2","-5.2604076594709014E-3","3.0002441958893500E+0","4.1387885148944124E+0","2.4059751728752033E+2","1.6508848296801000E+2","3.054200000000000E-6"
"1148","1.0030678156942088E+0","1.5152142871578734E-21","2.6415080065532148E-15","-6.5634227191909180E-14","4.1623948840511314E-2","-5.3332412128714000E-3","3.0002441627683001E+0","4.1388116135569177E+0","2.4059886006713603E+2","1.6509924589398301E+2","3.054200000000000E-6"
"1147","1.0030682664160406E+0","1.5200913190831195E-21","2.6648575085957457E-15","-6.2959366463847288E-14","4.1611552107527310E-2","-5.4060390155421297E-3","3.0002441291900701E+0","4.1388350320658374E+0","2.4060022144017654E+2","1.6511016413123400E+2","3.054200000000000E-6"
"1146","1.0030687233416091E+0","1.5084499965286344E-21","2.7042299735586641E-15","-6.4636237714056348E-14","4.1598988693247956E-2","-5.4788005879953233E-3","3.0002440951548000E+0","4.1388587703589916E+0","2.4060160140302730E+2","1.6512122814328299E+2","3.054200000000000E-6"
"1145","1.0030691864716987E+0","1.5288658810643639E-21","2.7135413993737956E-15","-6.1934947864617446E-14","4.1586258736173241E-2","-5.5515254513236693E-3","3.0002440606626402E+0","4.1388828283702308E+0","2.4060299995184278E+2","1.6513244234055500E+2","3.054200000000000E-6"
"1144","1.0030696558070953E+0","1.5297323459124473E-21","2.7473219117891416E-15","-6.4991996190732686E-14","4.1573362376723051E-2","-5.6242131272302544E-3","3.0002440257137502E+0","4.1389072060362810E+0","2.4060441708294471E+2","1.6514379896396400E+2","3.054200000000000E-6"
"1143","1.0030701313486030E+0","1.5256595914481184E-21","2.8160620892762220E-15","-6.3689623101519737E-14","4.1560299756989792E-2","-5.6968631380076443E-3","3.0002439903082800E+0","4.1389319032893237E+0","2.4060585279239075E+2","1.6515531082528400E+2","3.054200000000000E-6"
"1142","1.0030706130970308E+0","1.5247296063211365E-21","2.8917393533841692E-15","-6.3609436872680236E-14","4.1547071020959954E-2","-5.7694750065727714E-3","3.0002439544463901E+0","4.1389569200626433E+0","2.4060730707630248E+2","1.6516697151232299E+2","3.054200000000000E-6"
"1141","1.0030711010531896E+0","1.5234550770936538E-21","2.8639303782797144E-15","-6.2962670911668956E-14","4.1533676314458125E-2","-5.8420482564686804E-3","3.0002439181282399E+0","4.1389822562915315E+0","2.4060877993091825E+2","1.6517876989956201E+2","3.054200000000000E-6"
"1140","1.0030715952179177E+0","1.5330747715017515E-21","2.9889349411185587E-15","-6.8005017288771205E-14","4.1520115784932463E-2","-5.9145824118437863E-3","3.0002438813539900E+0","4.1390079119037457E+0","2.4061027135203847E+2","1.6519072446346900E+2","3.054200000000000E-6"
"1139","1.0030720955920451E+0","1.5168420841236545E-21","3.0148894224909274E-15","-6.7089221682370706E-14","4.1506389581786970E-2","-5.9870769975045330E-3","3.0002438441238102E+0","4.1390338868319230E+0","2.4061178133574717E+2","1.6520282835780301E+2","3.054200000000000E-6"
"1138","1.0030726021764249E+0","1.5115516281958141E-21","3.0159938171150888E-15","-6.6379838143966529E-14","4.1492497856113711E-2","-6.0595315388866462E-3","3.0002438064378700E+0","4.1390601810041181E+0","2.4061330987786198E+2","1.6521507849040100E+2","3.054200000000000E-6"
"1137","1.0030731149719101E+0","1.5041332356851346E-21","3.0202357198485891E-15","-6.2343464332155069E-14","4.1478440760848348E-2","-6.1319455620852765E-3","3.0002437682963299E+0","4.1390867943500700E+0","2.4061485697429842E+2","1.6522747360085799E+2","3.054200000000000E-6"
"1136","1.0030736339793740E+0","1.5068753464553849E-21","3.0829227734976281E-15","-6.2848757985417207E-14","4.1464218450620483E-2","-6.2043185938415362E-3","3.0002437296993598E+0","4.1391137267952161E+0","2.4061642262072212E+2","1.6524002382070600E+2","3.054200000000000E-6"
"1135","1.0030741591996870E+0","1.5048465418319557E-21","3.1462865743120107E-15","-6.3396182873343383E-14","4.1449831081955178E-2","-6.2766501615792577E-3","3.0002436906471299E+0","4.1391409782681023E+0","2.4061800681297916E+2","1.6525270916457799E+2","3.054200000000000E-6"
"1134","1.0030746906337378E+0","1.5008615758599622E-21","3.1592446444452004E-15","-6.2145805352511656E-14","4.1435278813044964E-2","-6.3489397933806065E-3","3.0002436511398298E+0","4.1391685486930720E+0","2.4061960954667151E+2","1.6526555147474201E+2","3.054200000000000E-6"
"1133","1.0030752282824200E+0","1.4801466875370657E-21","3.1006629262152375E-15","-6.2517779690642141E-14","4.1420561803923645E-2","-6.4211870180188590E-3","3.0002436111776301E+0","4.1391964379956327E+0","2.4062123081746870E+2","1.6527853618722000E+2","3.054200000000000E-6"
"1132","1.0030757721466401E+0","1.4760207817596016E-21","3.2234733886145974E-15","-6.0486243966564298E-14","4.1405680216333160E-2","-6.4933913649474692E-3","3.0002435707607100E+0","4.1392246460984330E+0","2.4062287062087415E+2","1.6529167507403099E+2","3.054200000000000E-6"
"1131","1.0030763222273098E+0","1.4811686621489022E-21","3.2407924300335541E-15","-6.2762748379705953E-14","4.1390634213856678E-2","-6.5655523643270838E-3","3.0002435298892500E+0","4.1392531729252759E+0","2.4062452895245835E+2","1.6530495484615500E+2","3.054200000000000E-6"
"1130","1.0030768785253554E+0","1.4714027120785269E-21","3.3300439325956396E-15","-6.2861717746891558E-14","4.1375423961730863E-2","-6.6376695470056549E-3","3.0002434885634299E+0","4.1392820183964272E+0","2.4062620580758610E+2","1.6531839011415400E+2","3.054200000000000E-6"
"1129","1.0030774410417045E+0","1.5080943816732665E-21","3.3941030126533663E-15","-6.7227505327623055E-14","4.1360049627088766E-2","-6.7097424445634888E-3","3.0002434467834398E+0","4.1393111824351401E+0","2.4062790118179598E+2","1.6533196722753200E+2","3.054200000000000E-6"
"1128","1.0030780097773044E+0","1.5153785497076424E-21","3.3134030540960463E-15","-5.9751878198149642E-14","4.1344511378667091E-2","-6.7817705892767033E-3","3.0002434045494701E+0","4.1393406649586693E+0","2.4062961507027782E+2","1.6534568830200499E+2","3.054200000000000E-6"
"1127","1.0030785847331032E+0","1.5037119022101847E-21","3.5336990398863863E-15","-6.7204377881635575E-14","4.1328809387054688E-2","-6.8537535141626384E-3","3.0002433618616999E+0","4.1393704658871391E+0","2.4063134746838827E+2","1.6535956272639501E+2","3.054200000000000E-6"
"1126","1.0030791659100644E+0","1.4845256475591881E-21","3.5174387335669758E-15","-6.5056372786256793E-14","4.1312943824527569E-2","-6.9256907529619905E-3","3.0002433187203401E+0","4.1394005851368245E+0","2.4063309837126019E+2","1.6537358861681400E+2","3.054200000000000E-6"
"1125","1.0030797533091533E+0","1.4895329468587501E-21","3.5212889152132601E-15","-6.4452497974029258E-14","4.1296914865183124E-2","-6.9975818401703284E-3","3.0002432751255701E+0","4.1394310226268303E+0","2.4063486777419089E+2","1.6538774939934601E+2","3.054200000000000E-6"
"1124","1.0030803469313478E+0","1.4822473409853940E-21","3.5829013108034190E-15","-6.8184516348404458E-14","4.1280722684803713E-2","-7.0694263110210971E-3","3.0002432310775902E+0","4.1394617782726959E+0","2.4063665567227054E+2","1.6540206130138199E+2","3.054200000000000E-6"
"1123","1.0030809467776405E+0","1.4743913962078709E-21","3.5937409619290920E-15","-6.3308983635748454E-14","4.1264367460854448E-2","-7.1412237014965079E-3","3.0002431865766002E+0","4.1394928519870779E+0","2.4063846206042166E+2","1.6541652191768100E+2","3.054200000000000E-6"
"1122","1.0030815528490256E+0","1.4832437397498918E-21","3.6300505958494499E-15","-5.9545092288195548E-14","4.1247849372629534E-2","-7.2129735483554506E-3","3.0002431416228101E+0","4.1395242436852939E+0","2.4064028693372143E+2","1.6543112928876101E+2","3.054200000000000E-6"
"1121","1.0030821651465054E+0","1.5048934330098165E-21","3.6574392307843453E-15","-6.1317287146422126E-14","4.1231168601139706E-2","-7.2846753891253231E-3","3.0002430962164000E+0","4.1395559532815849E+0","2.4064213028718447E+2","1.6544588627533199E+2","3.054200000000000E-6"
"1120","1.0030827836711000E+0","1.5175787489775795E-21","3.7392357325176010E-15","-6.0725285224139636E-14","4.1214325329038438E-2","-7.3563287620991230E-3","3.0002430503576001E+0","4.1395879806853166E+0","2.4064399211554201E+2","1.6546078546670500E+2","3.054200000000000E-6"
"1119","1.0030834084238269E+0","1.5184100874943488E-21","3.7795705561565063E-15","-6.6522776930541758E-14","4.1197319740821838E-2","-7.4279332063735314E-3","3.0002430040466002E+0","4.1396203258100259E+0","2.4064587241376779E+2","1.6547583071380600E+2","3.054200000000000E-6"
"1118","1.0030840394057230E+0","1.5092595447739537E-21","3.7901099287478107E-15","-6.2442955796657919E-14","4.1180152022576605E-2","-7.4994882618174621E-3","3.0002429572836302E+0","4.1396529885632880E+0","2.4064777117648890E+2","1.6549102388798801E+2","3.054200000000000E-6"
"1117","1.0030846766178276E+0","1.4833600942959820E-21","3.8203219398725778E-15","-6.5537071823529759E-14","4.1162822362212352E-2","-7.5709934691155006E-3","3.0002429100688701E+0","4.1396859688553880E+0","2.4064968839849001E+2","1.6550636175472499E+2","3.054200000000000E-6"
"1116","1.0030853200611909E+0","1.4873327349585403E-21","3.8651196084585556E-15","-6.3899789775843695E-14","4.1145330949257791E-2","-7.6424483697465160E-3","3.0002428624025699E+0","4.1397192665935565E+0","2.4065162407437822E+2","1.6552184862053301E+2","3.054200000000000E-6"
"1115","1.0030859697368726E+0","1.4896708115212513E-21","3.9376586603246979E-15","-6.3683151082936399E-14","4.1127677975001005E-2","-7.7138525060103571E-3","3.0002428142849200E+0","4.1397528816841511E+0","2.4065357819870985E+2","1.6553748172151001E+2","3.054200000000000E-6"
"1114","1.0030866256459365E+0","1.5138940748497781E-21","3.9241481611106807E-15","-6.2051621171683500E-14","4.1109863632457243E-2","-7.7852054210331787E-3","3.0002427657161501E+0","4.1397868140347747E+0","2.4065555076611366E+2","1.6555326044080800E+2","3.054200000000000E-6"
"1113","1.0030872877894661E+0","1.4929870705125487E-21","3.9617146213730568E-15","-6.1843683867460700E-14","4.1091888116221567E-2","-7.8565066587491152E-3","3.0002427166964800E+0","4.1398210635470347E+0","2.4065754177086987E+2","1.6556918559292501E+2","3.054200000000000E-6"
"1112","1.0030879561685353E+0","1.5064919901359063E-21","3.9357024721020524E-15","-6.2672488184789777E-14","4.1073751622790922E-2","-7.9277557639640880E-3","3.0002426672261300E+0","4.1398556301294356E+0","2.4065955120765963E+2","1.6558525215536500E+2","3.054200000000000E-6"
"1111","1.0030886307842457E+0","1.5017007454238091E-21","4.0745277850848633E-15","-6.4109666001286286E-14","4.1055454350108003E-2","-7.9989522822842864E-3","3.0002426173053198E+0","4.1398905136808049E+0","2.4066157907060150E+2","1.6560147559378501E+2","3.054200000000000E-6"
"1110","1.0030893116376964E+0","1.5016586078477924E-21","4.0972260952615260E-15","-6.2437257749527965E-14","4.1036996497980628E-2","-8.0700957601972812E-3","3.0002425669342898E+0","4.1399257141042023E+0","2.4066362535406012E+2","1.6561783777166099E+2","3.054200000000000E-6"
"1109","1.0030899987299966E+0","1.5220556273587139E-21","4.1576807366464277E-15","-6.5229223154852788E-14","4.1018378267836546E-2","-8.1411857450361842E-3","3.0002425161132602E+0","4.1399612313006484E+0","2.4066569005228166E+2","1.6563434821804600E+2","3.054200000000000E-6"
"1108","1.0030906920622669E+0","1.5127624576952464E-21","4.2065783522458563E-15","-6.2560113038876440E-14","4.0999599862756544E-2","-8.2122217849940303E-3","3.0002424648424699E+0","4.1399970651694016E+0","2.4066777315940971E+2","1.6565099833090900E+2","3.054200000000000E-6"
"1107","1.0030913916356310E+0","1.5303632624315030E-21","4.2557277377396696E-15","-6.1044433730387444E-14","4.0980661487565913E-2","-8.2832034291488582E-3","3.0002424131221499E+0","4.1400332156100159E+0","2.4066987466960512E+2","1.6566780126525299E+2","3.054200000000000E-6"
"1106","1.0030920974512301E+0","1.5317372774293752E-21","4.2666491505097439E-15","-6.2107642521877503E-14","4.0961563348656076E-2","-8.3541302274371346E-3","3.0002423609525302E+0","4.1400696825181607E+0","2.4067199457680286E+2","1.6568474237161999E+2","3.054200000000000E-6"
"1105","1.0030928095102032E+0","1.5347319784152127E-21","4.3439878404523969E-15","-6.3388830861176710E-14","4.0942305654184837E-2","-8.4250017307001233E-3","3.0002423083338501E+0","4.1401064657918720E+0","2.4067413287507560E+2","1.6570183673726800E+2","3.054200000000000E-6"
"1104","1.0030935278137050E+0","1.5497538208032563E-21","4.3853805909565942E-15","-6.2092485821001147E-14","4.0922888613894842E-2","-8.4958174906569189E-3","3.0002422552663601E+0","4.1401435653256238E+0","2.4067628955828883E+2","1.6571907376823299E+2","3.054200000000000E-6"
"1103","1.0030942523628927E+0","1.5734784677709769E-21","4.2818548542734408E-15","-5.9381891621648384E-14","4.0903312439276474E-2","-8.5665770599435767E-3","3.0002422017502899E+0","4.1401809810153525E+0","2.4067846462039310E+2","1.6573644972852000E+2","3.054200000000000E-6"
"1102","1.0030949831589355E+0","1.5732018030082860E-21","4.4325488665861264E-15","-6.2285223272177990E-14","4.0883577343364966E-2","-8.6372799920815761E-3","3.0002421477859000E+0","4.1402187127537626E+0","2.4068065805515107E+2","1.6575397993824200E+2","3.054200000000000E-6"
"1101","1.0030957202030153E+0","1.5789484159563780E-21","4.4658725865430779E-15","-5.9288638741476187E-14","4.0863683540873733E-2","-8.7079258415125749E-3","3.0002420933734300E+0","4.1402567604313099E+0","2.4068286985619469E+2","1.6577165287183200E+2","3.054200000000000E-6"
"1100","1.0030964634963082E+0","1.5992398632416008E-21","4.5793425216197913E-15","-6.5170788280791024E-14","4.0843631248264629E-2","-8.7785141636174211E-3","3.0002420385131199E+0","4.1402951239426109E+0","2.4068510001739767E+2","1.6578946702213901E+2","3.054200000000000E-6"
"1099","1.0030972130400129E+0","1.6132113160554979E-21","4.5732456854344146E-15","-6.3183208365755742E-14","4.0823420683477149E-2","-8.8490445146740607E-3","3.0002419832052398E+0","4.1403338031752543E+0","2.4068734853222543E+2","1.6580742855640099E+2","3.054200000000000E-6"
"1098","1.0030979688353283E+0","1.6340945845993431E-21","4.5699226414497412E-15","-6.1144585280230751E-14","4.0803052066186937E-2","-8.9195164519139964E-3","3.0002419274500198E+0","4.1403727980192482E+0","2.4068961539428381E+2","1.6582553268992999E+2","3.054200000000000E-6"
"1097","1.0030987308834618E+0","1.6529726135133247E-21","4.5829969628334782E-15","-6.4086513443121117E-14","4.0782525617683980E-2","-8.9899295335078653E-3","3.0002418712477401E+0","4.1404121083628622E+0","2.4069190059707759E+2","1.6584378758716301E+2","3.054200000000000E-6"
"1096","1.0030994991856308E+0","1.6531093336175486E-21","4.7102517763072909E-15","-5.8102445281581409E-14","4.0761841560866992E-2","-9.0602833185681811E-3","3.0002418145986498E+0","4.1404517340930083E+0","2.4069420413403282E+2","1.6586218414785401E+2","3.054200000000000E-6"
"1095","1.0031002737430608E+0","1.6406713292814172E-21","4.8420453077452761E-15","-6.6368817988375961E-14","4.0741000120258906E-2","-9.1305773671649833E-3","3.0002417575030100E+0","4.1404916750946716E+0","2.4069652599846333E+2","1.6588072416691401E+2","3.054200000000000E-6"
"1094","1.0031010545569825E+0","1.6474938674763195E-21","4.8347428472465319E-15","-6.0997043996771648E-14","4.0720001522009983E-2","-9.2008112403332808E-3","3.0002416999610801E+0","4.1405319312533031E+0","2.4069886618371015E+2","1.6589940810956401E+2","3.054200000000000E-6"
"1093","1.0031018416286388E+0","1.6423703151327606E-21","4.9148980512410705E-15","-6.3019654806453467E-14","4.0698845993849625E-2","-9.2709845000655770E-3","3.0002416419731301E+0","4.1405725024518567E+0","2.4070122468296910E+2","1.6591824026935100E+2","3.054200000000000E-6"
"1092","1.0031026349592709E+0","1.6493542118570469E-21","4.8460841668903569E-15","-5.9060973866820000E-14","4.0677533765203396E-2","-9.3410967093525560E-3","3.0002415835394300E+0","4.1406133885749439E+0","2.4070360148953239E+2","1.6593721217144900E+2","3.054200000000000E-6"
"1091","1.0031034345501408E+0","1.6586558590347164E-21","4.8595313671419870E-15","-5.8902489892145460E-14","4.0656065066967194E-2","-9.4111474321364966E-3","3.0002415246602401E+0","4.1406545895014188E+0","2.4070599659635755E+2","1.6595632975557001E+2","3.054200000000000E-6"
"1090","1.0031042404025041E+0","1.6416461636329995E-21","5.0135917538531059E-15","-5.9036987360311234E-14","4.0634440131777076E-2","-9.4811362333795477E-3","3.0002414653358400E+0","4.1406961051147730E+0","2.4070840999667158E+2","1.6597558956045799E+2","3.054200000000000E-6"
"1089","1.0031050525176419E+0","1.6296655073190282E-21","5.0261807967853427E-15","-5.9949733378305079E-14","4.0612659193694625E-2","-9.5510626790022875E-3","3.0002414055664999E+0","4.1407379352898790E+0","2.4071084168320064E+2","1.6599499440574300E+2","3.054200000000000E-6"
"1088","1.0031058708968221E+0","1.6259837341922907E-21","5.1348422144587673E-15","-5.8763451883737645E-14","4.0590722488539094E-2","-9.6209263359651864E-3","3.0002413453524999E+0","4.1407800799089287E+0","2.4071329164909616E+2","1.6601454675361501E+2","3.054200000000000E-6"
"1087","1.0031066955413361E+0","1.6299182673462089E-21","5.0732417032509732E-15","-5.9434351626823080E-14","4.0568630253609864E-2","-9.6907267722146865E-3","3.0002412846941202E+0","4.1408225388466349E+0","2.4071575988707500E+2","1.6603423714969699E+2","3.054200000000000E-6"
"1086","1.0031075264524718E+0","1.6351272346826360E-21","5.1504629105059335E-15","-6.5026720119702106E-14","4.0546382727840599E-2","-9.7604635567244743E-3","3.0002412235916300E+0","4.1408653119807157E+0","2.4071824639002858E+2","1.6605407471741000E+2","3.054200000000000E-6"
"1085","1.0031083636315337E+0","1.6117906933098440E-21","5.1951312984116020E-15","-6.3027368898865001E-14","4.0523980151665438E-2","-9.8301362594739924E-3","3.0002411620453300E+0","4.1409083991842985E+0","2.4072075115058144E+2","1.6607405351495299E+2","3.054200000000000E-6"
"1084","1.0031092070798262E+0","1.6132810211556988E-21","5.3422678766004224E-15","-6.3846695208764600E-14","4.0501422767161649E-2","-9.8997444514891259E-3","3.0002411000554998E+0","4.1409518003317700E+0","2.4072327416143148E+2","1.6609417556764001E+2","3.054200000000000E-6"
"1083","1.0031100567986662E+0","1.6144696576328583E-21","5.3625013859110922E-15","-5.8379470424056049E-14","4.0478710817923570E-2","-9.9692877048180393E-3","3.0002410376224198E+0","4.1409955152952902E+0","2.4072581541514700E+2","1.6611444456052899E+2","3.054200000000000E-6"
"1082","1.0031109127893754E+0","1.6037939038581268E-21","5.3363965320142304E-15","-6.1810549831499455E-14","4.0455844549143270E-2","-1.0038765592560787E-2","3.0002409747463901E+0","4.1410395439466088E+0","2.4072837490427256E+2","1.6613485393223701E+2","3.054200000000000E-6"
"1081","1.0031117750532805E+0","1.5976615761846395E-21","5.3986686319259685E-15","-5.8691252983907195E-14","4.0432824207529618E-2","-1.0108177688857394E-2","3.0002409114277002E+0","4.1410838861560260E+0","2.4073095262126833E+2","1.6615541064060099E+2","3.054200000000000E-6"
"1080","1.0031126435917175E+0","1.5929735516296719E-21","5.4332745926899810E-15","-6.2382911948353050E-14","4.0409650041396600E-2","-1.0177523568915488E-2","3.0002408476666500E+0","4.1411285417935542E+0","2.4073354855857789E+2","1.6617610160476400E+2","3.054200000000000E-6"
"1079","1.0031135184060314E+0","1.5943260240606715E-21","5.3948245907933609E-15","-6.3103461528860548E-14","4.0386322300512638E-2","-1.0246802808982871E-2","3.0002407834635201E+0","4.1411735107259817E+0","2.4073616270845730E+2","1.6619694031995499E+2","3.054200000000000E-6"
"1078","1.0031143994975718E+0","1.5944448019900310E-21","5.4812771044563978E-15","-5.9569040292602016E-14","4.0362841236236235E-2","-1.0316014986387526E-2","3.0002407188186302E+0","4.1412187928200526E+0","2.4073879506316010E+2","1.6621792309695601E+2","3.054200000000000E-6"
"1077","1.0031152868676982E+0","1.6169894865474792E-21","5.6920279268884864E-15","-6.0968166122938892E-14","4.0339207101444945E-2","-1.0385159679527554E-2","3.0002406537322699E+0","4.1412643879407316E+0","2.4074144561483638E+2","1.6623904822539299E+2","3.054200000000000E-6"
"1076","1.0031161805177704E+0","1.6138563641966287E-21","5.5824909433726710E-15","-5.8537288073461888E-14","4.0315420150593174E-2","-1.0454236467892014E-2","3.0002405882047500E+0","4.1413102959542911E+0","2.4074411435571216E+2","1.6626031517838001E+2","3.054200000000000E-6"
"1075","1.0031170804491596E+0","1.6224068735545064E-21","5.6285956437256204E-15","-5.6346124995719683E-14","4.0291480639617266E-2","-1.0523244932049853E-2","3.0002405222363699E+0","4.1413565167236319E+0","2.4074680127781764E+2","1.6628172495894501E+2","3.054200000000000E-6"
"1074","1.0031179866632440E+0","1.6057440808534897E-21","5.8156082642387904E-15","-6.1822521900607725E-14","4.0267388825962480E-2","-1.0592184653657813E-2","3.0002404558274498E+0","4.1414030501109025E+0","2.4074950637313913E+2","1.6630327627865100E+2","3.054200000000000E-6"
"1073","1.0031188991614082E+0","1.6104779124139154E-21","5.7358781571179132E-15","-5.9724755560789447E-14","4.0243144968588933E-2","-1.0661055215476134E-2","3.0002403889782898E+0","4.1414498959764510E+0","2.4075222963355836E+2","1.6632496962566699E+2","3.054200000000000E-6"
"1072","1.0031198179450489E+0","1.5978870577231268E-21","5.8163076333504726E-15","-5.7694469721510399E-14","4.0218749327918739E-2","-1.0729856201356077E-2","3.0002403216892102E+0","4.1414970541782239E+0","2.4075497105081737E+2","1.6634681003389699E+2","3.054200000000000E-6"
"1071","1.0031207430155500E+0","1.5806506988336325E-21","5.8298775223626751E-15","-6.1588665804419691E-14","4.0194202166073043E-2","-1.0798587196312028E-2","3.0002402539605200E+0","4.1415445245798663E+0","2.4075773061698968E+2","1.6636878383737400E+2","3.054200000000000E-6"
"1070","1.0031216743743259E+0","1.5780312968493160E-21","5.8798907355755190E-15","-5.7445038134174027E-14","4.0169503746400298E-2","-1.0867247786410173E-2","3.0002401857925500E+0","4.1415923070345793E+0","2.4076050832354133E+2","1.6639090423446001E+2","3.054200000000000E-6"
"1069","1.0031226120227827E+0","1.5650847476251462E-21","5.9656361410639299E-15","-6.0561830226764386E-14","4.0144654333927422E-2","-1.0935837558885320E-2","3.0002401171856099E+0","4.1416404014007737E+0","2.4076330416224155E+2","1.6641316582834500E+2","3.054200000000000E-6"
"1068","1.0031235559623406E+0","1.5601710566923660E-21","6.0053390262211780E-15","-5.8479174743725242E-14","4.0119654195061819E-2","-1.1004356102079404E-2","3.0002400481400202E+0","4.1416888075320566E+0","2.4076611812458006E+2","1.6643557052984599E+2","3.054200000000000E-6"
"1067","1.0031245061944210E+0","1.5588333629439447E-21","6.0256141166172427E-15","-5.9868958545391734E-14","4.0094503597768893E-2","-1.1072803005489308E-2","3.0002399786561198E+0","4.1417375252830038E+0","2.4076895020210313E+2","1.6645811561635000E+2","3.054200000000000E-6"
"1066","1.0031254627204496E+0","1.5544610300549913E-21","5.9691842652063042E-15","-5.9697925524622014E-14","4.0069202811465802E-2","-1.1141177859750171E-2","3.0002399087342200E+0","4.1417865545074051E+0","2.4077180038631118E+2","1.6648080130903901E+2","3.054200000000000E-6"
"1065","1.0031264255418695E+0","1.5692816740498773E-21","6.0134789507042061E-15","-5.4907072421389711E-14","4.0043752106965924E-2","-1.1209480256626190E-2","3.0002398383746698E+0","4.1418358950542924E+0","2.4077466866842803E+2","1.6650363183790500E+2","3.054200000000000E-6"
"1064","1.0031273946601189E+0","1.5665614430828400E-21","6.1421210586332704E-15","-5.5003063537799640E-14","4.0018151756648246E-2","-1.1277709789064286E-2","3.0002397675777801E+0","4.1418855467751756E+0","2.4077755503982164E+2","1.6652659806245001E+2","3.054200000000000E-6"
"1063","1.0031283700766447E+0","1.5538757919366980E-21","6.0766295699349036E-15","-5.4730365728420820E-14","3.9992402034316123E-2","-1.1345866051162985E-2","3.0002396963439000E+0","4.1419355095195742E+0","2.4078045949174418E+2","1.6654970744046699E+2","3.054200000000000E-6"
"1062","1.0031293517929021E+0","1.5575029461220242E-21","6.2780629596459083E-15","-5.8631890907489567E-14","3.9966503215212654E-2","-1.1413948638185709E-2","3.0002396246733700E+0","4.1419857831351292E+0","2.4078338201533873E+2","1.6657295930801800E+2","3.054200000000000E-6"
"1061","1.0031303398103539E+0","1.5512964031495611E-21","6.1312054579619200E-15","-5.5914702479107815E-14","3.9940455576004584E-2","-1.1481957146561642E-2","3.0002395525665100E+0","4.1420363674672069E+0","2.4078632260161604E+2","1.6659635143834899E+2","3.054200000000000E-6"
"1060","1.0031313341304626E+0","1.5542982183648492E-21","6.3034023257645744E-15","-5.8857328904224621E-14","3.9914259394852665E-2","-1.1549891173915262E-2","3.0002394800236898E+0","4.1420872623621916E+0","2.4078928124164602E+2","1.6661988175238201E+2","3.054200000000000E-6"
"1059","1.0031323347547039E+0","1.5538552527060975E-21","6.3038308928140329E-15","-5.5678858671158970E-14","3.9887914951308050E-2","-1.1617750319043321E-2","3.0002394070452301E+0","4.1421384676634441E+0","2.4079225792632295E+2","1.6664355202735899E+2","3.054200000000000E-6"
"1058","1.0031333416845509E+0","1.5403761134857655E-21","6.4877559050694129E-15","-5.7973017011229906E-14","3.9861422526398647E-2","-1.1685534181944339E-2","3.0002393336314901E+0","4.1421899832153661E+0","2.4079525264660151E+2","1.6666736972637000E+2","3.054200000000000E-6"
"1057","1.0031343549214928E+0","1.5606387248031425E-21","6.4622250130352751E-15","-6.0636414325507470E-14","3.9834782402533929E-2","-1.1753242363804857E-2","3.0002392597828100E+0","4.1422418088579969E+0","2.4079826539318276E+2","1.6669131860112500E+2","3.054200000000000E-6"
"1056","1.0031353744670160E+0","1.5419627935480617E-21","6.5476937215010799E-15","-5.4211109612624986E-14","3.9807994863524279E-2","-1.1820874467010556E-2","3.0002391854995500E+0","4.1422939444317075E+0","2.4080129615678715E+2","1.6671541838716200E+2","3.054200000000000E-6"
"1055","1.0031364003226151E+0","1.5283308460542654E-21","6.5984835328117378E-15","-5.8754232514328573E-14","3.9781060194678503E-2","-1.1888430095175494E-2","3.0002391107820601E+0","4.1423463897771216E+0","2.4080434492814967E+2","1.6673965308126299E+2","3.054200000000000E-6"
"1054","1.0031374324897919E+0","1.5198651204662243E-21","6.5551057693065283E-15","-5.2297222516897672E-14","3.9753978682622676E-2","-1.1955908853107867E-2","3.0002390356306901E+0","4.1423991447307049E+0","2.4080741169776383E+2","1.6676402359478701E+2","3.054200000000000E-6"
"1053","1.0031384709700530E+0","1.5172390476546945E-21","6.7373793317405490E-15","-5.6515924970299289E-14","3.9726750615426000E-2","-1.2023310346844857E-2","3.0002389600458099E+0","4.1424522091294067E+0","2.4081049645615099E+2","1.6678853826139601E+2","3.054200000000000E-6"
"1052","1.0031395157649079E+0","1.5270547145979893E-21","6.7838369357417012E-15","-5.7721469860900251E-14","3.9699376282563634E-2","-1.2090634183654303E-2","3.0002388840277798E+0","4.1425055828095561E+0","2.4081359919379659E+2","1.6681318971214699E+2","3.054200000000000E-6"
"1051","1.0031405668758766E+0","1.5125856865749581E-21","6.8070209136419276E-15","-5.6539351962871764E-14","3.9671855974839028E-2","-1.2157879972017912E-2","3.0002388075769502E+0","4.1425592656038770E+0","2.4081671990097655E+2","1.6683798202276600E+2","3.054200000000000E-6"
"1050","1.0031416243044811E+0","1.5151146813175526E-21","6.7037986519250541E-15","-5.6653783218675447E-14","3.9644189984502337E-2","-1.2225047321674048E-2","3.0002387306937002E+0","4.1426132573455368E+0","2.4081985856799241E+2","1.6686291324558400E+2","3.054200000000000E-6"
"1049","1.0031426880522480E+0","1.5197951585199954E-21","6.9462539970107249E-15","-6.0105102087772344E-14","3.9616378605139814E-2","-1.2292135843592331E-2","3.0002386533783998E+0","4.1426675578660319E+0","2.4082301518504869E+2","1.6688798971975700E+2","3.054200000000000E-6"
"1048","1.0031437581207090E+0","1.4950017293024989E-21","6.8117946562835960E-15","-5.5321777998616773E-14","3.9588422131770849E-2","-1.2359145150007992E-2","3.0002385756314101E+0","4.1427221669968137E+0","2.4082618974234731E+2","1.6691319545008301E+2","3.054200000000000E-6"
"1047","1.0031448345114091E+0","1.4910154058180022E-21","6.9911757569326249E-15","-5.8662935778373013E-14","3.9560320860645995E-2","-1.2426074854372172E-2","3.0002384974531102E+0","4.1427770845637859E+0","2.4082938222976759E+2","1.6693854764936100E+2","3.054200000000000E-6"
"1046","1.0031459172258836E+0","1.4697234216696638E-21","6.9688190117111100E-15","-6.0242018750345378E-14","3.9532075089555425E-2","-1.2492924571450563E-2","3.0002384188438702E+0","4.1428323103978340E+0","2.4083259263747851E+2","1.6696403239797300E+2","3.054200000000000E-6"
"1045","1.0031470062656864E+0","1.4720860924835880E-21","6.9567773576695257E-15","-5.8465517016754631E-14","3.9503685117467914E-2","-1.2559693917220411E-2","3.0002383398040702E+0","4.1428878443231030E+0","2.4083582095525722E+2","1.6698966159577901E+2","3.054200000000000E-6"
"1044","1.0031481016323687E+0","1.4658161064177253E-21","7.0919685289685172E-15","-5.7183034435908909E-14","3.9475151244825715E-2","-1.2626382508969651E-2","3.0002382603341000E+0","4.1429436861652844E+0","2.4083906717297077E+2","1.6701542692154700E+2","3.054200000000000E-6"
"1043","1.0031492033274878E+0","1.4740301825294872E-21","7.0663615742672898E-15","-5.6122630394292653E-14","3.9446473773363626E-2","-1.2692989965246213E-2","3.0002381804343199E+0","4.1429998357487854E+0","2.4084233128041149E+2","1.6704133275490301E+2","3.054200000000000E-6"
"1042","1.0031503113526090E+0","1.4839543727172107E-21","7.1722705083312318E-15","-5.5786505913819956E-14","3.9417653006126846E-2","-1.2759515905875854E-2","3.0002381001051401E+0","4.1430562928950145E+0","2.4084561326719748E+2","1.6706737686422301E+2","3.054200000000000E-6"
"1041","1.0031514257092997E+0","1.4944710775868228E-21","7.2533848663706879E-15","-5.5402496663258669E-14","3.9388689247522257E-2","-1.2825959951978301E-2","3.0002380193469400E+0","4.1431130574253219E+0","2.4084891312294337E+2","1.6709355811663201E+2","3.054200000000000E-6"
"1040","1.0031525463991282E+0","1.4926447807699381E-21","7.1957102260429927E-15","-5.2693424466108976E-14","3.9359582803301832E-2","-1.2892321725975618E-2","3.0002379381601099E+0","4.1431701291611764E+0","2.4085223083727075E+2","1.6711987559449901E+2","3.054200000000000E-6"
"1039","1.0031536734236819E+0","1.5126217256033396E-21","7.4129229107723793E-15","-5.5608930488326578E-14","3.9330333980416805E-2","-1.2958600851552673E-2","3.0002378565450298E+0","4.1432275079175076E+0","2.4085556639942104E+2","1.6714633388606401E+2","3.054200000000000E-6"
"1038","1.0031548067845351E+0","1.4995472701726219E-21","7.3231939805735491E-15","-5.7474141613401225E-14","3.9300943087282852E-2","-1.3024796953742351E-2","3.0002377745021200E+0","4.1432851935138784E+0","2.4085891979890499E+2","1.6717292632798001E+2","3.054200000000000E-6"
"1037","1.0031559464832736E+0","1.4973826013936282E-21","7.6042485258134496E-15","-5.8887859203127950E-14","3.9271410433524986E-2","-1.3090909658861317E-2","3.0002376920317499E+0","4.1433431857663381E+0","2.4086229102502912E+2","1.6719965976450399E+2","3.054200000000000E-6"
"1036","1.0031570925214939E+0","1.4801849132403564E-21","7.3561020189926998E-15","-5.5873143788807340E-14","3.9241736330067167E-2","-1.3156938594537454E-2","3.0002376091343401E+0","4.1434014844876899E+0","2.4086568006691127E+2","1.6722652988454001E+2","3.054200000000000E-6"
"1035","1.0031582449007861E+0","1.4794335113951803E-21","7.5827085174138528E-15","-5.8118949089393834E-14","3.9211921089157116E-2","-1.3222883389731790E-2","3.0002375258102898E+0","4.1434600894922360E+0","2.4086908691375638E+2","1.6725353581849299E+2","3.054200000000000E-6"
"1034","1.0031594036227531E+0","1.4771434330083476E-21","7.4251307599615074E-15","-5.1206211294522043E-14","3.9181965024299353E-2","-1.3288743674716807E-2","3.0002374420600000E+0","4.1435190005911924E+0","2.4087251155458995E+2","1.6728067854825801E+2","3.054200000000000E-6"
"1033","1.0031605686889975E+0","1.4671467763889890E-21","7.5062883156989223E-15","-4.9490723954618014E-14","3.9151868450286474E-2","-1.3354519081102004E-2","3.0002373578838801E+0","4.1435782175952509E+0","2.4087595397840701E+2","1.6730796095937700E+2","3.054200000000000E-6"
"1032","1.0031617401011295E+0","1.4860044953757113E-21","7.5772233074510649E-15","-5.0456937245363304E-14","3.9121631683181848E-2","-1.3420209241829109E-2","3.0002372732823299E+0","4.1436377403125704E+0","2.4087941417405554E+2","1.6733538051454300E+2","3.054200000000000E-6"
"1031","1.0031629178607560E+0","1.4843114038523304E-21","7.4993340892620581E-15","-5.1980871416550154E-14","3.9091255040341701E-2","-1.3485813791190199E-2","3.0002371882557801E+0","4.1436975685532049E+0","2.4088289213049342E+2","1.6736293356947300E+2","3.054200000000000E-6"
"1030","1.0031641019694999E+0","1.4782113032522705E-21","7.8276383094659923E-15","-5.3174619025241016E-14","3.9060738840290009E-2","-1.3551332364792791E-2","3.0002371028046300E+0","4.1437577021203778E+0","2.4088638783628156E+2","1.6739062683640901E+2","3.054200000000000E-6"
"1029","1.0031652924289785E+0","1.4705877081344261E-21","7.9710898673885272E-15","-5.6209195021308529E-14","3.9030083402902462E-2","-1.3616764599625283E-2","3.0002370169293102E+0","4.1438181408207395E+0","2.4088990128018014E+2","1.6741845804068299E+2","3.054200000000000E-6"
"1028","1.0031664892408170E+0","1.4649269419763218E-21","7.8385036203953211E-15","-5.4623752759603024E-14","3.8999289049241957E-2","-1.3682110134014229E-2","3.0002369306302401E+0","4.1438788844570693E+0","2.4089343245072419E+2","1.6744641923626901E+2","3.054200000000000E-6"
"1027","1.0031676924066446E+0","1.4602214397238609E-21","7.8169464412535844E-15","-5.6387255182701576E-14","3.8968356101637659E-2","-1.3747368607652903E-2","3.0002368439078202E+0","4.1439399328318203E+0","2.4089698133642992E+2","1.6747452067355701E+2","3.054200000000000E-6"
"1026","1.0031689019280898E+0","1.4742467072624485E-21","7.8251229423565806E-15","-5.0041017271435148E-14","3.8937284883624884E-2","-1.3812539661596729E-2","3.0002367567624999E+0","4.1440012857459383E+0","2.4090054792572582E+2","1.6750275585032301E+2","3.054200000000000E-6"
"1025","1.0031701178067929E+0","1.5065580111774878E-21","7.9142423399271102E-15","-5.3325786325705370E-14","3.8906075719978998E-2","-1.3877622938267144E-2","3.0002366691946998E+0","4.1440629429981488E+0","2.4090413220691127E+2","1.6753112929565199E+2","3.054200000000000E-6"
"1024","1.0031713400443920E+0","1.4878412075605749E-21","7.9684647523861449E-15","-5.2209962838163670E-14","3.8874728936690521E-2","-1.3942618081464278E-2","3.0002365812048502E+0","4.1441249043865955E+0","2.4090773416825201E+2","1.6755963678083901E+2","3.054200000000000E-6"
"1023","1.0031725686425268E+0","1.4831265763380543E-21","8.0687745794498897E-15","-5.3521028214831733E-14","3.8843244860992450E-2","-1.4007524736379432E-2","3.0002364927933800E+0","4.1441871697089274E+0","2.4091135379798473E+2","1.6758828104205500E+2","3.054200000000000E-6"
"1022","1.0031738036028497E+0","1.4520712261147752E-21","8.1940504101714895E-15","-5.4229633415886235E-14","3.8811623821233328E-2","-1.4072342549553819E-2","3.0002364039607201E+0","4.1442497387581625E+0","2.4091499108407723E+2","1.6761706176408401E+2","3.054200000000000E-6"
"1021","1.0031750449270063E+0","1.4422629823888692E-21","7.9785409748057725E-15","-4.9241776269354798E-14","3.8779866147076458E-2","-1.4137071168958798E-2","3.0002363147073199E+0","4.1443126113299131E+0","2.4091864601464792E+2","1.6764597349630199E+2","3.054200000000000E-6"
"1020","1.0031762926166545E+0","1.4385182258831347E-21","8.1234362771603271E-15","-4.7918403477067188E-14","3.8747972169262714E-2","-1.4201710243922078E-2","3.0002362250336199E+0","4.1443757872147549E+0","2.4092231857752247E+2","1.6767502378077401E+2","3.054200000000000E-6"
"1019","1.0031775466734476E+0","1.4175204199062974E-21","8.4393671443543152E-15","-5.0390004360532216E-14","3.8715942219814670E-2","-1.4266259425201707E-2","3.0002361349400499E+0","4.1444392662047704E+0","2.4092600876061414E+2","1.6770421060236399E+2","3.054200000000000E-6"
"1018","1.0031788070990446E+0","1.4277600546611067E-21","8.3303595201454399E-15","-5.3655449062026973E-14","3.8683776631912262E-2","-1.4330718364950389E-2","3.0002360444270599E+0","4.1445030480902325E+0","2.4092971655173099E+2","1.6773352607368301E+2","3.054200000000000E-6"
"1017","1.0031800738951127E+0","1.4155307966824393E-21","8.4703825282139066E-15","-5.3843462621080625E-14","3.8651475739825601E-2","-1.4395086716705212E-2","3.0002359534951002E+0","4.1445671326569880E+0","2.4093344193842384E+2","1.6776298256587100E+2","3.054200000000000E-6"
"1016","1.0031813470633162E+0","1.3908047368962367E-21","8.3435194630178423E-15","-5.0109006067694454E-14","3.8619039879072642E-2","-1.4459364135439391E-2","3.0002358621446201E+0","4.1446315196926884E+0","2.4093718490834831E+2","1.6779257449272700E+2","3.054200000000000E-6"
"1015","1.0031826266053243E+0","1.3797267036082088E-21","8.5265634704027762E-15","-5.3405981537619114E-14","3.8586469386342782E-2","-1.4523550277549362E-2","3.0002357703760700E+0","4.1446962089832704E+0","2.4094094544906045E+2","1.6782229192882900E+2","3.054200000000000E-6"
"1014","1.0031839125228104E+0","1.3954027026029573E-21","8.6019347103800334E-15","-5.1664613007669218E-14","3.8553764599381347E-2","-1.4587644800822678E-2","3.0002356781899100E+0","4.1447612003109233E+0","2.4094472354789835E+2","1.6785215024887199E+2","3.054200000000000E-6"
"1013","1.0031852048174512E+0","1.3963951705501382E-21","8.5119951625130714E-15","-4.9368012420023366E-14","3.8520925857154109E-2","-1.4651647364497002E-2","3.0002355855865899E+0","4.1448264934583321E+0","2.4094851919222904E+2","1.6788213990596901E+2","3.054200000000000E-6"
"1012","1.0031865034909244E+0","1.4078668800660273E-21","8.5545294964024573E-15","-4.9186918258179599E-14","3.8487953499740782E-2","-1.4715557629232535E-2","3.0002354925665800E+0","4.1448920882058502E+0","2.4095233236928388E+2","1.6791226621620399E+2","3.054200000000000E-6"
"1011","1.0031878085449117E+0","1.4089239430284022E-21","8.8481585886007943E-15","-5.3115056091305695E-14","3.8454847868344355E-2","-1.4779375257122510E-2","3.0002353991303399E+0","4.1449579843330833E+0","2.4095616306625092E+2","1.6794252359460501E+2","3.054200000000000E-6"
"1010","1.0031891199810914E+0","1.3961038142909591E-21","8.7022515559751830E-15","-5.2699492042175743E-14","3.8421609305351871E-2","-1.4843099911722361E-2","3.0002353052783302E+0","4.1450241816193403E+0","2.4096001127030078E+2","1.6797291734487101E+2","3.054200000000000E-6"
"1009","1.0031904378011551E+0","1.3932933600304904E-21","8.7378479958258736E-15","-5.0162651455931646E-14","3.8388238154157588E-2","-1.4906731257990710E-2","3.0002352110110300E+0","4.1450906798395595E+0","2.4096387696835015E+2","1.6800344439039799E+2","3.054200000000000E-6"
"1008","1.0031917620067925E+0","1.3834456838549142E-21","8.9190218694434752E-15","-5.1156645401529284E-14","3.8354734759326034E-2","-1.4970268962357279E-2","3.0002351163288998E+0","4.1451574787681320E+0","2.4096776014728385E+2","1.6803410118909099E+2","3.054200000000000E-6"
"1007","1.0031930925996941E+0","1.3858385975747744E-21","8.9156684269576067E-15","-5.0325231372734366E-14","3.8321099466518065E-2","-1.5033712692701019E-2","3.0002350212324100E+0","4.1452245781787056E+0","2.4097166079394347E+2","1.6806489313375300E+2","3.054200000000000E-6"
"1006","1.0031944295815527E+0","1.3632235373193326E-21","8.9795424367459428E-15","-5.2657117056604892E-14","3.8287332622512105E-2","-1.5097062118366401E-2","3.0002349257220402E+0","4.1452919778437982E+0","2.4097557889510495E+2","1.6809581432506101E+2","3.054200000000000E-6"
"1005","1.0031957729540646E+0","1.3449371408551755E-21","9.0288364980191624E-15","-5.0824753889372236E-14","3.8253434575121391E-2","-1.5160316910140451E-2","3.0002348297982802E+0","4.1453596775334365E+0","2.4097951443739939E+2","1.6812687337374300E+2","3.054200000000000E-6"
"1004","1.0031971227189318E+0","1.3470955217503024E-21","9.2812373668056535E-15","-5.1321048927143252E-14","3.8219405673264234E-2","-1.5223476740280861E-2","3.0002347334616002E+0","4.1454276770159169E+0","2.4098346740735730E+2","1.6815806306882300E+2","3.054200000000000E-6"
"1003","1.0031984788778485E+0","1.3695070152611435E-21","9.0574711149499955E-15","-5.2766832935483119E-14","3.8185246266989964E-2","-1.5286541282537832E-2","3.0002346367124701E+0","4.1454959760606682E+0","2.4098743779157508E+2","1.6818938192642199E+2","3.054200000000000E-6"
"1002","1.0031998414325227E+0","1.3614902957812265E-21","9.1053419001875227E-15","-4.7153930532452427E-14","3.8150956707293029E-2","-1.5349510212091173E-2","3.0002345395514101E+0","4.1455645744313498E+0","2.4099142557631367E+2","1.6822083945029900E+2","3.054200000000000E-6"
"1001","1.0032012103846595E+0","1.3636966848755701E-21","9.3295355251816768E-15","-5.0809583611214844E-14","3.8116537346320312E-2","-1.5412383205629132E-2","3.0002344419788698E+0","4.1456334718932188E+0","2.4099543074792692E+2","1.6825242620298400E+2","3.054200000000000E-6"
"1000","1.0032025857359648E+0","1.3907030435571669E-21","9.1377312783712034E-15","-4.5665085356231969E-14","3.8081988537246758E-2","-1.5475159941315490E-2","3.0002343439953698E+0","4.1457026682087825E+0","2.4099945329260882E+2","1.6828414443370201E+2","3.054200000000000E-6"
"999","1.0032039674881486E+0","1.4114171707642738E-21","9.1904927456350286E-15","-4.9129486173805273E-14","3.8047310634286867E-2","-1.5537840098795368E-2","3.0002342456014000E+0","4.1457721631394282E+0","2.4100349319648825E+2","1.6831599204094201E+2","3.054200000000000E-6"
"998","1.0032053556429192E+0","1.4077834101145548E-21","9.4051223316646153E-15","-4.4885439647398278E-14","3.8012503992683279E-2","-1.5600423359201322E-2","3.0002341467974398E+0","4.1458419564453051E+0","2.4100755044562209E+2","1.6834797706030801E+2","3.054200000000000E-6"
"997","1.0032067502019935E+0","1.3989866136332655E-21","9.4192864091609927E-15","-5.0222931209816985E-14","3.7977568968726880E-2","-1.5662909405162979E-2","3.0002340475840001E+0","4.1459120478838738E+0","2.4101162502591100E+2","1.6838008694042301E+2","3.054200000000000E-6"
"996","1.0032081511670810E+0","1.4072075430685678E-21","9.4959703932140153E-15","-4.8254378928354236E-14","3.7942505919746315E-2","-1.5725297920814941E-2","3.0002339479615898E+0","4.1459824372132861E+0","2.4101571692329577E+2","1.6841233036146201E+2","3.054200000000000E-6"
"995","1.0032095585399008E+0","1.4079110436377563E-21","9.4308163078588709E-15","-4.9467411504303241E-14","3.7907315204038741E-2","-1.5787588591776026E-2","3.0002338479307000E+0","4.1460531241875129E+0","2.4101982612347410E+2","1.6844470171116200E+2","3.054200000000000E-6"
"994","1.0032109723221700E+0","1.4226617953287150E-21","9.8073287671159365E-15","-5.0316039415813506E-14","3.7871997180924676E-2","-1.5849781105172635E-2","3.0002337474918401E+0","4.1461241085602465E+0","2.4102395261212760E+2","1.6847721228242801E+2","3.054200000000000E-6"
"993","1.0032123925156076E+0","1.4315564730517405E-21","9.6301898505539094E-15","-4.4278016091503598E-14","3.7836552210749115E-2","-1.5911875149649705E-2","3.0002336466455199E+0","4.1461953900837578E+0","2.4102809637485515E+2","1.6850984886544200E+2","3.054200000000000E-6"
"992","1.0032138191219333E+0","1.4326571206048746E-21","9.7245111201579210E-15","-4.9746479263858857E-14","3.7800980654865604E-2","-1.5973870415369077E-2","3.0002335453922599E+0","4.1462669685092335E+0","2.4103225739719269E+2","1.6854261524485801E+2","3.054200000000000E-6"
"991","1.0032152521428699E+0","1.4477987042870488E-21","9.5957152304607892E-15","-4.3773951967278795E-14","3.7765282875539714E-2","-1.6035766593983664E-2","3.0002334437325699E+0","4.1463388435845951E+0","2.4103643566448631E+2","1.6857551030670101E+2","3.054200000000000E-6"
"990","1.0032166915801410E+0","1.4465865845184364E-21","9.8874244935237541E-15","-4.8977750595848242E-14","3.7729459236085880E-2","-1.6097563378685932E-2","3.0002333416669602E+0","4.1464110150575353E+0","2.4104063116206871E+2","1.6860853946525901E+2","3.054200000000000E-6"
"989","1.0032181374354687E+0","1.4457961091373220E-21","9.9224214460281892E-15","-5.1701878111280575E-14","3.7693510100774485E-2","-1.6159260464194140E-2","3.0002332391959499E+0","4.1464834826746797E+0","2.4104484387521072E+2","1.6864169474522600E+2","3.054200000000000E-6"
"988","1.0032195897105796E+0","1.4466609382294848E-21","1.0115512300962081E-14","-5.0142589263980989E-14","3.7657435834813256E-2","-1.6220857546737067E-2","3.0002331363200798E+0","4.1465562461793439E+0","2.4104907378899063E+2","1.6867498036951901E+2","3.054200000000000E-6"
"987","1.0032210484072042E+0","1.4453252732168444E-21","1.0159433188864412E-14","-4.8156836540611037E-14","3.7621236804363745E-2","-1.6282354324074062E-2","3.0002330330398501E+0","4.1466293053132741E+0","2.4105332088839555E+2","1.6870839570799001E+2","3.054200000000000E-6"
"986","1.0032225135270660E+0","1.4629425440304409E-21","1.0147587657161963E-14","-4.6737670663905958E-14","3.7584913376577982E-2","-1.6343750495514755E-2","3.0002329293558101E+0","4.1467026598184029E+0","2.4105758515842345E+2","1.6874194181779700E+2","3.054200000000000E-6"
"985","1.0032239850718920E+0","1.4607784503473897E-21","1.0345023850473425E-14","-5.0496023361714626E-14","3.7548465919567987E-2","-1.6405045761913688E-2","3.0002328252684798E+0","4.1467763094355412E+0","2.4106186658400702E+2","1.6877561525644199E+2","3.054200000000000E-6"
"984","1.0032254630434161E+0","1.4544415892798900E-21","1.0415384617223226E-14","-5.0061152638783101E-14","3.7511894802287553E-2","-1.6466239825628146E-2","3.0002327207784001E+0","4.1468502539005145E+0","2.4106616514978919E+2","1.6880941984605599E+2","3.054200000000000E-6"
"983","1.0032269474433653E+0","1.4840884417262514E-21","1.0362910811749085E-14","-4.8693007545394291E-14","3.7475200394690454E-2","-1.6527332390591610E-2","3.0002326158860901E+0","4.1469244929502471E+0","2.4107048084047673E+2","1.6884335085675701E+2","3.054200000000000E-6"
"982","1.0032284382734693E+0","1.4809794712811775E-21","1.0310880123522141E-14","-4.4709630064272187E-14","3.7438383067642543E-2","-1.6588323162280330E-2","3.0002325105921099E+0","4.1469990263203025E+0","2.4107481364069736E+2","1.6887741296319999E+2","3.054200000000000E-6"
"981","1.0032299355354635E+0","1.4804249011950768E-21","1.0510407808563216E-14","-4.7664461798384962E-14","3.7401443192892993E-2","-1.6649211847707162E-2","3.0002324048969800E+0","4.1470738537423211E+0","2.4107916353485064E+2","1.6891160250117500E+2","3.054200000000000E-6"
"980","1.0032314392310773E+0","1.5132610519197058E-21","1.0443312497582833E-14","-4.6881435518344590E-14","3.7364381143120837E-2","-1.6709998155455083E-2","3.0002322988012500E+0","4.1471489749484958E+0","2.4108353050736841E+2","1.6894591893899999E+2","3.054200000000000E-6"
"979","1.0032329493620433E+0","1.5037234881507725E-21","1.0542749762691165E-14","-4.4602272494984957E-14","3.7327197291886792E-2","-1.6770681795654711E-2","3.0002321923054800E+0","4.1472243896686365E+0","2.4108791454254379E+2","1.6898036421818799E+2","3.054200000000000E-6"
"978","1.0032344659300956E+0","1.5034645525009784E-21","1.0696934267107123E-14","-4.9134886670885626E-14","3.7289892013642828E-2","-1.6831262479999800E-2","3.0002320854101998E+0","4.1473000976298859E+0","2.4109231562451498E+2","1.6901493995595601E+2","3.054200000000000E-6"
"977","1.0032359889369653E+0","1.5119123571227854E-21","1.0549082712049367E-14","-4.3857386445314965E-14","3.7252465683742589E-2","-1.6891739921757000E-2","3.0002319781159801E+0","4.1473760985600174E+0","2.4109673373745682E+2","1.6904963855308500E+2","3.054200000000000E-6"
"976","1.0032375183843887E+0","1.5185563289712079E-21","1.0674628315314095E-14","-4.3496024671109778E-14","3.7214918678368583E-2","-1.6952113835737272E-2","3.0002318704233599E+0","4.1474523921828510E+0","2.4110116886531429E+2","1.6908446983976401E+2","3.054200000000000E-6"
"975","1.0032390542740934E+0","1.5050800317965307E-21","1.0727860357746662E-14","-4.6723953470087991E-14","3.7177251374657438E-2","-1.7012383938362251E-2","3.0002317623328998E+0","4.1475289782240941E+0","2.4110562099214215E+2","1.6911942537971200E+2","3.054200000000000E-6"
"974","1.0032405966078228E+0","1.5046382494383814E-21","1.0775760883101166E-14","-4.6260172695163418E-14","3.7139464150466490E-2","-1.7072549947566840E-2","3.0002316538451601E+0","4.1476058564011851E+0","2.4111009010151437E+2","1.6915450890855101E+2","3.054200000000000E-6"
"973","1.0032421453873035E+0","1.5137829311830946E-21","1.1033765667365276E-14","-4.3665436104106131E-14","3.7101557384626123E-2","-1.7132611582916197E-2","3.0002315449607000E+0","4.1476830264369360E+0","2.4111457617731747E+2","1.6918972039635500E+2","3.054200000000000E-6"
"972","1.0032437006142696E+0","1.5052824671665149E-21","1.0844802610403740E-14","-4.5473734893594526E-14","3.7063531456788902E-2","-1.7192568565539700E-2","3.0002314356800999E+0","4.1477604880499106E+0","2.4111907920319078E+2","1.6922505571772101E+2","3.054200000000000E-6"
"971","1.0032452622904602E+0","1.5021566648767832E-21","1.0789857225433145E-14","-4.1194895384410299E-14","3.7025386747350036E-2","-1.7252420618116698E-2","3.0002313260039100E+0","4.1478382409538215E+0","2.4112359916249181E+2","1.6926051911134999E+2","3.054200000000000E-6"
"970","1.0032468304175994E+0","1.5071258244852547E-21","1.0802459908745002E-14","-4.0718819773980982E-14","3.6987123637701264E-2","-1.7312167464978202E-2","3.0002312159327000E+0","4.1479162848678355E+0","2.4112813603889504E+2","1.6929610802250500E+2","3.054200000000000E-6"
"969","1.0032484049974277E+0","1.5002800849822715E-21","1.1132766453533019E-14","-4.4544495562143320E-14","3.6948742509888631E-2","-1.7371808831972330E-2","3.0002311054670501E+0","4.1479946195024278E+0","2.4113268981556968E+2","1.6933182350720099E+2","3.054200000000000E-6"
"968","1.0032499860316766E+0","1.4943831281141855E-21","1.1042421122169682E-14","-4.2742859966461944E-14","3.6910243746853762E-2","-1.7431344446576989E-2","3.0002309946075401E+0","4.1480732445693658E+0","2.4113726047576017E+2","1.6936766382363101E+2","3.054200000000000E-6"
"967","1.0032515735220791E+0","1.4900051587746836E-21","1.1248675001830854E-14","-4.4549028966771363E-14","3.6871627732314234E-2","-1.7490774037847937E-2","3.0002308833547402E+0","4.1481521597783466E+0","2.4114184800259048E+2","1.6940363177171400E+2","3.054200000000000E-6"
"966","1.0032531674703609E+0","1.5001107772924353E-21","1.1108683349077981E-14","-4.2835294595329759E-14","3.6832894850866937E-2","-1.7550097336471542E-2","3.0002307717092300E+0","4.1482313648402434E+0","2.4114645237925299E+2","1.6943972571362099E+2","3.054200000000000E-6"
"965","1.0032547678782655E+0","1.5095185973742201E-21","1.1317805638769794E-14","-4.3443325390548541E-14","3.6794045487707698E-2","-1.7609314074656032E-2","3.0002306596716100E+0","4.1483108594563776E+0","2.4115107358838478E+2","1.6947594556320499E+2","3.054200000000000E-6"
"964","1.0032563747475132E+0","1.5024238883646832E-21","1.1248706912341969E-14","-4.2763306608783704E-14","3.6755080029051201E-2","-1.7668423986305994E-2","3.0002305472424400E+0","4.1483906433363602E+0","2.4115571161310490E+2","1.6951228983021201E+2","3.054200000000000E-6"
"963","1.0032579880798367E+0","1.5129413037679246E-21","1.1351249551931401E-14","-4.1730597649768523E-14","3.6715998861729549E-2","-1.7727426806870568E-2","3.0002304344223298E+0","4.1484707161815217E+0","2.4116036643605094E+2","1.6954875630670699E+2","3.054200000000000E-6"
"962","1.0032596078769664E+0","1.5117316358899813E-21","1.1476035640875443E-14","-4.1950353982649799E-14","3.6676802373376172E-2","-1.7786322273415277E-2","3.0002303212118600E+0","4.1485510776936305E+0","2.4116503803988604E+2","1.6958535233424399E+2","3.054200000000000E-6"
"961","1.0032612341406288E+0","1.5235264085291101E-21","1.1380240772564650E-14","-3.8983591476764943E-14","3.6637490952420949E-2","-1.7845110124632118E-2","3.0002302076116298E+0","4.1486317275726856E+0","2.4116972640717040E+2","1.6962206755902301E+2","3.054200000000000E-6"
"960","1.0032628668725538E+0","1.5047888986939575E-21","1.1589477564611101E-14","-3.9705936349422203E-14","3.6598064987971676E-2","-1.7903790100796721E-2","3.0002300936222399E+0","4.1487126655155802E+0","2.4117443152028378E+2","1.6965891125170501E+2","3.054200000000000E-6"
"959","1.0032645060744660E+0","1.5219888360403384E-21","1.1557197060939754E-14","-4.0658394830246984E-14","3.6558524869942932E-2","-1.7962361943822593E-2","3.0002299792442901E+0","4.1487938912193876E+0","2.4117915336161624E+2","1.6969587578706299E+2","3.054200000000000E-6"
"958","1.0032661517480919E+0","1.5101991625009634E-21","1.1740549358654208E-14","-4.2429654681210701E-14","3.6518870988965571E-2","-1.8020825397234527E-2","3.0002298644783698E+0","4.1488754043786225E+0","2.4118389191340927E+2","1.6973296670933800E+2","3.054200000000000E-6"
"957","1.0032678038951532E+0","1.4893409802627168E-21","1.1848232673121323E-14","-4.0866151930377464E-14","3.6479103736376084E-2","-1.8079180206168926E-2","3.0002297493250998E+0","4.1489572046861136E+0","2.4118864715780623E+2","1.6977018039479000E+2","3.054200000000000E-6"
"956","1.0032694625173777E+0","1.4948985786863121E-21","1.1691390410779059E-14","-3.6486525654439555E-14","3.6439223504247692E-2","-1.8137426117384073E-2","3.0002296337850698E+0","4.1490392918320076E+0","2.4119341907679467E+2","1.6980751764247000E+2","3.054200000000000E-6"
"955","1.0032711276164814E+0","1.4894038760018256E-21","1.2065706973956938E-14","-3.9624935748836786E-14","3.6399230685382485E-2","-1.8195562879278197E-2","3.0002295178589100E+0","4.1491216655075283E+0","2.4119820765242463E+2","1.6984497990019000E+2","3.054200000000000E-6"
"954","1.0032727991941879E+0","1.4889829074543075E-21","1.1829760893916381E-14","-4.2525555783928942E-14","3.6359125673269821E-2","-1.8253590241861278E-2","3.0002294015472302E+0","4.1492043253992081E+0","2.4120301286647359E+2","1.6988256162684499E+2","3.054200000000000E-6"
"953","1.0032744772522162E+0","1.4807017539691870E-21","1.2040334911627077E-14","-3.9536516684773060E-14","3.6318908862062266E-2","-1.8311507956764655E-2","3.0002292848506400E+0","4.1492872711922004E+0","2.4120783470063876E+2","1.6992026831391499E+2","3.054200000000000E-6"
"952","1.0032761617922821E+0","1.4643851239829273E-21","1.1979223936091337E-14","-3.7878875741099270E-14","3.6278580646645450E-2","-1.8369315777262904E-2","3.0002291677697501E+0","4.1493705025714087E+0","2.4121267313660277E+2","1.6995810079153699E+2","3.054200000000000E-6"
"951","1.0032778528161004E+0","1.4617183704219576E-21","1.2250804908437295E-14","-4.0556016842709368E-14","3.6238141422586898E-2","-1.8427013458267315E-2","3.0002290503052000E+0","4.1494540192200633E+0","2.4121752815595107E+2","1.6999605237260300E+2","3.054200000000000E-6"
"950","1.0032795503253888E+0","1.4682016339035541E-21","1.2394570834099450E-14","-4.1449898248359611E-14","3.6197591586072407E-2","-1.8484600756301268E-2","3.0002289324576101E+0","4.1495378208163034E+0","2.4122239973997321E+2","1.7003412293203201E+2","3.054200000000000E-6"
"949","1.0032812543218557E+0","1.4640564269099696E-21","1.2312647939932636E-14","-3.7774255849188680E-14","3.6156931534011005E-2","-1.8542077429548529E-2","3.0002288142275999E+0","4.1496219070409737E+0","2.4122728787011587E+2","1.7007232018430400E+2","3.054200000000000E-6"
"948","1.0032829648072137E+0","1.4599300960724790E-21","1.2365898775860188E-14","-4.1415115981378993E-14","3.6116161663943179E-2","-1.8599443237820822E-2","3.0002286956158000E+0","4.1497062775704228E+0","2.4123219252756448E+2","1.7011063878738301E+2","3.054200000000000E-6"
"947","1.0032846817831702E+0","1.4474946336952273E-21","1.2305931855782521E-14","-3.7064174587198228E-14","3.6075282374047120E-2","-1.8656697942570261E-2","3.0002285766228400E+0","4.1497909320801432E+0","2.4123711369345457E+2","1.7014907872032600E+2","3.054200000000000E-6"
"946","1.0032864052514319E+0","1.4402279997264963E-21","1.2360946958429129E-14","-4.0364385407590007E-14","3.6034294063167743E-2","-1.8713841306895903E-2","3.0002284572493600E+0","4.1498758702435925E+0","2.4124205134880359E+2","1.7018763945673300E+2","3.054200000000000E-6"
"945","1.0032881352137033E+0","1.4348158544860427E-21","1.2543367741356964E-14","-3.9872883270548869E-14","3.5993197130746203E-2","-1.8770873095532683E-2","3.0002283374960101E+0","4.1499610917319050E+0","2.4124700547449365E+2","1.7022632168997001E+2","3.054200000000000E-6"
"944","1.0032898716716852E+0","1.4343683801187933E-21","1.2563272975834598E-14","-3.5556406747557372E-14","3.5951991976889350E-2","-1.8827793074876344E-2","3.0002282173634098E+0","4.1500465962163755E+0","2.4125197605141651E+2","1.7026512321762499E+2","3.054200000000000E-6"
"943","1.0032916146270798E+0","1.4171622600743967E-21","1.2683645799028191E-14","-3.6780930740724706E-14","3.5910679002283945E-2","-1.8884601012955825E-2","3.0002280968522101E+0","4.1501323833637391E+0","2.4125696306019853E+2","1.7030405080074601E+2","3.054200000000000E-6"
"942","1.0032933640815835E+0","1.4211188473209348E-21","1.2692852754557606E-14","-3.7855534236598853E-14","3.5869258608246218E-2","-1.8941296679457664E-2","3.0002279759630599E+0","4.1502184528409725E+0","2.4126196648148039E+2","1.7034309345352901E+2","3.054200000000000E-6"
"941","1.0032955402261254E+0","7.7036123912549046E-22","-1.2910036537441906E-14","-3.8849398552465855E-14","3.5817800902139312E-2","1.9011372203801283E-2","3.0002278256889698E+0","4.1503254620639183E+0","2.4126818717946364E+2","1.7039162763825300E+2","3.054200000000000E-6"
"940","1.0032990747517270E+0","7.4734284520947871E-22","-1.2679073479160790E-14","-3.5897484921828051E-14","3.5734375944599071E-2","1.9124146182464049E-2","3.0002275818472501E+0","4.1504991439454999E+0","2.4127828371601197E+2","1.7047037412355201E+2","3.054200000000000E-6"
"939","1.0033026353024426E+0","7.4830643913352382E-22","-1.2938500660497907E-14","-3.3505375099569273E-14","3.5650528140317821E-2","1.9236467244900111E-2","3.0002273365047998E+0","4.1506739494059142E+0","2.4128844556884223E+2","1.7054959977885099E+2","3.054200000000000E-6"
"938","1.0033062218917375E+0","7.7126146712039166E-22","-1.2979464102639837E-14","-3.5131222423806382E-14","3.5566260726434797E-2","1.9348333624594049E-2","3.0002270896668999E+0","4.1508498756919812E+0","2.4129867257790562E+2","1.7062930226156300E+2","3.054200000000000E-6"
"937","1.0033098345330338E+0","7.9101312741797711E-22","-1.2934348649290733E-14","-3.4871979478465777E-14","3.5481576948857139E-2","1.9459743581604044E-2","3.0002268413388999E+0","4.1510269200217440E+0","2.4130896458148047E+2","1.7070947763595501E+2","3.054200000000000E-6"
"936","1.0033134732396998E+0","7.6271637134177859E-22","-1.3086112889802094E-14","-3.3464925641360836E-14","3.5396480062091049E-2","1.9570695402638040E-2","3.0002265915261699E+0","4.1512050795846998E+0","2.4131932141618557E+2","1.7079013121612101E+2","3.054200000000000E-6"
"935","1.0033171380250672E+0","7.7035988430209093E-22","-1.3320458252409552E-14","-3.4410920252353720E-14","3.5310973328821132E-2","1.9681187401016438E-2","3.0002263402341400E+0","4.1513843515369411E+0","2.4132974291669797E+2","1.7087125124409900E+2","3.054200000000000E-6"
"934","1.0033208289023974E+0","7.6362431211085285E-22","-1.3897570675172506E-14","-3.5681743844021349E-14","3.5225060019901083E-2","1.9791217916844191E-2","3.0002260874682700E+0","4.1515647330107432E+0","2.4134022891630997E+2","1.7095284367699699E+2","3.054200000000000E-6"
"933","1.0033245458849134E+0","7.4275448515752350E-22","-1.3793932459301146E-14","-3.6986743696629435E-14","3.5138743413847630E-2","1.9900785316912882E-2","3.0002258332340701E+0","4.1517462211032532E+0","2.4135077924627200E+2","1.7103490032985201E+2","3.054200000000000E-6"
"932","1.0033282889857726E+0","7.7604307636528786E-22","-1.4085144072257294E-14","-3.4840457599387906E-14","3.5052026796706201E-2","2.0009887994804108E-2","3.0002255775371101E+0","4.1519288128838019E+0","2.4136139373621731E+2","1.7111742762939301E+2","3.054200000000000E-6"
"931","1.0033320582180738E+0","7.6395487597487118E-22","-1.4084827333564650E-14","-3.1879283153887895E-14","3.4964913461834897E-2","2.0118524370938029E-2","3.0002253203829801E+0","4.1521125053930241E+0","2.4137207221411103E+2","1.7120041518343399E+2","3.054200000000000E-6"
"930","1.0033358535948551E+0","7.7799655793791806E-22","-1.4494616901647954E-14","-3.3684783125973682E-14","3.4877406709526125E-2","2.0226692892545368E-2","3.0002250617773201E+0","4.1522972956388440E+0","2.4138281450601681E+2","1.7128386464137799E+2","3.054200000000000E-6"
"929","1.0033396751290917E+0","8.0811436679074473E-22","-1.4431022786180378E-14","-3.0952250115201986E-14","3.4789509846815683E-2","2.0334392033723520E-2","3.0002248017258202E+0","4.1524831805997628E+0","2.4139362043628776E+2","1.7136777701976601E+2","3.054200000000000E-6"
"928","1.0033435228336904E+0","7.9267430937862647E-22","-1.4710036470032450E-14","-3.4007982778766063E-14","3.4701226187234847E-2","2.0441620295473355E-2","3.0002245402342198E+0","4.1526701572241187E+0","2.4140448982752361E+2","1.7145214696786300E+2","3.054200000000000E-6"
"927","1.0033473967214916E+0","8.0934375459244991E-22","-1.4590929817372936E-14","-3.4466301775608251E-14","3.4612559050525932E-2","2.0548376205694076E-2","3.0002242773082801E+0","4.1528582224290203E+0","2.4141542250050861E+2","1.7153697132004299E+2","3.054200000000000E-6"
"926","1.0033512968052603E+0","8.1037962114482262E-22","-1.4830044057626185E-14","-3.1508641415842095E-14","3.4523511762375995E-2","2.0654658319210518E-2","3.0002240129538200E+0","4.1530473731017628E+0","2.4142641827429395E+2","1.7162225404003399E+2","3.054200000000000E-6"
"925","1.0033552230976919E+0","8.4441473686033032E-22","-1.4925791322417615E-14","-3.0824101958367854E-14","3.4434087654208946E-2","2.0760465217805127E-2","3.0002237471767201E+0","4.1532376060978207E+0","2.4143747696608094E+2","1.7170798453200601E+2","3.054200000000000E-6"
"924","1.0133414961722249E+0","7.7228654079786518E-22","-1.9604047182224276E-13","4.8318961900424855E-13","-2.6239788792407820E-2","7.9374288165142727E-3","3.0002235386990299E+0","4.1533868715916586E+0","2.4144615412054412E+2","1.7177520656883101E+2","3.054200000000000E-6"
"923","1.0133384646674433E+0","7.7226304886846931E-22","-1.9640522143257153E-13","4.8373863927079683E-13","-2.6232157409213738E-2","7.9625170092224827E-3","3.0002234047272802E+0","4.1534828134163702E+0","2.4145173144462009E+2","1.7181841733141400E+2","3.054200000000000E-6"
"922","1.0133354238198262E+0","7.7275422871620281E-22","-1.9674030417641474E-13","4.8372123793827738E-13","-2.6224501364359790E-2","7.9876023405940407E-3","3.0002232704032501E+0","4.1535790240017292E+0","2.4145732439238509E+2","1.7186174009784301E+2","3.054200000000000E-6"
"921","1.0133323736334627E+0","7.7203673225287443E-22","-1.9840804017994903E-13","4.8595085340985361E-13","-2.6216820656601580E-2","8.0126847959121929E-3","3.0002231357276901E+0","4.1536755029398629E+0","2.4146293294012850E+2","1.7190517462933201E+2","3.054200000000000E-6"
"920","1.0133293141124802E+0","7.7186227986168847E-22","-1.9475939614394652E-13","4.7540043924884250E-13","-2.6209115284786654E-2","8.0377643604264311E-3","3.0002230007013502E+0","4.1537722498263188E+0","2.4146855706433843E+2","1.7194872066179099E+2","3.054200000000000E-6"
"919","1.0133262452610283E+0","7.7112153962314228E-22","-1.9608967478079107E-13","4.7807246392572960E-13","-2.6201385247728873E-2","8.0628410193510098E-3","3.0002228653249898E+0","4.1538692642529131E+0","2.4147419674128633E+2","1.7199237797323801E+2","3.054200000000000E-6"
"918","1.0133231670832774E+0","7.7072573370003100E-22","-1.9391812468269583E-13","4.7039863336785259E-13","-2.6193630544282268E-2","8.0879147578676522E-3","3.0002227295993600E+0","4.1539665458066919E+0","2.4147985194696619E+2","1.7203614629252300E+2","3.054200000000000E-6"
"917","1.0133200795834332E+0","7.7042009046369283E-22","-1.9741544632074133E-13","4.7779312951352597E-13","-2.6185851173321020E-2","8.1129855611221761E-3","3.0002225935252298E+0","4.1540640940776150E+0","2.4148552265754134E+2","1.7208002538830601E+2","3.054200000000000E-6"
"916","1.0133169827657198E+0","7.6960664104930436E-22","-1.9492053773715572E-13","4.7014332126459731E-13","-2.6178047133751485E-2","8.1380534142297348E-3","3.0002224571033600E+0","4.1541619086479722E+0","2.4149120884872937E+2","1.7212401498758399E+2","3.054200000000000E-6"
"915","1.0133138766344019E+0","7.6893720377956453E-22","-1.9617919054090396E-13","4.7295493453858823E-13","-2.6170218424495933E-2","8.1631183022694547E-3","3.0002223203345100E+0","4.1542599891046219E+0","2.4149691049651332E+2","1.7216811486263799E+2","3.054200000000000E-6"
"914","1.0133107611937551E+0","7.6869980294376310E-22","-1.9493443954218660E-13","4.6824778620194600E-13","-2.6162365044491650E-2","8.1881802102884461E-3","3.0002221832194498E+0","4.1543583350260480E+0","2.4150262757638956E+2","1.7221232474374000E+2","3.054200000000000E-6"
"913","1.0133076364480922E+0","7.7003040567711705E-22","-1.9866861287321725E-13","4.7691349919727749E-13","-2.6154486992701523E-2","8.2132391232999490E-3","3.0002220457589499E+0","4.1544569459934841E+0","2.4150836006401417E+2","1.7225664439276400E+2","3.054200000000000E-6"
"912","1.0133045024017486E+0","7.7057460780211431E-22","-1.9709606565845928E-13","4.7141827960237460E-13","-2.6146584268123767E-2","8.2382950262856955E-3","3.0002219079537902E+0","4.1545558215825276E+0","2.4151410793471561E+2","1.7230107353789799E+2","3.054200000000000E-6"
"911","1.0133013590590925E+0","7.7054077611506092E-22","-1.9231209886975790E-13","4.5900104047517374E-13","-2.6138656869781229E-2","8.2633479041933355E-3","3.0002217698047500E+0","4.1546549613704453E+0","2.4151987116391942E+2","1.7234561192879701E+2","3.054200000000000E-6"
"910","1.0132982064245144E+0","7.7033207844651370E-22","-1.9094363989751618E-13","4.5451249929691908E-13","-2.6130704796688616E-2","8.2883977419379428E-3","3.0002216313125998E+0","4.1547543649302741E+0","2.4152564972680523E+2","1.7239025932587001E+2","3.054200000000000E-6"
"909","1.0132950445024316E+0","7.7025713588301076E-22","-1.9568538847895473E-13","4.6452825403585666E-13","-2.6122728047887199E-2","8.3134445244027015E-3","3.0002214924781199E+0","4.1548540318320768E+0","2.4153144359837975E+2","1.7243501547315401E+2","3.054200000000000E-6"
"908","1.0132918732972953E+0","7.7028608720444924E-22","-1.9510742374352178E-13","4.6133178301356727E-13","-2.6114726622505694E-2","8.3384882364386567E-3","3.0002213533021100E+0","4.1549539616477373E+0","2.4153725275375567E+2","1.7247988009535001E+2","3.054200000000000E-6"
"907","1.0132886928135765E+0","7.7116463573304190E-22","-1.9545948717750608E-13","4.6016310841744141E-13","-2.6106700519625017E-2","8.3635288628649464E-3","3.0002212137853501E+0","4.1550541539429533E+0","2.4154307716768585E+2","1.7252485294285600E+2","3.054200000000000E-6"
"906","1.0132855030557801E+0","7.7099804155767378E-22","-1.9578785030111082E-13","4.6018971986307170E-13","-2.6098649738370248E-2","8.3885663884683982E-3","3.0002210739286199E+0","4.1551546082841186E+0","2.4154891681496380E+2","1.7256993376203900E+2","3.054200000000000E-6"
"905","1.0132823040284316E+0","7.7153496449328240E-22","-1.9148201078774376E-13","4.5044059578983232E-13","-2.6090574277901041E-2","8.4136007980043729E-3","3.0002209337327299E+0","4.1552553242334209E+0","2.4155477167013851E+2","1.7261512228275700E+2","3.054200000000000E-6"
"904","1.0132790957360920E+0","7.7273569987045863E-22","-1.9511297318836676E-13","4.5630062730091530E-13","-2.6082474137375664E-2","8.4386320761969617E-3","3.0002207931984599E+0","4.1553563013530335E+0","2.4156064170775801E+2","1.7266041826598800E+2","3.054200000000000E-6"
"903","1.0132758781833442E+0","7.7158343727717224E-22","-1.9555791275179754E-13","4.5602651774373745E-13","-2.6074349316012074E-2","8.4636602077386609E-3","3.0002206523266302E+0","4.1554575392026250E+0","2.4156652690222487E+2","1.7270582143431801E+2","3.054200000000000E-6"
"902","1.0132726513748069E+0","7.6947652553893786E-22","-1.9320923055734580E-13","4.4891819183853216E-13","-2.6066199813043391E-2","8.4886851772923329E-3","3.0002205111180200E+0","4.1555590373407449E+0","2.4157242722787643E+2","1.7275133152514101E+2","3.054200000000000E-6"
"901","1.0132694153151143E+0","7.6880113256878839E-22","-1.9536463885175589E-13","4.5319224726979517E-13","-2.6058025627678321E-2","8.5137069694869675E-3","3.0002203695734400E+0","4.1556607953200606E+0","2.4157834265870832E+2","1.7279694828970901E+2","3.054200000000000E-6"
"900","1.0132661700089376E+0","7.6999756660678267E-22","-1.9364100815687279E-13","4.4829840686114931E-13","-2.6049826759223110E-2","8.5387255689240871E-3","3.0002202276937000E+0","4.1557628126954080E+0","2.4158427316884200E+2","1.7284267145421799E+2","3.054200000000000E-6"
"899","1.0132629154609747E+0","7.6963807391256671E-22","-1.9457917031823757E-13","4.4975084442589149E-13","-2.6041603206950568E-2","8.5637409601727107E-3","3.0002200854796102E+0","4.1558650890178903E+0","2.4159021873218211E+2","1.7288850076308000E+2","3.054200000000000E-6"
"898","1.0132596516759511E+0","7.6986803012285666E-22","-1.9396649335877636E-13","4.4764380712822718E-13","-2.6033354970189812E-2","8.5887531277730293E-3","3.0002199429319800E+0","4.1559676238367880E+0","2.4159617932252721E+2","1.7293443594709700E+2","3.054200000000000E-6"
"897","1.0132563786586211E+0","7.6922911581772084E-22","-1.9689585373642461E-13","4.5247698296291261E-13","-2.6025082048287709E-2","8.6137620562336033E-3","3.0002198000516298E+0","4.1560704167003406E+0","2.4160215491361541E+2","1.7298047674511099E+2","3.054200000000000E-6"
"896","1.0132530964137618E+0","7.6997986494166381E-22","-1.9453798398831653E-13","4.4671967929222501E-13","-2.6016784440609880E-2","8.6387677300344655E-3","3.0002196568393700E+0","4.1561734671521213E+0","2.4160814547891357E+2","1.7302662288073699E+2","3.054200000000000E-6"
"895","1.0132498049461880E+0","7.6957586993049126E-22","-1.9241764156344585E-13","4.3975719205460713E-13","-2.6008462146547739E-2","8.6637701336255962E-3","3.0002195132960301E+0","4.1562767747361908E+0","2.4161415099191686E+2","1.7307287409687501E+2","3.054200000000000E-6"
"894","1.0132465042607355E+0","7.6908005787132542E-22","-1.9292113144680731E-13","4.4011049508192205E-13","-2.6000115165513624E-2","8.6887692514271697E-3","3.0002193694224202E+0","4.1563803389935936E+0","2.4162017142594513E+2","1.7311923013167601E+2","3.054200000000000E-6"
"893","1.0132431943622735E+0","7.6857183810297327E-22","-1.9666534090851125E-13","4.4712180009651043E-13","-2.5991743496947429E-2","8.7137650678304011E-3","3.0002192252193698E+0","4.1564841594636350E+0","2.4162620675421707E+2","1.7316569071713599E+2","3.054200000000000E-6"
"892","1.0132398752556928E+0","7.6954071475445812E-22","-1.9297954360616891E-13","4.3827825596584653E-13","-2.5983347140328419E-2","8.7387575671979308E-3","3.0002190806877200E+0","4.1565882356825492E+0","2.4163225694977294E+2","1.7321225556583701E+2","3.054200000000000E-6"
"891","1.0132365469459210E+0","7.6918353816595898E-22","-1.9396543991227215E-13","4.3972391175242184E-13","-2.5974926095143420E-2","8.7637467338629264E-3","3.0002189358282800E+0","4.1566925671868207E+0","2.4163832198566743E+2","1.7325892442619099E+2","3.054200000000000E-6"
"890","1.0132332094379064E+0","7.6995488408715932E-22","-1.9116997015044148E-13","4.3174230198224721E-13","-2.5966480360901864E-2","8.7887325521300071E-3","3.0002187906419100E+0","4.1567971535074530E+0","2.4164440183463674E+2","1.7330569701743201E+2","3.054200000000000E-6"
"889","1.0132298627366358E+0","7.7010940142558531E-22","-1.9328961166320246E-13","4.3574381418894741E-13","-2.5958009937149879E-2","8.8137150062759569E-3","3.0002186451294199E+0","4.1569019941775522E+0","2.4165049646953915E+2","1.7335257308617500E+2","3.054200000000000E-6"
"888","1.0132265068471153E+0","7.7011841769426072E-22","-1.9296426868523847E-13","4.3363833939307600E-13","-2.5949514823458374E-2","8.8386940805487129E-3","3.0002184992916701E+0","4.1570070887250719E+0","2.4165660586293356E+2","1.7339955234494900E+2","3.054200000000000E-6"
"887","1.0132231417743802E+0","7.7001832884014182E-22","-1.9441727224777937E-13","4.3511395308765642E-13","-2.5940995019403015E-2","8.8636697591690360E-3","3.0002183531294899E+0","4.1571124366753729E+0","2.4166272998722800E+2","1.7344663452522499E+2","3.054200000000000E-6"
"886","1.0132197675235015E+0","7.7043597233142127E-22","-1.9099658142060286E-13","4.2646558944463500E-13","-2.5932450524626470E-2","8.8886420263296056E-3","3.0002182066437300E+0","4.1572180375546743E+0","2.4166886881488057E+2","1.7349381934857200E+2","3.054200000000000E-6"
"885","1.0132163840995745E+0","7.7046624714184026E-22","-1.9215281048749600E-13","4.2881093880118893E-13","-2.5923881338743595E-2","8.9136108661953557E-3","3.0002180598352401E+0","4.1573238908856416E+0","2.4167502231814260E+2","1.7354110655762599E+2","3.054200000000000E-6"
"884","1.0132129915077228E+0","7.7056625327789783E-22","-1.9034048021875660E-13","4.2432865286335370E-13","-2.5915287461437755E-2","8.9385762629044276E-3","3.0002179127048598E+0","4.1574299961881058E+0","2.4168119046910084E+2","1.7358849586061700E+2","3.054200000000000E-6"
"883","1.0132095897530999E+0","7.7006829054914103E-22","-1.9026559350192078E-13","4.2302654586529075E-13","-2.5906668892392778E-2","8.9635382005670804E-3","3.0002177652534501E+0","4.1575363529807055E+0","2.4168737323977251E+2","1.7363598699233199E+2","3.054200000000000E-6"
"882","1.0132061788408917E+0","7.7006266572097557E-22","-1.9146291035135044E-13","4.2571171820301853E-13","-2.5898025631339239E-2","8.9884966632677865E-3","3.0002176174818600E+0","4.1576429607810947E+0","2.4169357060211775E+2","1.7368357967753599E+2","3.054200000000000E-6"
"881","1.0132027587763075E+0","7.6977050552862221E-22","-1.9435803737506349E-13","4.2980619367104296E-13","-2.5889357678006878E-2","9.0134516350635577E-3","3.0002174693909600E+0","4.1577498191024640E+0","2.4169978252783716E+2","1.7373127363770899E+2","3.054200000000000E-6"
"880","1.0131993295645876E+0","7.6932697128416939E-22","-1.9393507854555537E-13","4.2717777668676852E-13","-2.5880665032180311E-2","9.0384030999865420E-3","3.0002173209815899E+0","4.1578569274571020E+0","2.4170600898857896E+2","1.7377906858788899E+2","3.054200000000000E-6"
"879","1.0131958912110053E+0","7.6880998340132374E-22","-1.9240252851764905E-13","4.2283503945883135E-13","-2.5871947693659282E-2","9.0633510420403615E-3","3.0002171722546400E+0","4.1579642853568464E+0","2.4171224995596515E+2","1.7382696425362701E+2","3.054200000000000E-6"
"878","1.0131924437208537E+0","7.6716405941846324E-22","-1.9088911358851496E-13","4.1785369593022398E-13","-2.5863205662237154E-2","9.0882954452052248E-3","3.0002170232109502E+0","4.1580718923065465E+0","2.4171850540121142E+2","1.7387496036054699E+2","3.054200000000000E-6"
"877","1.0131889870994668E+0","7.6671440403748169E-22","-1.8886534365084094E-13","4.1325828522374150E-13","-2.5854438937782276E-2","9.1132362934339926E-3","3.0002168738514099E+0","4.1581797478149705E+0","2.4172477529576125E+2","1.7392305662570601E+2","3.054200000000000E-6"
"876","1.0131855213521992E+0","7.6690035423918057E-22","-1.9355905400431472E-13","4.2186720334491276E-13","-2.5845647520152368E-2","9.1381735706539541E-3","3.0002167241768798E+0","4.1582878513850572E+0","2.4173105961071943E+2","1.7397125278141499E+2","3.054200000000000E-6"
"875","1.0131820464844410E+0","7.6664971851357710E-22","-1.8717760036590309E-13","4.0849876988676287E-13","-2.5836831409276662E-2","9.1631072607692432E-3","3.0002165741882298E+0","4.1583962025194001E+0","2.4173735831717048E+2","1.7401954851909599E+2","3.054200000000000E-6"
"874","1.0131785625016043E+0","7.6620899668320663E-22","-1.9277822098317235E-13","4.1938012319848463E-13","-2.5827990605034736E-2","9.1880373476562905E-3","3.0002164238863500E+0","4.1585048007166678E+0","2.4174367138597074E+2","1.7406794359094599E+2","3.054200000000000E-6"
"873","1.0131750694091404E+0","7.6730649991994108E-22","-1.9018122522759837E-13","4.1201636600537971E-13","-2.5819125107432388E-2","9.2129638151690323E-3","3.0002162732721098E+0","4.1586136454766063E+0","2.4174999878803945E+2","1.7411643768171299E+2","3.054200000000000E-6"
"872","1.0131715672125188E+0","7.6846240210792255E-22","-1.8847324145302471E-13","4.0841254650743740E-13","-2.5810234916396418E-2","9.2378866471359983E-3","3.0002161223463899E+0","4.1587227362919723E+0","2.4175634049388924E+2","1.7416503053060501E+2","3.054200000000000E-6"
"871","1.0131680559172465E+0","7.6658511570773769E-22","-1.8816546740747259E-13","4.0645259452505812E-13","-2.5801320031950608E-2","9.2628058273614509E-3","3.0002159711100802E+0","4.1588320726576908E+0","2.4176269647415890E+2","1.7421372184807200E+2","3.054200000000000E-6"
"870","1.0131645355288599E+0","7.6750477511277519E-22","-1.8926778634232463E-13","4.0680906105962140E-13","-2.5792380454132513E-2","9.2877213396254793E-3","3.0002158195640698E+0","4.1589416540661519E+0","2.4176906669933996E+2","1.7426251134761000E+2","3.054200000000000E-6"
"869","1.0131610060529199E+0","7.6762785958792322E-22","-1.9116527146497939E-13","4.1166145986193344E-13","-2.5783416182978379E-2","9.3126331676853021E-3","3.0002156677092500E+0","4.1590514800049396E+0","2.4177545113964442E+2","1.7431139875135599E+2","3.054200000000000E-6"
"868","1.0131574674950226E+0","7.6708109320302562E-22","-1.8644062490488886E-13","3.9975983031696118E-13","-2.5774427218601913E-2","9.3375412952739750E-3","3.0002155155465000E+0","4.1591615499624348E+0","2.4178184976533063E+2","1.7436038375265500E+2","3.054200000000000E-6"
"867","1.0131539198607884E+0","7.6747590650939606E-22","-1.8530138564943508E-13","3.9686325188494913E-13","-2.5765413561078587E-2","9.3624457061013688E-3","3.0002153630767201E+0","4.1592718634229531E+0","2.4178826254642073E+2","1.7440946608494099E+2","3.054200000000000E-6"
"866","1.0131503631558694E+0","7.6811945302596252E-22","-1.8902535858677566E-13","4.0338088021842646E-13","-2.5756375210538363E-2","9.3873463838540522E-3","3.0002152103008202E+0","4.1593824198689813E+0","2.4179468945283037E+2","1.7445864546540199E+2","3.054200000000000E-6"
"865","1.0131467973859536E+0","7.6846686888323429E-22","-1.8870984628896339E-13","4.0111128785097992E-13","-2.5747312167181746E-2","9.4122433121965592E-3","3.0002150572196902E+0","4.1594932187837310E+0","2.4180113045451745E+2","1.7450792158789699E+2","3.054200000000000E-6"
"864","1.0131432225567476E+0","7.6878161110631071E-22","-1.8680014370284922E-13","3.9663600939600363E-13","-2.5738224431170399E-2","9.4371364747703485E-3","3.0002149038342401E+0","4.1596042596437108E+0","2.4180758552105019E+2","1.7455729416866399E+2","3.054200000000000E-6"
"863","1.0131396386739966E+0","7.6852195911203248E-22","-1.8681320547850234E-13","3.9555943421868837E-13","-2.5729112002720829E-2","9.4620258551950092E-3","3.0002147501453602E+0","4.1597155419267793E+0","2.4181405462207530E+2","1.7460676292515501E+2","3.054200000000000E-6"
"862","1.0131360457434728E+0","7.6772770028785644E-22","-1.9065253126855388E-13","4.0312438745237861E-13","-2.5719974882064570E-2","9.4869114370674940E-3","3.0002145961539801E+0","4.1598270651070814E+0","2.4182053772702355E+2","1.7465632756970001E+2","3.054200000000000E-6"
"861","1.0131324437709752E+0","7.6808082369135452E-22","-1.8601577832721959E-13","3.9269398512894039E-13","-2.5710813069499329E-2","9.5117932039647021E-3","3.0002144418609902E+0","4.1599388286568670E+0","2.4182703480521562E+2","1.7470598778938299E+2","3.054200000000000E-6"
"860","1.0131288327623387E+0","7.6790289714159445E-22","-1.8601080529511850E-13","3.9170558568789641E-13","-2.5701626565291621E-2","9.5366711394393750E-3","3.0002142872673101E+0","4.1600508320470864E+0","2.4183354582589655E+2","1.7475574331735299E+2","3.054200000000000E-6"
"859","1.0131252127234205E+0","7.6811217383657088E-22","-1.8526168445797203E-13","3.8823439881654306E-13","-2.5692415369761142E-2","9.5615452270257327E-3","3.0002141323738698E+0","4.1601630747442151E+0","2.4184007075805138E+2","1.7480559384900599E+2","3.054200000000000E-6"
"858","1.0131215836601191E+0","7.6871874537975590E-22","-1.8814214028564369E-13","3.9445031612411427E-13","-2.5683179483268165E-2","9.5864154502341200E-3","3.0002139771815699E+0","4.1602755562174156E+0","2.4184660957082124E+2","1.7485553910229601E+2","3.054200000000000E-6"
"857","1.0131179455783508E+0","7.6831102805582836E-22","-1.8942424164809730E-13","3.9579798745789526E-13","-2.5673918906178695E-2","9.6112817925574461E-3","3.0002138216913501E+0","4.1603882759282627E+0","2.4185316223290616E+2","1.7490557877087801E+2","3.054200000000000E-6"
"856","1.0131142984840684E+0","7.6749948115685261E-22","-1.8444742686149385E-13","3.8449534969505467E-13","-2.5664633638913463E-2","9.6361442374663080E-3","3.0002136659041101E+0","4.1605012333392013E+0","2.4185972871305688E+2","1.7495571255576601E+2","3.054200000000000E-6"
"855","1.0131106423832563E+0","7.6743330670784833E-22","-1.8564144382104704E-13","3.8688209060378553E-13","-2.5655323681869586E-2","9.6610027684107102E-3","3.0002135098207998E+0","4.1606144279108728E+0","2.4186630897991921E+2","1.7500594018349199E+2","3.054200000000000E-6"
"854","1.0131069772819226E+0","7.6813095083647563E-22","-1.8348601394631152E-13","3.8208347090174573E-13","-2.5645989035517885E-2","9.6858573688222774E-3","3.0002133534423301E+0","4.1607278590993824E+0","2.4187290300187516E+2","1.7505626134037300E+2","3.054200000000000E-6"
"853","1.0131033031861096E+0","7.6741246175641206E-22","-1.8611277649932960E-13","3.8499002765629199E-13","-2.5636629700324338E-2","9.7107080221112592E-3","3.0002131967696499E+0","4.1608415263604490E+0","2.4187951074728448E+2","1.7510667574233401E+2","3.054200000000000E-6"
"852","1.0130996201018931E+0","7.6736010122363536E-22","-1.8459319922461595E-13","3.8129697522810230E-13","-2.5627245676818410E-2","9.7355547116699005E-3","3.0002130398036799E+0","4.1609554291487774E+0","2.4188613218444789E+2","1.7515718307967299E+2","3.054200000000000E-6"
"851","1.0130959280353717E+0","7.6709589973598642E-22","-1.8361503913400921E-13","3.7877600524561865E-13","-2.5617836965522171E-2","9.7603974208705264E-3","3.0002128825453598E+0","4.1610695669145068E+0","2.4189276728140067E+2","1.7520778306282401E+2","3.054200000000000E-6"
"850","1.0130922269926774E+0","7.6857605672409003E-22","-1.8435264061050412E-13","3.7927511554081355E-13","-2.5608403566988062E-2","9.7852361330668328E-3","3.0002127249956301E+0","4.1611839391064063E+0","2.4189941600609839E+2","1.7525847539284700E+2","3.054200000000000E-6"
"849","1.0130885169799786E+0","7.6689522571938290E-22","-1.8549830097128545E-13","3.8166566284393760E-13","-2.5598945481823319E-2","9.8100708315940113E-3","3.0002125671554301E+0","4.1612985451730387E+0","2.4190607832648482E+2","1.7530925977074500E+2","3.054200000000000E-6"
"848","1.0130847980034643E+0","7.6837538270748350E-22","-1.8466942063217244E-13","3.7944471167109585E-13","-2.5589462710642281E-2","9.8349014997694204E-3","3.0002124090257101E+0","4.1614133845587356E+0","2.4191275421025759E+2","1.7536013589106400E+2","3.054200000000000E-6"
"847","1.0130810700693547E+0","7.7008359339046659E-22","-1.8370917382566479E-13","3.7551448455027873E-13","-2.5579955254060711E-2","9.8597281208909586E-3","3.0002122506074098E+0","4.1615284567041169E+0","2.4191944362489861E+2","1.7541110345994201E+2","3.054200000000000E-6"
"846","1.0130773331839076E+0","7.6805212052409542E-22","-1.8395721746486098E-13","3.7474915563620786E-13","-2.5570423112771197E-2","9.8845506782400186E-3","3.0002120919014899E+0","4.1616437610522352E+0","2.4192614653803125E+2","1.7546216217035700E+2","3.054200000000000E-6"
"845","1.0130735873534060E+0","7.6793664611058228E-22","-1.8111658974851534E-13","3.6909525450259065E-13","-2.5560866287461410E-2","9.9093691550804931E-3","3.0002119329088899E+0","4.1617592970405912E+0","2.4193286291695608E+2","1.7551331172340500E+2","3.054200000000000E-6"
"844","1.0130698325841623E+0","7.6788775973638082E-22","-1.8297979261171708E-13","3.7173403272684796E-13","-2.5551284778844770E-2","9.9341835346575830E-3","3.0002117736305700E+0","4.1618750641053257E+0","2.4193959272889467E+2","1.7556455182110000E+2","3.054200000000000E-6"
"843","1.0130660688825266E+0","7.6752198046950991E-22","-1.7933338074850604E-13","3.6382738877654439E-13","-2.5541678587698562E-2","9.9589938002019023E-3","3.0002116140674802E+0","4.1619910616821585E+0","2.4194633594104403E+2","1.7561588214914300E+2","3.054200000000000E-6"
"842","1.0130622962548654E+0","7.6906425872161476E-22","-1.7990974742186233E-13","3.6483990433368782E-13","-2.5532047714756919E-2","9.9837999349251458E-3","3.0002114542206000E+0","4.1621072892004065E+0","2.4195309252022909E+2","1.7566730241614900E+2","3.054200000000000E-6"
"841","1.0130585147075908E+0","7.6963137374958321E-22","-1.8398327130587809E-13","3.7127170112223051E-13","-2.5522392160845536E-2","1.0008601922023203E-2","3.0002112940908701E+0","4.1622237460922253E+0","2.4195986243343958E+2","1.7571881231799500E+2","3.054200000000000E-6"
"840","1.0130547242471357E+0","7.6874538059547756E-22","-1.7928512277528378E-13","3.6230144000576565E-13","-2.5512711926807173E-2","1.0033399744677363E-2","3.0002111336792598E+0","4.1623404317846289E+0","2.4196664564736665E+2","1.7577041153065099E+2","3.054200000000000E-6"
"839","1.0130509248799677E+0","7.6888658032604009E-22","-1.8288978256086263E-13","3.6817688695448138E-13","-2.5503007013466958E-2","1.0058193386050827E-2","3.0002109729867499E+0","4.1624573457034852E+0","2.4197344212863453E+2","1.7582209977240501E+2","3.054200000000000E-6"
"838","1.0130471166125823E+0","7.6804732287654193E-22","-1.7940963933674757E-13","3.6027895768490200E-13","-2.5493277421739544E-2","1.0082982829292909E-2","3.0002108120142901E+0","4.1625744872723782E+0","2.4198025184373483E+2","1.7587387671478001E+2","3.054200000000000E-6"
"837","1.0130432994515051E+0","7.6852874199304958E-22","-1.7889953407955168E-13","3.5877172718538006E-13","-2.5483523152502678E-2","1.0107768057536815E-2","3.0002106507628699E+0","4.1626918559114712E+0","2.4198707475896029E+2","1.7592574206646100E+2","3.054200000000000E-6"
"836","1.0130394734032973E+0","7.6880684011499119E-22","-1.7873847859185617E-13","3.5717701767672184E-13","-2.5473744206720331E-2","1.0132549053900495E-2","3.0002104892334498E+0","4.1628094510418103E+0","2.4199391084065493E+2","1.7597769551213301E+2","3.054200000000000E-6"
"835","1.0130356384745447E+0","7.6815220937821667E-22","-1.7871606711512674E-13","3.5716802339316193E-13","-2.5463940585338643E-2","1.0157325801487455E-2","3.0002103274270202E+0","4.1629272720796964E+0","2.4200076005488694E+2","1.7602973674721400E+2","3.054200000000000E-6"
"834","1.0130317946718685E+0","7.6697000284675547E-22","-1.7894760532870969E-13","3.5580476689113441E-13","-2.5454112289357650E-2","1.0182098283388027E-2","3.0002101653445501E+0","4.1630453184403917E+0","2.4200762236766423E+2","1.7608186546036899E+2","3.054200000000000E-6"
"833","1.0130279420019133E+0","7.6699945047655873E-22","-1.7854592776924837E-13","3.5404708753125245E-13","-2.5444259319780796E-2","1.0206866482676168E-2","3.0002100029870298E+0","4.1631635895356576E+0","2.4201449774479096E+2","1.7613408134270301E+2","3.054200000000000E-6"
"832","1.0130240804713631E+0","7.6687793764457491E-22","-1.7964772813622464E-13","3.5590541518807776E-13","-2.5434381677662606E-2","1.0231630382412904E-2","3.0002098403554300E+0","4.1632820847774008E+0","2.4202138615208005E+2","1.7618638408710601E+2","3.054200000000000E-6"
"831","1.0130202100869270E+0","7.6694187870592670E-22","-1.7753401753760202E-13","3.5204018706852725E-13","-2.5424479364081629E-2","1.0256389965646685E-2","3.0002096774507598E+0","4.1634008035742873E+0","2.4202828755515571E+2","1.7623877337047301E+2","3.054200000000000E-6"
"830","1.0130163308553410E+0","7.6586100179950359E-22","-1.8036201721837900E-13","3.5572033274894867E-13","-2.5414552380098345E-2","1.0281145215411087E-2","3.0002095142739900E+0","4.1635197453304409E+0","2.4203520191937832E+2","1.7629124889665499E+2","3.054200000000000E-6"
"829","1.0130124427833833E+0","7.6730840243535004E-22","-1.7682410240043153E-13","3.4825694038299037E-13","-2.5404600726886866E-2","1.0305896114727238E-2","3.0002093508261098E+0","4.1636389094530699E+0","2.4204212921028750E+2","1.7634381033443000E+2","3.054200000000000E-6"
"828","1.0130085458778517E+0","7.6733015728545981E-22","-1.7838419035401281E-13","3.5056966823236028E-13","-2.5394624405555493E-2","1.0330642646603707E-2","3.0002091871081298E+0","4.1637582953427712E+0","2.4204906939303856E+2","1.7639645739059500E+2","3.054200000000000E-6"
"827","1.0130046401455794E+0","7.6754464521829381E-22","-1.7924529971151357E-13","3.5147684273997696E-13","-2.5384623417291825E-2","1.0355384794036582E-2","3.0002090231210401E+0","4.1638779023991388E+0","2.4205602243272847E+2","1.7644918974179100E+2","3.054200000000000E-6"
"826","1.0130007255934319E+0","7.6703841068341130E-22","-1.7336330615349436E-13","3.3973588858173164E-13","-2.5374597763318338E-2","1.0380122540010250E-2","3.0002088588658400E+0","4.1639977300214834E+0","2.4206298829443770E+2","1.7650200706854201E+2","3.054200000000000E-6"
"825","1.0129968022282996E+0","7.6643928376573926E-22","-1.7658738598872942E-13","3.4507164336681247E-13","-2.5364547444833570E-2","1.0404855867495361E-2","3.0002086943435300E+0","4.1641177776043712E+0","2.4206996694297104E+2","1.7655490906861999E+2","3.054200000000000E-6"
"824","1.0129928700571083E+0","7.6644920993309191E-22","-1.7583211623655610E-13","3.4344492189318698E-13","-2.5354472463113901E-2","1.0429584759453464E-2","3.0002085295551102E+0","4.1642380445417251E+0","2.4207695834309570E+2","1.7660789541673000E+2","3.054200000000000E-6"
"823","1.0129889290868122E+0","7.6613934807563022E-22","-1.7655952458369542E-13","3.4297196873323962E-13","-2.5344372819429549E-2","1.0454309198832988E-2","3.0002083645015900E+0","4.1643585302245265E+0","2.4208396245940807E+2","1.7666096580135101E+2","3.054200000000000E-6"
"822","1.0129849793243975E+0","7.6529537569664225E-22","-1.7586276213890338E-13","3.4228955324708295E-13","-2.5334248515099675E-2","1.0479029168571925E-2","3.0002081991839900E+0","4.1644792340428785E+0","2.4209097925645344E+2","1.7671411990162400E+2","3.054200000000000E-6"
"821","1.0129810207768788E+0","7.6469475985386762E-22","-1.7756614450088374E-13","3.4451437360154562E-13","-2.5324099551445323E-2","1.0503744651598127E-2","3.0002080336032999E+0","4.1646001553829617E+0","2.4209800869854897E+2","1.7676735740441401E+2","3.054200000000000E-6"
"820","1.0129770534513025E+0","7.6486797147413750E-22","-1.7661422986525786E-13","3.4299240531431495E-13","-2.5313925929833694E-2","1.0528455630828522E-2","3.0002078677605502E+0","4.1647212936296487E+0","2.4210505074993586E+2","1.7682067798792900E+2","3.054200000000000E-6"
"819","1.0129730773547505E+0","7.6486176761954284E-22","-1.7448463104913461E-13","3.3645037443465336E-13","-2.5303727651672603E-2","1.0553162089169557E-2","3.0002077016567501E+0","4.1648426481678191E+0","2.4211210537485579E+2","1.7687408132817001E+2","3.054200000000000E-6"
"818","1.0129690924943262E+0","7.6426793465779057E-22","-1.7316346985291267E-13","3.3529054474329391E-13","-2.5293504718344833E-2","1.0577864009518080E-2","3.0002075352929101E+0","4.1649642183765065E+0","2.4211917253721043E+2","1.7692756711736800E+2","3.054200000000000E-6"
"817","1.0129650988771692E+0","7.6364697017194659E-22","-1.7286343143904550E-13","3.3285198961688588E-13","-2.5283257131306688E-2","1.0602561374761659E-2","3.0002073686700701E+0","4.1650860036345305E+0","2.4212625220088913E+2","1.7698113502656400E+2","3.054200000000000E-6"
"816","1.0129610965104465E+0","7.6344546897473035E-22","-1.7187325348644470E-13","3.3097511449431542E-13","-2.5272984892004160E-2","1.0627254167779160E-2","3.0002072017892401E+0","4.1652080033172592E+0","2.4213334432958061E+2","1.7703478474162699E+2","3.054200000000000E-6"
"815","1.0129570854013634E+0","7.6358468347182250E-22","-1.7128297187220552E-13","3.2822478303473696E-13","-2.5262688001960021E-2","1.0651942371438747E-2","3.0002070346514502E+0","4.1653302168017294E+0","2.4214044888707051E+2","1.7708851593512901E+2","3.054200000000000E-6"
"814","1.0129530655571448E+0","7.6306893635989594E-22","-1.7662936019108901E-13","3.3792939831146574E-13","-2.5252366462654829E-2","1.0676625968601314E-2","3.0002068672577300E+0","4.1654526434578090E+0","2.4214756583672775E+2","1.7714232829685400E+2","3.054200000000000E-6"
"813","1.0129490369850520E+0","7.6160350318669697E-22","-1.7268147160594140E-13","3.2906488036152896E-13","-2.5242020275664679E-2","1.0701304942119662E-2","3.0002066996090999E+0","4.1655752826554702E+0","2.4215469514192742E+2","1.7719622148375899E+2","3.054200000000000E-6"
"812","1.0129449996923805E+0","7.6326191759680446E-22","-1.7487002263517654E-13","3.3321595155068678E-13","-2.5231649442539198E-2","1.0725979274836669E-2","3.0002065317066000E+0","4.1656981337643719E+0","2.4216183676602620E+2","1.7725019519212799E+2","3.054200000000000E-6"
"811","1.0129409536864500E+0","7.6325025435016568E-22","-1.7409102355911194E-13","3.3173953426738104E-13","-2.5221253964886555E-2","1.0750648949589575E-2","3.0002063635512699E+0","4.1658211961494160E+0","2.4216899067210440E+2","1.7730424908445400E+2","3.054200000000000E-6"
"810","1.0129368989746104E+0","7.6310938549184809E-22","-1.7430272039708281E-13","3.3169583040601810E-13","-2.5210833844306630E-2","1.0775313949207499E-2","3.0002061951441399E+0","4.1659444691726968E+0","2.4217615682307905E+2","1.7735838284533199E+2","3.054200000000000E-6"
"809","1.0129328355642517E+0","7.6214150145710032E-22","-1.7008993025690636E-13","3.2177094518596842E-13","-2.5200389082485085E-2","1.0799974256510912E-2","3.0002060264862398E+0","4.1660679521991328E+0","2.4218333518203136E+2","1.7741259613840100E+2","3.054200000000000E-6"
"808","1.0129287634627804E+0","7.6219460645242681E-22","-1.7294798991086137E-13","3.2696064669306143E-13","-2.5189919681039438E-2","1.0824629854315792E-2","3.0002058575786301E+0","4.1661916445844502E+0","2.4219052571150820E+2","1.7746688865677299E+2","3.054200000000000E-6"
"807","1.0129246826776446E+0","7.6165238956090069E-22","-1.7059410191455939E-13","3.2290335867992215E-13","-2.5179425641703244E-2","1.0849280725429967E-2","3.0002056884223500E+0","4.1663155456875698E+0","2.4219772837424210E+2","1.7752126005612399E+2","3.054200000000000E-6"
"806","1.0129205932163210E+0","7.6216209825435618E-22","-1.7120684215938036E-13","3.2235153586230731E-13","-2.5168906966195788E-2","1.0873926852654590E-2","3.0002055190184400E+0","4.1664396548645701E+0","2.4220494313280042E+2","1.7757571001990601E+2","3.054200000000000E-6"
"805","1.0129164950863119E+0","7.6155155624423491E-22","-1.7221766296957556E-13","3.2356295398534137E-13","-2.5158363656250772E-2","1.0898568218786620E-2","3.0002053493679601E+0","4.1665639714664904E+0","2.4221216994945752E+2","1.7763023821665800E+2","3.054200000000000E-6"
"804","1.0129123882951512E+0","7.6238179742505380E-22","-1.6940224579930248E-13","3.1803830832223714E-13","-2.5147795713650691E-2","1.0923204806615835E-2","3.0002051794719500E+0","4.1666884948440988E+0","2.4221940878647203E+2","1.7768484431694301E+2","3.054200000000000E-6"
"803","1.0129082728504117E+0","7.6188631623813440E-22","-1.6939256263770910E-13","3.1732994435502536E-13","-2.5137203140194100E-2","1.0947836598926720E-2","3.0002050093314598E+0","4.1668132243484015E+0","2.4222665960611641E+2","1.7773952799624701E+2","3.054200000000000E-6"
"802","1.0129041487596850E+0","7.6393549076961090E-22","-1.6859853548718045E-13","3.1667663995972550E-13","-2.5126585937698964E-2","1.0972463578499663E-2","3.0002048389475600E+0","4.1669381593236023E+0","2.4223392237026769E+2","1.7779428892144099E+2","3.054200000000000E-6"
"801","1.0129000160306034E+0","7.6500983294919217E-22","-1.6836238238564952E-13","3.1422062561281003E-13","-2.5115944108020219E-2","1.0997085728109021E-2","3.0002046683212900E+0","4.1670632991159708E+0","2.4224119704092297E+2","1.7784912676613601E+2","3.054200000000000E-6"
"800","1.0128958746708190E+0","7.6434246363098113E-22","-1.6704130571920416E-13","3.1088821485040370E-13","-2.5105277653020796E-2","1.1021703030525777E-2","3.0002044974537299E+0","4.1671886430656704E+0","2.4224848357972442E+2","1.7790404119666499E+2","3.054200000000000E-6"
"799","1.0128917246880251E+0","7.6586646119154845E-22","-1.7256538578375659E-13","3.2187220859599845E-13","-2.5094586574599547E-2","1.1046315468515165E-2","3.0002043263459299E+0","4.1673141905150182E+0","2.4225578194843936E+2","1.7795903189116399E+2","3.054200000000000E-6"
"798","1.0128875660899392E+0","7.6538264325126482E-22","-1.6489070699650306E-13","3.0606704057716548E-13","-2.5083870874703144E-2","1.1070923024841004E-2","3.0002041549989600E+0","4.1674399408007332E+0","2.4226309210850974E+2","1.7801409849480800E+2","3.054200000000000E-6"
"797","1.0128833988843100E+0","7.6670141730185564E-22","-1.7030376297765340E-13","3.1506511888428790E-13","-2.5073130555244547E-2","1.1095525682260438E-2","3.0002039834138801E+0","4.1675658932596384E+0","2.4227041402138343E+2","1.7806924070337899E+2","3.054200000000000E-6"
"796","1.0128792230789185E+0","7.6918999017472136E-22","-1.6644660346101965E-13","3.0845053682773346E-13","-2.5062365618222452E-2","1.1120123423529738E-2","3.0002038115917702E+0","4.1676920472253300E+0","2.4227774764832091E+2","1.7812445816370200E+2","3.054200000000000E-6"
"795","1.0128750386815732E+0","7.6899427924179116E-22","-1.6580703942379899E-13","3.0797862216976789E-13","-2.5051576065610714E-2","1.1144716231401232E-2","3.0002036395336900E+0","4.1678184020290434E+0","2.4228509295044532E+2","1.7817975055396599E+2","3.054200000000000E-6"
"794","1.0128708457001152E+0","7.7003842932901260E-22","-1.6388842886710061E-13","3.0243133893801928E-13","-2.5040761899452469E-2","1.1169304088624991E-2","3.0002034672407101E+0","4.1679449570008806E+0","2.4229244988881385E+2","1.7823511753023200E+2","3.054200000000000E-6"
"793","1.0128666441424157E+0","7.7007465983984198E-22","-1.6450541823040017E-13","3.0415735723774057E-13","-2.5029923121774406E-2","1.1193886977947433E-2","3.0002032947139301E+0","4.1680717114681753E+0","2.4229981842432284E+2","1.7829055876820999E+2","3.054200000000000E-6"
"792","1.0128624340163765E+0","7.6887020214990700E-22","-1.6630596414148423E-13","3.0653340492401166E-13","-2.5019059734650972E-2","1.1218464882114202E-2","3.0002031219543999E+0","4.1681986647564893E+0","2.4230719851776561E+2","1.7834607393065099E+2","3.054200000000000E-6"
"791","1.0128582153299288E+0","7.6881064514580309E-22","-1.6571368625191960E-13","3.0388591534149338E-13","-2.5008171740185214E-2","1.1243037783869316E-2","3.0002029489632100E+0","4.1683258161888723E+0","2.4231459012978948E+2","1.7840166267316800E+2","3.054200000000000E-6"
"790","1.0128539880910330E+0","7.6937196990948098E-22","-1.6562640953663229E-13","3.0399685870181218E-13","-2.4997259140471347E-2","1.1267605665953480E-2","3.0002027757414500E+0","4.1684531650860981E+0","2.4232199322090938E+2","1.7845732467297199E+2","3.054200000000000E-6"
"789","1.0128497523076840E+0","7.7009757274281467E-22","-1.6499940549105218E-13","3.0151635904773893E-13","-2.4986321937684602E-2","1.1292168511108383E-2","3.0002026022902002E+0","4.1685807107686568E+0","2.4232940775162385E+2","1.7851305957691599E+2","3.054200000000000E-6"
"788","1.0128455079878984E+0","7.6938090346010258E-22","-1.6815922993683240E-13","3.0672403915419774E-13","-2.4975360133941020E-2","1.1316726302073489E-2","3.0002024286105402E+0","4.1687084525503684E+0","2.4233683368204359E+2","1.7856886706537500E+2","3.054200000000000E-6"
"787","1.0128412551397359E+0","7.6960465581579787E-22","-1.6175926409548758E-13","2.9486915385865170E-13","-2.4964373731482695E-2","1.1341279021588607E-2","3.0002022547035700E+0","4.1688363897493277E+0","2.4234427097252791E+2","1.7862474677894400E+2","3.054200000000000E-6"
"786","1.0128369937712747E+0","7.6948049600585379E-22","-1.6123919002573911E-13","2.9418733955943618E-13","-2.4953362732486405E-2","1.1365826652391530E-2","3.0002020805703702E+0","4.1689645216768847E+0","2.4235171958304386E+2","1.7868069839652199E+2","3.054200000000000E-6"
"785","1.0128327238906298E+0","7.7021131007704432E-22","-1.6423358312223733E-13","2.9853314111321048E-13","-2.4942327139189698E-2","1.1390369177221599E-2","3.0002019062120300E+0","4.1690928476438440E+0","2.4235917947352701E+2","1.7873672157787601E+2","3.054200000000000E-6"
"784","1.0128284455059424E+0","7.6920090895880958E-22","-1.6233916361259921E-13","2.9445925917718909E-13","-2.4931266953859464E-2","1.1414906578818875E-2","3.0002017316296601E+0","4.1692213669579461E+0","2.4236665060373460E+2","1.7879281597353301E+2","3.054200000000000E-6"
"783","1.0128241586253890E+0","7.6941266719562266E-22","-1.5922026331841903E-13","2.8883976324260207E-13","-2.4920182178791300E-2","1.1439438839921962E-2","3.0002015568243499E+0","4.1693500789275308E+0","2.4237413293345884E+2","1.7884898124567800E+2","3.054200000000000E-6"
"782","1.0128198632571686E+0","7.6878872485957358E-22","-1.5982306031811133E-13","2.8845041867919072E-13","-2.4909072816251664E-2","1.1463965943272361E-2","3.0002013817972002E+0","4.1694789828543852E+0","2.4238162642211094E+2","1.7890521706232599E+2","3.054200000000000E-6"
"781","1.0128155594095152E+0","7.6738177335568219E-22","-1.6104479304674631E-13","2.9036465825736419E-13","-2.4897938868585563E-2","1.1488487871611433E-2","3.0002012065493102E+0","4.1696080780418656E+0","2.4238913102919335E+2","1.7896152307562900E+2","3.054200000000000E-6"
"780","1.0128112470906938E+0","7.6760362319596777E-22","-1.6282984485060330E-13","2.9329181506742467E-13","-2.4886780338147833E-2","1.1513004607682889E-2","3.0002010310817901E+0","4.1697373637900812E+0","2.4239664671401979E+2","1.7901789894501999E+2","3.054200000000000E-6"
"779","1.0128069263090003E+0","7.6726174944879947E-22","-1.5996555438312087E-13","2.8813376489244888E-13","-2.4875597227329609E-2","1.1537516134232307E-2","3.0002008553957298E+0","4.1698668393986296E+0","2.4240417343587424E+2","1.7907434432091000E+2","3.054200000000000E-6"
"778","1.0128025970727541E+0","7.6653275517495573E-22","-1.5850404132701953E-13","2.8458608396000925E-13","-2.4864389538498066E-2","1.1562022434007013E-2","3.0002006794922500E+0","4.1699965041614240E+0","2.4241171115371023E+2","1.7913085886609301E+2","3.054200000000000E-6"
"777","1.0127982593903087E+0","7.6599136546404383E-22","-1.5840173657893247E-13","2.8440720925950471E-13","-2.4853157274075451E-2","1.1586523489756114E-2","3.0002005033724601E+0","4.1701263573726752E+0","2.4241925982649852E+2","1.7918744223995000E+2","3.054200000000000E-6"
"776","1.0127939132700492E+0","7.6633092310549681E-22","-1.5942462917749662E-13","2.8475928776516504E-13","-2.4841900436508361E-2","1.1611019284232164E-2","3.0002003270374700E+0","4.1702563983247796E+0","2.4242681941310443E+2","1.7924409409447000E+2","3.054200000000000E-6"
"775","1.0127895587203868E+0","7.6582386139000081E-22","-1.5696624774657782E-13","2.7918071806478107E-13","-2.4830619028256062E-2","1.1635509800190911E-2","3.0002001504883902E+0","4.1703866263067582E+0","2.4243438987219716E+2","1.7930081408201099E+2","3.054200000000000E-6"
"774","1.0127851957497640E+0","7.6645206370620987E-22","-1.6125617066006108E-13","2.8720064089139426E-13","-2.4819313051791692E-2","1.1659995020390786E-2","3.0001999737263398E+0","4.1705170406064163E+0","2.4244197116237510E+2","1.7935760186825601E+2","3.054200000000000E-6"
"773","1.0127808243666545E+0","7.6608247940852141E-22","-1.5678096256405118E-13","2.7901309395355152E-13","-2.4807982509642824E-2","1.1684474927594554E-2","3.0001997967524399E+0","4.1706476405091077E+0","2.4244956324209420E+2","1.7941445709033599E+2","3.054200000000000E-6"
"772","1.0127764445795615E+0","7.6699994678493479E-22","-1.5781411389638550E-13","2.7925688812960969E-13","-2.4796627404321588E-2","1.1708949504567894E-2","3.0001996195678098E+0","4.1707784252988969E+0","2.4245716606973542E+2","1.7947137941726899E+2","3.054200000000000E-6"
"771","1.0127720563970193E+0","7.6787435941046609E-22","-1.5675240769980698E-13","2.7704140487778885E-13","-2.4785247738393454E-2","1.1733418734080832E-2","3.0001994421735598E+0","4.1709093942582944E+0","2.4246477960358942E+2","1.7952836849250099E+2","3.054200000000000E-6"
"770","1.0127676598275832E+0","7.6866894910688331E-22","-1.5414577289114076E-13","2.7331718658844508E-13","-2.4773843514406427E-2","1.1757882598909634E-2","3.0001992645708300E+0","4.1710405466631997E+0","2.4247240380156259E+2","1.7958542397323299E+2","3.054200000000000E-6"
"769","1.0127632548798504E+0","7.6722167254812560E-22","-1.5797877203847985E-13","2.7866452016209124E-13","-2.4762414734962396E-2","1.1782341081832209E-2","3.0001990867607300E+0","4.1711718817942947E+0","2.4248003862183921E+2","1.7964254551324001E+2","3.054200000000000E-6"
"768","1.0127588415624369E+0","7.6837046098283976E-22","-1.5461872610055383E-13","2.7217472249782024E-13","-2.4750961402672786E-2","1.1806794165634842E-2","3.0001989087444101E+0","4.1713033989237482E+0","2.4248768402210871E+2","1.7969973275730300E+2","3.054200000000000E-6"
"767","1.0127544198840006E+0","7.6729826947284496E-22","-1.5556789722094960E-13","2.7350179001960549E-13","-2.4739483520183052E-2","1.1831241833106415E-2","3.0001987305229800E+0","4.1714350973280858E+0","2.4249533996031391E+2","1.7975698536099500E+2","3.054200000000000E-6"
"766","1.0127499898532142E+0","7.6692864381612542E-22","-1.5636491644218077E-13","2.7467382399911794E-13","-2.4727981090124172E-2","1.1855684067043378E-2","3.0001985520975798E+0","4.1715669762750442E+0","2.4250300639388655E+2","1.7981430297588699E+2","3.054200000000000E-6"
"765","1.0127455514787924E+0","7.6649243012009533E-22","-1.5408209337391455E-13","2.6959098433479720E-13","-2.4716454115196941E-2","1.1880120850247158E-2","3.0001983734693400E+0","4.1716990350359664E+0","2.4251068328046813E+2","1.7987168524658301E+2","3.054200000000000E-6"
"764","1.0127411047694719E+0","7.6749360817449988E-22","-1.5370241598661139E-13","2.6853181163002143E-13","-2.4704902598081144E-2","1.1904552165525949E-2","3.0001981946393999E+0","4.1718312728765437E+0","2.4251837057737151E+2","1.7992913182655300E+2","3.054200000000000E-6"
"763","1.0127366497340258E+0","7.6799388700896975E-22","-1.5391827900416887E-13","2.6905898779503149E-13","-2.4693326541508413E-2","1.1928977995694255E-2","3.0001980156089001E+0","4.1719636890638236E+0","2.4252606824198850E+2","1.7998664236719000E+2","3.054200000000000E-6"
"762","1.0127321863812451E+0","7.6677784879045366E-22","-1.5579720437478295E-13","2.7136083495060092E-13","-2.4681725948194511E-2","1.1953398323572829E-2","3.0001978363789701E+0","4.1720962828575745E+0","2.4253377623128762E+2","1.8004421650979700E+2","3.054200000000000E-6"
"761","1.0127277147199616E+0","7.6670303030404850E-22","-1.5196064415214534E-13","2.6483222017878397E-13","-2.4670100820913463E-2","1.1977813131991619E-2","3.0001976569507698E+0","4.1722290535203053E+0","2.4254149450239683E+2","1.8010185390384399E+2","3.054200000000000E-6"
"760","1.0127232347590305E+0","7.6564390824773589E-22","-1.5062067919636243E-13","2.6157719849572019E-13","-2.4658451162434675E-2","1.2002222403784776E-2","3.0001974773254201E+0","4.1723620003105868E+0","2.4254922301221509E+2","1.8015955419761099E+2","3.054200000000000E-6"
"759","1.0127187465073362E+0","7.6550262579911194E-22","-1.4931274968067703E-13","2.5786840724160273E-13","-2.4646776975540737E-2","1.2026626121797699E-2","3.0001972975040800E+0","4.1724951224840581E+0","2.4255696171747098E+2","1.8021731704390700E+2","3.054200000000000E-6"
"758","1.0127142499737984E+0","7.6691755959591434E-22","-1.5361673885714766E-13","2.6697942818511530E-13","-2.4635078263069925E-2","1.2051024268880040E-2","3.0001971174878901E+0","4.1726284192982597E+0","2.4256471057500349E+2","1.8027514208619999E+2","3.054200000000000E-6"
"757","1.0127097451673557E+0","7.6767215510971686E-22","-1.5034111916299406E-13","2.5990441533897581E-13","-2.4623355027852147E-2","1.2075416827893691E-2","3.0001969372780102E+0","4.1727618900028620E+0","2.4257246954119432E+2","1.8033302895955799E+2","3.054200000000000E-6"
"756","1.0127052320969852E+0","7.6727138610293602E-22","-1.4969986268800063E-13","2.5843291737519645E-13","-2.4611607272734561E-2","1.2099803781706759E-2","3.0001967568755901E+0","4.1728955338503324E+0","2.4258023857258752E+2","1.8039097732164299E+2","3.054200000000000E-6"
"755","1.0127007107716879E+0","7.6739277485782808E-22","-1.4894261295820329E-13","2.5702544722439214E-13","-2.4599835000594251E-2","1.2124185113195842E-2","3.0001965762817702E+0","4.1730293500884672E+0","2.4258801762545579E+2","1.8044898681378100E+2","3.054200000000000E-6"
"754","1.0126961812004953E+0","7.6708092776689525E-22","-1.4989075147108290E-13","2.5839593106397344E-13","-2.4588038214321196E-2","1.2148560805248251E-2","3.0001963954977100E+0","4.1731633379640973E+0","2.4259580665601564E+2","1.8050705708014300E+2","3.054200000000000E-6"
"753","1.0126916433924653E+0","7.6685159194205996E-22","-1.4980467286874113E-13","2.5610428541588062E-13","-2.4576216916824815E-2","1.2172930840760701E-2","3.0001962145245700E+0","4.1732974967210987E+0","2.4260360562031178E+2","1.8056518776232400E+2","3.054200000000000E-6"
"752","1.0126870973566917E+0","7.6577245211492333E-22","-1.5055577554676664E-13","2.5763022528950262E-13","-2.4564371111045282E-2","1.2197295202637676E-2","3.0001960333635198E+0","4.1734318256037852E+0","2.4261141447441440E+2","1.8062337850710500E+2","3.054200000000000E-6"
"751","1.0126825431022877E+0","7.6607561380942409E-22","-1.4679210307966953E-13","2.5160620396299091E-13","-2.4552500799923219E-2","1.2221653873796189E-2","3.0001958520156902E+0","4.1735663238507623E+0","2.4261923317406183E+2","1.8068162895009200E+2","3.054200000000000E-6"
"750","1.0126779806384036E+0","7.6561090374129221E-22","-1.4965398580831248E-13","2.5633059203978461E-13","-2.4540605986414544E-2","1.2246006837161677E-2","3.0001956704822699E+0","4.1737009907015556E+0","2.4262706167504592E+2","1.8073993874731099E+2","3.054200000000000E-6"
"749","1.0126734099742112E+0","7.6638344907438507E-22","-1.4759435959316904E-13","2.5027895469776041E-13","-2.4528686673515931E-2","1.2270354075671541E-2","3.0001954887644202E+0","4.1738358253916843E+0","2.4263489993292558E+2","1.8079830752231300E+2","3.054200000000000E-6"
"748","1.0126688311189198E+0","7.6606229620156138E-22","-1.4624117343362606E-13","2.4969234328465018E-13","-2.4516742864235094E-2","1.2294695572273367E-2","3.0001953068632901E+0","4.1739708271579143E+0","2.4264274790333226E+2","1.8085673493054500E+2","3.054200000000000E-6"
"747","1.0126642440817606E+0","7.6557715477230025E-22","-1.4629158615357636E-13","2.4895116615671248E-13","-2.4504774561580886E-2","1.2319031309925689E-2","3.0001951247800598E+0","4.1741059952315043E+0","2.4265060554157719E+2","1.8091522060868499E+2","3.054200000000000E-6"
"746","1.0126596488719928E+0","7.6476358128082378E-22","-1.4896256023522307E-13","2.5311825964407673E-13","-2.4492781768584822E-2","1.2343361271598989E-2","3.0001949425159000E+0","4.1742413288421334E+0","2.4265847280287983E+2","1.8097376419915400E+2","3.054200000000000E-6"
"745","1.0126550454989076E+0","7.6414191369145884E-22","-1.4671774088538606E-13","2.4905849023583029E-13","-2.4480764488314724E-2","1.2367685440275906E-2","3.0001947600719800E+0","4.1743768272193895E+0","2.4266634964245424E+2","1.8103236533467401E+2","3.054200000000000E-6"
"744","1.0126504339718243E+0","7.6480076304935764E-22","-1.4158681190472865E-13","2.4091056464517180E-13","-2.4468722723840645E-2","1.2392003798950210E-2","3.0001945774494598E+0","4.1745124895892758E+0","2.4267423601530621E+2","1.8109102365630801E+2","3.054200000000000E-6"
"743","1.0126458143000883E+0","7.6480874534226875E-22","-1.4553305623853883E-13","2.4608338951652213E-13","-2.4456656478231583E-2","1.2416316330627647E-2","3.0001943946495300E+0","4.1746483151762650E+0","2.4268213187635254E+2","1.8114973881349499E+2","3.054200000000000E-6"
"742","1.0126411864930749E+0","7.6439763657783040E-22","-1.4647571890016067E-13","2.4746127619199293E-13","-2.4444565754604030E-2","1.2440623018328593E-2","3.0001942116733700E+0","4.1747843032029728E+0","2.4269003718040202E+2","1.8120851043615701E+2","3.054200000000000E-6"
"741","1.0126365505601895E+0","7.6359072189028754E-22","-1.4392238208482958E-13","2.4255148401647386E-13","-2.4432450556085492E-2","1.2464923845084129E-2","3.0001940285221398E+0","4.1749204528905013E+0","2.4269795188217549E+2","1.8126733815813299E+2","3.054200000000000E-6"
"740","1.0126319065108642E+0","7.6300685645491224E-22","-1.4570215223425010E-13","2.4582752879886246E-13","-2.4420310885812584E-2","1.2489218793939350E-2","3.0001938451970398E+0","4.1750567634579703E+0","2.4270587593627852E+2","1.8132622162577900E+2","3.054200000000000E-6"
"739","1.0126272543545578E+0","7.6361859787692678E-22","-1.4462827162554231E-13","2.4286605500979767E-13","-2.4408146746931914E-2","1.2513507847952790E-2","3.0001936616992300E+0","4.1751932341209095E+0","2.4271380929710804E+2","1.8138516046974300E+2","3.054200000000000E-6"
"738","1.0126225941007569E+0","7.6303890970364956E-22","-1.4720919261573656E-13","2.4773192723529919E-13","-2.4395958142612539E-2","1.2537790990196675E-2","3.0001934780299102E+0","4.1753298640943761E+0","2.4272175191903349E+2","1.8144415433340501E+2","3.054200000000000E-6"
"737","1.0126179257589809E+0","7.6220953706247335E-22","-1.4821013448897188E-13","2.4814041784463777E-13","-2.4383745076043344E-2","1.2562068203756445E-2","3.0001932941902600E+0","4.1754666525911244E+0","2.4272970375629038E+2","1.8150320284491801E+2","3.054200000000000E-6"
"736","1.0126132493387741E+0","7.6252130143534400E-22","-1.4380714671154059E-13","2.4046136592802831E-13","-2.4371507550435094E-2","1.2586339471734261E-2","3.0001931101814701E+0","4.1756035988224935E+0","2.4273766476303200E+2","1.8156230564053999E+2","3.054200000000000E-6"
"735","1.0126085648497030E+0","7.6227856528459021E-22","-1.4142166670581347E-13","2.3627569821116495E-13","-2.4359245568981495E-2","1.2610604777243095E-2","3.0001929260047202E+0","4.1757407019953954E+0","2.4274563489315432E+2","1.8162146235849099E+2","3.054200000000000E-6"
"734","1.0126038723013742E+0","7.6266638891478587E-22","-1.4322320131591223E-13","2.3907959339655850E-13","-2.4346959134914765E-2","1.2634864103413666E-2","3.0001927416612002E+0","4.1758779613184140E+0","2.4275361410065045E+2","1.8168067263846200E+2","3.054200000000000E-6"
"733","1.0125991717034148E+0","7.6157860505025164E-22","-1.4005965888766215E-13","2.3326702247665648E-13","-2.4334648251508821E-2","1.2659117433390649E-2","3.0001925571521100E+0","4.1760153759969443E+0","2.4276160233932805E+2","1.8173993610326201E+2","3.054200000000000E-6"
"732","1.0125944630654777E+0","7.6173936760230112E-22","-1.4155569900180630E-13","2.3467856039199639E-13","-2.4322312921994337E-2","1.2683364750333825E-2","3.0001923724786401E+0","4.1761529452325865E+0","2.4276959956277437E+2","1.8179925239693500E+2","3.054200000000000E-6"
"731","1.0125897463972489E+0","7.6093853269226042E-22","-1.4104560361520872E-13","2.3477436190941002E-13","-2.4309953149654649E-2","1.2707606037418943E-2","3.0001921876419799E+0","4.1762906682272236E+0","2.4277760572459297E+2","1.8185862114989800E+2","3.054200000000000E-6"
"730","1.0125850217084389E+0","7.5985910335190806E-22","-1.4089384583006234E-13","2.3360603243393894E-13","-2.4297568937789830E-2","1.2731841277838291E-2","3.0001920026433302E+0","4.1764285441799878E+0","2.4278562077822747E+2","1.8191804198918001E+2","3.054200000000000E-6"
"729","1.0125802890087841E+0","7.6043304261992769E-22","-1.3826869293454449E-13","2.2838366102669149E-13","-2.4285160289680720E-2","1.2756070454798691E-2","3.0001918174838900E+0","4.1765665722865783E+0","2.4279364467692199E+2","1.8197751455471399E+2","3.054200000000000E-6"
"728","1.0125755483080547E+0","7.6093671289491213E-22","-1.3837871891714292E-13","2.2889786402386020E-13","-2.4272727208669513E-2","1.2780293551524534E-2","3.0001916321648499E+0","4.1767047517446407E+0","2.4280167737403380E+2","1.8203703847457501E+2","3.054200000000000E-6"
"727","1.0125707996160402E+0","7.6022918395796505E-22","-1.3609743875659494E-13","2.2377906581982941E-13","-2.4260269698062706E-2","1.2804510551257333E-2","3.0001914466874302E+0","4.1768430817453170E+0","2.4280971882254204E+2","1.8209661338252599E+2","3.054200000000000E-6"
"726","1.0125660429425662E+0","7.6056911383069556E-22","-1.3882456820643199E-13","2.2777996808002237E-13","-2.4247787761217169E-2","1.2828721437253788E-2","3.0001912610528101E+0","4.1769815614815906E+0","2.4281776897553297E+2","1.8215623891077399E+2","3.054200000000000E-6"
"725","1.0125612782974778E+0","7.6080233740440455E-22","-1.4160999706970987E-13","2.3252997007674212E-13","-2.4235281401486619E-2","1.2852926192789672E-2","3.0001910752622098E+0","4.1771201901427810E+0","2.4282582778587985E+2","1.8221591468916799E+2","3.054200000000000E-6"
"724","1.0125565056906529E+0","7.6206482181430976E-22","-1.3845542555557495E-13","2.2830172267327516E-13","-2.4222750622251779E-2","1.2877124801157623E-2","3.0001908893168299E+0","4.1772589669163231E+0","2.4283389520634628E+2","1.8227564034178499E+2","3.054200000000000E-6"
"723","1.0125517251319931E+0","7.6183428657758910E-22","-1.3589858381935702E-13","2.2350312350009354E-13","-2.4210195426889656E-2","1.2901317245667262E-2","3.0001907032178798E+0","4.1773978909878471E+0","2.4284197118959113E+2","1.8233541550166501E+2","3.054200000000000E-6"
"722","1.0125469366314288E+0","7.6038767176332578E-22","-1.3760363079437203E-13","2.2509057388232183E-13","-2.4197615818779772E-2","1.2925503509646668E-2","3.0001905169665699E+0","4.1775369615410183E+0","2.4285005568815888E+2","1.8239523980501599E+2","3.054200000000000E-6"
"721","1.0125421401989150E+0","7.6182204430452564E-22","-1.3767229989621958E-13","2.2509511248656766E-13","-2.4185011801342995E-2","1.2949683576442479E-2","3.0001903305641102E+0","4.1776761777576823E+0","2.4285814865448828E+2","1.8245511287412100E+2","3.054200000000000E-6"
"720","1.0125373358444358E+0","7.6165900700579343E-22","-1.3544619201401948E-13","2.2214849995652820E-13","-2.4172383377988615E-2","1.2973857429419504E-2","3.0001901440117100E+0","4.1778155388171703E+0","2.4286625004087190E+2","1.8251503433957899E+2","3.054200000000000E-6"
"719","1.0125325235780072E+0","7.6063425430393083E-22","-1.3702776912373104E-13","2.2421180597014766E-13","-2.4159730552167556E-2","1.2998025051961773E-2","3.0001899573105799E+0","4.1779550439000710E+0","2.4287435979967549E+2","1.8257500382778301E+2","3.054200000000000E-6"
"718","1.0125277034096607E+0","7.6150180133037835E-22","-1.3287041433099708E-13","2.1678159735199814E-13","-2.4147053327301212E-2","1.3022186427471862E-2","3.0001897704619398E+0","4.1780946921797204E+0","2.4288247788284315E+2","1.8263502096598299E+2","3.054200000000000E-6"
"717","1.0125228753494653E+0","7.6169958021483922E-22","-1.3429546779889598E-13","2.1754009431431449E-13","-2.4134351706854233E-2","1.3046341539371453E-2","3.0001895834669998E+0","4.1782344828328402E+0","2.4289060424251568E+2","1.8269508538579200E+2","3.054200000000000E-6"
"716","1.0125180394075097E+0","7.6292955642667493E-22","-1.3401876955493462E-13","2.1628973413305394E-13","-2.4121625694286952E-2","1.3070490371102259E-2","3.0001893963269901E+0","4.1783744150306914E+0","2.4289873883051661E+2","1.8275519671161200E+2","3.054200000000000E-6"
"715","1.0125131955939151E+0","7.6192813021808687E-22","-1.3512912448922294E-13","2.2041716053950615E-13","-2.4108875293083715E-2","1.3094632906125399E-2","3.0001892090431199E+0","4.1785144879453009E+0","2.4290688159871385E+2","1.8281535457166899E+2","3.054200000000000E-6"
"714","1.0125083439188212E+0","7.6226905270754768E-22","-1.3143479571188235E-13","2.1344472771791271E-13","-2.4096100506722600E-2","1.3118769127922618E-2","3.0001890216166101E+0","4.1786547007433015E+0","2.4291503249866184E+2","1.8287555858547199E+2","3.054200000000000E-6"
"713","1.0125034843924015E+0","7.6294651362922519E-22","-1.3562984773635993E-13","2.1993502367054807E-13","-2.4083301338695660E-2","1.3142899019994719E-2","3.0001888340486800E+0","4.1787950525932436E+0","2.4292319148202651E+2","1.8293580838967199E+2","3.054200000000000E-6"
"712","1.0124986170248522E+0","7.6309511662626887E-22","-1.3293160121312992E-13","2.1495303147383850E-13","-2.4070477792518648E-2","1.3167022565863979E-2","3.0001886463405700E+0","4.1789355426592154E+0","2.4293135850021426E+2","1.8299610359790299E+2","3.054200000000000E-6"
"711","1.0124937418263993E+0","7.6307104567044529E-22","-1.3222540742690306E-13","2.1212657686099920E-13","-2.4057629871712772E-2","1.3191139749073993E-2","3.0001884584934899E+0","4.1790761701059367E+0","2.4293953350466828E+2","1.8305644384041301E+2","3.054200000000000E-6"
"710","1.0124888588072909E+0","7.6262986889074038E-22","-1.2813316953200111E-13","2.0638800325779957E-13","-2.4044757579796738E-2","1.3215250553187891E-2","3.0001882705086600E+0","4.1792169340934802E+0","2.4294771644656166E+2","1.8311682874002000E+2","3.054200000000000E-6"
"709","1.0124839679778037E+0","7.6202792955899050E-22","-1.3344228680923628E-13","2.1436334978320981E-13","-2.4031860920296178E-2","1.3239354961790632E-2","3.0001880823873299E+0","4.1793578337820394E+0","2.4295590727707454E+2","1.8317725793042101E+2","3.054200000000000E-6"
"708","1.0124790693482382E+0","7.6253482583836365E-22","-1.2972849228004902E-13","2.0869556281592975E-13","-2.4018939896773690E-2","1.3263452958489286E-2","3.0001878941307099E+0","4.1794988683285004E+0","2.4296410594719458E+2","1.8323773101949601E+2","3.054200000000000E-6"
"707","1.0124741629289267E+0","7.6286334061863439E-22","-1.3309969358107101E-13","2.1383404613826323E-13","-2.4005994512776678E-2","1.3287544526911966E-2","3.0001877057400401E+0","4.1796400368906026E+0","2.4297231240795927E+2","1.8329824764282401E+2","3.054200000000000E-6"
"706","1.0124692487302214E+0","7.6206618666231684E-22","-1.2909753618411755E-13","2.0634380418957007E-13","-2.3993024771877144E-2","1.3311629650709075E-2","3.0001875172165500E+0","4.1797813386213587E+0","2.4298052661013122E+2","1.8335880741348001E+2","3.054200000000000E-6"
"705","1.0124643267625002E+0","7.6223807479360547E-22","-1.2841229354637051E-13","2.0485870385107304E-13","-2.3980030677625445E-2","1.3335708313553199E-2","3.0001873285614700E+0","4.1799227726722590E+0","2.4298874850438460E+2","1.8341940996163501E+2","3.054200000000000E-6"
"704","1.0124593970361730E+0","7.6368787425322716E-22","-1.2654882018435110E-13","2.0211792966073804E-13","-2.3967012233617857E-2","1.3359780499138767E-2","3.0001871397760400E+0","4.1800643381952494E+0","2.4299697804142002E+2","1.8348005490732299E+2","3.054200000000000E-6"
"703","1.0124544595616674E+0","7.6273289423603424E-22","-1.2719181220876772E-13","2.0254521763464059E-13","-2.3953969443425760E-2","1.3383846191183704E-2","3.0001869508614898E+0","4.1802060343375400E+0","2.4300521517166274E+2","1.8354074187322701E+2","3.054200000000000E-6"
"702","1.0124495143494465E+0","7.6144919264341438E-22","-1.2786180139024441E-13","2.0302969935018445E-13","-2.3940902310670725E-2","1.3407905373428883E-2","3.0001867618190601E+0","4.1803478602485313E+0","2.4301345984566547E+2","1.8360147047871800E+2","3.054200000000000E-6"
"701","1.0124445614099877E+0","7.6102203657509258E-22","-1.2753830324205465E-13","2.0223831044298126E-13","-2.3927810838927418E-2","1.3431958029638154E-2","3.0001865726499899E+0","4.1804898150702821E+0","2.4302171201355407E+2","1.8366224034327601E+2","3.054200000000000E-6"
"700","1.0124396007538026E+0","7.5969093753337216E-22","-1.2901388673074977E-13","2.0475659667614885E-13","-2.3914695031819207E-2","1.3456004143597888E-2","3.0001863833555200E+0","4.1806318979482562E+0","2.4302997162565228E+2","1.8372305109360900E+2","3.054200000000000E-6"
"699","1.0124346323914222E+0","7.5833853859087887E-22","-1.2810077888844875E-13","2.0199459380267320E-13","-2.3901554892949716E-2","1.3480043699119688E-2","3.0001861939368899E+0","4.1807741080218195E+0","2.4303823863192943E+2","1.8378390234229201E+2","3.054200000000000E-6"
"698","1.0124296563334116E+0","7.5823042608481693E-22","-1.2598240919793388E-13","2.0034723358789286E-13","-2.3888390425972700E-2","1.3504076680037311E-2","3.0001860043953301E+0","4.1809164444343239E+0","2.4304651298258665E+2","1.8384479371251800E+2","3.054200000000000E-6"
"697","1.0124246725903487E+0","7.5773548256529715E-22","-1.2656009756594047E-13","1.9991416668099696E-13","-2.3875201634482486E-2","1.3528103070209558E-2","3.0001858147321099E+0","4.1810589063199588E+0","2.4305479462729224E+2","1.8390572482535401E+2","3.054200000000000E-6"
"696","1.0124196811728490E+0","7.5862747277884352E-22","-1.2489799570756172E-13","1.9706495586988830E-13","-2.3861988522142514E-2","1.3552122853519285E-2","3.0001856249484500E+0","4.1812014928179044E+0","2.4306308351600470E+2","1.8396669529535001E+2","3.054200000000000E-6"
"695","1.0124146820915432E+0","7.5913288013311257E-22","-1.2478347690728956E-13","1.9712686338346014E-13","-2.3848751092571292E-2","1.3576136013874430E-2","3.0001854350456099E+0","4.1813442030604806E+0","2.4307137959828381E+2","1.8402770474787201E+2","3.054200000000000E-6"
"694","1.0124096753570899E+0","7.5897931405239181E-22","-1.2498598291223843E-13","1.9650612292131842E-13","-2.3835489349415585E-2","1.3600142535206109E-2","3.0001852450248299E+0","4.1814870361800613E+0","2.4307968282369237E+2","1.8408875279592399E+2","3.054200000000000E-6"
"693","1.0124046609801824E+0","7.5933206522461574E-22","-1.2348586578147186E-13","1.9455739412396593E-13","-2.3822203296364676E-2","1.3624142401472214E-2","3.0001850548873699E+0","4.1816299913115049E+0","2.4308799314193769E+2","1.8414983905826799E+2","3.054200000000000E-6"
"692","1.0123996389715195E+0","7.5952715577208640E-22","-1.2252023616318627E-13","1.9198647922353547E-13","-2.3808892937028429E-2","1.3648135596654709E-2","3.0001848646344600E+0","4.1817730675789475E+0","2.4309631050210373E+2","1.8421096315399299E+2","3.054200000000000E-6"
"691","1.0123946093418448E+0","7.6023824158566938E-22","-1.2444489915633128E-13","1.9341041113083031E-13","-2.3795558275094456E-2","1.3672122104760832E-2","3.0001846742673699E+0","4.1819162641133358E+0","2.4310463485367035E+2","1.8427212470379101E+2","3.054200000000000E-6"
"690","1.0123895721019116E+0","7.5946855002568734E-22","-1.2291983293653327E-13","1.9266012387588311E-13","-2.3782199314232321E-2","1.3696101909824194E-2","3.0001844837873399E+0","4.1820595800393869E+0","2.4311296614575537E+2","1.8433332331715999E+2","3.054200000000000E-6"
"689","1.0123845272625072E+0","7.6057184352671047E-22","-1.2567847397779897E-13","1.9641665772941914E-13","-2.3768816058105071E-2","1.3720074995904035E-2","3.0001842931956300E+0","4.1822030144812095E+0","2.4312130432744109E+2","1.8439455861649000E+2","3.054200000000000E-6"
"688","1.0123794748344366E+0","7.6079969042643903E-22","-1.2422270415190254E-13","1.9369888880114668E-13","-2.3755408510378988E-2","1.3744041347084788E-2","3.0001841024934901E+0","4.1823465665595441E+0","2.4312964934761416E+2","1.8445583021474599E+2","3.054200000000000E-6"
"687","1.0123744148285356E+0","7.6056634277563828E-22","-1.2236291761993609E-13","1.9102218129730785E-13","-2.3741976674755604E-2","1.3768000947478359E-2","3.0001839116821798E+0","4.1824902353977178E+0","2.4313800115531146E+2","1.8451713772741601E+2","3.054200000000000E-6"
"686","1.0123693472556592E+0","7.6026231254149447E-22","-1.2187854263357103E-13","1.8927171767918074E-13","-2.3728520554896736E-2","1.3791953781221599E-2","3.0001837207629500E+0","4.1826340201122960E+0","2.4314635969917686E+2","1.8457848077253300E+2","3.054200000000000E-6"
"685","1.0123642721266906E+0","7.6001916280043206E-22","-1.1898845890962619E-13","1.8555243589151299E-13","-2.3715040154502098E-2","1.3815899832479842E-2","3.0001835297370598E+0","4.1827779198216408E+0","2.4315472492795874E+2","1.8463985896308901E+2","3.054200000000000E-6"
"684","1.0123591894525352E+0","7.6042191704068403E-22","-1.2032606018440544E-13","1.8693872291139647E-13","-2.3701535477250318E-2","1.3839839085443083E-2","3.0001833386057699E+0","4.1829219336412216E+0","2.4316309679023715E+2","1.8470127191788600E+2","3.054200000000000E-6"
"683","1.0123540992441227E+0","7.6220726231579363E-22","-1.1925581731686003E-13","1.8530994764521242E-13","-2.3688006526842872E-2","1.3863771524330682E-2","3.0001831473703500E+0","4.1830660606848555E+0","2.4317147523449626E+2","1.8476271924733399E+2","3.054200000000000E-6"
"682","1.0123490015124055E+0","7.6195323514967860E-22","-1.1971609261398293E-13","1.8532881294903518E-13","-2.3674453306962988E-2","1.3887697133387765E-2","3.0001829560320399E+0","4.1832103000638101E+0","2.4317986020907196E+2","1.8482420056777400E+2","3.054200000000000E-6"
"681","1.0123438962683611E+0","7.6290958001488613E-22","-1.1749489657959584E-13","1.8252350954745622E-13","-2.3660875821306361E-2","1.3911615896887046E-2","3.0001827645921102E+0","4.1833546508884814E+0","2.4318825166224946E+2","1.8488571549055101E+2","3.054200000000000E-6"
"680","1.0123387835229971E+0","7.6363150189449141E-22","-1.1714130763083474E-13","1.8211785876348064E-13","-2.3647274073588853E-2","1.3935527799129689E-2","3.0001825730518399E+0","4.1834991122698764E+0","2.4319664954234949E+2","1.8494726363217299E+2","3.054200000000000E-6"
"679","1.0123336632873328E+0","7.6272937871843995E-22","-1.1705313405614478E-13","1.8153711423656725E-13","-2.3633648067489483E-2","1.3959432824443395E-2","3.0001823814124702E+0","4.1836436833129662E+0","2.4320505379734198E+2","1.8500884460749401E+2","3.054200000000000E-6"
"678","1.0123285355724188E+0","7.6427016804544221E-22","-1.1656501852840299E-13","1.8073097526259434E-13","-2.3619997806718286E-2","1.3983330957185038E-2","3.0001821896752801E+0","4.1837883631236581E+0","2.4321346437525116E+2","1.8507045802354600E+2","3.054200000000000E-6"
"677","1.0123234003893260E+0","7.6322126166969235E-22","-1.1772328692750179E-13","1.8103312563263300E-13","-2.3606323294958379E-2","1.4007222181738825E-2","3.0001819978415298E+0","4.1839331508043722E+0","2.4322188122389861E+2","1.8513210349898901E+2","3.054200000000000E-6"
"676","1.0123182577491574E+0","7.6252229405208408E-22","-1.1636740751757776E-13","1.7908286654767705E-13","-2.3592624535954159E-2","1.4031106482519085E-2","3.0001818059124798E+0","4.1840780454609252E+0","2.4323030429130333E+2","1.8519378063954699E+2","3.054200000000000E-6"
"675","1.0123131076630258E+0","7.6307633962636881E-22","-1.1544074418512784E-13","1.7796059443912619E-13","-2.3578901533373088E-2","1.4054983843966680E-2","3.0001816138894202E+0","4.1842230461907528E+0","2.4323873352499714E+2","1.8525548906177301E+2","3.054200000000000E-6"
"674","1.0123079501420769E+0","7.6373312103273732E-22","-1.1530663758352989E-13","1.7793947760535973E-13","-2.3565154290924761E-2","1.4078854250552152E-2","3.0001814217736000E+0","4.1843681520931755E+0","2.4324716887262144E+2","1.8531722837787700E+2","3.054200000000000E-6"
"673","1.0123027851974744E+0","7.6303551826314139E-22","-1.1728507128661226E-13","1.7945729260406496E-13","-2.3551382812306003E-2","1.4102717686774860E-2","3.0001812295663002E+0","4.1845133622649708E+0","2.4325561028166979E+2","1.8537899819637599E+2","3.054200000000000E-6"
"672","1.0122976128404144E+0","7.6272354709511680E-22","-1.1193225227806802E-13","1.7141220649367768E-13","-2.3537587101250892E-2","1.4126574137164560E-2","3.0001810372687800E+0","4.1846586758043571E+0","2.4326405769971953E+2","1.8544079812696100E+2","3.054200000000000E-6"
"671","1.0122924330821024E+0","7.6224390641692937E-22","-1.1380665540543242E-13","1.7457413099725214E-13","-2.3523767161421204E-2","1.4150423586278205E-2","3.0001808448823302E+0","4.1848040918023841E+0","2.4327251107393113E+2","1.8550262778640101E+2","3.054200000000000E-6"
"670","1.0122872459337799E+0","7.6337122951474988E-22","-1.1210917202037530E-13","1.7137805271736880E-13","-2.3509922996544586E-2","1.4174266018703901E-2","3.0001806524082002E+0","4.1849496093533647E+0","2.4328097035165496E+2","1.8556448678073201E+2","3.054200000000000E-6"
"669","1.0122820514067010E+0","7.6396750265930848E-22","-1.1106337639353579E-13","1.6987277876946637E-13","-2.3496054610312900E-2","1.4198101419058974E-2","3.0001804598476900E+0","4.1850952275472322E+0","2.4328943547998668E+2","1.8562637471872100E+2","3.054200000000000E-6"
"668","1.0122768495121481E+0","7.6503138100414348E-22","-1.1187679321951447E-13","1.7155122991603335E-13","-2.3482162006413596E-2","1.4221929771989812E-2","3.0001802672020501E+0","4.1852409454730068E+0","2.4329790640596892E+2","1.8568829121453200E+2","3.054200000000000E-6"
"667","1.0122716402614260E+0","7.6629655375103928E-22","-1.1054862809632110E-13","1.6891085515282047E-13","-2.3468245188556412E-2","1.4245751062174595E-2","3.0001800744725799E+0","4.1853867622184691E+0","2.4330638307657213E+2","1.8575023587434001E+2","3.054200000000000E-6"
"666","1.0122664236658609E+0","7.6703917582547362E-22","-1.1169731077907687E-13","1.6993688533740975E-13","-2.3454304160427521E-2","1.4269565274319770E-2","3.0001798816605301E+0","4.1855326768698111E+0","2.4331486543867456E+2","1.8581220831088299E+2","3.054200000000000E-6"
"665","1.0122611997368001E+0","7.6708140339574674E-22","-1.1324252139858751E-13","1.7146628621488288E-13","-2.3440338925712130E-2","1.4293372393163983E-2","3.0001796887671999E+0","4.1856786885102935E+0","2.4332335343898399E+2","1.8587420813063099E+2","3.054200000000000E-6"
"664","1.0122559684856205E+0","7.6794915721734594E-22","-1.1205071703846407E-13","1.7014525876315284E-13","-2.3426349488122566E-2","1.4317172403475487E-2","3.0001794957938599E+0","4.1858247962252824E+0","2.4333184702433064E+2","1.8593623493876899E+2","3.054200000000000E-6"
"663","1.0122507299237096E+0","7.6873398618253635E-22","-1.0641395377068068E-13","1.6097249276004757E-13","-2.3412335851325829E-2","1.4340965290053605E-2","3.0001793027417900E+0","4.1859709990932323E+0","2.4334034614114282E+2","1.8599828834341500E+2","3.054200000000000E-6"
"662","1.0122454840624910E+0","7.6895800737193069E-22","-1.1054590664409450E-13","1.6647768982498583E-13","-2.3398298019006985E-2","1.4364751037727847E-2","3.0001791096122599E+0","4.1861172961967084E+0","2.4334885073608797E+2","1.8606036796493100E+2","3.054200000000000E-6"
"661","1.0122402309133995E+0","7.6978148635124277E-22","-1.0945790565671187E-13","1.6497022180359373E-13","-2.3384235994854567E-2","1.4388529631359956E-2","3.0001789164065702E+0","4.1862636866124605E+0","2.4335736075549528E+2","1.8612247339873400E+2","3.054200000000000E-6"
"660","1.0122349704878946E+0","7.7013146646841394E-22","-1.0865293338960575E-13","1.6428130614142528E-13","-2.3370149782526748E-2","1.4412301055841374E-2","3.0001787231259902E+0","4.1864101694162068E+0","2.4336587614563419E+2","1.8618460425708901E+2","3.054200000000000E-6"
"659","1.0122297027974603E+0","7.6999270692065773E-22","-1.0955287599228751E-13","1.6467402253944971E-13","-2.3356039385712728E-2","1.4436065296096746E-2","3.0001785297718100E+0","4.1865567436845987E+0","2.4337439685282820E+2","1.8624676014364499E+2","3.054200000000000E-6"
"658","1.0122244278536010E+0","7.7011572935726195E-22","-1.0840051069720906E-13","1.6297595535193287E-13","-2.3341904808066468E-2","1.4459822337079977E-2","3.0001783363453001E+0","4.1867034084905050E+0","2.4338292282318096E+2","1.8630894066911301E+2","3.054200000000000E-6"
"657","1.0122191456678422E+0","7.7023569122560181E-22","-1.0752621275269145E-13","1.6231593315461078E-13","-2.3327746053247434E-2","1.4483572163779383E-2","3.0001781428477599E+0","4.1868501629052846E+0","2.4339145400270849E+2","1.8637114543918699E+2","3.054200000000000E-6"
"656","1.0122138562517353E+0","7.6979075077411308E-22","-1.0677808990119009E-13","1.6019790384802022E-13","-2.3313563124929985E-2","1.4507314761213270E-2","3.0001779492804599E+0","4.1869970060012252E+0","2.4339999033748060E+2","1.8643337405788699E+2","3.054200000000000E-6"
"655","1.0122085596168475E+0","7.7091670902392049E-22","-1.0661539505189805E-13","1.5967747281025096E-13","-2.3299356026744301E-2","1.4531050114432311E-2","3.0001777556447000E+0","4.1871439368460441E+0","2.4340853177330155E+2","1.8649562613643701E+2","3.054200000000000E-6"
"654","1.0122032557747724E+0","7.7155611963742409E-22","-1.0359283401212282E-13","1.5639517172384169E-13","-2.3285124762361990E-2","1.4554778208519411E-2","3.0001775619417601E+0","4.1872909545085690E+0","2.4341707825604007E+2","1.8655790127224699E+2","3.054200000000000E-6"
"653","1.0121979447371199E+0","7.6989282486170621E-22","-1.0573687622786090E-13","1.5852358414718875E-13","-2.3270869335390226E-2","1.4578499028588919E-2","3.0001773681729298E+0","4.1874380580529538E+0","2.4342562973129321E+2","1.8662019908134101E+2","3.054200000000000E-6"
"652","1.0121926265155270E+0","7.7077298639249322E-22","-1.0603491459595873E-13","1.5744841768721849E-13","-2.3256589749489149E-2","1.4602212559789969E-2","3.0001771743394898E+0","4.1875852465452512E+0","2.4343418614476846E+2","1.8668251916144300E+2","3.054200000000000E-6"
"651","1.0121873011216471E+0","7.7073311628696576E-22","-1.0618811127227075E-13","1.5837531329504901E-13","-2.3242286008269501E-2","1.4625918787301372E-2","3.0001769804427298E+0","4.1877325190475343E+0","2.4344274744194192E+2","1.8674486112240700E+2","3.054200000000000E-6"
"650","1.0121819685671587E+0","7.7048580996332797E-22","-1.0531825016662228E-13","1.5617732936083615E-13","-2.3227958115362619E-2","1.4649617696336593E-2","3.0001767864839501E+0","4.1878798746220678E+0","2.4345131356830080E+2","1.8680722456435200E+2","3.054200000000000E-6"
"649","1.0121766288637593E+0","7.7041171525996006E-22","-1.0367963699739410E-13","1.5390317385574875E-13","-2.3213606074378300E-2","1.4673309272141791E-2","3.0001765924644399E+0","4.1880273123287983E+0","2.4345988446919756E+2","1.8686960909380500E+2","3.054200000000000E-6"
"648","1.0121712820231659E+0","7.7009765546088888E-22","-1.0454864125325335E-13","1.5505355399676316E-13","-2.3199229888909371E-2","1.4696993499995068E-2","3.0001763983854701E+0","4.1881748312256581E+0","2.4346846008986765E+2","1.8693201431737600E+2","3.054200000000000E-6"
"647","1.0121659280571209E+0","7.6927037145075700E-22","-1.0585671234476963E-13","1.5645685059223733E-13","-2.3184829562564829E-2","1.4720670365208190E-2","3.0001762042483602E+0","4.1883224303707554E+0","2.4347704037555667E+2","1.8699443983925599E+2","3.054200000000000E-6"
"646","1.0121605669773814E+0","7.6991792979329419E-22","-1.0437799093537578E-13","1.5434644611726150E-13","-2.3170405098932773E-2","1.4744339853126450E-2","3.0001760100543802E+0","4.1884701088185219E+0","2.4348562527129647E+2","1.8705688525723301E+2","3.054200000000000E-6"
"645","1.0121551987957376E+0","7.6931092398028801E-22","-1.0456508705054723E-13","1.5455463874880603E-13","-2.3155956501618277E-2","1.4768001949129158E-2","3.0001758158048402E+0","4.1886178656270392E+0","2.4349421472233115E+2","1.8711935017946601E+2","3.054200000000000E-6"
"644","1.0121498235239823E+0","7.6865681023139230E-22","-1.0418184479290959E-13","1.5347239845551379E-13","-2.3141483774167051E-2","1.4791656638627391E-2","3.0001756215010098E+0","4.1887656998454483E+0","2.4350280867338503E+2","1.8718183420794099E+2","3.054200000000000E-6"
"643","1.0121444411739424E+0","7.6755140741980515E-22","-1.0209842431137348E-13","1.5061928503640528E-13","-2.3126986920148748E-2","1.4815303907067527E-2","3.0001754271442098E+0","4.1889136105264155E+0","2.4351140706938739E+2","1.8724433694495499E+2","3.054200000000000E-6"
"642","1.0121390517574576E+0","7.6668214399358856E-22","-1.0368369211471729E-13","1.5176599382550144E-13","-2.3112465943103677E-2","1.4838943739927751E-2","3.0001752327357201E+0","4.1890615967187959E+0","2.4352000985504588E+2","1.8730685799909199E+2","3.054200000000000E-6"
"641","1.0121336552863951E+0","7.6732302285268072E-22","-1.0337051638907400E-13","1.5156644902157201E-13","-2.3097920846595156E-2","1.4862576122722026E-2","3.0001750382768502E+0","4.1892096574727757E+0","2.4352861697514567E+2","1.8736939696760601E+2","3.054200000000000E-6"
"640","1.0121282517726353E+0","7.6800035969726949E-22","-1.0023554024195514E-13","1.4689747144810154E-13","-2.3083351634158315E-2","1.4886201040998090E-2","3.0001748437688698E+0","4.1893577918345368E+0","2.4353722837423902E+2","1.8743195345106699E+2","3.054200000000000E-6"
"639","1.0121228412280856E+0","7.6743417524748471E-22","-9.8516786339606795E-14","1.4452058054645394E-13","-2.3068758309316949E-2","1.4909818480337116E-2","3.0001746492131001E+0","4.1895059988508390E+0","2.4354584399691183E+2","1.8749452705486499E+2","3.054200000000000E-6"
"638","1.0121174236646668E+0","7.6818449010161707E-22","-1.0004452309535500E-13","1.4658812356663424E-13","-2.3054140875569194E-2","1.4933428426353959E-2","3.0001744546108302E+0","4.1896542775652170E+0","2.4355446378756255E+2","1.8755711738458101E+2","3.054200000000000E-6"
"637","1.0121119990943266E+0","7.6918016740494717E-22","-9.9431139467404658E-14","1.4499673440828432E-13","-2.3039499336446116E-2","1.4957030864700301E-2","3.0001742599633499E+0","4.1898026270217983E+0","2.4356308769062397E+2","1.8761972403488400E+2","3.054200000000000E-6"
"636","1.0121065675290235E+0","7.6969421879662021E-22","-9.8449517223688923E-14","1.4396082857647905E-13","-2.3024833695411539E-2","1.4980625781058644E-2","3.0001740652719699E+0","4.1899510462604637E+0","2.4357171565028227E+2","1.8768234661181100E+2","3.054200000000000E-6"
"635","1.0121011289807442E+0","7.6939058147326872E-22","-9.7501387049591833E-14","1.4204005155156156E-13","-2.3010143955959971E-2","1.5004213161148919E-2","3.0001738705379801E+0","4.1900995343222904E+0","2.4358034761079290E+2","1.8774498471418701E+2","3.054200000000000E-6"
"634","1.0120956834614958E+0","7.6990494305766287E-22","-9.7225678230831557E-14","1.4161959516919997E-13","-2.2995430121583726E-2","1.5027792990725968E-2","3.0001736757626798E+0","4.1902480902485619E+0","2.4358898351642338E+2","1.8780763794282399E+2","3.054200000000000E-6"
"633","1.0120902309832949E+0","7.7122435817323104E-22","-9.4326690156079579E-14","1.3700527758771200E-13","-2.2980692195703738E-2","1.5051365255576743E-2","3.0001734809473799E+0","4.1903967130731932E+0","2.4359762331101302E+2","1.8787030589967301E+2","3.054200000000000E-6"
"632","1.0120847715581882E+0","7.7159115073634893E-22","-9.7810006372986134E-14","1.4183242104762165E-13","-2.2965930181777099E-2","1.5074929941525258E-2","3.0001732860933701E+0","4.1905454018346324E+0","2.4360626693866445E+2","1.8793298818869599E+2","3.054200000000000E-6"
"631","1.0120793051982357E+0","7.7172083197688299E-22","-9.8397364218796918E-14","1.4330813382821219E-13","-2.2951144083241323E-2","1.5098487034429823E-2","3.0001730912019502E+0","4.1906941555668684E+0","2.4361491434322122E+2","1.8799568440577499E+2","3.054200000000000E-6"
"630","1.0120738319155191E+0","7.7230540051577324E-22","-9.7028866635062179E-14","1.4106456863179730E-13","-2.2936333903511439E-2","1.5122036520183556E-2","3.0001728962744201E+0","4.1908429733037735E+0","2.4362356546852004E+2","1.8805839415136899E+2","3.054200000000000E-6"
"629","1.0120683517221409E+0","7.7059020015661310E-22","-9.7039472190942598E-14","1.4061599910095966E-13","-2.2921499646007117E-2","1.5145578384716151E-2","3.0001727013121000E+0","4.1909918540782565E+0","2.4363222025834168E+2","1.8812111702551900E+2","3.054200000000000E-6"
"628","1.0120628646302179E+0","7.6975811849893113E-22","-9.3820932783193912E-14","1.3659229986998887E-13","-2.2906641314103564E-2","1.5169112613990482E-2","3.0001725063162699E+0","4.1911407969195649E+0","2.4364087865625388E+2","1.8818385262826300E+2","3.054200000000000E-6"
"627","1.0120573706518914E+0","7.6948059940342023E-22","-9.4345525659036641E-14","1.3649632950147597E-13","-2.2891758911177267E-2","1.5192639194005932E-2","3.0001723112882401E+0","4.1912898008582564E+0","2.4364954060590080E+2","1.8824660056184300E+2","3.054200000000000E-6"
"626","1.0120518697993193E+0","7.7028015218351227E-22","-9.4716937868993789E-14","1.3687410400833054E-13","-2.2876852440621008E-2","1.5216158110798118E-2","3.0001721162293200E+0","4.1914388649241694E+0","2.4365820605088462E+2","1.8830936042229499E+2","3.054200000000000E-6"
"625","1.0120463620846756E+0","7.7095854368338247E-22","-9.3066065858995294E-14","1.3376241771812726E-13","-2.2861921905750343E-2","1.5239669350436122E-2","3.0001719211408000E+0","4.1915879881412419E+0","2.4366687493446454E+2","1.8837213180945400E+2","3.054200000000000E-6"
"624","1.0120408475201585E+0","7.7020355525878839E-22","-9.5363401654358426E-14","1.3685398160780304E-13","-2.2846967309914687E-2","1.5263172899026118E-2","3.0001717260240000E+0","4.1917371695372339E+0","2.4367554720012200E+2","1.8843491432603901E+2","3.054200000000000E-6"
"623","1.0120353261179831E+0","7.7067122249760616E-22","-9.3681186525281839E-14","1.3478698666934232E-13","-2.2831988656454711E-2","1.5286668742711257E-2","3.0001715308802201E+0","4.1918864081373677E+0","2.4368422279119088E+2","1.8849770756364899E+2","3.054200000000000E-6"
"622","1.0120297978903789E+0","7.7003909107349495E-22","-9.3332317479681096E-14","1.3450504290282911E-13","-2.2816985948641632E-2","1.5310156867666931E-2","3.0001713357107498E+0","4.1920357029626611E+0","2.4369290165076055E+2","1.8856051112743700E+2","3.054200000000000E-6"
"621","1.0120242628495997E+0","7.7110447902294960E-22","-9.2966664379786911E-14","1.3379157001977944E-13","-2.2801959189789053E-2","1.5333637260107408E-2","3.0001711405169100E+0","4.1921850530363844E+0","2.4370158372205151E+2","1.8862332461253999E+2","3.054200000000000E-6"
"620","1.0120187210079126E+0","7.7206020350269383E-22","-9.3127821476730769E-14","1.3248651013837959E-13","-2.2786908383143872E-2","1.5357109906281138E-2","3.0001709452999998E+0","4.1923344573774060E+0","2.4371026894802822E+2","1.8868614761896299E+2","3.054200000000000E-6"
"619","1.0120131723776080E+0","7.7359654673390459E-22","-9.1898835904839974E-14","1.3138385681460751E-13","-2.2771833531988216E-2","1.5380574792474519E-2","3.0001707500613302E+0","4.1924839150073465E+0","2.4371895727181527E+2","1.8874897974188301E+2","3.054200000000000E-6"
"618","1.0120076169709920E+0","7.7405497022938188E-22","-8.9762796396161859E-14","1.2783957496880064E-13","-2.2756734639550594E-2","1.5404031905008267E-2","3.0001705548022000E+0","4.1926334249433808E+0","2.4372764863627859E+2","1.8881182058304000E+2","3.054200000000000E-6"
"617","1.0120020548003896E+0","7.7323422094609148E-22","-9.0811819480784734E-14","1.2945690338495089E-13","-2.2741611709060451E-2","1.5427481230240224E-2","3.0001703595239202E+0","4.1927829862031372E+0","2.4373634298431071E+2","1.8887466973857801E+2","3.054200000000000E-6"
"616","1.0119964858781432E+0","7.7311222214549728E-22","-9.2833401781222757E-14","1.3297558950476025E-13","-2.2726464743717433E-2","1.5450922754563699E-2","3.0001701642278000E+0","4.1929325978018506E+0","2.4374504025866486E+2","1.8893752680580599E+2","3.054200000000000E-6"
"615","1.0119909102166120E+0","7.7202973223687905E-22","-9.3229710364435411E-14","1.3238613613254693E-13","-2.2711293746715974E-2","1.5474356464408886E-2","3.0001699689151402E+0","4.1930822587538028E+0","2.4375374040203894E+2","1.8900039138178099E+2","3.054200000000000E-6"
"614","1.0119853278281739E+0","7.7132011466888387E-22","-9.1209971220561693E-14","1.3065019659951454E-13","-2.2696098721211901E-2","1.5497782346242375E-2","3.0001697735872601E+0","4.1932319680713483E+0","2.4376244335701878E+2","1.8906326306306400E+2","3.054200000000000E-6"
"613","1.0119797387252256E+0","7.7257473052321309E-22","-8.9596358721419941E-14","1.2740059886258906E-13","-2.2680879670375697E-2","1.5521200386566215E-2","3.0001695782454498E+0","4.1933817247680159E+0","2.4377114906625852E+2","1.8912614144608500E+2","3.054200000000000E-6"
"612","1.0119741429201821E+0","7.7308593848152783E-22","-8.6455915158956370E-14","1.2276780613378384E-13","-2.2665636597330539E-2","1.5544610571920728E-2","3.0001693828910301E+0","4.1935315278543994E+0","2.4377985747224164E+2","1.8918902612960301E+2","3.054200000000000E-6"
"611","1.0119685404254752E+0","7.7251076878234613E-22","-8.7720740074943222E-14","1.2371651176141135E-13","-2.2650369505198609E-2","1.5568012888881357E-2","3.0001691875252998E+0","4.1936813763408241E+0","2.4378856851743598E+2","1.8925191671157299E+2","3.054200000000000E-6"
"610","1.0119629312535516E+0","7.7198539535604079E-22","-8.8970049336219456E-14","1.2603856167105758E-13","-2.2635078397056543E-2","1.5591407324059605E-2","3.0001689921495802E+0","4.1938312692339377E+0","2.4379728214409565E+2","1.8931481278803000E+2","3.054200000000000E-6"
"609","1.0119573154168784E+0","7.7181105670218844E-22","-8.8065460484823771E-14","1.2468937033291563E-13","-2.2619763276003086E-2","1.5614793864106195E-2","3.0001687967651698E+0","4.1939812055425705E+0","2.4380599829460166E+2","1.8937771395162201E+2","3.054200000000000E-6"
"608","1.0119516929279408E+0","7.7227933398671136E-22","-8.5563550465440412E-14","1.2176649062638899E-13","-2.2604424145090153E-2","1.5638172495706062E-2","3.0001686013733799E+0","4.1941311842730542E+0","2.4381471691118966E+2","1.8944061980055901E+2","3.054200000000000E-6"
"607","1.0119460637992372E+0","7.7141402034791999E-22","-8.6860643993353203E-14","1.2299422205846368E-13","-2.2589061007338991E-2","1.5661543205581059E-2","3.0001684059755198E+0","4.1942812044291697E+0","2.4382343793594717E+2","1.8950352993265099E+2","3.054200000000000E-6"
"606","1.0119404280432873E+0","7.7173899893107639E-22","-8.7514860406848329E-14","1.2339653480991475E-13","-2.2573673865776907E-2","1.5684905980491104E-2","3.0001682105729000E+0","4.1944312650160001E+0","2.4383216131103728E+2","1.8956644394292900E+2","3.054200000000000E-6"
"605","1.0119347856726233E+0","7.7280148140862798E-22","-8.4800509255399555E-14","1.1856385851919026E-13","-2.2558262723393979E-2","1.5708260807232095E-2","3.0001680151668300E+0","4.1945813650348143E+0","2.4384088697840144E+2","1.8962936142571701E+2","3.054200000000000E-6"
"604","1.0119291366998020E+0","7.7207536158741360E-22","-8.5166397870468241E-14","1.1926665634033328E-13","-2.2542827583175235E-2","1.5731607672637208E-2","3.0001678197586101E+0","4.1947315034893853E+0","2.4384961488012661E+2","1.8969228197809400E+2","3.054200000000000E-6"
"603","1.0119234811373883E+0","7.7162089821911892E-22","-8.6993451899898625E-14","1.2378454107417031E-13","-2.2527368448054388E-2","1.5754946563575810E-2","3.0001676243495701E+0","4.1948816793781694E+0","2.4385834495799065E+2","1.8975520519815200E+2","3.054200000000000E-6"
"602","1.0119178189979670E+0","7.7059588702331541E-22","-8.3785491148626291E-14","1.1739703251965614E-13","-2.2511885320975502E-2","1.5778277466954524E-2","3.0001674289410101E+0","4.1950318917008103E+0","2.4386707715384054E+2","1.8981813067369200E+2","3.054200000000000E-6"
"601","1.0119121502941444E+0","7.7053995927414917E-22","-8.5878788390281094E-14","1.2074750794183880E-13","-2.2496378204844431E-2","1.5801600369718120E-2","3.0001672335342300E+0","4.1951821394567022E+0","2.4387581140950874E+2","1.8988105800830900E+2","3.054200000000000E-6"
"600","1.0119064750385376E+0","7.7150629234524546E-22","-8.2123004008977650E-14","1.1531126770250673E-13","-2.2480847102554102E-2","1.5824915258846901E-2","3.0001670381305598E+0","4.1953324216428900E+0","2.4388454766669105E+2","1.8994398678968801E+2","3.054200000000000E-6"
"599","1.0119007932437794E+0","7.7046778776570050E-22","-8.5766300439096698E-14","1.2046905341519936E-13","-2.2465292016942851E-2","1.5848222121357509E-2","3.0001668427313000E+0","4.1954827372534167E+0","2.4389328586690885E+2","1.9000691662101300E+2","3.054200000000000E-6"
"598","1.0118951049225242E+0","7.7009911336668167E-22","-8.3200343360445741E-14","1.1622664152579512E-13","-2.2449712950884701E-2","1.5871520944306435E-2","3.0001666473377502E+0","4.1956330852853316E+0","2.4390202595185823E+2","1.9006984708763201E+2","3.054200000000000E-6"
"597","1.0118894100874400E+0","7.6950001746828257E-22","-8.3452150202932289E-14","1.1736064751081039E-13","-2.2434109907183735E-2","1.5894811714784660E-2","3.0001664519512401E+0","4.1957834647323642E+0","2.4391076786304237E+2","1.9013277779170099E+2","3.054200000000000E-6"
"596","1.0118837087512087E+0","7.7067941158566067E-22","-8.1764849953213147E-14","1.1429587492757830E-13","-2.2418482888624917E-2","1.5918094419921439E-2","3.0001662565730700E+0","4.1959338745859034E+0","2.4391951154182834E+2","1.9019570832336899E+2","3.054200000000000E-6"
"595","1.0118780009265340E+0","7.7109441843873575E-22","-8.0418545112789051E-14","1.1123748240834662E-13","-2.2402831897996137E-2","1.5941369046883046E-2","3.0001660612045500E+0","4.1960843138394601E+0","2.4392825692970646E+2","1.9025863827960799E+2","3.054200000000000E-6"
"594","1.0118722866261298E+0","7.7144237196340620E-22","-8.3031257408685505E-14","1.1486957551193140E-13","-2.2387156938026866E-2","1.5964635582872529E-2","3.0001658658469998E+0","4.1962347814828718E+0","2.4393700396795370E+2","1.9032156725537399E+2","3.054200000000000E-6"
"593","1.0118665658627293E+0","7.7084657444769833E-22","-8.1962848320259532E-14","1.1345564552673228E-13","-2.2371458011449730E-2","1.5987894015130330E-2","3.0001656705017301E+0","4.1963852765057439E+0","2.4394575259783340E+2","1.9038449484213200E+2","3.054200000000000E-6"
"592","1.0118608386490815E+0","7.7117134106582323E-22","-8.0473858795948495E-14","1.1207808820754577E-13","-2.2355735120963376E-2","1.6011144330934667E-2","3.0001654751700402E+0","4.1965357978975062E+0","2.4395450276059870E+2","1.9044742063472100E+2","3.054200000000000E-6"
"591","1.0118551049979476E+0","7.7104565097174622E-22","-8.1912887611058668E-14","1.1347242245626752E-13","-2.2339988269217872E-2","1.6034386517598618E-2","3.0001652798532499E+0","4.1966863446437639E+0","2.4396325439728054E+2","1.9051034422901401E+2","3.054200000000000E-6"
"590","1.0118493649221125E+0","7.7112456917206298E-22","-7.9025993414934059E-14","1.0900917689111995E-13","-2.2324217458903017E-2","1.6057620562477736E-2","3.0001650845526600E+0","4.1968369157346528E+0","2.4397200744917311E+2","1.9057326521459299E+2","3.054200000000000E-6"
"589","1.0118436184343667E+0","7.7130494624438790E-22","-8.1973955340475791E-14","1.1335961992440214E-13","-2.2308422692595222E-2","1.6080846452957636E-2","3.0001648892696000E+0","4.1969875101527130E+0","2.4398076185712901E+2","1.9063618319209999E+2","3.054200000000000E-6"
"588","1.0118378655475193E+0","7.7137742794556276E-22","-8.1433186360535429E-14","1.1214307292430617E-13","-2.2292603972898992E-2","1.6104064176464993E-2","3.0001646940053699E+0","4.1971381268817884E+0","2.4398951756207677E+2","1.9069909774775300E+2","3.054200000000000E-6"
"587","1.0118321062744036E+0","7.7040617314981841E-22","-8.1534689613961837E-14","1.1370201398309885E-13","-2.2276761302398290E-2","1.6127273720465633E-2","3.0001644987612801E+0","4.1972887649087074E+0","2.4399827450511827E+2","1.9076200848176700E+2","3.054200000000000E-6"
"586","1.0118263406278540E+0","7.7078106691306310E-22","-7.5739949521628825E-14","1.0438740832704229E-13","-2.2260894683629774E-2","1.6150475072458897E-2","3.0001643035386500E+0","4.1974394232133081E+0","2.4400703262694913E+2","1.9082491497757300E+2","3.054200000000000E-6"
"585","1.0118205686207327E+0","7.7047242514700419E-22","-7.7653786593104720E-14","1.0693611751533642E-13","-2.2245004119095971E-2","1.6173668219982954E-2","3.0001641083387800E+0","4.1975901007789318E+0","2.4401579186846865E+2","1.9088781684142799E+2","3.054200000000000E-6"
"584","1.0118147902659074E+0","7.7137056751635674E-22","-7.6595856592811765E-14","1.0491167737140372E-13","-2.2229089611288701E-2","1.6196853150612825E-2","3.0001639131629898E+0","4.1977407965847391E+0","2.4402455217033290E+2","1.9095071365850799E+2","3.054200000000000E-6"
"583","1.0118090055762661E+0","7.7225375342625685E-22","-7.9023882128681902E-14","1.0771017696783177E-13","-2.2213151162669430E-2","1.6220029851960641E-2","3.0001637180125802E+0","4.1978915096112814E+0","2.4403331347327904E+2","1.9101360502430700E+2","3.054200000000000E-6"
"582","1.0118032145647144E+0","7.7191216919230315E-22","-7.8015998759749583E-14","1.0733799618202369E-13","-2.2197188775683722E-2","1.6243198311677587E-2","3.0001635228888799E+0","4.1980422388385019E+0","2.4404207571800870E+2","1.9107649053104700E+2","3.054200000000000E-6"
"581","1.0117974172441675E+0","7.7119760405026961E-22","-7.6065218536053415E-14","1.0333057838585700E-13","-2.2181202452732165E-2","1.6266358517449696E-2","3.0001633277931798E+0","4.1981929832436684E+0","2.4405083884506814E+2","1.9113936976915599E+2","3.054200000000000E-6"
"580","1.0117916136275498E+0","7.7035239090036332E-22","-7.6619881009287022E-14","1.0491388231194281E-13","-2.2165192196151505E-2","1.6289510456998765E-2","3.0001631327267999E+0","4.1983437417998646E+0","2.4405960279476020E+2","1.9120224233779800E+2","3.054200000000000E-6"
"579","1.0117858037278189E+0","7.7130763975125455E-22","-7.6812013039943688E-14","1.0546941106546515E-13","-2.2149158008336355E-2","1.6312654118088625E-2","3.0001629376910599E+0","4.1984945134885265E+0","2.4406836750787343E+2","1.9126510782528601E+2","3.054200000000000E-6"
"578","1.0117799875579259E+0","7.7121109743401106E-22","-7.7591516076724844E-14","1.0629403428343052E-13","-2.2133099891567167E-2","1.6335789488515145E-2","3.0001627426872601E+0","4.1986452972799384E+0","2.4407713292454795E+2","1.9132796582463601E+2","3.054200000000000E-6"
"577","1.0117741651308545E+0","7.7158044133233010E-22","-7.5426011612188089E-14","1.0272652165883046E-13","-2.2117017848168843E-2","1.6358916556116210E-2","3.0001625477167102E+0","4.1987960921523539E+0","2.4408589898538733E+2","1.9139081592722599E+2","3.054200000000000E-6"
"576","1.0117683364595909E+0","7.7267413436836907E-22","-7.7707109482735354E-14","1.0536112995649122E-13","-2.2100911880370899E-2","1.6382035308762258E-2","3.0001623527807202E+0","4.1989468970766710E+0","2.4409466563056739E+2","1.9145365773004801E+2","3.054200000000000E-6"
"575","1.0117625015571350E+0","7.7187657974644208E-22","-7.5381261164120741E-14","1.0246706952198389E-13","-2.2084781990392866E-2","1.6405145734361522E-2","3.0001621578806099E+0","4.1990977110233842E+0","2.4410343280024060E+2","1.9151649082271399E+2","3.054200000000000E-6"
"574","1.0117566604365136E+0","7.7147383843088705E-22","-7.3991642615652448E-14","1.0088129664013917E-13","-2.2068628180465122E-2","1.6428247820863096E-2","3.0001619630176801E+0","4.1992485329676397E+0","2.4411220043482976E+2","1.9157931479580199E+2","3.054200000000000E-6"
"573","1.0117508131107544E+0","7.7234614950066956E-22","-7.5347206594816130E-14","1.0322492439021071E-13","-2.2052450452731128E-2","1.6451341556249131E-2","3.0001617681932400E+0","4.1993993618780321E+0","2.4412096847437684E+2","1.9164212924554701E+2","3.054200000000000E-6"
"572","1.0117449595929056E+0","7.7092451037102564E-22","-7.3912641896118077E-14","1.0012321401786305E-13","-2.2036248809331083E-2","1.6474426928538958E-2","3.0001615734086098E+0","4.1995501967239948E+0","2.4412973685897256E+2","1.9170493376176299E+2","3.054200000000000E-6"
"571","1.0117390998960292E+0","7.7241237047858240E-22","-7.0609697131200909E-14","9.6026413841064922E-14","-2.2020023252383242E-2","1.6497503925792571E-2","3.0001613786650898E+0","4.1997010364755214E+0","2.4413850552874030E+2","1.9176772793316201E+2","3.054200000000000E-6"
"570","1.0117332340331981E+0","7.7296810789571812E-22","-7.4465789469673563E-14","1.0052784387595399E-13","-2.2003773783927840E-2","1.6520572536100810E-2","3.0001611839639999E+0","4.1998518800990423E+0","2.4414727442359617E+2","1.9183051136259999E+2","3.054200000000000E-6"
"569","1.0117273620175009E+0","7.7391899595381806E-22","-7.1692878737336078E-14","9.6309209272412672E-14","-2.1987500406036090E-2","1.6543632747596106E-2","3.0001609893066399E+0","4.2000027265618858E+0","2.4415604348350854E+2","1.9189328363004699E+2","3.054200000000000E-6"
"568","1.0117214838620401E+0","7.7346884523382012E-22","-7.2185838107422974E-14","9.7200898541081785E-14","-2.1971203120693797E-2","1.6566684548446141E-2","3.0001607946943198E+0","4.2001535748302743E+0","2.4416481264838151E+2","1.9195604433500600E+2","3.054200000000000E-6"
"567","1.0117155995799385E+0","7.7352167902255366E-22","-7.0193391039125220E-14","9.3617315104038921E-14","-2.1954881929914696E-2","1.6589727926857256E-2","3.0001606001283498E+0","4.2003044238725531E+0","2.4417358185824253E+2","1.9201879306495400E+2","3.054200000000000E-6"
"566","1.0117097091843146E+0","7.7257903821365608E-22","-7.0155948119814566E-14","9.5116924000084870E-14","-2.1938536835592066E-2","1.6612762871067603E-2","3.0001604056100399E+0","4.2004552726484725E+0","2.4418235105261945E+2","1.9208152941642700E+2","3.054200000000000E-6"
"565","1.0117038126883213E+0","7.7136832561656946E-22","-7.2569615896769668E-14","9.6966007831661843E-14","-2.1922167839676703E-2","1.6635789369357279E-2","3.0001602111407002E+0","4.2006061201260012E+0","2.4419112017151784E+2","1.9214425297904299E+2","3.054200000000000E-6"
"564","1.0116979101051073E+0","7.7029471497484030E-22","-7.3695633929857626E-14","9.8547203604765344E-14","-2.1905774944011570E-2","1.6658807410039032E-2","3.0001600167216300E+0","4.2007569652640964E+0","2.4419988915441945E+2","1.9220696334301800E+2","3.054200000000000E-6"
"563","1.0116920014478499E+0","7.6983596965440607E-22","-7.0655048565582491E-14","9.5659419934837625E-14","-2.1889358150472268E-2","1.6681816981466317E-2","3.0001598223541501E+0","4.2009078070285186E+0","2.4420865794120158E+2","1.9226966010109899E+2","3.054200000000000E-6"
"562","1.0116860867297264E+0","7.7117051571283527E-22","-6.9111295282829400E-14","9.2103227184048077E-14","-2.1872917460844465E-2","1.6704818072023900E-2","3.0001596280395599E+0","4.2010586443782314E+0","2.4421742647134622E+2","1.9233234284308301E+2","3.054200000000000E-6"
"561","1.0116801659639405E+0","7.7245789567424250E-22","-6.9450584578617501E-14","9.3656426629157872E-14","-2.1856452876918404E-2","1.6727810670139270E-2","3.0001594337791699E+0","4.2012094762763272E+0","2.4422619468457552E+2","1.9239501116743699E+2","3.054200000000000E-6"
"560","1.0116742391636935E+0","7.7241469616675162E-22","-7.0594881522366214E-14","9.5079601921689178E-14","-2.1839964400411339E-2","1.6750794764269564E-2","3.0001592395742902E+0","4.2013603016792853E+0","2.4423496252022719E+2","1.9245766465877500E+2","3.054200000000000E-6"
"559","1.0116683063422138E+0","7.7240141474804093E-22","-6.9479760982681647E-14","9.3070608236654162E-14","-2.1823452033053244E-2","1.6773770342913597E-2","3.0001590454262201E+0","4.2015111195489672E+0","2.4424372991795178E+2","1.9252030291102000E+2","3.054200000000000E-6"
"558","1.0116623675127352E+0","7.7233156193025012E-22","-7.1472571390417090E-14","9.5137043242662533E-14","-2.1806915776499701E-2","1.6796737394603536E-2","3.0001588513362698E+0","4.2016619288425749E+0","2.4425249681712901E+2","1.9258292551520799E+2","3.054200000000000E-6"
"557","1.0116564226885079E+0","7.7129634280870022E-22","-6.8409102063710432E-14","9.2069464331988541E-14","-2.1790355632401420E-2","1.6819695907909969E-2","3.0001586573057502E+0","4.2018127285187425E+0","2.4426126315722178E+2","1.9264553206194600E+2","3.054200000000000E-6"
"556","1.0116504718827906E+0","7.7139183047066226E-22","-6.7426847565481222E-14","9.0011549069758735E-14","-2.1773771602331866E-2","1.6842645871436562E-2","3.0001584633359601E+0","4.2019635175327954E+0","2.4427002887750075E+2","1.9270812214548201E+2","3.054200000000000E-6"
"555","1.0116445151088587E+0","7.7033087827724398E-22","-6.7383303796371723E-14","8.9946461661986094E-14","-2.1757163687872793E-2","1.6865587273825984E-2","3.0001582694282098E+0","4.2021142948420298E+0","2.4427879391735104E+2","1.9277069535529199E+2","3.054200000000000E-6"
"554","1.0116385523799982E+0","7.7117130928923476E-22","-6.7717288857411425E-14","9.0062021141845325E-14","-2.1740531890534428E-2","1.6888520103754641E-2","3.0001580755838000E+0","4.2022650594007480E+0","2.4428755821598386E+2","1.9283325128529100E+2","3.054200000000000E-6"
"553","1.0116325837095088E+0","7.7079283279996106E-22","-6.6556497775145633E-14","8.8214021386777466E-14","-2.1723876211820523E-2","1.6911444349936768E-2","3.0001578818040402E+0","4.2024158101646334E+0","2.4429632171269057E+2","1.9289578952175700E+2","3.054200000000000E-6"
"552","1.0116266091107016E+0","7.7092198154297457E-22","-6.3873468337220446E-14","8.5400918017007254E-14","-2.1707196653174204E-2","1.6934360001121543E-2","3.0001576880902299E+0","4.2025665460872794E+0","2.4430508434664108E+2","1.9295830966019500E+2","3.054200000000000E-6"
"551","1.0116206285969023E+0","7.7017664011227519E-22","-6.6878357722678013E-14","8.8920263138139337E-14","-2.1690493216012342E-2","1.6957267046093412E-2","3.0001574944436800E+0","4.2027172661219714E+0","2.4431384605698744E+2","1.9302081129175701E+2","3.054200000000000E-6"
"550","1.0116146421814429E+0","7.7040893310779525E-22","-6.5035715878582866E-14","8.6052253471541418E-14","-2.1673765901709753E-2","1.6980165473672849E-2","3.0001573008656899E+0","4.2028679692209279E+0","2.4432260678281969E+2","1.9308329400590600E+2","3.054200000000000E-6"
"549","1.0116086498776771E+0","7.7068508218541774E-22","-6.5525996405573044E-14","8.6460970777947697E-14","-2.1657014711612358E-2","1.7003055272717209E-2","3.0001571073575701E+0","4.2030186543373418E+0","2.4433136646328433E+2","1.9314575739560399E+2","3.054200000000000E-6"
"548","1.0116026516989645E+0","7.6937054743546298E-22","-6.6458497033353557E-14","8.8602800957147400E-14","-2.1640239647023399E-2","1.7025936432118163E-2","3.0001569139206099E+0","4.2031693204223819E+0","2.4434012503741047E+2","1.9320820105135601E+2","3.054200000000000E-6"
"547","1.0115966476586749E+0","7.7025843793510227E-22","-6.6779511069569643E-14","8.9002451063197080E-14","-2.1623440709184854E-2","1.7048808940800929E-2","3.0001567205561201E+0","4.2033199664246403E+0","2.4434888244407725E+2","1.9327062456435499E+2","3.054200000000000E-6"
"546","1.0115906377701946E+0","7.6990552649663456E-22","-6.6998660198519743E-14","8.8087783109555471E-14","-2.1606617899345121E-2","1.7071672787729905E-2","3.0001565272653998E+0","4.2034705912962114E+0","2.4435763862236743E+2","1.9333302752521101E+2","3.054200000000000E-6"
"545","1.0115846220469205E+0","7.7069977498104944E-22","-6.3878736071068569E-14","8.4226252216840954E-14","-2.1589771218673375E-2","1.7094527961902049E-2","3.0001563340497599E+0","4.2036211939853594E+0","2.4436639351114113E+2","1.9339540952624699E+2","3.054200000000000E-6"
"544","1.0115786005022620E+0","7.7036646772309902E-22","-6.5255547963985367E-14","8.5556467802647710E-14","-2.1572900668317071E-2","1.7117374452350297E-2","3.0001561409104900E+0","4.2037717734411819E+0","2.4437514704930695E+2","1.9345777015970600E+2","3.054200000000000E-6"
"543","1.0115725731496379E+0","7.6934051043947237E-22","-6.4265549591569292E-14","8.4878149536923520E-14","-2.1556006249389120E-2","1.7140212248142904E-2","3.0001559478489002E+0","4.2039223286119629E+0","2.4438389917572616E+2","1.9352010901440400E+2","3.054200000000000E-6"
"542","1.0115665400024818E+0","7.6935768994681980E-22","-6.3685657621935524E-14","8.4758566725825986E-14","-2.1539087962950319E-2","1.7163041338382600E-2","3.0001557548662801E+0","4.2040728584451994E+0","2.4439264982921429E+2","1.9358242568339901E+2","3.054200000000000E-6"
"541","1.0115605010742326E+0","7.7027555023402174E-22","-6.3923597039838318E-14","8.3451380063213183E-14","-2.1522145810007935E-2","1.7185861712205500E-2","3.0001555619639402E+0","4.2042233618856342E+0","2.4440139894842670E+2","1.9364471975859101E+2","3.054200000000000E-6"
"540","1.0115544563783516E+0","7.6929149481829782E-22","-6.4634126428755419E-14","8.5374837232189999E-14","-2.1505179791578233E-2","1.7208673358786591E-2","3.0001553691431702E+0","4.2043738378830318E+0","2.4441014647231080E+2","1.9370699082954300E+2","3.054200000000000E-6"
"539","1.0115484059283018E+0","7.6824573172887751E-22","-6.1584691301799435E-14","8.0464285939609356E-14","-2.1488189908587217E-2","1.7231476267331482E-2","3.0001551764052801E+0","4.2045242853804279E+0","2.4441889233942274E+2","1.9376923848694000E+2","3.054200000000000E-6"
"538","1.0115423497375633E+0","7.6870862199966259E-22","-6.1804209406533730E-14","8.0691847685888477E-14","-2.1471176161946354E-2","1.7254270427082719E-2","3.0001549837515600E+0","4.2046747033250709E+0","2.4442763648856354E+2","1.9383146232447399E+2","3.054200000000000E-6"
"537","1.0115362878196232E+0","7.6862489064215626E-22","-6.1163420324655382E-14","8.0290490889932041E-14","-2.1454138552503228E-2","1.7277055827314990E-2","3.0001547911833102E+0","4.2048250906594422E+0","2.4443637885825726E+2","1.9389366193188499E+2","3.054200000000000E-6"
"536","1.0115302201879826E+0","7.6823362387266094E-22","-6.1872334383917475E-14","8.0083249536150539E-14","-2.1437077081086438E-2","1.7299832457339039E-2","3.0001545987018199E+0","4.2049754463285192E+0","2.4444511938717287E+2","1.9395583690185600E+2","3.054200000000000E-6"
"535","1.0115241468561542E+0","7.6816163847985291E-22","-6.4680730837639990E-14","8.4746384397330015E-14","-2.1419991748475118E-2","1.7322600306499861E-2","3.0001544063084000E+0","4.2051257692762487E+0","2.4445385801391953E+2","1.9401798682514701E+2","3.054200000000000E-6"
"534","1.0115180678376599E+0","7.6674760424196275E-22","-6.0843787885363524E-14","7.9504727784595077E-14","-2.1402882555403735E-2","1.7345359364176471E-2","3.0001542140043398E+0","4.2052760584443991E+0","2.4446259467697973E+2","1.9408011129127300E+2","3.054200000000000E-6"
"533","1.0115119831460293E+0","7.6679830007375510E-22","-6.1591926630136992E-14","7.9969021772877301E-14","-2.1385749502545511E-2","1.7368109619778315E-2","3.0001540217909399E+0","4.2054263127740690E+0","2.4447132931479709E+2","1.9414220989513800E+2","3.054200000000000E-6"
"532","1.0115058927948160E+0","7.6686000774745149E-22","-6.1844628861169074E-14","8.0434948884341306E-14","-2.1368592590580712E-2","1.7390851062756011E-2","3.0001538296694901E+0","4.2055765312107116E+0","2.4448006186606833E+2","1.9420428222583200E+2","3.054200000000000E-6"
"531","1.0114997967975679E+0","7.6612942115092818E-22","-5.8989379536779445E-14","7.6126731611711487E-14","-2.1351411820101970E-2","1.7413583682586654E-2","3.0001536376412798E+0","4.2057267126926154E+0","2.4448879226907360E+2","1.9426632787378099E+2","3.054200000000000E-6"
"530","1.0114936951678539E+0","7.6500046437140153E-22","-5.9706307381748316E-14","7.7520819961112122E-14","-2.1334207191663155E-2","1.7436307468784513E-2","3.0001534457076202E+0","4.2058768561612068E+0","2.4449752046227553E+2","1.9432834643417399E+2","3.054200000000000E-6"
"529","1.0114875879192526E+0","7.6400243994308054E-22","-6.0058568543186260E-14","7.7118659289106552E-14","-2.1316978705803902E-2","1.7459022410897754E-2","3.0001532538697799E+0","4.2060269605577947E+0","2.4450624638412998E+2","1.9439033749541900E+2","3.054200000000000E-6"
"528","1.0114814750653516E+0","7.6305922657010147E-22","-6.0029987905265567E-14","7.7117590501057495E-14","-2.1299726362997654E-2","1.7481728498506627E-2","3.0001530621290700E+0","4.2061770248225274E+0","2.4451496997302525E+2","1.9445230064928401E+2","3.054200000000000E-6"
"527","1.0114753566197470E+0","7.6290680820248097E-22","-5.7646378862418078E-14","7.4618057826491304E-14","-2.1282450163660267E-2","1.7504425721224036E-2","3.0001528704867799E+0","4.2063270478929136E+0","2.4452369116719615E+2","1.9451423548879200E+2","3.054200000000000E-6"
"526","1.0114692325960466E+0","7.6392904834323171E-22","-6.1381597758079410E-14","7.9897462510610184E-14","-2.1265150108170885E-2","1.7527114068694779E-2","3.0001526789441999E+0","4.2064770287072770E+0","2.4453240990492503E+2","1.9457614160655800E+2","3.054200000000000E-6"
"525","1.0114631030078725E+0","7.6223205629730584E-22","-5.9233356423208015E-14","7.6744662886258068E-14","-2.1247826196897319E-2","1.7549793530601817E-2","3.0001524875026200E+0","4.2066269662060360E+0","2.4454112612461586E+2","1.9463801859031000E+2","3.054200000000000E-6"
"524","1.0114569678688510E+0","7.6211414170098675E-22","-5.9331389153626680E-14","7.6452758759884884E-14","-2.1230478430110725E-2","1.7572464096654344E-2","3.0001522961633400E+0","4.2067768593248820E+0","2.4454983976439789E+2","1.9469986603554301E+2","3.054200000000000E-6"
"523","1.0114508271926277E+0","7.6112767712172870E-22","-5.8540250729800115E-14","7.5538845181654117E-14","-2.1213106808085459E-2","1.7595125756600750E-2","3.0001521049276301E+0","4.2069267070039338E+0","2.4455855076265775E+2","1.9476168353304601E+2","3.054200000000000E-6"
"522","1.0114446809928490E+0","7.6083000583854273E-22","-5.9777092597170689E-14","7.6756968679617714E-14","-2.1195711331025192E-2","1.7617778500217254E-2","3.0001519137967900E+0","4.2070765081794370E+0","2.4456725905755687E+2","1.9482347067309300E+2","3.054200000000000E-6"
"521","1.0114385292831771E+0","7.6092556587880730E-22","-5.5349559426798144E-14","7.0398967266064064E-14","-2.1178291999093463E-2","1.7640422317314067E-2","3.0001517227721100E+0","4.2072262617880209E+0","2.4457596458727903E+2","1.9488522704753100E+2","3.054200000000000E-6"
"520","1.0114323720772791E+0","7.6125150605942633E-22","-5.5657471196782704E-14","7.0363208834956376E-14","-2.1160848812372936E-2","1.7663057197731546E-2","3.0001515318548702E+0","4.2073759667638919E+0","2.4458466728986710E+2","1.9494695225187101E+2","3.054200000000000E-6"
"519","1.0114262093888364E+0","7.6196401875956453E-22","-5.4929157159304205E-14","7.0074068122037575E-14","-2.1143381770951600E-2","1.7685683131344474E-2","3.0001513410463700E+0","4.2075256220442911E+0","2.4459336710354046E+2","1.9500864587521301E+2","3.054200000000000E-6"
"518","1.0114200412315435E+0","7.6234913337325254E-22","-5.7496682412148899E-14","7.3438655780789530E-14","-2.1125890874858746E-2","1.7708300108061129E-2","3.0001511503478802E+0","4.2076752265655157E+0","2.4460206396646353E+2","1.9507030751085699E+2","3.054200000000000E-6"
"517","1.0114138676190971E+0","7.6228802540550166E-22","-5.8513860077955242E-14","7.5194685810098582E-14","-2.1108376124058956E-2","1.7730908117817558E-2","3.0001509597606999E+0","4.2078247792618670E+0","2.4461075781668475E+2","1.9513193674987500E+2","3.054200000000000E-6"
"516","1.0114076885652057E+0","7.6159388645471981E-22","-5.6364927971119381E-14","7.0896309832767384E-14","-2.1090837518466441E-2","1.7753507150582652E-2","3.0001507692861100E+0","4.2079742790662147E+0","2.4461944859216933E+2","1.9519353318381599E+2","3.054200000000000E-6"
"515","1.0114015040835944E+0","7.6174408177444606E-22","-5.6753271683257789E-14","7.2562600503003557E-14","-2.1073275057983870E-2","1.7776097196359530E-2","3.0001505789253899E+0","4.2081237249159544E+0","2.4462813623114553E+2","1.9525509640687500E+2","3.054200000000000E-6"
"514","1.0113953141879870E+0","7.6096130008127116E-22","-5.4521339636611769E-14","6.8125743142188327E-14","-2.1055688742418241E-2","1.7798678245177477E-2","3.0001503886798302E+0","4.2082731157416262E+0","2.4463682067144316E+2","1.9531662600989401E+2","3.054200000000000E-6"
"513","1.0113891188921271E+0","7.6003460964102759E-22","-5.6252259435973052E-14","7.1440956511205597E-14","-2.1038078571568145E-2","1.7821250287102398E-2","3.0001501985507000E+0","4.2084224504792687E+0","2.4464550185121169E+2","1.9537812158632400E+2","3.054200000000000E-6"
"512","1.0113829182097627E+0","7.5924012334218546E-22","-5.5510447587082791E-14","7.0582585148642078E-14","-2.1020444545164337E-2","1.7843813312227577E-2","3.0001500085393000E+0","4.2085717280609201E+0","2.4465417970836788E+2","1.9543958272826001E+2","3.054200000000000E-6"
"511","1.0113767121546502E+0","7.5948525831671561E-22","-5.5585728491233631E-14","7.0793003691656584E-14","-2.1002786662881582E-2","1.7866367310678026E-2","3.0001498186469000E+0","4.2087209474188345E+0","2.4466285418084124E+2","1.9550100902800401E+2","3.054200000000000E-6"
"510","1.0113705007405582E+0","7.5923793131356227E-22","-5.6141492512510798E-14","7.0635514012703238E-14","-2.0985104924367219E-2","1.7888912272609886E-2","3.0001496288747802E+0","4.2088701074864785E+0","2.4467152520663160E+2","1.9556240007893101E+2","3.054200000000000E-6"
"509","1.0113642839812655E+0","7.5885680784632680E-22","-5.5003820119114329E-14","7.0055704666956624E-14","-2.0967399329209501E-2","1.7911448188209809E-2","3.0001494392242201E+0","4.2090192071960484E+0","2.4468019272366507E+2","1.9562375547268999E+2","3.054200000000000E-6"
"508","1.0113580618905540E+0","7.5739187098149637E-22","-5.3534828685389487E-14","6.8913819689794131E-14","-2.0949669876936052E-2","1.7933975047692390E-2","3.0001492496965101E+0","4.2091682454776267E+0","2.4468885666974484E+2","1.9568507480288000E+2","3.054200000000000E-6"
"507","1.0113518344822261E+0","7.5676842495381573E-22","-5.4214583381436902E-14","6.8370161787192792E-14","-2.0931916567049989E-2","1.7956492841307275E-2","3.0001490602929102E+0","4.2093172212658549E+0","2.4469751698293908E+2","1.9574635766214200E+2","3.054200000000000E-6"
"506","1.0113456017700801E+0","7.5414919890319743E-22","-5.3058311054298859E-14","6.6296651654063417E-14","-2.0914139398972291E-2","1.7979001559328418E-2","3.0001488710147100E+0","4.2094661334887808E+0","2.4470617360093263E+2","1.9580760364298999E+2","3.054200000000000E-6"
"505","1.0113393637679347E+0","7.5319690722299585E-22","-5.2393835763310371E-14","6.5557585812222156E-14","-2.0896338372110204E-2","1.8001501192064114E-2","3.0001486818631800E+0","4.2096149810795955E+0","2.4471482646170952E+2","1.9586881233893499E+2","3.054200000000000E-6"
"504","1.0113331204896083E+0","7.5405765068890321E-22","-5.1842597598141598E-14","6.4350417568939465E-14","-2.0878513485772573E-2","1.8023991729848057E-2","3.0001484928396001E+0","4.2097637629665661E+0","2.4472347550296729E+2","1.9592998334413201E+2","3.054200000000000E-6"
"503","1.0113268719489379E+0","7.5387804909840253E-22","-5.4842425275728837E-14","6.8645904204367477E-14","-2.0860664739276946E-2","1.8046473163048762E-2","3.0001483039452399E+0","4.2099124780829298E+0","2.4473212066269252E+2","1.9599111625058700E+2","3.054200000000000E-6"
"502","1.0113206181597612E+0","7.5498502355315069E-22","-4.8480906716948724E-14","6.0576049115396205E-14","-2.0842792131849520E-2","1.8068945482059513E-2","3.0001481151813700E+0","4.2100611253571660E+0","2.4474076187859521E+2","1.9605221065032299E+2","3.054200000000000E-6"
"501","1.0113143591359315E+0","7.5545746776000959E-22","-5.2283319808855583E-14","6.6299851815746560E-14","-2.0824895662677097E-2","1.8091408677304716E-2","3.0001479265492801E+0","4.2102097037211319E+0","2.4474939908858170E+2","1.9611326614044401E+2","3.054200000000000E-6"
"500","1.0113080948912982E+0","7.5611340130624889E-22","-4.8637088295547264E-14","6.0097185347024910E-14","-2.0806975330852094E-2","1.8113862739232177E-2","3.0001477380502299E+0","4.2103582120986758E+0","2.4475803223009277E+2","1.9617428231201200E+2","3.054200000000000E-6"
"499","1.0113018254397415E+0","7.5441749493487739E-22","-4.9255587986670664E-14","6.2098161623364632E-14","-2.0789031135529056E-2","1.8136307658331515E-2","3.0001475496854901E+0","4.2105066494277930E+0","2.4476666124139157E+2","1.9623525875808301E+2","3.054200000000000E-6"
"498","1.0112955507951276E+0","7.5354208969261203E-22","-5.1174229337200084E-14","6.5163547175051348E-14","-2.0771063075674764E-2","1.8158743425105456E-2","3.0001473614563401E+0","4.2106550146309365E+0","2.4477528605983778E+2","1.9629619507593699E+2","3.054200000000000E-6"
"497","1.0112892709713472E+0","7.5563347111484459E-22","-5.4003385638909788E-14","6.9169250994578783E-14","-2.0753071150296842E-2","1.8181170030095853E-2","3.0001471733640401E+0","4.2108033066405257E+0","2.4478390662337040E+2","1.9635709085609801E+2","3.054200000000000E-6"
"496","1.0112829859822929E+0","7.5509460430479743E-22","-5.1318842625645776E-14","6.5600888812847941E-14","-2.0735055358329552E-2","1.8203587463869450E-2","3.0001469854098599E+0","4.2109515243852966E+0","2.4479252286971433E+2","1.9641794569173101E+2","3.054200000000000E-6"
"495","1.0112766958418615E+0","7.5477657403878549E-22","-5.1102628997040817E-14","6.3945216508290948E-14","-2.0717015698603573E-2","1.8225995717015300E-2","3.0001467975950700E+0","4.2110996667908038E+0","2.4480113473640958E+2","1.9647875918065299E+2","3.054200000000000E-6"
"494","1.0112704005639657E+0","7.5482450915528172E-22","-4.8395926546019064E-14","6.1364418601966797E-14","-2.0698952169960566E-2","1.8248394780158831E-2","3.0001466099209400E+0","4.2112477327872258E+0","2.4480974216126486E+2","1.9653953091441201E+2","3.054200000000000E-6"
"493","1.0112641001625271E+0","7.5404408492685322E-22","-4.9293285374791034E-14","6.1629467731002476E-14","-2.0680864771169483E-2","1.8270784643949479E-2","3.0001464223887302E+0","4.2113957213041422E+0","2.4481834508205409E+2","1.9660026048919099E+2","3.054200000000000E-6"
"492","1.0112577946514691E+0","7.5369768236583200E-22","-4.8090577064024674E-14","5.9397511652672064E-14","-2.0662753500931958E-2","1.8293165299062331E-2","3.0001462349997099E+0","4.2115436312673973E+0","2.4482694343633415E+2","1.9666094749788800E+2","3.054200000000000E-6"
"491","1.0112514840447304E+0","7.5217420179314725E-22","-4.9249081226466857E-14","6.2034394373587579E-14","-2.0644618357923562E-2","1.8315536736203356E-2","3.0001460477551398E+0","4.2116914616076260E+0","2.4483553716194032E+2","1.9672159153609101E+2","3.054200000000000E-6"
"490","1.0112451683562498E+0","7.5211379692891884E-22","-4.9867633643745111E-14","6.2585222297263467E-14","-2.0626459340718148E-2","1.8337898946099405E-2","3.0001458606562799E+0","4.2118392112490568E+0","2.4484412619633540E+2","1.9678219219806101E+2","3.054200000000000E-6"
"489","1.0112388475999812E+0","7.5246369432802933E-22","-4.9848220951120672E-14","6.2800768096113988E-14","-2.0608276447883937E-2","1.8360251919510021E-2","3.0001456737044001E+0","4.2119868791212012E+0","2.4485271047728938E+2","1.9684274907861200E+2","3.054200000000000E-6"
"488","1.0112325217898879E+0","7.5158268493711143E-22","-4.7115475015604779E-14","5.9113406781349730E-14","-2.0590069677924080E-2","1.8382595647220185E-2","3.0001454869007600E+0","4.2121344641528111E+0","2.4486128994252817E+2","1.9690326177289199E+2","3.054200000000000E-6"
"487","1.0112261909399332E+0","7.5196236083827350E-22","-5.0170415779041805E-14","6.3535027981631038E-14","-2.0571839029257213E-2","1.8404930120037397E-2","3.0001453002466199E+0","4.2122819652691801E+0","2.4486986452957646E+2","1.9696372987691001E+2","3.054200000000000E-6"
"486","1.0112198550640952E+0","7.5143722522639541E-22","-4.7281498663820889E-14","5.9185721528520378E-14","-2.0553584500289768E-2","1.8427255328799744E-2","3.0001451137432298E+0","4.2124293813990468E+0","2.4487843417615935E+2","1.9702415298413999E+2","3.054200000000000E-6"
"485","1.0112135141763543E+0","7.5158961257474278E-22","-4.9750225416656785E-14","6.1683527101507010E-14","-2.0535306089325456E-2","1.8449571264366166E-2","3.0001449273918701E+0","4.2125767114673431E+0","2.4488699881978064E+2","1.9708453069130999E+2","3.054200000000000E-6"
"484","1.0112071682907069E+0","7.5014791948512414E-22","-4.6039091729325300E-14","5.7413144025363286E-14","-2.0517003794661350E-2","1.8471877917626577E-2","3.0001447411937701E+0","4.2127239544033044E+0","2.4489555839819420E+2","1.9714486259352600E+2","3.054200000000000E-6"
"483","1.0112008174211498E+0","7.5118288786755099E-22","-4.8001353249454321E-14","6.0365841236079926E-14","-2.0498677614506348E-2","1.8494175279493728E-2","3.0001445551502099E+0","4.2128711091334923E+0","2.4490411284899855E+2","1.9720514828684099E+2","3.054200000000000E-6"
"482","1.0111944615816912E+0","7.5186607701497318E-22","-4.5741873935038169E-14","5.6605856540523390E-14","-2.0480327547021723E-2","1.8516463340904697E-2","3.0001443692624301E+0","4.2130181745840192E+0","2.4491266210976613E+2","1.9726538736651500E+2","3.054200000000000E-6"
"481","1.0111881007863450E+0","7.5152271434270228E-22","-4.3794846039601746E-14","5.5014435284226635E-14","-2.0461953590308900E-2","1.8538742092822125E-2","3.0001441835316900E+0","4.2131651496815801E+0","2.4492120611810310E+2","1.9732557942985301E+2","3.054200000000000E-6"
"480","1.0111817350491337E+0","7.5160477065946613E-22","-4.5585661068143323E-14","5.6438288520632044E-14","-2.0443555742417543E-2","1.8561011526234007E-2","3.0001439979592401E+0","4.2133120333530307E+0","2.4492974481162511E+2","1.9738572407246301E+2","3.054200000000000E-6"
"479","1.0111753643840895E+0","7.5199985279953676E-22","-4.7092068637585200E-14","5.7755318825862226E-14","-2.0425134001350643E-2","1.8583271632153328E-2","3.0001438125463400E+0","4.2134588245259854E+0","2.4493827812799182E+2","1.9744582088928499E+2","3.054200000000000E-6"
"478","1.0111689888052491E+0","7.5199211866080916E-22","-4.6841582880671880E-14","5.8152248283156696E-14","-2.0406688365032438E-2","1.8605522401616226E-2","3.0001436272942299E+0","4.2136055221261772E+0","2.4494680600475365E+2","1.9750586947897801E+2","3.054200000000000E-6"
"477","1.0111626083266594E+0","7.5254130454899604E-22","-4.3902561954593545E-14","5.3496808487373394E-14","-2.0388218831354103E-2","1.8627763825683645E-2","3.0001434422041702E+0","4.2137521250810286E+0","2.4495532837955906E+2","1.9756586943594701E+2","3.054200000000000E-6"
"476","1.0111562229623718E+0","7.5346102599257735E-22","-4.6449497848734605E-14","5.7270303479410785E-14","-2.0369725398129930E-2","1.8649995895439468E-2","3.0001432572773998E+0","4.2138986323171235E+0","2.4496384519000787E+2","1.9762582035898200E+2","3.054200000000000E-6"
"475","1.0111498327264474E+0","7.5316456446104054E-22","-4.5864197339974161E-14","5.6919657884318910E-14","-2.0351208063121295E-2","1.8672218601991745E-2","3.0001430725151801E+0","4.2140450427603025E+0","2.4497235637365668E+2","1.9768572184400301E+2","3.054200000000000E-6"
"474","1.0111434376329536E+0","7.5301720223491444E-22","-4.5616712833740727E-14","5.6149057631728868E-14","-2.0332666824032630E-2","1.8694431936471419E-2","3.0001428879187499E+0","4.2141913553374319E+0","2.4498086186812168E+2","1.9774557348838800E+2","3.054200000000000E-6"
"473","1.0111370376959643E+0","7.5122209622858557E-22","-4.5181260514393922E-14","5.4452768918879885E-14","-2.0314101678513358E-2","1.8716635890032769E-2","3.0001427034893600E+0","4.2143375689749183E+0","2.4498936161099238E+2","1.9780537488901899E+2","3.054200000000000E-6"
"472","1.0111306329295628E+0","7.5044963361355188E-22","-4.4537985908199311E-14","5.4894578950999232E-14","-2.0295512624145445E-2","1.8738830453852866E-2","3.0001425192282398E+0","4.2144836825993304E+0","2.4499785553986766E+2","1.9786512564445201E+2","3.054200000000000E-6"
"471","1.0111242233478419E+0","7.5119364121551186E-22","-4.5408926041148686E-14","5.5215371563300806E-14","-2.0276899658481701E-2","1.8761015619134330E-2","3.0001423351366499E+0","4.2146296951392612E+0","2.4500634359246416E+2","1.9792482535092500E+2","3.054200000000000E-6"
"470","1.0111178089648925E+0","7.5248348462417974E-22","-4.3033021712097601E-14","5.1526662010481618E-14","-2.0258262778962054E-2","1.8783191377094857E-2","3.0001421512158299E+0","4.2147756055180432E+0","2.4501482570619265E+2","1.9798447360773400E+2","3.054200000000000E-6"
"469","1.0111113897948225E+0","7.5161602031579590E-22","-4.2418188595766968E-14","5.2142704245705078E-14","-2.0239601983025463E-2","1.8805357718983156E-2","3.0001419674670098E+0","4.2149214126652348E+0","2.4502330181882584E+2","1.9804407001171199E+2","3.054200000000000E-6"
"468","1.0111049658517404E+0","7.5169309286937107E-22","-4.3272467120383732E-14","5.2810820089204039E-14","-2.0220917268001369E-2","1.8827514636061710E-2","3.0001417838914501E+0","4.2150671155052919E+0","2.4503177186783978E+2","1.9810361416188999E+2","3.054200000000000E-6"
"467","1.0110985371497647E+0","7.5104230852244499E-22","-4.1920763541819124E-14","5.0286483840003113E-14","-2.0202208631192747E-2","1.8849662119619807E-2","3.0001416004903700E+0","4.2152127129656405E+0","2.4504023579088323E+2","1.9816310565641399E+2","3.054200000000000E-6"
"466","1.0110921037030240E+0","7.5111216392517533E-22","-4.1748313464539746E-14","4.9296155391042289E-14","-2.0183476069847522E-2","1.8871800160969291E-2","3.0001414172650200E+0","4.2153582039757156E+0","2.4504869352572175E+2","1.9822254409382401E+2","3.054200000000000E-6"
"465","1.0110856655256448E+0","7.5082430507200541E-22","-4.5526154463485090E-14","5.4914802062433434E-14","-2.0164719581118883E-2","1.8893928751437472E-2","3.0001412342166298E+0","4.2155035874594358E+0","2.4505714500980019E+2","1.9828192907293300E+2","3.054200000000000E-6"
"464","1.0110792226317664E+0","7.5124517456767207E-22","-4.1479795520708892E-14","4.9547715122085088E-14","-2.0145939162125530E-2","1.8916047882375577E-2","3.0001410513464402E+0","4.2156488623438895E+0","2.4506559018074768E+2","1.9834126019225400E+2","3.054200000000000E-6"
"463","1.0110727750355375E+0","7.4981516540420474E-22","-4.1754873150575364E-14","5.0222499671514013E-14","-2.0127134809926419E-2","1.8938157545157926E-2","3.0001408686556901E+0","4.2157940275579362E+0","2.4507402897629629E+2","1.9840053705190900E+2","3.054200000000000E-6"
"462","1.0110663227511119E+0","7.5056304007552926E-22","-4.2772484321957023E-14","5.0861204260403542E-14","-2.0108306521521849E-2","1.8960257731177727E-2","3.0001406861455999E+0","4.2159390820294105E+0","2.4508246133411856E+2","1.9845975924997600E+2","3.054200000000000E-6"
"461","1.0110598657926455E+0","7.5136540526970572E-22","-3.9357404884631872E-14","4.6838626852390878E-14","-2.0089454293831244E-2","1.8982348431845070E-2","3.0001405038173998E+0","4.2160840246843021E+0","2.4509088719177964E+2","1.9851892638697601E+2","3.054200000000000E-6"
"460","1.0110534041743044E+0","7.5188367528250266E-22","-3.9330027598108144E-14","4.6705778506863737E-14","-2.0070578123730004E-2","1.9004429638593431E-2","3.0001403216723399E+0","4.2162288544504669E+0","2.4509930648695342E+2","1.9857803806222100E+2","3.054200000000000E-6"
"459","1.0110469379102605E+0","7.5328688379412229E-22","-4.0973562468187947E-14","4.8932429769701340E-14","-2.0051678008006529E-2","1.9026501342872339E-2","3.0001401397116401E+0","4.2163735702540937E+0","2.4510771915721659E+2","1.9863709387644900E+2","3.054200000000000E-6"
"458","1.0110404670146949E+0","7.5290226548880131E-22","-4.1988199275077623E-14","4.9166613937281984E-14","-2.0032753943433675E-2","1.9048563536156245E-2","3.0001399579365300E+0","4.2165181710249309E+0","2.4511612514035298E+2","1.9869609342921700E+2","3.054200000000000E-6"
"457","1.0110339915017923E+0","7.5314376086863677E-22","-3.9486241897435933E-14","4.6606496632358559E-14","-2.0013805926696399E-2","1.9070616209935064E-2","3.0001397763482300E+0","4.2166626556906692E+0","2.4512452437402672E+2","1.9875503632060099E+2","3.054200000000000E-6"
"456","1.0110275113857443E+0","7.5217037608281605E-22","-4.1548353382379754E-14","4.9768121094673043E-14","-1.9994833954404063E-2","1.9092659355716565E-2","3.0001395949479699E+0","4.2168070231783652E+0","2.4513291679586507E+2","1.9881392215209399E+2","3.054200000000000E-6"
"455","1.0110210266807516E+0","7.5071619256594949E-22","-3.8255769716289726E-14","4.4734678454432557E-14","-1.9975838023137286E-2","1.9114692965030263E-2","3.0001394137369899E+0","4.2169512724176084E+0","2.4514130234364251E+2","1.9887275052296999E+2","3.054200000000000E-6"
"454","1.0110145374010178E+0","7.5041116971507086E-22","-4.2665024102106302E-14","5.0989307356858223E-14","-1.9956818129374311E-2","1.9136717029420745E-2","3.0001392327164900E+0","4.2170954023359295E+0","2.4514968095501396E+2","1.9893152103643601E+2","3.054200000000000E-6"
"453","1.0110080435607551E+0","7.5135762977195456E-22","-3.9377215044006752E-14","4.6726790320309281E-14","-1.9937774269577973E-2","1.9158731540453902E-2","3.0001390518876998E+0","4.2172394118631926E+0","2.4515805256776991E+2","1.9899023329191499E+2","3.054200000000000E-6"
"452","1.0110015451741838E+0","7.5147087079781869E-22","-4.1177797878178242E-14","4.8711635895892073E-14","-1.9918706440114922E-2","1.9180736489711771E-2","3.0001388712518500E+0","4.2173832999283620E+0","2.4516641711964840E+2","1.9904888689131801E+2","3.054200000000000E-6"
"451","1.0109950422555198E+0","7.5154705413223469E-22","-3.7931530766760132E-14","4.4476779415884070E-14","-1.9899614637257233E-2","1.9202731868786911E-2","3.0001386908101502E+0","4.2175270654562489E+0","2.4517477454814627E+2","1.9910748143762700E+2","3.054200000000000E-6"
"450","1.0109885348190042E+0","7.5168779891345902E-22","-4.1098955047827692E-14","4.8815527799732656E-14","-1.9880498857306424E-2","1.9224717669304996E-2","3.0001385105638301E+0","4.2176707073821573E+0","2.4518312479137029E+2","1.9916601653178500E+2","3.054200000000000E-6"
"449","1.0109820228788682E+0","7.5100128036407116E-22","-3.8542805924417210E-14","4.5941012156958018E-14","-1.9861359096423847E-2","1.9246693882894877E-2","3.0001383305140901E+0","4.2178142246322956E+0","2.4519146778689830E+2","1.9922449177533500E+2","3.054200000000000E-6"
"448","1.0109755064493582E+0","7.5114471348228683E-22","-3.6871780921896913E-14","4.2626444677832513E-14","-1.9842195350757708E-2","1.9268660501209185E-2","3.0001381506621700E+0","4.2179576161391017E+0","2.4519980347267045E+2","1.9928290677048400E+2","3.054200000000000E-6"
"447","1.0109689855447164E+0","7.5109198071823636E-22","-3.5064457440830699E-14","4.0218491190518250E-14","-1.9823007616302925E-2","1.9290617515907632E-2","3.0001379710092602E+0","4.2181008808274703E+0","2.4520813178618840E+2","1.9934126112234799E+2","3.054200000000000E-6"
"446","1.0109624601792067E+0","7.5221227278084724E-22","-3.5787227323029540E-14","4.1059520880986154E-14","-1.9803795889116307E-2","1.9312564918680396E-2","3.0001377915565901E+0","4.2182440176334532E+0","2.4521645266560230E+2","1.9939955443129401E+2","3.054200000000000E-6"
"445","1.0109559303670839E+0","7.5121845663389651E-22","-3.5287190614173497E-14","4.0719038174045446E-14","-1.9784560165094618E-2","1.9334502701220637E-2","3.0001376123053700E+0","4.2183870254841258E+0","2.4522476604854046E+2","1.9945778630194800E+2","3.054200000000000E-6"
"444","1.0109493961226172E+0","7.5026211176869274E-22","-3.6582669061541323E-14","4.2330837246524879E-14","-1.9765300440094401E-2","1.9356430855241781E-2","3.0001374332567998E+0","4.2185299033101389E+0","2.4523307187283916E+2","1.9951595633691099E+2","3.054200000000000E-6"
"443","1.0109428574600827E+0","7.4984992766945665E-22","-3.7782433128967760E-14","4.4157496172488086E-14","-1.9746016709941555E-2","1.9378349372476279E-2","3.0001372544120999E+0","4.2186726500450336E+0","2.4524137007650259E+2","1.9957406414006499E+2","3.054200000000000E-6"
"442","1.0109363143937546E+0","7.5074969338075869E-22","-3.5414578652109488E-14","4.0621103070093578E-14","-1.9726708970359295E-2","1.9400258244664428E-2","3.0001370757724799E+0","4.2188152646179864E+0","2.4524966059728132E+2","1.9963210931506899E+2","3.054200000000000E-6"
"441","1.0109297669379247E+0","7.5321547742774799E-22","-3.7550686713361897E-14","4.3859587208456564E-14","-1.9707377217033660E-2","1.9422157463568658E-2","3.0001368973391398E+0","4.2189577459634489E+0","2.4525794337323245E+2","1.9969009146578000E+2","3.054200000000000E-6"
"440","1.0109232151068761E+0","7.5283162426449084E-22","-3.7565986207544793E-14","4.4311191099998176E-14","-1.9688021445527303E-2","1.9444047020954539E-2","3.0001367191132902E+0","4.2191000930087732E+0","2.4526621834200051E+2","1.9974801019764200E+2","3.054200000000000E-6"
"439","1.0109166589149139E+0","7.5318863541686939E-22","-3.9463032524754212E-14","4.6123145194421130E-14","-1.9668641651426132E-2","1.9465926908616440E-2","3.0001365410961398E+0","4.2192423046913694E+0","2.4527448544181456E+2","1.9980586511445901E+2","3.054200000000000E-6"
"438","1.0109100983763375E+0","7.5280850456637024E-22","-3.6616139113548090E-14","4.1528994699387366E-14","-1.9649237830188983E-2","1.9487797118351871E-2","3.0001363632888700E+0","4.2193843799419142E+0","2.4528274461051237E+2","1.9986365582133499E+2","3.054200000000000E-6"
"437","1.0109035335054526E+0","7.5404989587065857E-22","-3.7880962664271340E-14","4.4602242003188804E-14","-1.9629809977211362E-2","1.9509657641972225E-2","3.0001361856927100E+0","4.2195263176921518E+0","2.4529099578599372E+2","1.9992138192353801E+2","3.054200000000000E-6"
"436","1.0108969643165757E+0","7.5390191325907067E-22","-3.5721114331068040E-14","4.1333842362275562E-14","-1.9610358087840368E-2","1.9531508471306178E-2","3.0001360083088402E+0","4.2196681168763774E+0","2.4529923890630667E+2","1.9997904302614700E+2","3.054200000000000E-6"
"435","1.0108903908240292E+0","7.5343873347507286E-22","-3.5221527460613942E-14","4.0594961926872263E-14","-1.9590882157368518E-2","1.9553349598196230E-2","3.0001358311384698E+0","4.2198097764298836E+0","2.4530747390955725E+2","2.0003663873499599E+2","3.054200000000000E-6"
"434","1.0108838130421354E+0","7.5260510085374203E-22","-3.5587458011547365E-14","4.2456906862502344E-14","-1.9571382180986224E-2","1.9575181014491037E-2","3.0001356541828001E+0","4.2199512952847309E+0","2.4531570073366365E+2","2.0009416865663800E+2","3.054200000000000E-6"
"433","1.0108772309852267E+0","7.5242221122030752E-22","-3.4921864349941806E-14","4.1664550712730928E-14","-1.9551858153849785E-2","1.9597002712057013E-2","3.0001354774430098E+0","4.2200926723764409E+0","2.4532391931674525E+2","2.0015163239611201E+2","3.054200000000000E-6"
"432","1.0108706446676377E+0","7.5060621890350516E-22","-3.6874053761718973E-14","4.2178250962086647E-14","-1.9532310071011166E-2","1.9618814682768378E-2","3.0001353009203102E+0","4.2202339066382013E+0","2.4533212959678568E+2","2.0020902956164801E+2","3.054200000000000E-6"
"431","1.0108640541037168E+0","7.5041667046613929E-22","-3.5893602376986454E-14","4.1282719022441987E-14","-1.9512737927515660E-2","1.9640616918518754E-2","3.0001351246158898E+0","4.2203749970088298E+0","2.4534033151209601E+2","2.0026635975828501E+2","3.054200000000000E-6"
"430","1.0108574593078048E+0","7.4869700333167286E-22","-3.3776288667692137E-14","3.9212876575008979E-14","-1.9493141718280427E-2","1.9662409411201735E-2","3.0001349485309299E+0","4.2205159424206498E+0","2.4534852500060956E+2","2.0032362259449900E+2","3.054200000000000E-6"
"429","1.0108508602942599E+0","7.4565914117304180E-22","-3.1639774045864538E-14","3.5762633774801829E-14","-1.9473521438192098E-2","1.9684192152731598E-2","3.0001347726666401E+0","4.2206567418114025E+0","2.4535671000057488E+2","2.0038081767629899E+2","3.054200000000000E-6"
"428","1.0108442570774379E+0","7.4490429750505502E-22","-3.2903038760107247E-14","3.7052177433326019E-14","-1.9453877082038232E-2","1.9705965135026652E-2","3.0001345970241902E+0","4.2207973941167678E+0","2.4536488645012037E+2","2.0043794461282499E+2","3.054200000000000E-6"
"427","1.0108376496717069E+0","7.4373669071140596E-22","-3.4910908798956577E-14","4.0058426235755948E-14","-1.9434208644597190E-2","1.9727728350023267E-2","3.0001344216047801E+0","4.2209378982759196E+0","2.4537305428757784E+2","2.0049500301088401E+2","3.054200000000000E-6"
"426","1.0108310380914334E+0","7.4342492633853531E-22","-3.4542655691196806E-14","3.8492943673133712E-14","-1.9414516120512437E-2","1.9749481789659195E-2","3.0001342464095901E+0","4.2210782532243298E+0","2.4538121345106373E+2","2.0055199247930801E+2","3.054200000000000E-6"
"425","1.0108244223509906E+0","7.4261859067741865E-22","-3.2644453178780462E-14","3.6591914722324970E-14","-1.9394799504383758E-2","1.9771225445885231E-2","3.0001340714398101E+0","4.2212184578989431E+0","2.4538936387878010E+2","2.0060891262601299E+2","3.054200000000000E-6"
"424","1.0108178024647601E+0","7.4131933808928143E-22","-3.3930514496749312E-14","3.8244682554542439E-14","-1.9375058790742146E-2","1.9792959310661853E-2","3.0001338966966200E+0","4.2213585112384209E+0","2.4539750550902889E+2","2.0066576306111199E+2","3.054200000000000E-6"
"423","1.0108111784471321E+0","7.4245836579276728E-22","-3.4747338761163636E-14","3.9100402249514434E-14","-1.9355293974092778E-2","1.9814683375965175E-2","3.0001337221812001E+0","4.2214984121853041E+0","2.4540563828033748E+2","2.0072254339242701E+2","3.054200000000000E-6"
"422","1.0108045503124932E+0","7.4314782083333076E-22","-3.1448768547402379E-14","3.4485661743317054E-14","-1.9335505048807194E-2","1.9836397633769501E-2","3.0001335478947300E+0","4.2216381596756349E+0","2.4541376213085553E+2","2.0077925322993801E+2","3.054200000000000E-6"
"421","1.0107979180752362E+0","7.4279986730866107E-22","-3.2004660501068433E-14","3.5797283148326057E-14","-1.9315692009191261E-2","1.9858102076057430E-2","3.0001333738384002E+0","4.2217777526467435E+0","2.4542187699880748E+2","2.0083589218363801E+2","3.054200000000000E-6"
"420","1.0107912817497713E+0","7.4266975179830660E-22","-3.1901949396696785E-14","3.6332936058190063E-14","-1.9295854849566817E-2","1.9879796694836974E-2","3.0001332000133698E+0","4.2219171900463701E+0","2.4542998282302310E+2","2.0089245986264501E+2","3.054200000000000E-6"
"419","1.0107846413504977E+0","7.4699975279180908E-22","-3.0104774382402303E-14","3.2971449804176875E-14","-1.9275993564088677E-2","1.9901481482102461E-2","3.0001330264208201E+0","4.2220564708098705E+0","2.4543807954161198E+2","2.0094895587800900E+2","3.054200000000000E-6"
"418","1.0107779968918289E+0","7.4835095232241438E-22","-3.0744927015895124E-14","3.3616169250800700E-14","-1.9256108146864639E-2","1.9923156429864228E-2","3.0001328530619400E+0","4.2221955938784408E+0","2.4544616709302349E+2","2.0100537984044200E+2","3.054200000000000E-6"
"417","1.0107713483881797E+0","7.4780108401021983E-22","-2.8936118992008024E-14","3.2083946384034670E-14","-1.9236198591963311E-2","1.9944821530142553E-2","3.0001326799378800E+0","4.2223345581953096E+0","2.4545424541582491E+2","2.0106173136125500E+2","3.054200000000000E-6"
"416","1.0107646958539762E+0","7.4650191414014177E-22","-3.0912394226091551E-14","3.4151874118429178E-14","-1.9216264893392988E-2","1.9966476774966119E-2","3.0001325070498202E+0","4.2224733627050801E+0","2.4546231444866359E+2","2.0111801005090001E+2","3.054200000000000E-6"
"415","1.0107580393036406E+0","7.4787925257810245E-22","-3.1102975212461183E-14","3.4343831476826633E-14","-1.9196307045028588E-2","1.9988122156360318E-2","3.0001323343989399E+0","4.2226120063470765E+0","2.4547037412987996E+2","2.0117421552137299E+2","3.054200000000000E-6"
"414","1.0107513787516087E+0","7.4732872252141953E-22","-3.0076176590421036E-14","3.2510723926686190E-14","-1.9176325040741900E-2","2.0009757666367842E-2","3.0001321619864001E+0","4.2227504880676667E+0","2.4547842439822392E+2","2.0123034738463801E+2","3.054200000000000E-6"
"413","1.0107447142123134E+0","7.4817257082331498E-22","-3.0348281673522472E-14","3.2468575955907103E-14","-1.9156318874289289E-2","2.0031383297028877E-2","3.0001319898133598E+0","4.2228888068091166E+0","2.4548646519220685E+2","2.0128640525342499E+2","3.054200000000000E-6"
"412","1.0107380457001971E+0","7.4970045613276164E-22","-3.0875163560927003E-14","3.4428069447932639E-14","-1.9136288539381253E-2","2.0052999040393305E-2","3.0001318178809901E+0","4.2230269615169371E+0","2.4549449645052883E+2","2.0134238874010600E+2","3.054200000000000E-6"
"411","1.0107313732297072E+0","7.5090387984693598E-22","-2.9676394831433304E-14","3.3540427393390223E-14","-1.9116234029642101E-2","2.0074604888515504E-2","3.0001316461904599E+0","4.2231649511360922E+0","2.4550251811185814E+2","2.0139829745714999E+2","3.054200000000000E-6"
"410","1.0107246968152941E+0","7.4961500837548586E-22","-3.0035771761937740E-14","3.3404804756061023E-14","-1.9096155338642808E-2","2.0096200833455084E-2","3.0001314747429202E+0","4.2233027746126348E+0","2.4551053011492635E+2","2.0145413101844699E+2","3.054200000000000E-6"
"409","1.0107180164714147E+0","7.4924174312407275E-22","-2.8919127107745820E-14","3.1626831252125703E-14","-1.9076052459873469E-2","2.0117786867275847E-2","3.0001313035395398E+0","4.2234404308930538E+0","2.4551853239849041E+2","2.0150988903753500E+2","3.054200000000000E-6"
"408","1.0107113322125325E+0","7.4916601473899119E-22","-3.1106538449535174E-14","3.4772110444199623E-14","-1.9055925386763744E-2","2.0139362982047812E-2","3.0001311325814801E+0","4.2235779189262859E+0","2.4552652490144953E+2","2.0156557112741999E+2","3.054200000000000E-6"
"407","1.0107046440531078E+0","7.4774094797968483E-22","-3.0928082304121522E-14","3.4375381912497415E-14","-1.9035774112647223E-2","2.0160929169838804E-2","3.0001309618698899E+0","4.2237152376574905E+0","2.4553450756248333E+2","2.0162117690413501E+2","3.054200000000000E-6"
"406","1.0106979520076165E+0","7.4717710031513806E-22","-3.0569883991619096E-14","3.2817028648719290E-14","-1.9015598630807717E-2","2.0182485422726344E-2","3.0001307914059301E+0","4.2238523860362918E+0","2.4554248032053096E+2","2.0167670598100099E+2","3.054200000000000E-6"
"405","1.0106912560905299E+0","7.4657776660231058E-22","-2.8908690869289606E-14","3.1317574322395159E-14","-1.8995398934456991E-2","2.0204031732789250E-2","3.0001306211907499E+0","4.2239893630117606E+0","2.4555044311449944E+2","2.0173215797385200E+2","3.054200000000000E-6"
"404","1.0106845563163296E+0","7.4639942646224453E-22","-2.8147918577425068E-14","3.0192351340441539E-14","-1.8975175016714033E-2","2.0225568092106402E-2","3.0001304512255098E+0","4.2241261675324351E+0","2.4555839588326489E+2","2.0178753249778299E+2","3.054200000000000E-6"
"403","1.0106778526995006E+0","7.4552501383671323E-22","-2.9860491736240202E-14","3.3145165282153883E-14","-1.8954926870657474E-2","2.0247094492764729E-2","3.0001302815113502E+0","4.2242627985507673E+0","2.4556633856593083E+2","2.0184282916804901E+2","3.054200000000000E-6"
"402","1.0106711452545354E+0","7.4611921902974304E-22","-2.8549501649860178E-14","3.1211034002323533E-14","-1.8934654489291849E-2","2.0268610926852153E-2","3.0001301120494199E+0","4.2243992550181284E+0","2.4557427110153799E+2","2.0189804760096300E+2","3.054200000000000E-6"
"401","1.0106644339959228E+0","7.4619072879369431E-22","-3.0152280116091594E-14","3.2469498228979539E-14","-1.8914357865507683E-2","2.0290117386451187E-2","3.0001299428408799E+0","4.2245355358839562E+0","2.4558219342901469E+2","2.0195318741337999E+2","3.054200000000000E-6"
"400","1.0106577189381618E+0","7.4562038776133866E-22","-2.7306739068279890E-14","2.8477962358837380E-14","-1.8894036992155253E-2","2.0311613863651577E-2","3.0001297738868700E+0","4.2246716401008202E+0","2.4559010548747145E+2","2.0200824822225400E+2","3.054200000000000E-6"
"399","1.0106510000957580E+0","7.4459050653967538E-22","-3.0913584826503507E-14","3.4204049584039721E-14","-1.8873691862015863E-2","2.0333100350545884E-2","3.0001296051885298E+0","4.2248075666235376E+0","2.4559800721614920E+2","2.0206322964399101E+2","3.054200000000000E-6"
"398","1.0106442774832212E+0","7.4446953137508667E-22","-2.7428245638227701E-14","3.0046282678550448E-14","-1.8853322467822432E-2","2.0354576839229532E-2","3.0001294367470099E+0","4.2249433144075130E+0","2.4560589855432320E+2","2.0211813129684799E+2","3.054200000000000E-6"
"397","1.0106375511150574E+0","7.4396987292607408E-22","-2.6008678482258984E-14","2.7308632210967160E-14","-1.8832928802145935E-2","2.0376043321783180E-2","3.0001292685634500E+0","4.2250788824022312E+0","2.4561377944092456E+2","2.0217295279791000E+2","3.054200000000000E-6"
"396","1.0106308210057908E+0","7.4561658273051472E-22","-2.9105953970926378E-14","3.2599222701227795E-14","-1.8812510857595173E-2","2.0397499790310292E-2","3.0001291006389801E+0","4.2252142695693360E+0","2.4562164981559118E+2","2.0222769376533699E+2","3.054200000000000E-6"
"395","1.0106240871699363E+0","7.4665332955125802E-22","-2.7284275402976806E-14","2.8649983239908056E-14","-1.8792068626619456E-2","2.0418946236892603E-2","3.0001289329747398E+0","4.2253494748596641E+0","2.4562950961733267E+2","2.0228235381969500E+2","3.054200000000000E-6"
"394","1.0106173496220248E+0","7.4759098013461789E-22","-3.0042159478919904E-14","3.2696218243720118E-14","-1.8771602101656584E-2","2.0440382653628384E-2","3.0001287655718700E+0","4.2254844972344898E+0","2.4563735878576551E+2","2.0233693257742701E+2","3.054200000000000E-6"
"393","1.0106106083765805E+0","7.4740076995276139E-22","-2.7609624702229867E-14","2.9004413116757066E-14","-1.8751111275010047E-2","2.0461809032598005E-2","3.0001285984315098E+0","4.2256193356464555E+0","2.4564519726000432E+2","2.0239142966058199E+2","3.054200000000000E-6"
"392","1.0106038634481447E+0","7.4730022614930570E-22","-2.7590284550155380E-14","2.9577543075617460E-14","-1.8730596138985783E-2","2.0483225365900640E-2","3.0001284315547800E+0","4.2257539890597808E+0","2.4565302497983677E+2","2.0244584468633900E+2","3.054200000000000E-6"
"391","1.0105971148512511E+0","7.4699350757817092E-22","-2.8062098310789213E-14","2.9344898179347766E-14","-1.8710056685737074E-2","2.0504631645613568E-2","3.0001282649428198E+0","4.2258884564291730E+0","2.4566084188449753E+2","2.0250017727720399E+2","3.054200000000000E-6"
"390","1.0105903626004431E+0","7.4635475870915757E-22","-2.9782319479308345E-14","3.1814859365192360E-14","-1.8689492907391178E-2","2.0526027863823595E-2","3.0001280985967602E+0","4.2260227367157475E+0","2.4566864791359376E+2","2.0255442705230001E+2","3.054200000000000E-6"
"389","1.0105836067102720E+0","7.4671516130204692E-22","-2.6406345902373963E-14","2.8079655310863171E-14","-1.8668904796006899E-2","2.0547414012615825E-2","3.0001279325177199E+0","4.2261568288817672E+0","2.4567644300679945E+2","2.0260859363338901E+2","3.054200000000000E-6"
"388","1.0105768471952863E+0","7.4609808456508153E-22","-2.8298281388322514E-14","3.0907216865018793E-14","-1.8648292343529604E-2","2.0568790084064321E-2","3.0001277667068398E+0","4.2262907318871337E+0","2.4568422710365107E+2","2.0266267664153801E+2","3.054200000000000E-6"
"387","1.0105700840700436E+0","7.4623899478242946E-22","-2.4645917866211103E-14","2.5522004746737538E-14","-1.8627655541874587E-2","2.0590156070248958E-2","3.0001276011652198E+0","4.2264244446955193E+0","2.4569200014390461E+2","2.0271667569947601E+2","3.054200000000000E-6"
"386","1.0105633173491038E+0","7.4664307251166193E-22","-2.7230165816982168E-14","2.9508495891663515E-14","-1.8606994382844442E-2","2.0611511963238811E-2","3.0001274358940102E+0","4.2265579662693300E+0","2.4569976206724220E+2","2.0277059042757199E+2","3.054200000000000E-6"
"385","1.0105565470470343E+0","7.4808005067179171E-22","-2.5777351162003791E-14","2.6723029299507895E-14","-1.8586308858213337E-2","2.0632857755108636E-2","3.0001272708943101E+0","4.2266912955754510E+0","2.4570751281360651E+2","2.0282442044988500E+2","3.054200000000000E-6"
"384","1.0105497731784006E+0","7.4832348992606495E-22","-2.6017771897565736E-14","2.7156410169329843E-14","-1.8565598959623959E-2","2.0654193437914699E-2","3.0001271061672501E+0","4.2268244315755297E+0","2.4571525232263559E+2","2.0287816538799899E+2","3.054200000000000E-6"
"383","1.0105429957577754E+0","7.4741623823021658E-22","-2.6386795847470735E-14","2.8480957600205912E-14","-1.8544864678688447E-2","2.0675519003719934E-2","3.0001269417139400E+0","4.2269573732370116E+0","2.4572298053430467E+2","2.0293182486709699E+2","3.054200000000000E-6"
"382","1.0105362147997374E+0","7.4570951647233683E-22","-2.7820488130677802E-14","2.9757103347459524E-14","-1.8524106006909680E-2","2.0696834444576158E-2","3.0001267775354998E+0","4.2270901195252932E+0","2.4573069738846979E+2","2.0298539850965400E+2","3.054200000000000E-6"
"381","1.0105294303188694E+0","7.4639640725300073E-22","-2.4334432267892426E-14","2.5471962172524597E-14","-1.8503322935772580E-2","2.0718139752538178E-2","3.0001266136330398E+0","4.2272226694111712E+0","2.4573840282530094E+2","2.0303888594126400E+2","3.054200000000000E-6"
"380","1.0105226423297526E+0","7.4684800650842382E-22","-2.7054648224441822E-14","2.9173480443070640E-14","-1.8482515456602601E-2","2.0739434919640188E-2","3.0001264500076799E+0","4.2273550218587763E+0","2.4574609678458060E+2","2.0309228678477399E+2","3.054200000000000E-6"
"379","1.0105158508469791E+0","7.4689891947512825E-22","-2.5933333887619950E-14","2.7199891668367357E-14","-1.8461683560724931E-2","2.0760719937925172E-2","3.0001262866605201E+0","4.2274871758405661E+0","2.4575377920657530E+2","2.0314560066813900E+2","3.054200000000000E-6"
"378","1.0105090558851422E+0","7.4610259269942342E-22","-2.4428106282265990E-14","2.5129925432094724E-14","-1.8440827239353714E-2","2.0781994799421565E-2","3.0001261235926799E+0","4.2276191303259649E+0","2.4576145003137529E+2","2.0319882721431799E+2","3.054200000000000E-6"
"377","1.0105022574588440E+0","7.4608840655191841E-22","-2.4519458378281257E-14","2.5719330201521802E-14","-1.8419946483663307E-2","2.0803259496160287E-2","3.0001259608052502E+0","4.2277508842896347E+0","2.4576910919937521E+2","2.0325196604889601E+2","3.054200000000000E-6"
"376","1.0104954555826768E+0","7.4650724945508360E-22","-2.3491410215606062E-14","2.3745806006339142E-14","-1.8399041284668717E-2","2.0824514020143507E-2","3.0001257982993499E+0","4.2278824366973167E+0","2.4577675665045118E+2","2.0330501680099201E+2","3.054200000000000E-6"
"375","1.0104886502712540E+0","7.4678906988978020E-22","-2.4182810886105717E-14","2.5229948862393574E-14","-1.8378111633413994E-2","2.0845758363392110E-2","3.0001256360760800E+0","4.2280137865282343E+0","2.4578439232526307E+2","2.0335797909479700E+2","3.054200000000000E-6"
"374","1.0104818415391827E+0","7.4700785916179991E-22","-2.4989233891127724E-14","2.5909186277868875E-14","-1.8357157520794993E-2","2.0866992517901074E-2","3.0001254741365302E+0","4.2281449327534935E+0","2.4579201616399882E+2","2.0341085255889601E+2","3.054200000000000E-6"
"373","1.0104750294010771E+0","7.4678894581268919E-22","-2.2080623700528174E-14","2.2438004603335534E-14","-1.8336178937662082E-2","2.0888216475663864E-2","3.0001253124818099E+0","4.2282758743493067E+0","2.4579962810714332E+2","2.0346363682092499E+2","3.054200000000000E-6"
"372","1.0104682138715502E+0","7.4716299688568544E-22","-2.4890037927489478E-14","2.5453604787963673E-14","-1.8315175874755361E-2","2.0909430228657849E-2","3.0001251511130200E+0","4.2284066102886877E+0","2.4580722809499534E+2","2.0351633150835599E+2","3.054200000000000E-6"
"371","1.0104613949652284E+0","7.4644144723735544E-22","-2.3936435704110393E-14","2.5345597527455147E-14","-1.8294148322797892E-2","2.0930633768864126E-2","3.0001249900312499E+0","4.2285371395522322E+0","2.4581481606829453E+2","2.0356893625129501E+2","3.054200000000000E-6"
"370","1.0104545726967371E+0","7.4581965557090025E-22","-2.5113600934473141E-14","2.6605046711730783E-14","-1.8273096272398179E-2","2.0951827088246704E-2","3.0001248292375902E+0","4.2286674611177331E+0","2.4582239196761770E+2","2.0362145067694300E+2","3.054200000000000E-6"
"369","1.0104477470807054E+0","7.4692141878778856E-22","-2.3347478640773436E-14","2.3907644003115130E-14","-1.8252019714098438E-2","2.0973010178760850E-2","3.0001246687331400E+0","4.2287975739644876E+0","2.4582995573362882E+2","2.0367387441596699E+2","3.054200000000000E-6"
"368","1.0104409181317644E+0","7.4828481923242925E-22","-2.4612398114913203E-14","2.5728286723781831E-14","-1.8230918638349781E-2","2.0994183032347735E-2","3.0001245085189798E+0","4.2289274770714567E+0","2.4583750730697264E+2","2.0372620709856201E+2","3.054200000000000E-6"
"367","1.0104340858645509E+0","7.4695541591096630E-22","-2.3526244954518953E-14","2.3187470445064286E-14","-1.8209793035525983E-2","2.1015345640939223E-2","3.0001243485962101E+0","4.2290571694189802E+0","2.4584504662837384E+2","2.0377844835392500E+2","3.054200000000000E-6"
"366","1.0104272502937057E+0","7.4670043748714680E-22","-2.3512990022966404E-14","2.3632557322165912E-14","-1.8188642895946031E-2","2.1036497996459014E-2","3.0001241889659198E+0","4.2291866499898836E+0","2.4585257363870167E+2","2.0383059781349999E+2","3.054200000000000E-6"
"365","1.0104204114338757E+0","7.4667185839698434E-22","-2.4061543115304735E-14","2.5289156174754241E-14","-1.8167468209851909E-2","2.1057640090821745E-2","3.0001240296291800E+0","4.2293159177691955E+0","2.4586008827895350E+2","2.0388265510865301E+2","3.054200000000000E-6"
"364","1.0104135692997069E+0","7.5053206003436263E-22","-2.0903093897467614E-14","2.0197483600402010E-14","-1.8146268967381304E-2","2.1078771915921991E-2","3.0001238705870699E+0","4.2294449717388352E+0","2.4586759048994583E+2","2.0393461987227701E+2","3.054200000000000E-6"
"363","1.0104067239058512E+0","7.5410252557323919E-22","-2.3491324165155784E-14","2.4183368064342108E-14","-1.8125045158616859E-2","2.1099893463647493E-2","3.0001237118406898E+0","4.2295738108854151E+0","2.4587508021276807E+2","2.0398649173488599E+2","3.054200000000000E-6"
"362","1.0103998752669658E+0","7.5668828378132478E-22","-2.2827087876720310E-14","2.3490082151043829E-14","-1.8103796773552113E-2","2.1121004725872167E-2","3.0001235533910999E+0","4.2297024341948610E+0","2.4588255738846979E+2","2.0403827033055799E+2","3.054200000000000E-6"
"361","1.0103930233977112E+0","7.5995758366783061E-22","-2.2806584984242616E-14","2.3268961583160753E-14","-1.8082523802135559E-2","2.1142105694461014E-2","3.0001233952394002E+0","4.2298308406566623E+0","2.4589002195830750E+2","2.0408995529208499E+2","3.054200000000000E-6"
"360","1.0103861683127457E+0","7.6011708389231077E-22","-2.2000115441190128E-14","2.1903578474056857E-14","-1.8061226234167629E-2","2.1163196361252089E-2","3.0001232373866400E+0","4.2299590292555331E+0","2.4589747386326036E+2","2.0414154625342499E+2","3.054200000000000E-6"
"359","1.0103793100267411E+0","7.6171930383115835E-22","-2.3396558609279561E-14","2.3711173537718079E-14","-1.8039904059438661E-2","2.1184276718086120E-2","3.0001230798338998E+0","4.2300869989843557E+0","2.4590491304478215E+2","2.0419304284610601E+2","3.054200000000000E-6"
"358","1.0103724485543644E+0","7.5976936093063024E-22","-2.1521943078611665E-14","2.1075726612034811E-14","-1.8018557267642031E-2","2.1205346756779739E-2","3.0001229225822601E+0","4.2302147488324318E+0","2.4591233944411869E+2","2.0424444471082199E+2","3.054200000000000E-6"
"357","1.0103655839102930E+0","7.6652589626556403E-22","-2.2071569337295958E-14","2.1809350804556827E-14","-1.7997185848382887E-2","2.1226406469139310E-2","3.0001227656327898E+0","4.2303422777931452E+0","2.4591975300275288E+2","2.0429575147573601E+2","3.054200000000000E-6"
"356","1.0103587161092007E+0","7.6593431786390716E-22","-2.1392251204623655E-14","1.9849827922284328E-14","-1.7975789791187552E-2","2.1247455846950127E-2","3.0001226089865400E+0","4.2304695848575156E+0","2.4592715366203049E+2","2.0434696278188900E+2","3.054200000000000E-6"
"355","1.0103518451657727E+0","7.6372863068747606E-22","-2.4522532424421825E-14","2.5357574826050124E-14","-1.7954369085524745E-2","2.1268494881991850E-2","3.0001224526445900E+0","4.2305966690225416E+0","2.4593454136364454E+2","2.0439807826107801E+2","3.054200000000000E-6"
"354","1.0103449710946897E+0","7.6455981993747646E-22","-2.0780064868819031E-14","2.0267196982956425E-14","-1.7932923720763046E-2","2.1289523566017137E-2","3.0001222966080099E+0","4.2307235292809873E+0","2.4594191604904213E+2","2.0444909755596800E+2","3.054200000000000E-6"
"353","1.0103380939106414E+0","7.6367041223215358E-22","-2.0515468601637504E-14","1.9529501026305101E-14","-1.7911453686179243E-2","2.1310541890765575E-2","3.0001221408778500E+0","4.2308501646288699E+0","2.4594927765985938E+2","2.0450002029759801E+2","3.054200000000000E-6"
"352","1.0103312136283238E+0","7.7026081790823406E-22","-2.0369091998732192E-14","1.9980125497372446E-14","-1.7889958971044288E-2","2.1331549847973853E-2","3.0001219854551699E+0","4.2309765740688068E+0","2.4595662613811601E+2","2.0455084612684101E+2","3.054200000000000E-6"
"351","1.0103243302624263E+0","7.7661819623888126E-22","-2.3994766300015270E-14","2.4710082330078185E-14","-1.7868439564456891E-2","2.1352547429338953E-2","3.0001218303410302E+0","4.2311027565949013E+0","2.4596396142533692E+2","2.0460157468002700E+2","3.054200000000000E-6"
"350","1.0103174438276503E+0","7.7861891482229401E-22","-2.2066912361834150E-14","2.1078957867484499E-14","-1.7846895455490192E-2","2.1373534626553427E-2","3.0001216755364801E+0","4.2312287112083533E+0","2.4597128346345951E+2","2.0465220559872199E+2","3.054200000000000E-6"
"349","1.0103105543386994E+0","7.7735750929798296E-22","-2.1292816793877320E-14","2.1055298952614919E-14","-1.7825326633146208E-2","2.1394511431294914E-2","3.0001215210425900E+0","4.2313544369126319E+0","2.4597859219455310E+2","2.0470273851952999E+2","3.054200000000000E-6"
"348","1.0103036618102774E+0","7.7907471940167036E-22","-2.1417009672742739E-14","2.0300585237772230E-14","-1.7803733086302693E-2","2.1415477835210743E-2","3.0001213668603901E+0","4.2314799327076278E+0","2.4598588756047900E+2","2.0475317308367099E+2","3.054200000000000E-6"
"347","1.0102967662570932E+0","7.7526426777729036E-22","-2.2951090782239568E-14","2.3110213654428305E-14","-1.7782114803798019E-2","2.1436433829938994E-2","3.0001212129909498E+0","4.2316051975978883E+0","2.4599316950336922E+2","2.0480350892930699E+2","3.054200000000000E-6"
"346","1.0102898676938616E+0","7.7901459307234880E-22","-2.3676565480277205E-14","2.3379001917764002E-14","-1.7760471774379876E-2","2.1457379407096824E-2","3.0001210594352998E+0","4.2317302305890339E+0","2.4600043796541803E+2","2.0485374569814800E+2","3.054200000000000E-6"
"345","1.0102829661352954E+0","7.7718665775435000E-22","-1.8680160387059688E-14","1.7313841045704840E-14","-1.7738803986721754E-2","2.1478314558279959E-2","3.0001209061944998E+0","4.2318550306867078E+0","2.4600769288882123E+2","2.0490388303481600E+2","3.054200000000000E-6"
"344","1.0102760615961213E+0","7.7176322770528979E-22","-2.1225687452267994E-14","2.0842886875879095E-14","-1.7717111429432341E-2","2.1499239275074199E-2","3.0001207532695902E+0","4.2319795969023764E+0","2.4601493421611298E+2","2.0495392057585499E+2","3.054200000000000E-6"
"343","1.0102691540910536E+0","7.7240769149148784E-22","-2.0579317749418430E-14","1.9869998097603250E-14","-1.7695394090976840E-2","2.1520153549021200E-2","3.0001206006616101E+0","4.2321039282386561E+0","2.4602216188931308E+2","2.0500385796727801E+2","3.054200000000000E-6"
"342","1.0102622436348219E+0","7.7273194885899798E-22","-2.0885525087450533E-14","2.0532704664704105E-14","-1.7673651959811923E-2","2.1541057371665170E-2","3.0001204483716002E+0","4.2322280237092027E+0","2.4602937585108296E+2","2.0505369484985800E+2","3.054200000000000E-6"
"341","1.0102553302421546E+0","7.7157723816893939E-22","-2.0393848886252931E-14","1.8947193458467639E-14","-1.7651885024274942E-2","2.1561950734516465E-2","3.0001202964005902E+0","4.2323518823235275E+0","2.4603657604384327E+2","2.0510343086743899E+2","3.054200000000000E-6"
"340","1.0102484139277861E+0","7.6779227280743787E-22","-1.9831018810742612E-14","1.9369379189350446E-14","-1.7630093272657424E-2","2.1582833629073598E-2","3.0001201447496300E+0","4.2324755030967873E+0","2.4604376241034262E+2","2.0515306566482300E+2","3.054200000000000E-6"
"339","1.0102414947064515E+0","7.6462037012922778E-22","-1.9194754201912152E-14","1.8777831130322585E-14","-1.7608276693146144E-2","2.1603706046804942E-2","3.0001199934197400E+0","4.2325988850419591E+0","2.4605093489320316E+2","2.0520259888602001E+2","3.054200000000000E-6"
"338","1.0102345725928881E+0","7.6833365745411848E-22","-2.1390986235512054E-14","2.1879165154381038E-14","-1.7586435273825751E-2","2.1624567979153204E-2","3.0001198424119702E+0","4.2327220271720769E+0","2.4605809343505018E+2","2.0525203017531501E+2","3.054200000000000E-6"
"337","1.0102276476018435E+0","7.6184358166644006E-22","-2.0040906831846075E-14","1.9684163822922678E-14","-1.7564569002784265E-2","2.1645419417557953E-2","3.0001196917273298E+0","4.2328449285093681E+0","2.4606523797904347E+2","2.0530135918040099E+2","3.054200000000000E-6"
"336","1.0102207197480546E+0","7.6221507697680208E-22","-1.9073041374613200E-14","1.7534518294381720E-14","-1.7542677867904234E-2","2.1666260353401450E-2","3.0001195413668600E+0","4.2329675880637661E+0","2.4607236846762814E+2","2.0535058554612399E+2","3.054200000000000E-6"
"335","1.0102137890462792E+0","7.5918719208530808E-22","-1.8484309180871197E-14","1.7623621774354990E-14","-1.7520761857107128E-2","2.1687090778079277E-2","3.0001193913315700E+0","4.2330900048617002E+0","2.4607948484420820E+2","2.0539970891777901E+2","3.054200000000000E-6"
"334","1.0102068555112662E+0","7.5730222599517133E-22","-1.9509596097768190E-14","1.9721253497006480E-14","-1.7498820958175815E-2","2.1707910682941027E-2","3.0001192416225102E+0","4.2332121779219047E+0","2.4608658705174039E+2","2.0544872894381200E+2","3.054200000000000E-6"
"333","1.0101999191577691E+0","7.4768636995533720E-22","-1.9931330362187751E-14","1.9081815147044841E-14","-1.7476855158819415E-2","2.1728720059315285E-2","3.0001190922406700E+0","4.2333341062656906E+0","2.4609367503333121E+2","2.0549764527358801E+2","3.054200000000000E-6"
"332","1.0101929800005462E+0","7.4801956388713553E-22","-1.4891863463130919E-14","1.3206294521034013E-14","-1.7454864446656480E-2","2.1749518898503468E-2","3.0001189431871000E+0","4.2334557889152427E+0","2.4610074873213793E+2","2.0554645755575299E+2","3.054200000000000E-6"
"331","1.0101860380543595E+0","7.4756255838517777E-22","-1.7727763726145494E-14","1.6154472927493098E-14","-1.7432848809242212E-2","2.1770307191786770E-2","3.0001187944627898E+0","4.2335772248964298E+0","2.4610780809153206E+2","2.0559516543458901E+2","3.054200000000000E-6"
"330","1.0101790933339789E+0","7.5426254034204219E-22","-1.6449857788170774E-14","1.5349435215526174E-14","-1.7410808234084932E-2","2.1791084930430860E-2","3.0001186460687701E+0","4.2336984132397539E+0","2.4611485305515441E+2","2.0564376856213201E+2","3.054200000000000E-6"
"329","1.0101721458541646E+0","7.5787032967690057E-22","-1.8363547124615028E-14","1.8531488036125101E-14","-1.7388742708534022E-2","2.1811852105648375E-2","3.0001184980060498E+0","4.2338193529676413E+0","2.4612188356617631E+2","2.0569226659143001E+2","3.054200000000000E-6"
"328","1.0101651956296909E+0","7.5273331160170131E-22","-1.8947893238361578E-14","1.8085129779094316E-14","-1.7366652219910378E-2","2.1832608708645743E-2","3.0001183502756401E+0","4.2339400431110610E+0","2.4612889956826564E+2","2.0574065917038101E+2","3.054200000000000E-6"
"327","1.0101582426753271E+0","7.5402609172724894E-22","-1.7191630420948716E-14","1.6618778439444470E-14","-1.7344536755416657E-2","2.1853354730588640E-2","3.0001182028785500E+0","4.2340604826975623E+0","2.4613590100489159E+2","2.0578894594916400E+2","3.054200000000000E-6"
"326","1.0101512870058578E+0","7.4957848598082524E-22","-1.7650398832008940E-14","1.6861283423532705E-14","-1.7322396302258361E-2","2.1874090162639064E-2","3.0001180558157801E+0","4.2341806707654870E+0","2.4614288782015078E+2","2.0583712658196399E+2","3.054200000000000E-6"
"325","1.0101443286360565E+0","7.5233842109529271E-22","-1.9677924139705003E-14","1.8769409425945522E-14","-1.7300230847457659E-2","2.1894814995901474E-2","3.0001179090883499E+0","4.2343006063426589E+0","2.4614985995752818E+2","2.0588520072066700E+2","3.054200000000000E-6"
"324","1.0101373675807102E+0","7.5701632833970809E-22","-1.8024808569887107E-14","1.7017969664280696E-14","-1.7278040378025227E-2","2.1915529221474900E-2","3.0001177626972400E+0","4.2344202884678204E+0","2.4615681736114374E+2","2.0593316801846601E+2","3.054200000000000E-6"
"323","1.0101304038546022E+0","7.5548827599191684E-22","-1.4699935066688725E-14","1.2992575731700142E-14","-1.7255824880858018E-2","2.1936232830416211E-2","3.0001176166434700E+0","4.2345397161756084E+0","2.4616375997487862E+2","2.0598102812820801E+2","3.054200000000000E-6"
"322","1.0101234374725179E+0","7.5573898405679341E-22","-2.0075035459486460E-14","2.2091991505454356E-14","-1.7233584342746258E-2","2.1956925813747995E-2","3.0001174709280298E+0","4.2346588885009098E+0","2.4617068774262844E+2","2.0602878070108500E+2","3.054200000000000E-6"
"321","1.0101164684492538E+0","7.5494843895296757E-22","-1.7918781932107089E-14","1.7488903184595268E-14","-1.7211318750484709E-2","2.1977608162485670E-2","3.0001173255519098E+0","4.2347778044879805E+0","2.4617760060883364E+2","2.0607642540062301E+2","3.054200000000000E-6"
"320","1.0101094967996063E+0","7.5400853367344158E-22","-1.7760154688574794E-14","1.6842520986031591E-14","-1.7189028090732320E-2","2.1998279867601760E-2","3.0001171805161202E+0","4.2348964631776651E+0","2.4618449851773619E+2","2.0612396187374901E+2","3.054200000000000E-6"
"319","1.0101025225383660E+0","7.5588954715331458E-22","-1.5368366710552210E-14","1.2835549115145525E-14","-1.7166712350030144E-2","2.2018940920025997E-2","3.0001170358216300E+0","4.2350148636083071E+0","2.4619138141343279E+2","2.0617138978286201E+2","3.054200000000000E-6"
"318","1.0100955456803371E+0","7.5987197728449620E-22","-1.5715247046926769E-14","1.4629094383957619E-14","-1.7144371514898483E-2","2.2039591310674008E-2","3.0001168914694500E+0","4.2351330048261095E+0","2.4619824924047691E+2","2.0621870877793401E+2","3.054200000000000E-6"
"317","1.0100885662403234E+0","7.5605834708825088E-22","-1.6452428283526114E-14","1.5418322124759155E-14","-1.7122005571759157E-2","2.2060231030426966E-2","3.0001167474605501E+0","4.2352508858771021E+0","2.4620510194341207E+2","2.0626591852047201E+2","3.054200000000000E-6"
"316","1.0100815842331310E+0","7.5841183929593847E-22","-1.8040144520616782E-14","1.8494925210009523E-14","-1.7099614506969917E-2","2.2080860070137161E-2","3.0001166037959202E+0","4.2353685058103538E+0","2.4621193946695843E+2","2.0631301866697399E+2","3.054200000000000E-6"
"315","1.0100745996735663E+0","7.5614601969292483E-22","-1.7411612633313957E-14","1.6310683852610486E-14","-1.7077198306741169E-2","2.2101478420606387E-2","3.0001164604765500E+0","4.2354858636697656E+0","2.4621876175553564E+2","2.0636000887935100E+2","3.054200000000000E-6"
"314","1.0100676125764401E+0","7.5217012352487786E-22","-1.6433774678375554E-14","1.5317060632027677E-14","-1.7054756957241658E-2","2.2122086072615791E-2","3.0001163175034100E+0","4.2356029585052726E+0","2.4622556875391419E+2","2.0640688881145900E+2","3.054200000000000E-6"
"313","1.0100606229565710E+0","7.5182111429377447E-22","-1.7785698533987861E-14","1.7633262381326485E-14","-1.7032290444620204E-2","2.2142683016930863E-2","3.0001161748774900E+0","4.2357197893748069E+0","2.4623236040732954E+2","2.0645365812584501E+2","3.054200000000000E-6"
"312","1.0100536308287718E+0","7.4637958998205783E-22","-1.5477696402651168E-14","1.4327640294543202E-14","-1.7009798754831901E-2","2.2163269244249707E-2","3.0001160325997498E+0","4.2358363553255165E+0","2.4623913666039007E+2","2.0650031648129999E+2","3.054200000000000E-6"
"311","1.0100466362078671E+0","7.4223875756625861E-22","-1.4977382082528202E-14","1.3611418192733755E-14","-1.6987281873847099E-2","2.2183844745267713E-2","3.0001158906711800E+0","4.2359526554173907E+0","2.4624589745845080E+2","2.0654686354328999E+2","3.054200000000000E-6"
"310","1.0100396391086726E+0","7.3774772314840021E-22","-1.5019477214210709E-14","1.3927521039066640E-14","-1.6964739787448283E-2","2.2204409510611520E-2","3.0001157490927501E+0","4.2360686887001284E+0","2.4625264274626846E+2","2.0659329896722599E+2","3.054200000000000E-6"
"309","1.0100326395460204E+0","7.3525288989533006E-22","-1.6402130612691484E-14","1.5071727784542426E-14","-1.6942172481468971E-2","2.2224963530913581E-2","3.0001156078654199E+0","4.2361844542392477E+0","2.4625937246951943E+2","2.0663962241817299E+2","3.054200000000000E-6"
"308","1.0100256375347321E+0","7.3260879743929237E-22","-1.4391677871046123E-14","1.3492292143487155E-14","-1.6919579941538695E-2","2.2245506796733410E-2","3.0001154669901600E+0","4.2362999510887924E+0","2.4626608657321307E+2","2.0668583356232901E+2","3.054200000000000E-6"
"307","1.0100186330896439E+0","7.3016271167529367E-22","-1.7231394832888448E-14","1.7305961412737171E-14","-1.6896962153297806E-2","2.2266039298626354E-2","3.0001153264679301E+0","4.2364151783155943E+0","2.4627278500310209E+2","2.0673193205596499E+2","3.054200000000000E-6"
"306","1.0100116262255865E+0","7.2721394571885031E-22","-1.5718489018328207E-14","1.4754578430455240E-14","-1.6874319102238831E-2","2.2286561027085934E-2","3.0001151862997100E+0","4.2365301349789322E+0","2.4627946770450015E+2","2.0677791756937100E+2","3.054200000000000E-6"
"305","1.0100046169573957E+0","7.2482927874295485E-22","-1.5963647382301980E-14","1.3915556484653523E-14","-1.6851650773796436E-2","2.2307071972581128E-2","3.0001150464864401E+0","4.2366448201446225E+0","2.4628613462310093E+2","2.0682378976662099E+2","3.054200000000000E-6"
"304","1.0099976052999071E+0","7.2491460833267284E-22","-1.5563236963063112E-14","1.5512217415239243E-14","-1.6828957153322079E-2","2.2327572125539596E-2","3.0001149070291002E+0","4.2367592328777324E+0","2.4629278570455469E+2","2.0686954831047700E+2","3.054200000000000E-6"
"303","1.0099905912679668E+0","7.2454709024258437E-22","-1.6712935457003610E-14","1.6368738459713814E-14","-1.6806238226100716E-2","2.2348061476360950E-2","3.0001147679286202E+0","4.2368733722496197E+0","2.4629942089487716E+2","2.0691519286927999E+2","3.054200000000000E-6"
"302","1.0099835748764137E+0","7.2293050216352039E-22","-1.7305717241569166E-14","1.6285527439225670E-14","-1.6783493977301243E-2","2.2368540015390414E-2","3.0001146291859699E+0","4.2369872373265229E+0","2.4630604013978669E+2","2.0696072310964101E+2","3.054200000000000E-6"
"301","1.0099765561400964E+0","7.2682634890419868E-22","-1.9038407892901716E-14","1.9401537702524884E-14","-1.6760724392039534E-2","2.2389007732949127E-2","3.0001144908020998E+0","4.2371008271822950E+0","2.4631264338544406E+2","2.0700613869824400E+2","3.054200000000000E-6"
"300","1.0099695350738631E+0","7.2894452641609604E-22","-1.4945459678179074E-14","1.3019946154141808E-14","-1.6737929455343588E-2","2.2409464619313330E-2","3.0001143527779601E+0","4.2372141408897193E+0","2.4631923057794805E+2","2.0705143930556301E+2","3.054200000000000E-6"
"299","1.0099625116925648E+0","7.3226555208699253E-22","-1.4294009388907283E-14","1.2942755161897183E-14","-1.6715109152153771E-2","2.2429910664722292E-2","3.0001142151144902E+0","4.2373271775248176E+0","2.4632580166358562E+2","2.0709662459786901E+2","3.054200000000000E-6"
"298","1.0099554860110527E+0","7.3572552281218946E-22","-1.4589345839065356E-14","1.3008561371434141E-14","-1.6692263467303421E-2","2.2450345859365315E-2","3.0001140778126301E+0","4.2374399361614765E+0","2.4633235658851962E+2","2.0714169424403900E+2","3.054200000000000E-6"
"297","1.0099484580441833E+0","7.3795297520744362E-22","-1.7648125189269203E-14","1.7345576651901688E-14","-1.6669392385574810E-2","2.2470770193401473E-2","3.0001139408733399E+0","4.2375524158789126E+0","2.4633889529922274E+2","2.0718664791507800E+2","3.054200000000000E-6"
"296","1.0099414278068164E+0","7.3565103157859674E-22","-1.4089891928797418E-14","1.2125623055952172E-14","-1.6646495891670939E-2","2.2491183656948129E-2","3.0001138042975501E+0","4.2376646157578621E+0","2.4634541774225602E+2","2.0723148528433799E+2","3.054200000000000E-6"
"295","1.0099343953138116E+0","7.4195552453221340E-22","-1.2183710358857576E-14","1.0613247246677434E-14","-1.6623573970205443E-2","2.2511586240084105E-2","3.0001136680861902E+0","4.2377765348818199E+0","2.4635192386434085E+2","2.0727620602176901E+2","3.054200000000000E-6"
"294","1.0099273605800323E+0","7.3967231620932981E-22","-1.5714898246045182E-14","1.6077321236209144E-14","-1.6600626605690900E-2","2.2531977932837330E-2","3.0001135322402002E+0","4.2378881723327586E+0","2.4635841361211018E+2","2.0732080979794000E+2","3.054200000000000E-6"
"293","1.0099203236203453E+0","7.3864545054108905E-22","-1.7099746476313665E-14","1.5811923677296989E-14","-1.6577653782593613E-2","2.2552358725205852E-2","3.0001133967605198E+0","4.2379995271987001E+0","2.4636488693254853E+2","2.0736529628733101E+2","3.054200000000000E-6"
"292","1.0099132844496139E+0","7.3834277075375699E-22","-1.7264578221273003E-14","1.5931278723079364E-14","-1.6554655485236668E-2","2.2572728607125000E-2","3.0001132616480799E+0","4.2381105985627263E+0","2.4637134377235327E+2","2.0740966516444900E+2","3.054200000000000E-6"
"291","1.0099062430827117E+0","7.3722859769704816E-22","-1.7813387279852651E-14","1.6328772937231712E-14","-1.6531631697914186E-2","2.2593087568505327E-2","3.0001131269037900E+0","4.2382213855159003E+0","2.4637778407868581E+2","2.0745391610185899E+2","3.054200000000000E-6"
"290","1.0098991995345097E+0","7.3580212667354876E-22","-1.5035905822961125E-14","1.3463076237507195E-14","-1.6508582404822392E-2","2.2613435599210599E-2","3.0001129925285999E+0","4.2383318871499851E+0","2.4638420779874815E+2","2.0749804877527299E+2","3.054200000000000E-6"
"289","1.0098921538198828E+0","7.3703308185956167E-22","-1.3931267676680495E-14","1.2325497613692551E-14","-1.6485507590076422E-2","2.2633772689057655E-2","3.0001128585234098E+0","4.2384421025577810E+0","2.4639061487980274E+2","2.0754206285995099E+2","3.054200000000000E-6"
"288","1.0098851059537084E+0","7.3747172908046466E-22","-1.3899359122347904E-14","1.1438058969640766E-14","-1.6462407237704611E-2","2.2654098827820632E-2","3.0001127248891599E+0","4.2385520308342626E+0","2.4639700526923818E+2","2.0758595803303999E+2","3.054200000000000E-6"
"287","1.0098780559508636E+0","7.3707861665952107E-22","-1.5779252740243539E-14","1.4511041837252474E-14","-1.6439281331636253E-2","2.2674414005222219E-2","3.0001125916267601E+0","4.2386616710743832E+0","2.4640337891444207E+2","2.0762973396921200E+2","3.054200000000000E-6"
"286","1.0098710038262300E+0","7.3512796812673539E-22","-1.4697293021750638E-14","1.2332118070400099E-14","-1.6416129855740581E-2","2.2694718210946471E-2","3.0001124587371200E+0","4.2387710223769535E+0","2.4640973576302611E+2","2.0767339035351000E+2","3.054200000000000E-6"
"285","1.0098639495946939E+0","7.3648258305834067E-22","-1.4027882176333874E-14","1.3415845857172687E-14","-1.6392952793822416E-2","2.2715011434640813E-2","3.0001123262211702E+0","4.2388800838457561E+0","2.4641607576289107E+2","2.0771692685544900E+2","3.054200000000000E-6"
"284","1.0098568932711345E+0","7.2693233872175425E-22","-1.5289764386401321E-14","1.3451199734009915E-14","-1.6369750129518659E-2","2.2735293665872871E-2","3.0001121940798101E+0","4.2389888545756618E+0","2.4642239886141974E+2","2.0776034316027801E+2","3.054200000000000E-6"
"283","1.0098498348704428E+0","7.2633225052036937E-22","-1.5020539509817206E-14","1.3927217075061696E-14","-1.6346521846466084E-2","2.2755564894196924E-2","3.0001120623139501E+0","4.2390973336742999E+0","2.4642870500673638E+2","2.0780363894529799E+2","3.054200000000000E-6"
"282","1.0098427744075111E+0","7.3415192613590756E-22","-1.6777898676688626E-14","1.7193094024833829E-14","-1.6323267928227834E-2","2.2775825109121510E-2","3.0001119309244899E+0","4.2392055202517778E+0","2.4643499414710956E+2","2.0784681389140701E+2","3.054200000000000E-6"
"281","1.0098357118972277E+0","7.2803824358508431E-22","-1.5541571410762594E-14","1.4568706973727944E-14","-1.6299988358214005E-2","2.2796074300082018E-2","3.0001117999123501E+0","4.2393134134114598E+0","2.4644126623041566E+2","2.0788986768386300E+2","3.054200000000000E-6"
"280","1.0098286473544842E+0","7.2909984779956576E-22","-1.4025513581211646E-14","1.2531629345051248E-14","-1.6276683119760039E-2","2.2816312456468771E-2","3.0001116692784202E+0","4.2394210122603146E+0","2.4644752120474072E+2","2.0793279999952301E+2","3.054200000000000E-6"
"279","1.0098215807941833E+0","7.2405220274282888E-22","-1.3243030819958759E-14","1.2449460053671347E-14","-1.6253352196218027E-2","2.2836539567660380E-2","3.0001115390235999E+0","4.2395283159185704E+0","2.4645375901894147E+2","2.0797561052553201E+2","3.054200000000000E-6"
"278","1.0098145122312148E+0","7.2230999413594763E-22","-1.7351886873112649E-14","1.6790119442663770E-14","-1.6229995570696938E-2","2.2856755622928677E-2","3.0001114091487899E+0","4.2396353234905506E+0","2.4645997962095021E+2","2.0801829893974900E+2","3.054200000000000E-6"
"277","1.0098074416804823E+0","7.1625077309081758E-22","-1.2847936827804263E-14","1.0961689179870220E-14","-1.6206613226349070E-2","2.2876960611541947E-2","3.0001112796548899E+0","4.2397420340966550E+0","2.4646618295963361E+2","2.0806086493513001E+2","3.054200000000000E-6"
"276","1.0098003691568884E+0","7.1792497567201652E-22","-1.5292116884718942E-14","1.4383255749466998E-14","-1.6183205146202532E-2","2.2897154522704449E-2","3.0001111505427702E+0","4.2398484468551603E+0","2.4647236898373509E+2","2.0810330818780801E+2","3.054200000000000E-6"
"275","1.0097932946753354E+0","7.1944529203456023E-22","-1.4554942063438997E-14","1.2435017024494614E-14","-1.6159771313207567E-2","2.2917337345566550E-2","3.0001110218133502E+0","4.2399545608852494E+0","2.4647853764205067E+2","2.0814562839035699E+2","3.054200000000000E-6"
"274","1.0097862182507309E+0","7.1823746551296793E-22","-1.2920781407363258E-14","1.0902056701745483E-14","-1.6136311710221819E-2","2.2937509069232340E-2","3.0001108934674900E+0","4.2400603753095458E+0","2.4648468888357638E+2","2.0818782522955101E+2","3.054200000000000E-6"
"273","1.0097791398979767E+0","7.2082620587559704E-22","-1.3651299999391293E-14","1.1546452184204887E-14","-1.6112826319977330E-2","2.2957669682734032E-2","3.0001107655060899E+0","4.2401658892461978E+0","2.4649082265704808E+2","2.0822989838806200E+2","3.054200000000000E-6"
"272","1.0097720596319850E+0","7.1614068268874356E-22","-1.1639345130238000E-14","9.7686679938699455E-15","-1.6089315125191423E-2","2.2977819175078285E-2","3.0001106379300300E+0","4.2402711018237902E+0","2.4649693891180843E+2","2.0827184755438600E+2","3.054200000000000E-6"
"271","1.0097649774676674E+0","7.1133719332025966E-22","-1.3701420475328819E-14","1.2427234518894395E-14","-1.6065778108493637E-2","2.2997957535216381E-2","3.0001105107401900E+0","4.2403760121720744E+0","2.4650303759726773E+2","2.0831367242152899E+2","3.054200000000000E-6"
"270","1.0097578934199385E+0","7.0847711610132396E-22","-1.1598318095480023E-14","8.8955196955623741E-15","-1.6042215252403659E-2","2.3018084752041024E-2","3.0001103839374301E+0","4.2404806194208566E+0","2.4650911866283963E+2","2.0835537267720099E+2","3.054200000000000E-6"
"269","1.0097508075037087E+0","7.0693251978186251E-22","-1.3078399088417087E-14","1.2545301008351706E-14","-1.6018626539330023E-2","2.3038200814378500E-2","3.0001102575226501E+0","4.2405849226982797E+0","2.4651518205784103E+2","2.0839694801130000E+2","3.054200000000000E-6"
"268","1.0097437197338932E+0","7.0797676820820028E-22","-1.2253609917567863E-14","1.0696423152392187E-14","-1.5995011951619998E-2","2.3058305711009461E-2","3.0001101314967098E+0","4.2406889211367540E+0","2.4652122773183683E+2","2.0843839811586699E+2","3.054200000000000E-6"
"267","1.0097366301254165E+0","7.0029380196329470E-22","-1.3577283357336741E-14","1.2014756207926270E-14","-1.5971371471617674E-2","2.3078399430688651E-2","3.0001100058604799E+0","4.2407926138797860E+0","2.4652725563503711E+2","2.0847972268448800E+2","3.054200000000000E-6"
"266","1.0097295386931904E+0","7.0029451286521220E-22","-1.2558592894915798E-14","1.0554002114125270E-14","-1.5947705081417428E-2","2.3098481962059922E-2","3.0001098806148301E+0","4.2408960000556970E+0","2.4653326571676911E+2","2.0852092140969501E+2","3.054200000000000E-6"
"265","1.0097224454521423E+0","7.0045346713362515E-22","-1.2519966993387712E-14","1.1674397323246179E-14","-1.5924012763192715E-2","2.3118553293768322E-2","3.0001097557606200E+0","4.2409990788122274E+0","2.4653925792748902E+2","2.0856199397843000E+2","3.054200000000000E-6"
"264","1.0097153504171936E+0","7.0313776121320708E-22","-1.4150123133413049E-14","1.3642327949570946E-14","-1.5900294498958547E-2","2.3138613414373180E-2","3.0001096312987099E+0","4.2411018492900556E+0","2.4654523221724239E+2","2.0860294009170099E+2","3.054200000000000E-6"
"263","1.0097082536032629E+0","7.0208377030187008E-22","-1.3981817481087128E-14","1.3643278117793978E-14","-1.5876550270574805E-2","2.3158662312355329E-2","3.0001095072299599E+0","4.2412043106251271E+0","2.4655118853579972E+2","2.0864375944372500E+2","3.054200000000000E-6"
"262","1.0097011550252850E+0","7.0205433280612361E-22","-1.1901424425253827E-14","1.0960938650270243E-14","-1.5852780059993646E-2","2.3178699976203278E-2","3.0001093835552402E+0","4.2413064619752392E+0","2.4655712683420180E+2","2.0868445173371401E+2","3.054200000000000E-6"
"261","1.0096940546981810E+0","6.9678208987377570E-22","-1.4706065276047018E-14","1.3731265989400615E-14","-1.5828983848905902E-2","2.3198726394282092E-2","3.0001092602753801E+0","4.2414083024803473E+0","2.4656304706245220E+2","2.0872501664966401E+2","3.054200000000000E-6"
"260","1.0096869526368841E+0","7.0421145760336125E-22","-1.3183789879155407E-14","1.2146884980237808E-14","-1.5805161619051041E-2","2.3218741554948019E-2","3.0001091373912598E+0","4.2415098312969501E+0","2.4656894917151624E+2","2.0876545389671901E+2","3.054200000000000E-6"
"259","1.0096798488563212E+0","6.9983455632419835E-22","-1.0953847049639560E-14","8.4651836993955970E-15","-1.5781313351988520E-2","2.3238745446460738E-2","3.0001090149037100E+0","4.2416110475726034E+0","2.4657483311183924E+2","2.0880576317304701E+2","3.054200000000000E-6"
"258","1.0096727433714272E+0","6.9710972034281863E-22","-1.3271959955015034E-14","1.1069969303156636E-14","-1.5757439029255839E-2","2.3258738057052464E-2","3.0001088928135800E+0","4.2417119504661729E+0","2.4658069883452418E+2","2.0884594417194401E+2","3.054200000000000E-6"
"257","1.0096656361971326E+0","6.9643071219944964E-22","-1.2918382229127600E-14","1.0838546422859991E-14","-1.5733538632251583E-2","2.3278719374866658E-2","3.0001087711217100E+0","4.2418125391301267E+0","2.4658654629030201E+2","2.0888599659680600E+2","3.054200000000000E-6"
"256","1.0096585273483742E+0","6.9244163635868997E-22","-1.3799240876969767E-14","1.3148799252057653E-14","-1.5709612142356461E-2","2.3298689388017647E-2","3.0001086498289600E+0","4.2419128127277252E+0","2.4659237543053101E+2","2.0892592014820301E+2","3.054200000000000E-6"
"255","1.0096514168400887E+0","6.9480654892048321E-22","-1.1632910438973995E-14","9.8582538872991443E-15","-1.5685659540843371E-2","2.3318648084547630E-2","3.0001085289361402E+0","4.2420127704214226E+0","2.4659818620652280E+2","2.0896571453353499E+2","3.054200000000000E-6"
"254","1.0096443046872101E+0","6.9344172467430660E-22","-1.2706680169096679E-14","1.1204232810474183E-14","-1.5661680808831572E-2","2.3338595452412032E-2","3.0001084084441101E+0","4.2421124113677875E+0","2.4660397856924666E+2","2.0900537944387901E+2","3.054200000000000E-6"
"253","1.0096371909046802E+0","6.9314525705349690E-22","-1.2083127576008055E-14","9.9984326875248035E-15","-1.5637675927454731E-2","2.3358531479546342E-2","3.0001082883537000E+0","4.2422117347379453E+0","2.4660975247051817E+2","2.0904491459015500E+2","3.054200000000000E-6"
"252","1.0096300755074386E+0","6.9343406391603616E-22","-1.1340684787763824E-14","9.8053171486777463E-15","-1.5613644877732081E-2","2.3378456153807341E-2","3.0001081686657298E+0","4.2423107397002493E+0","2.4661550786199169E+2","2.0908431967269999E+2","3.054200000000000E-6"
"251","1.0096229585104246E+0","6.9601847422952001E-22","-1.0105544806858965E-14","7.8890579366992395E-15","-1.5589587640560494E-2","2.3398369462978800E-2","3.0001080493810401E+0","4.2424094254219611E+0","2.4662124469525827E+2","2.0912359440274400E+2","3.054200000000000E-6"
"250","1.0096158399285826E+0","6.9510618046542243E-22","-1.1743840634662105E-14","1.0225164786957154E-14","-1.5565504196793875E-2","2.3418271394798296E-2","3.0001079305004499E+0","4.2425077910777018E+0","2.4662696292233667E+2","2.0916273847971200E+2","3.054200000000000E-6"
"249","1.0096087197768575E+0","6.9628728386104226E-22","-1.3743807478464448E-14","1.2992957176802072E-14","-1.5541394527207554E-2","2.3438161936938918E-2","3.0001078120247802E+0","4.2426058358436345E+0","2.4663266249533527E+2","2.0920175160984701E+2","3.054200000000000E-6"
"248","1.0096015980701876E+0","6.9389389434170597E-22","-1.2351330373730448E-14","1.0243777130581822E-14","-1.5517258612405599E-2","2.3458041076978228E-2","3.0001076939548601E+0","4.2427035588890005E+0","2.4663834336596014E+2","2.0924063350445400E+2","3.054200000000000E-6"
"247","1.0095944748235275E+0","6.9583662442225857E-22","-1.4512681928848040E-14","1.3640675368634067E-14","-1.5493096433068620E-2","2.3477908802493938E-2","3.0001075762914899E+0","4.2428009594041969E+0","2.4664400548714718E+2","2.0927938386909699E+2","3.054200000000000E-6"
"246","1.0095873500518162E+0","6.9383302417768853E-22","-1.0845201104787420E-14","8.3487849593205003E-15","-1.5468907969630130E-2","2.3497765100931232E-2","3.0001074590355099E+0","4.2428980365620008E+0","2.4664964881080795E+2","2.0931800242015001E+2","3.054200000000000E-6"
"245","1.0095802237700049E+0","6.9292649809714021E-22","-1.4053380328667317E-14","1.3113184295393131E-14","-1.5444693202512454E-2","2.3517609959702770E-2","3.0001073421877198E+0","4.2429947895469446E+0","2.4665527328953738E+2","2.0935648884973699E+2","3.054200000000000E-6"
"244","1.0095730959930438E+0","6.9001053220285793E-22","-1.0682252210657724E-14","8.9130894324472855E-15","-1.5420452112091674E-2","2.3537443366170946E-2","3.0001072257489301E+0","4.2430912175503810E+0","2.4666087887632690E+2","2.0939484288984099E+2","3.054200000000000E-6"
"243","1.0095659667358827E+0","6.8944886802920566E-22","-1.1834767317282079E-14","1.0028936858753901E-14","-1.5396184678597432E-2","2.3557265307605123E-2","3.0001071097199401E+0","4.2431873197583316E+0","2.4666646552385805E+2","2.0943306423923499E+2","3.054200000000000E-6"
"242","1.0095588360134711E+0","6.9155070342569702E-22","-1.2581989488532733E-14","1.0321538983728584E-14","-1.5371890882199209E-2","2.3577075771217152E-2","3.0001069941015701E+0","4.2432830953614795E+0","2.4667203318508336E+2","2.0947115261315801E+2","3.054200000000000E-6"
"241","1.0095517038407571E+0","6.9401396243188019E-22","-1.3623052569138421E-14","1.2396783172844454E-14","-1.5347570702923726E-2","2.3596874744129952E-2","3.0001068788946101E+0","4.2433785435469575E+0","2.4667758181274891E+2","2.0950910772760599E+2","3.054200000000000E-6"
"240","1.0095445702327015E+0","6.9738622743069332E-22","-1.3987966492937700E-14","1.2744881596091587E-14","-1.5323224120852904E-2","2.3616662213457398E-2","3.0001067640998600E+0","4.2434736635206018E+0","2.4668311136068812E+2","2.0954692929162201E+2","3.054200000000000E-6"
"239","1.0095374352042503E+0","7.0116432496197689E-22","-1.2672971725238146E-14","1.1108656248025686E-14","-1.5298851115834811E-2","2.3636438166177959E-2","3.0001066497181301E+0","4.2435684544718688E+0","2.4668862178178210E+2","2.0958461702435901E+2","3.054200000000000E-6"
"238","1.0095302987703620E+0","7.0241810169210955E-22","-9.1422601595191667E-15","6.1965408269107775E-15","-1.5274451667716812E-2","2.3656202589242371E-2","3.0001065357501999E+0","4.2436629156038022E+0","2.4669411302970204E+2","2.0962217064358001E+2","3.054200000000000E-6"
"237","1.0095231609459923E+0","6.9544722845243147E-22","-1.0475250504118486E-14","7.7959660698936531E-15","-1.5250025756286766E-2","2.3675955469539892E-2","3.0001064221968599E+0","4.2437570461244265E+0","2.4669958505840842E+2","2.0965958986075901E+2","3.054200000000000E-6"
"236","1.0095160217460915E+0","6.9076119316919937E-22","-1.1242937850151207E-14","9.3273875129517265E-15","-1.5225573361112570E-2","2.3695696793831288E-2","3.0001063090589000E+0","4.2438508452270849E+0","2.4670503782100846E+2","2.0969687439458599E+2","3.054200000000000E-6"
"235","1.0095088811856208E+0","6.9026012856753282E-22","-1.0073043645337330E-14","7.4585201868137122E-15","-1.5201094461831995E-2","2.3715426548876303E-2","3.0001061963371201E+0","4.2439443121272999E+0","2.4671047127189857E+2","2.0973402396786000E+2","3.054200000000000E-6"
"234","1.0095017392795373E+0","6.9246702417108936E-22","-9.8111919408116697E-15","7.2582081371069785E-15","-1.5176589037940280E-2","2.3735144721337264E-2","3.0001060840322800E+0","4.2440374460353558E+0","2.4671588536517078E+2","2.0977103829837401E+2","3.054200000000000E-6"
"233","1.0094945960427932E+0","6.9619850407198333E-22","-8.9939677284843380E-15","6.0120794751553123E-15","-1.5152057068774462E-2","2.3754851297772953E-2","3.0001059721451799E+0","4.2441302461551187E+0","2.4672128005454391E+2","2.0980791710558100E+2","3.054200000000000E-6"
"232","1.0094874514903558E+0","6.9137668887938631E-22","-1.0022423651374666E-14","8.6056782026528329E-15","-1.5127498533746227E-2","2.3774546264742333E-2","3.0001058606765900E+0","4.2442227117124895E+0","2.4672665529501776E+2","2.0984466010695800E+2","3.054200000000000E-6"
"231","1.0094803056371746E+0","6.9649212823054955E-22","-1.2311635207482383E-14","1.1132185301237130E-14","-1.5102913412004296E-2","2.3794229608649339E-2","3.0001057496272798E+0","4.2443148419132202E+0","2.4673201104042087E+2","2.0988126703294199E+2","3.054200000000000E-6"
"230","1.0094731584982173E+0","6.9805030827222175E-22","-6.7972215895843328E-15","2.1104277298730552E-15","-1.5078301682786888E-2","2.3813901315905620E-2","3.0001056389980301E+0","4.2444066359875734E+0","2.4673734724600652E+2","2.0991773760287299E+2","3.054200000000000E-6"
"229","1.0094660100884343E+0","6.9982730194786068E-22","-1.2278152548077718E-14","1.1228211392488291E-14","-1.5053663325050159E-2","2.3833561372763271E-2","3.0001055287896001E+0","4.2444980931446095E+0","2.4674266386579558E+2","2.0995407153227100E+2","3.054200000000000E-6"
"228","1.0094588604227961E+0","6.9638496292849624E-22","-9.4805747042429973E-15","7.2862353227781400E-15","-1.5028998317906495E-2","2.3853209765501295E-2","3.0001054190027601E+0","4.2445892126231213E+0","2.4674796085553731E+2","2.0999026856364000E+2","3.054200000000000E-6"
"227","1.0094517095162556E+0","6.9474973091289723E-22","-8.5969422286383811E-15","5.8751800008918240E-15","-1.5004306640143466E-2","2.3872846480224533E-2","3.0001053096382901E+0","4.2446799936377397E+0","2.4675323816957629E+2","2.1002632840671399E+2","3.054200000000000E-6"
"226","1.0094445573837791E+0","6.9395684592833696E-22","-1.3437119746164754E-14","1.3625972567217300E-14","-1.4979588270660264E-2","2.3892471503047675E-2","3.0001052006969200E+0","4.2447704354277729E+0","2.4675849576369174E+2","2.1006225079479299E+2","3.054200000000000E-6"
"225","1.0094374040403242E+0","6.9412320605386262E-22","-9.3134797567913998E-15","7.0495261264128750E-15","-1.4954843188137326E-2","2.3912084819946260E-2","3.0001050921794299E+0","4.2448605372183890E+0","2.4676373359284082E+2","2.1009803546040700E+2","3.054200000000000E-6"
"224","1.0094302495008507E+0","6.9134695098258806E-22","-1.0997981680524947E-14","8.4570763273665019E-15","-1.4930071371172625E-2","2.3931686416829252E-2","3.0001049840865801E+0","4.2449502982394502E+0","2.4676895161225374E+2","2.1013368211830800E+2","3.054200000000000E-6"
"223","1.0094230937803281E+0","6.8975229606935451E-22","-1.0643539172612320E-14","7.9660491734243122E-15","-1.4905272798440722E-2","2.3951276279596864E-2","3.0001048764190998E+0","4.2450397177415091E+0","2.4677414977836324E+2","2.1016919051120399E+2","3.054200000000000E-6"
"222","1.0094159368937103E+0","6.8663987226159607E-22","-1.0570682564287097E-14","8.4969771692568473E-15","-1.4880447448323642E-2","2.3970854393975571E-2","3.0001047691777600E+0","4.2451287949519037E+0","2.4677932804625266E+2","2.1020456036674699E+2","3.054200000000000E-6"
"221","1.0094087788559651E+0","6.8369111615908666E-22","-1.1405257999608065E-14","1.0049330928800532E-14","-1.4855595299270394E-2","2.3990420745688905E-2","3.0001046623633001E+0","4.2452175291199445E+0","2.4678448637228269E+2","2.1023979141051100E+2","3.054200000000000E-6"
"220","1.0094016196820499E+0","6.8390980709436248E-22","-8.7456661545108722E-15","6.6344932151398379E-15","-1.4830716329529300E-2","2.4009975320324783E-2","3.0001045559764599E+0","4.2453059194825027E+0","2.4678962471209087E+2","2.1027488337796001E+2","3.054200000000000E-6"
"219","1.0093944593869328E+0","6.7783396839566064E-22","-8.2882232501038865E-15","6.4946366405615096E-15","-1.4805810517395469E-2","2.4029518103458217E-2","3.0001044500179801E+0","4.2453939652964037E+0","2.4679474302247465E+2","2.1030983600684601E+2","3.054200000000000E-6"
"218","1.0093872979855709E+0","6.7796058354861084E-22","-8.3659999764928702E-15","6.9634834894299370E-15","-1.4780877840944461E-2","2.4049049080518952E-2","3.0001043444886100E+0","4.2454816658030490E+0","2.4679984125933498E+2","2.1034464902264600E+2","3.054200000000000E-6"
"217","1.0093801354929302E+0","6.8177299804074135E-22","-8.5860895085068503E-15","6.0365719882263273E-15","-1.4755918278255157E-2","2.4068568236898572E-2","3.0001042393890800E+0","4.2455690202576388E+0","2.4680491937937487E+2","2.1037932216935599E+2","3.054200000000000E-6"
"216","1.0093729719239708E+0","6.7573721969375700E-22","-8.3404247093212009E-15","5.7627728377458503E-15","-1.4730931807286287E-2","2.4088075557892163E-2","3.0001041347201198E+0","4.2456560279135971E+0","2.4680997733919406E+2","2.1041385517493100E+2","3.054200000000000E-6"
"215","1.0093658072936547E+0","6.8037372844272917E-22","-1.0517957293361298E-14","9.1565564376506528E-15","-1.4705918405920294E-2","2.4107571028719445E-2","3.0001040304824702E+0","4.2457426880283258E+0","2.4681501509562364E+2","2.1044824777731699E+2","3.054200000000000E-6"
"214","1.0093586416169484E+0","6.8640455991692995E-22","-1.0521761449916760E-14","9.5684711045462114E-15","-1.4680878051995196E-2","2.4127054634537678E-2","3.0001039266768399E+0","4.2458289998664034E+0","2.4682003260591179E+2","2.1048249971725801E+2","3.054200000000000E-6"
"213","1.0093514749088091E+0","6.8067451103594291E-22","-7.7009660318536694E-15","5.3228007109133269E-15","-1.4655810723188212E-2","2.4146526360384651E-2","3.0001038233039599E+0","4.2459149626853954E+0","2.4682502982689908E+2","2.1051661073795000E+2","3.054200000000000E-6"
"212","1.0093443071842005E+0","6.7995733848387589E-22","-8.3308932815218241E-15","6.9733854344291893E-15","-1.4630716397153255E-2","2.4165986191246186E-2","3.0001037203645602E+0","4.2460005757531238E+0","2.4683000671602224E+2","2.1055058057241200E+2","3.054200000000000E-6"
"211","1.0093371384580834E+0","6.8371747861787195E-22","-9.1083982527097291E-15","6.4128385507045796E-15","-1.4605595051404643E-2","2.4185434112000002E-2","3.0001036178593501E+0","4.2460858383335296E+0","2.4683496323049246E+2","2.1058440896387199E+2","3.054200000000000E-6"
"210","1.0093299687454163E+0","6.8569852896899628E-22","-8.3245604908932971E-15","6.3250566610800958E-15","-1.4580446663393313E-2","2.4204870107449327E-2","3.0001035157890499E+0","4.2461707496955228E+0","2.4683989932780969E+2","2.1061809565505700E+2","3.054200000000000E-6"
"209","1.0093227980611679E+0","6.8610403383836048E-22","-6.7018756482135542E-15","3.6308233687610690E-15","-1.4555271210598046E-2","2.4224294162370805E-2","3.0001034141543799E+0","4.2462553091251456E+0","2.4684481496646995E+2","2.1065164038289501E+2","3.054200000000000E-6"
"208","1.0093156264202907E+0","6.8810228564375545E-22","-8.2271974624938730E-15","6.6176917183495091E-15","-1.4530068670210233E-2","2.4243706261355351E-2","3.0001033129560302E+0","4.2463395158850634E+0","2.4684971010361025E+2","2.1068504289850100E+2","3.054200000000000E-6"
"207","1.0093084538377510E+0","6.9237315282532349E-22","-9.5154959173380536E-15","8.1137725357867164E-15","-1.4504839019495470E-2","2.4263106388987127E-2","3.0001032121947202E+0","4.2464233692606621E+0","2.4685458469768835E+2","2.1071830293605700E+2","3.054200000000000E-6"
"206","1.0093012803285044E+0","6.9118599638019597E-22","-8.7459404801221561E-15","7.9215150526873062E-15","-1.4479582235564127E-2","2.4282494529731951E-2","3.0001031118711601E+0","4.2465068685313776E+0","2.4685943870681618E+2","2.1075142025723699E+2","3.054200000000000E-6"
"205","1.0092941059075078E+0","6.9410557262857868E-22","-8.6932392526240679E-15","6.6609015386020473E-15","-1.4454298295428039E-2","2.4301870667957505E-2","3.0001030119860399E+0","4.2465900129763314E+0","2.4686427208908739E+2","2.1078439459598201E+2","3.054200000000000E-6"
"204","1.0092869305897261E+0","6.9940131085577746E-22","-7.6034151866829970E-15","5.0875192618724990E-15","-1.4428987176098943E-2","2.4321234787996814E-2","3.0001029125400600E+0","4.2466728018905622E+0","2.4686908480352088E+2","2.1081722570594599E+2","3.054200000000000E-6"
"203","1.0092797543901091E+0","6.9700073703234415E-22","-6.1043855087110090E-15","4.0970284731783621E-15","-1.4403648854367745E-2","2.4340586874019968E-2","3.0001028135339198E+0","4.2467552345521833E+0","2.4687387680815175E+2","2.1084991333059699E+2","3.054200000000000E-6"
"202","1.0092725773236189E+0","7.0661537067544713E-22","-6.6658103283699287E-15","5.4736505602386833E-15","-1.4378283307098698E-2","2.4359926910187280E-2","3.0001027149683099E+0","4.2468373102621140E+0","2.4687864806234069E+2","2.1088245722568499E+2","3.054200000000000E-6"
"201","1.0092653994052145E+0","6.9736031247494815E-22","-3.7943017751046099E-15","-3.7241356097969131E-16","-1.4352890511004324E-2","2.4379254880546670E-2","3.0001026168439200E+0","4.2469190283172029E+0","2.4688339852521196E+2","2.1091485713811900E+2","3.054200000000000E-6"
"200","1.0092582206498470E+0","7.0030871549557499E-22","-5.8865521929439151E-15","3.9663806177917112E-15","-1.4327470442656998E-2","2.4398570769020477E-2","3.0001025191614401E+0","4.2470003880081411E+0","2.4688812815553169E+2","2.1094711281302801E+2","3.054200000000000E-6"
"199","1.0092510410724731E+0","7.0481080914961230E-22","-5.0935864055218913E-15","1.8223553948680712E-15","-1.4302023078633328E-2","2.4417874559489169E-2","3.0001024219215400E+0","4.2470813886400807E+0","2.4689283691290674E+2","2.1097922401593300E+2","3.054200000000000E-6"
"198","1.0092438606880463E+0","7.0894043272200899E-22","-5.8112763471244623E-15","3.2072272239421572E-15","-1.4276548395355554E-2","2.4437166235710926E-2","3.0001023251249102E+0","4.2471620295126868E+0","2.4689752475662507E+2","2.1101119049119299E+2","3.054200000000000E-6"
"197","1.0092366795115182E+0","7.1799069625776104E-22","-4.1630079296398228E-15","1.5735744594170665E-15","-1.4251046369182755E-2","2.4456445781361337E-2","3.0001022287722399E+0","4.2472423099301340E+0","2.4690219164623664E+2","2.1104301199614599E+2","3.054200000000000E-6"
"196","1.0092294975578455E+0","7.1369948253730388E-22","-8.4774489514196600E-15","7.5845686556997318E-15","-1.4225516976464868E-2","2.4475713180067010E-2","3.0001021328641801E+0","4.2473222292100479E+0","2.4690683754207342E+2","2.1107468828345799E+2","3.054200000000000E-6"
"195","1.0092223148419732E+0","7.1503537176378638E-22","-6.2106546961058244E-15","4.4811376388320698E-15","-1.4199960193319938E-2","2.4494968415280430E-2","3.0001020374014198E+0","4.2474017866518423E+0","2.4691146240340868E+2","2.1110621911555401E+2","3.054200000000000E-6"
"194","1.0092151313788567E+0","7.1999759613738082E-22","-7.6348818504857060E-15","5.6898289053119225E-15","-1.4174375995919013E-2","2.4514211470444653E-2","3.0001019423846200E+0","4.2474809815782875E+0","2.4691606619087355E+2","2.1113760424603501E+2","3.054200000000000E-6"
"193","1.0092079471834428E+0","7.2189857661629098E-22","-6.2942950040459538E-15","3.4400607199522992E-15","-1.4148764360290982E-2","2.4533442328868157E-2","3.0001018478144501E+0","4.2475598133043881E+0","2.4692064886464755E+2","2.1116884343285500E+2","3.054200000000000E-6"
"192","1.0092007622706780E+0","7.2448136906214278E-22","-3.8582784942454975E-15","8.7690690726281206E-16","-1.4123125262359988E-2","2.4552660973763914E-2","3.0001017536915802E+0","4.2476382811475331E+0","2.4692521038504887E+2","2.1119993644500201E+2","3.054200000000000E-6"
"191","1.0091935766555109E+0","7.1670748705091553E-22","-6.2129129374815115E-15","4.2859791433324802E-15","-1.4097458677995696E-2","2.4571867388266656E-2","3.0001016600166501E+0","4.2477163844311825E+0","2.4692975071274873E+2","2.1123088301875100E+2","3.054200000000000E-6"
"190","1.0091863903528873E+0","7.1730722610595045E-22","-6.0307260774846436E-15","4.2383011492694738E-15","-1.4071764583014184E-2","2.4591061555426976E-2","3.0001015667903399E+0","4.2477941224843994E+0","2.4693426980874398E+2","2.1126168294576300E+2","3.054200000000000E-6"
"189","1.0091792033777505E+0","7.1034040725795166E-22","-6.2426334100827661E-15","3.2772616923408789E-15","-1.4046042953089777E-2","2.4610243458179634E-2","3.0001014740132801E+0","4.2478714946333884E+0","2.4693876763386527E+2","2.1129233597267901E+2","3.054200000000000E-6"
"188","1.0091720157450428E+0","7.0871447394736409E-22","-1.0338350518220807E-14","8.9491016328210659E-15","-1.4020293763830757E-2","2.4629413079366797E-2","3.0001013816861399E+0","4.2479485002085440E+0","2.4694324414918682E+2","2.1132284185821800E+2","3.054200000000000E-6"
"187","1.0091648274697049E+0","7.0825132061585928E-22","-6.7361835669414694E-15","3.7391499588024208E-15","-1.3994516990775956E-2","2.4648570401742495E-2","3.0001012898095598E+0","4.2480251385438503E+0","2.4694769931599166E+2","2.1135320038546800E+2","3.054200000000000E-6"
"186","1.0091576385666781E+0","7.0416791489283629E-22","-8.1982818772941290E-15","7.0624146827528858E-15","-1.3968712609358976E-2","2.4667715407961456E-2","3.0001011983841899E+0","4.2481014089762281E+0","2.4695213309573336E+2","2.1138341129690500E+2","3.054200000000000E-6"
"185","1.0091504490509016E+0","7.0435330305431089E-22","-9.4441843135753113E-15","9.6373543746619442E-15","-1.3942880594988796E-2","2.4686848080605256E-2","3.0001011074106598E+0","4.2481773108506280E+0","2.4695654545033238E+2","2.1141347437418500E+2","3.054200000000000E-6"
"184","1.0091432589373082E+0","7.0807640841359468E-22","-9.0385236509944248E-15","8.0304387201530026E-15","-1.3917020922863781E-2","2.4705968402092639E-2","3.0001010168896198E+0","4.2482528434992792E+0","2.4696093634096965E+2","2.1144338939150700E+2","3.054200000000000E-6"
"183","1.0091360682408377E+0","7.0810660006810035E-22","-6.6869292513136862E-15","5.7241337220549522E-15","-1.3891133568258218E-2","2.4725076354829973E-2","3.0001009268217000E+0","4.2483280062777649E+0","2.4696530573018364E+2","2.1147315610354599E+2","3.054200000000000E-6"
"182","1.0091288769764217E+0","6.9801418501912126E-22","-5.8724138861938759E-15","3.7142467078505968E-15","-1.3865218506253999E-2","2.4744171921071978E-2","3.0001008372075302E+0","4.2484027985315844E+0","2.4696965357992678E+2","2.1150277428733301E+2","3.054200000000000E-6"
"181","1.0091216851589941E+0","6.9969186981743545E-22","-6.0991748194716210E-15","1.9604761352197204E-15","-1.3839275711915041E-2","2.4763255083002044E-2","3.0001007480477502E+0","4.2484772196159390E+0","2.4697397985271536E+2","2.1153224371212499E+2","3.054200000000000E-6"
"180","1.0091144928034812E+0","7.0231725616351545E-22","-7.7667549710131452E-15","6.8928103048566774E-15","-1.3813305160135835E-2","2.4782325822664392E-2","3.0001006593429702E+0","4.2485512688792317E+0","2.4697828451067045E+2","2.1156156414579601E+2","3.054200000000000E-6"
"179","1.0091072999248125E+0","7.0122107574065083E-22","-5.9448341638141946E-15","3.7347971906091824E-15","-1.3787306825763644E-2","2.4801384122018849E-2","3.0001005710938400E+0","4.2486249456765455E+0","2.4698256751630157E+2","2.1159073536931601E+2","3.054200000000000E-6"
"178","1.0091001065379168E+0","7.0245468857852198E-22","-6.2258194655450989E-15","3.7907215576638554E-15","-1.3761280683658650E-2","2.4820429962977422E-2","3.0001004833009501E+0","4.2486982493784122E+0","2.4698682883301629E+2","2.1161975715049800E+2","3.054200000000000E-6"
"177","1.0090929126577148E+0","7.0241113219430678E-22","-5.2614501577439583E-15","2.2117593732333121E-15","-1.3735226708449733E-2","2.4839463327274030E-2","3.0001003959649402E+0","4.2487711793401663E+0","2.4699106842333862E+2","2.1164862926786600E+2","3.054200000000000E-6"
"176","1.0090857182991304E+0","7.0105033934355141E-22","-5.5990727882229914E-15","1.7954050767125786E-15","-1.3709144874771985E-2","2.4858484196585907E-2","3.0001003090864100E+0","4.2488437349303929E+0","2.4699528625056294E+2","2.1167735149838501E+2","3.054200000000000E-6"
"175","1.0090785234770856E+0","7.0273386393082478E-22","-5.5217260672122301E-15","3.4636125381502693E-15","-1.3683035157178921E-2","2.4877492552495117E-2","3.0001002226659801E+0","4.2489159155225096E+0","2.4699948227826454E+2","2.1170592361488900E+2","3.054200000000000E-6"
"174","1.0090713282064963E+0","7.0674098352781366E-22","-6.3579405877686880E-15","4.2948243864111702E-15","-1.3656897530080722E-2","2.4896488376438115E-2","3.0001001367042499E+0","4.2489877204826323E+0","2.4700365646959429E+2","2.1173434540208700E+2","3.054200000000000E-6"
"173","1.0090641325022804E+0","7.0520534506308576E-22","-7.4117401155357328E-15","5.9229839597646827E-15","-1.3630731967857652E-2","2.4915471649789196E-2","3.0001000512018301E+0","4.2490591491895868E+0","2.4700780878844185E+2","2.1176261663093601E+2","3.054200000000000E-6"
"172","1.0090569363793509E+0","7.0053696756568681E-22","-7.3645985037289882E-15","5.6069867224677114E-15","-1.3604538444789952E-2","2.4934442353800431E-2","3.0000999661593299E+0","4.2491302010208063E+0","2.4701193919861586E+2","2.1179073709399501E+2","3.054200000000000E-6"
"171","1.0090497398526195E+0","6.9893057323592579E-22","-8.3223326728630105E-15","7.0251569676878208E-15","-1.3578316935080806E-2","2.4953400469627400E-2","3.0000998815773299E+0","4.2492008753586683E+0","2.4701604766421258E+2","2.1181870656014601E+2","3.054200000000000E-6"
"170","1.0090425429369947E+0","6.9958152521033787E-22","-6.6348115585692193E-15","4.4052549631813461E-15","-1.3552067412839087E-2","2.4972345978312254E-2","3.0000997974564401E+0","4.2492711715863143E+0","2.4702013414937252E+2","2.1184652482553599E+2","3.054200000000000E-6"
"169","1.0090353456473848E+0","6.9547233508289654E-22","-8.0639624186036110E-15","6.1499706184490631E-15","-1.3525789852106847E-2","2.4991278860804933E-2","3.0000997137972401E+0","4.2493410890932468E+0","2.4702419861860608E+2","2.1187419166801499E+2","3.054200000000000E-6"
"168","1.0090281479986936E+0","6.9811119919504963E-22","-6.2446320897595563E-15","4.0023127238902017E-15","-1.3499484226827296E-2","2.5010199097936312E-2","3.0000996306003400E+0","4.2494106272687606E+0","2.4702824103641146E+2","2.1190170686546099E+2","3.054200000000000E-6"
"167","1.0090209500058214E+0","6.9919804051704641E-22","-5.8954897091909544E-15","4.2179206037333911E-15","-1.3473150510833580E-2","2.5029106670416641E-2","3.0000995478663102E+0","4.2494797855020474E+0","2.4703226136728094E+2","2.1192907021522501E+2","3.054200000000000E-6"
"166","1.0090137516836706E+0","7.0183080736782959E-22","-6.6045070818598408E-15","5.0008829436241307E-15","-1.3446788677979460E-2","2.5048001558907414E-2","3.0000994655957300E+0","4.2495485631987586E+0","2.4703625957666370E+2","2.1195628149643099E+2","3.054200000000000E-6"
"165","1.0090065530471353E+0","7.0509549047814281E-22","-5.7359064534756529E-15","3.2213634630980427E-15","-1.3420398701900749E-2","2.5066883743885802E-2","3.0000993837891898E+0","4.2496169597500657E+0","2.4704023562916706E+2","2.1198334050185201E+2","3.054200000000000E-6"
"164","1.0089993541111109E+0","7.0831574054909048E-22","-5.9478977373814376E-15","3.4752251603955912E-15","-1.3393980556246797E-2","2.5085753205776634E-2","3.0000993024472602E+0","4.2496849745627188E+0","2.4704418949030401E+2","2.1201024701942799E+2","3.054200000000000E-6"
"163","1.0089921548904885E+0","7.0676506991884178E-22","-5.2054233074254644E-15","2.5313609291471116E-15","-1.3367534214579048E-2","2.5104609924891722E-2","3.0000992215705198E+0","4.2497526070457701E+0","2.4704812112572137E+2","2.1203700083981099E+2","3.054200000000000E-6"
"162","1.0089849554001575E+0","7.1168054953168410E-22","-5.2423362720218456E-15","3.1464039125533389E-15","-1.3341059650325717E-2","2.5123453881405779E-2","3.0000991411595299E+0","4.2498198566051837E+0","2.4705203050088647E+2","2.1206360175006699E+2","3.054200000000000E-6"
"161","1.0089777556550004E+0","7.1206019878115240E-22","-5.7170770530660932E-15","3.2093644641179199E-15","-1.3314556836843714E-2","2.5142285055385672E-2","3.0000990612148799E+0","4.2498867226502366E+0","2.4705591758145911E+2","2.1209004955560701E+2","3.054200000000000E-6"
"160","1.0089705556699036E+0","7.1273124924139589E-22","-5.5624984239494545E-15","3.4957259982725591E-15","-1.3288025747431981E-2","2.5161103426812405E-2","3.0000989817371000E+0","4.2499532045991195E+0","2.4705978233361742E+2","2.1211634403379600E+2","3.054200000000000E-6"
"159","1.0089633554597472E+0","7.1147224744681528E-22","-8.5631854142507449E-15","7.3184542353291290E-15","-1.3261466355360140E-2","2.5179908975574473E-2","3.0000989027267799E+0","4.2500193018768231E+0","2.4706362472393468E+2","2.1214248498556799E+2","3.054200000000000E-6"
"158","1.0089561550394024E+0","7.1181298260847018E-22","-6.6293801873203866E-15","4.9626450817102082E-15","-1.3234878633640885E-2","2.5198701681349262E-2","3.0000988241844602E+0","4.2500850138898674E+0","2.4706744471791058E+2","2.1216847221587301E+2","3.054200000000000E-6"
"157","1.0089489544237478E+0","7.0639670621142313E-22","-5.6874313933718258E-15","3.0153990608256414E-15","-1.3208262555400590E-2","2.5217481523826350E-2","3.0000987461107100E+0","4.2501503400750105E+0","2.4707124228280253E+2","2.1219430551475099E+2","3.054200000000000E-6"
"156","1.0089417536276526E+0","7.0195774207311758E-22","-2.7597349626970250E-15","-1.8892934550044292E-16","-1.3181618093583911E-2","2.5236248482514871E-2","3.0000986685060602E+0","4.2502152798573842E+0","2.4707501738519204E+2","2.1221998467650801E+2","3.054200000000000E-6"
"155","1.0089345526659832E+0","7.0453850721981261E-22","-6.5703716888762992E-15","4.4031945707049952E-15","-1.3154945221040205E-2","2.5255002536802802E-2","3.0000985913710800E+0","4.2502798326637272E+0","2.4707876999175414E+2","2.1224550950944200E+2","3.054200000000000E-6"
"154","1.0089273515536030E+0","7.0484232681366756E-22","-5.1683227522178894E-15","3.4000989622044146E-15","-1.3128243910592773E-2","2.5273743666002685E-2","3.0000985147063002E+0","4.2503439979320499E+0","2.4708250006981902E+2","2.1227087980642000E+2","3.054200000000000E-6"
"153","1.0089201503053744E+0","7.0874425500997170E-22","-4.5300585004213349E-15","2.0953480504152919E-15","-1.3101514134974694E-2","2.5292471849302653E-2","3.0000984385122700E+0","4.2504077751014666E+0","2.4708620758678106E+2","2.1229609537601300E+2","3.054200000000000E-6"
"152","1.0089129489361539E+0","7.0802310374754440E-22","-5.8738963588024462E-15","4.7410653116495519E-15","-1.3074755866798366E-2","2.5311187065758217E-2","3.0000983627895299E+0","4.2504711636105652E+0","2.4708989251000406E+2","2.1232115600981700E+2","3.054200000000000E-6"
"151","1.0089057474607936E+0","7.0951931017553315E-22","-7.6543445831321513E-15","6.4067720495163259E-15","-1.3047969078595184E-2","2.5329889294301525E-2","3.0000982875386102E+0","4.2505341628992230E+0","2.4709355480692676E+2","2.1234606152358899E+2","3.054200000000000E-6"
"150","1.0088985458941453E+0","7.1379258681235108E-22","-8.0416358368569401E-15","7.5993382398377310E-15","-1.3021153742911110E-2","2.5348578513813204E-2","3.0000982127600300E+0","4.2505967724247293E+0","2.4709719444600020E+2","2.1237081172391501E+2","3.054200000000000E-6"
"149","1.0088913442510539E+0","7.1598376497906947E-22","-6.9594346331029618E-15","6.3413482705229950E-15","-1.2994309832037157E-2","2.5367254702951449E-2","3.0000981384543399E+0","4.2506589916245474E+0","2.4710081139452268E+2","2.1239540640502099E+2","3.054200000000000E-6"
"148","1.0088841425463642E+0","7.1737271114908227E-22","-4.7448429988086728E-15","2.6410190637807656E-15","-1.2967437318357426E-2","2.5385917840361424E-2","3.0000980646220601E+0","4.2507208199618232E+0","2.4710440562128568E+2","2.1241984538370400E+2","3.054200000000000E-6"
"147","1.0088769407949127E+0","7.2276171425330450E-22","-7.2543225348079607E-15","5.5914744615524997E-15","-1.2940536174040944E-2","2.5404567904489320E-2","3.0000979912637100E+0","4.2507822568857714E+0","2.4710797709427072E+2","2.1244412845997701E+2","3.054200000000000E-6"
"146","1.0088697390115353E+0","7.2083557827460346E-22","-7.9583495228425598E-15","7.2904857904381292E-15","-1.2913606371253114E-2","2.5423204873709609E-2","3.0000979183798000E+0","4.2508433018585388E+0","2.4711152578221112E+2","2.1246825545351501E+2","3.054200000000000E-6"
"145","1.0088625372110653E+0","7.1625638538667025E-22","-7.2273697606539197E-15","5.8952132653537552E-15","-1.2886647882110618E-2","2.5441828726300141E-2","3.0000978459708598E+0","4.2509039543505525E+0","2.4711505165432158E+2","2.1249222616758900E+2","3.054200000000000E-6"
"144","1.0088553354083276E+0","7.1821840275554155E-22","-4.5380908404296541E-15","1.6301732752564122E-15","-1.2859660678513752E-2","2.5460439440331030E-2","3.0000977740373900E+0","4.2509642138166539E+0","2.4711855467891075E+2","2.1251604042664599E+2","3.054200000000000E-6"
"143","1.0088481336181476E+0","7.2083587888790852E-22","-4.1230361484414269E-15","2.0784736903410713E-15","-1.2832644732438848E-2","2.5479036993859960E-2","3.0000977025799100E+0","4.2510240797376255E+0","2.4712203482579531E+2","2.1253969802404700E+2","3.054200000000000E-6"
"142","1.0088409318553428E+0","7.2289720637258359E-22","-5.0735079317075015E-15","3.2990147332553180E-15","-1.2805600015665601E-2","2.5497621364737155E-2","3.0000976315989201E+0","4.2510835515794065E+0","2.4712549206392899E+2","2.1256319878596099E+2","3.054200000000000E-6"
"141","1.0088337301347297E+0","7.2786055510963166E-22","-5.4424183225660794E-15","4.1891063092540963E-15","-1.2778526499947705E-2","2.5516192530738266E-2","3.0000975610949299E+0","4.2511426288209444E+0","2.4712892636302186E+2","2.1258654252489600E+2","3.054200000000000E-6"
"140","1.0088265284711169E+0","7.2869981615087481E-22","-7.8910131451583353E-15","9.0253599609786920E-15","-1.2751424156921721E-2","2.5534750469484703E-2","3.0000974910684302E+0","4.2512013109378923E+0","2.4713233769259236E+2","2.1260972906411200E+2","3.054200000000000E-6"
"139","1.0088193268793137E+0","7.2771477877361522E-22","-7.1722147799096326E-15","6.3914178626590091E-15","-1.2724292958170196E-2","2.5553295158497247E-2","3.0000974215199201E+0","4.2512595974134140E+0","2.4713572602259555E+2","2.1263275821855800E+2","3.054200000000000E-6"
"138","1.0088121253741225E+0","7.3271264281029698E-22","-3.2448080488169527E-15","1.7165465783233437E-16","-1.2697132875254051E-2","2.5571826575213456E-2","3.0000973524498900E+0","4.2513174877428286E+0","2.4713909132369321E+2","2.1265562980613601E+2","3.054200000000000E-6"
"137","1.0088049239703389E+0","7.3552310354469757E-22","-4.6379139101492033E-15","2.8217572340046855E-15","-1.2669943879514322E-2","2.5590344696853239E-2","3.0000972838588398E+0","4.2513749814045765E+0","2.4714243356556580E+2","2.1267834364384100E+2","3.054200000000000E-6"
"136","1.0087977226827585E+0","7.3497664036438171E-22","-4.8711063071561409E-15","3.1339340504246573E-15","-1.2642725942347567E-2","2.5608849500601213E-2","3.0000972157472399E+0","4.2514320778996781E+0","2.4714575271920651E+2","2.1270089955525600E+2","3.054200000000000E-6"
"135","1.0087905215261694E+0","7.3603740222869032E-22","-4.3654891762461099E-15","1.9104125470921291E-15","-1.2615479034970997E-2","2.5627340963454856E-2","3.0000971481155800E+0","4.2514887767187934E+0","2.4714904875500616E+2","2.1272329736667899E+2","3.054200000000000E-6"
"134","1.0087833205153542E+0","7.3769584769469350E-22","-6.4273384475397427E-15","5.9601335291962622E-15","-1.2588203128549911E-2","2.5645819062300335E-2","3.0000970809643399E+0","4.2515450773592143E+0","2.4715232164374112E+2","2.1274553689304000E+2","3.054200000000000E-6"
"133","1.0087761196650971E+0","7.3946651976293728E-22","-7.1674739461126005E-15","7.0623542353510566E-15","-1.2560898194240369E-2","2.5664283773948918E-2","3.0000970142940000E+0","4.2516009793322187E+0","2.4715557135700092E+2","2.1276761796201100E+2","3.054200000000000E-6"
"132","1.0087689189901672E+0","7.3804584302703473E-22","-3.4064496221602479E-15","9.9047079134906925E-16","-1.2533564202999392E-2","2.5682735075001701E-2","3.0000969481050301E+0","4.2516564821351235E+0","2.4715879786556337E+2","2.1278954041639699E+2","3.054200000000000E-6"
"131","1.0087617185053379E+0","7.4117790561787987E-22","-6.7701054348678973E-15","5.8506694186297559E-15","-1.2506201125814742E-2","2.5701172942012199E-2","3.0000968823979002E+0","4.2517115852849949E+0","2.4716200114135435E+2","2.1281130405206900E+2","3.054200000000000E-6"
"130","1.0087545182253737E+0","7.4183146746013930E-22","-2.8431536549134010E-15","2.9706630717185338E-16","-1.2478808933482098E-2","2.5719597351322752E-2","3.0000968171730800E+0","4.2517662882850340E+0","2.4716518115549383E+2","2.1283290873204800E+2","3.054200000000000E-6"
"129","1.0087473181650353E+0","7.4229860791067227E-22","-4.7236867465264102E-15","1.4796439046045320E-15","-1.2451387596854485E-2","2.5738008279251112E-2","3.0000967524310198E+0","4.2518205906634012E+0","2.4716833788055257E+2","2.1285435426465500E+2","3.054200000000000E-6"
"128","1.0087401183390763E+0","7.4334452590005907E-22","-4.0131211290222698E-15","2.1679271113784964E-15","-1.2423937086587131E-2","2.5756405701896395E-2","3.0000966881721900E+0","4.2518744919330684E+0","2.4717147128821858E+2","2.1287564047900599E+2","3.054200000000000E-6"
"127","1.0087329187622474E+0","7.4279179036937259E-22","-4.6918416987132730E-15","3.4529369650879700E-15","-1.2396457373299408E-2","2.5774789595259345E-2","3.0000966243970502E+0","4.2519279916168493E+0","2.4717458135075191E+2","2.1289676721497401E+2","3.054200000000000E-6"
"126","1.0087257194492940E+0","7.4144589323836303E-22","-4.2678919656549696E-15","1.7922358126491993E-15","-1.2368948427550448E-2","2.5793159935225313E-2","3.0000965611060399E+0","4.2519810892438983E+0","2.4717766804078107E+2","2.1291773430863799E+2","3.054200000000000E-6"
"125","1.0087185204149542E+0","7.3728075344042512E-22","-7.4809010146038533E-16","-1.8691779849505590E-15","-1.2341410219748203E-2","2.5811516697500366E-2","3.0000964982996301E+0","4.2520337843371250E+0","2.4718073133057177E+2","2.1293854159167199E+2","3.054200000000000E-6"
"124","1.0087113216739649E+0","7.4184672470346122E-22","-3.1478059654783480E-15","4.7071358946508708E-16","-1.2313842720363274E-2","2.5829859857753570E-2","3.0000964359782398E+0","4.2520860764417980E+0","2.4718377119368944E+2","2.1295918890235299E+2","3.054200000000000E-6"
"123","1.0087041232410523E+0","7.4541926165194000E-22","-2.2534397929507060E-15","-1.1179491181551574E-15","-1.2286245899623037E-2","2.5848189391412708E-2","3.0000963741423301E+0","4.2521379650845272E+0","2.4718678760261469E+2","2.1297967606882600E+2","3.054200000000000E-6"
"122","1.0086969251309419E+0","7.4193081546601998E-22","-5.1721257696563760E-15","3.5616845810282998E-15","-1.2258619727798199E-2","2.5866505273855644E-2","3.0000963127923299E+0","4.2521894498123016E+0","2.4718978053101296E+2","2.1300000292358999E+2","3.054200000000000E-6"
"121","1.0086897273583499E+0","7.4418921291187978E-22","-4.8235046660290023E-15","3.3421014154416625E-15","-1.2230964175000665E-2","2.5884807480269469E-2","3.0000962519286798E+0","4.2522405301635393E+0","2.4719274995205143E+2","2.1302016932451201E+2","3.054200000000000E-6"
"120","1.0086825299379882E+0","7.5132798130225413E-22","-2.1108689453394903E-15","-1.4729831567665753E-15","-1.2203279211245383E-2","2.5903095985694936E-2","3.0000961915518198E+0","4.2522912056779649E+0","2.4719569583897325E+2","2.1304017511428901E+2","3.054200000000000E-6"
"119","1.0086753328845659E+0","7.4678775072435030E-22","-3.9757384493343841E-15","7.6649168128844144E-16","-1.2175564806681893E-2","2.5921370765195073E-2","3.0000961316621702E+0","4.2523414759299136E+0","2.4719861816703343E+2","2.1306002011824901E+2","3.054200000000000E-6"
"118","1.0086681362127803E+0","7.4701846032440007E-22","-4.7302658320780271E-15","2.2073480122716475E-15","-1.2147820931032111E-2","2.5939631793437983E-2","3.0000960722601602E+0","4.2523913404453948E+0","2.4720151690867780E+2","2.1307970418573700E+2","3.054200000000000E-6"
"117","1.0086609399373294E+0","7.4915883225321126E-22","-7.4454299241447556E-15","6.8234932708092871E-15","-1.2120047554243066E-2","2.5957879045186635E-2","3.0000960133462100E+0","4.2524407987998671E+0","2.4720439203922683E+2","2.1309922716022899E+2","3.054200000000000E-6"
"116","1.0086537440729011E+0","7.5110286238001588E-22","-5.6505683225510422E-15","4.5186666764433791E-15","-1.2092244646046054E-2","2.5976112494958677E-2","3.0000959549207500E+0","4.2524898505503348E+0","2.4720724353292815E+2","2.1311858889228401E+2","3.054200000000000E-6"
"115","1.0086465486341780E+0","7.5082601796801194E-22","-6.1327508463748370E-15","4.4879431677969674E-15","-1.2064412176076005E-2","2.5994332117123108E-2","3.0000958969841700E+0","4.2525384952551706E+0","2.4721007136410881E+2","2.1313778922155501E+2","3.054200000000000E-6"
"114","1.0086393536358373E+0","7.5050215670261665E-22","-4.6539643359325326E-15","3.0231359482720392E-15","-1.2036550113967001E-2","2.6012537885973575E-2","3.0000958395369102E+0","4.2525867324885267E+0","2.4721287550801338E+2","2.1315682800889400E+2","3.054200000000000E-6"
"113","1.0086321590925520E+0","7.4680077989674165E-22","-3.6810356263248094E-15","9.4857106635755010E-16","-1.2008658429228823E-2","2.6030729775625691E-2","3.0000957825793599E+0","4.2526345618198400E+0","2.4721565593961216E+2","2.1317570508775799E+2","3.054200000000000E-6"
"112","1.0086249650189836E+0","7.4424253171663393E-22","-7.2758750806713975E-15","7.8828792617982599E-15","-1.1980737091319599E-2","2.6048907760081237E-2","3.0000957261119399E+0","4.2526819828275721E+0","2.4721841263440015E+2","2.1319442031310399E+2","3.054200000000000E-6"
"111","1.0086177714297926E+0","7.3927997892990766E-22","-4.7488739050909812E-15","2.0664720675265107E-15","-1.1952786069571298E-2","2.6067071813157872E-2","3.0000956701350399E+0","4.2527289950842109E+0","2.4722114556752507E+2","2.1321297354134600E+2","3.054200000000000E-6"
"110","1.0086105783396300E+0","7.4056704517853250E-22","-1.0765575241511065E-15","-2.2627844541786582E-15","-1.1924805333254988E-2","2.6085221908553301E-2","3.0000956146490600E+0","4.2527755981701008E+0","2.4722385471459134E+2","2.1323136462676399E+2","3.054200000000000E-6"
"109","1.0086033857631425E+0","7.3805237034200967E-22","-4.6936786573916618E-16","-3.3002991425722172E-15","-1.1896794851655762E-2","2.6103358019892924E-2","3.0000955596544001E+0","4.2528217916823854E+0","2.4722654005217998E+2","2.1324959342041601E+2","3.054200000000000E-6"
"108","1.0085961937149679E+0","7.3587122659999122E-22","-4.7071813723916257E-15","2.9698354745907506E-15","-1.1868754593788142E-2","2.6121480120510666E-2","3.0000955051514500E+0","4.2528675751922771E+0","2.4722920155536457E+2","2.1326765976136701E+2","3.054200000000000E-6"
"107","1.0085890022097401E+0","7.3978945720061931E-22","-3.2586557722164191E-15","1.1386516604277900E-15","-1.1840684528804261E-2","2.6139588183763777E-2","3.0000954511405999E+0","4.2529129483068386E+0","2.4723183920130268E+2","2.1328556353513301E+2","3.054200000000000E-6"
"106","1.0085818112620843E+0","7.3632288839604260E-22","-6.6895284352298858E-15","5.9765684710893344E-15","-1.1812584625631882E-2","2.6157682182753463E-2","3.0000953976222302E+0","4.2529579106143958E+0","2.4723445296606278E+2","2.1330330458747400E+2","3.054200000000000E-6"
"105","1.0085746208866195E+0","7.3887144248870268E-22","-5.0001254147867759E-15","3.6536088674104245E-15","-1.1784454853223783E-2","2.6175762090521786E-2","3.0000953445967302E+0","4.2530024617233355E+0","2.4723704282687947E+2","2.1332088277484601E+2","3.054200000000000E-6"
"104","1.0085674310979593E+0","7.3813552327525852E-22","-6.5014232878955016E-16","-2.9195931150853421E-15","-1.1756295180301343E-2","2.6193827879838798E-2","3.0000952920644699E+0","4.2530466012204835E+0","2.4723960875973398E+2","2.1333829796275799E+2","3.054200000000000E-6"
"103","1.0085602419107078E+0","7.3839860796679294E-22","-7.8906896349103946E-16","-3.3506096854399243E-15","-1.1728105575719896E-2","2.6211879523501524E-2","3.0000952400258201E+0","4.2530903287296242E+0","2.4724215074275594E+2","2.1335555001059399E+2","3.054200000000000E-6"
"102","1.0085530533394644E+0","7.3784358190315038E-22","-3.5586759798262151E-15","8.7388216309350810E-16","-1.1699886008087027E-2","2.6229916994024157E-2","3.0000951884811600E+0","4.2531336438511760E+0","2.4724466875271682E+2","2.1337263876730600E+2","3.054200000000000E-6"
"101","1.0085458653988204E+0","7.3956354379850752E-22","-7.6292354479597644E-16","-3.6839337431380666E-15","-1.1671636446008039E-2","2.6247940263832658E-2","3.0000951374308600E+0","4.2531765462003337E+0","2.4724716276724689E+2","2.1338956412308801E+2","3.054200000000000E-6"
"100","1.0085386781033594E+0","7.4034610897346515E-22","-5.5267482614192582E-15","3.8850087717340612E-15","-1.1643356857973429E-2","2.6265949305180350E-2","3.0000950868752798E+0","4.2532190353909325E+0","2.4724963276389758E+2","2.1340632592199501E+2","3.054200000000000E-6"
"99","1.0085314914676597E+0","7.3971829772000654E-22","-4.9106579243832279E-15","3.5989420025959500E-15","-1.1615047212511633E-2","2.6283944090259019E-2","3.0000950368147801E+0","4.2532611110563536E+0","2.4725207872135641E+2","2.1342292404505500E+2","3.054200000000000E-6"
"98","1.0085243055062911E+0","7.3785996734231737E-22","-5.5743321771641795E-15","4.5246889047110489E-15","-1.1586707477909197E-2","2.6301924590987458E-2","3.0000949872497098E+0","4.2533027728098070E+0","2.4725450061713838E+2","2.1343935835476100E+2","3.054200000000000E-6"
"97","1.0085171202338152E+0","7.3913155336093972E-22","4.3645413386528519E-16","-5.4850808131195065E-15","-1.1558337622523365E-2","2.6319890779243647E-2","3.0000949381804300E+0","4.2533440202885089E+0","2.4725689843015405E+2","2.1345562872964899E+2","3.054200000000000E-6"
"96","1.0085099356647882E+0","7.4024002653994498E-22","-1.3487863575539502E-15","-2.9458171945562452E-15","-1.1529937614449344E-2","2.6337842626618521E-2","3.0000948896073001E+0","4.2533848531069438E+0","2.4725927213799244E+2","2.1347173501939901E+2","3.054200000000000E-6"
"95","1.0085027518137573E+0","7.4599558054601252E-22","-3.0773775059122928E-15","-6.3068460313206993E-17","-1.1501507421938289E-2","2.6355780104734189E-2","3.0000948415306499E+0","4.2534252709174272E+0","2.4726162172044187E+2","2.1348767710491200E+2","3.054200000000000E-6"
"94","1.0084955686952624E+0","7.5293700352023642E-22","-3.0782227013749227E-15","-2.4220643855476925E-17","-1.1473047013033521E-2","2.6373703184955161E-2","3.0000947939508298E+0","4.2534652733555420E+0","2.4726394715631790E+2","2.1350345486649900E+2","3.054200000000000E-6"
"93","1.0084883863238359E+0","7.5690985379639212E-22","-4.9102909590788118E-15","2.6712412319639613E-15","-1.1444556355695714E-2","2.6391611838488080E-2","3.0000947468681800E+0","4.2535048600590617E+0","2.4726624842456349E+2","2.1351906817049601E+2","3.054200000000000E-6"
"92","1.0084812047140030E+0","7.6159655865849844E-22","-3.1048370666289085E-15","1.4173939545616979E-19","-1.1416035417817785E-2","2.6409506036399091E-2","3.0000947002830398E+0","4.2535440306715611E+0","2.4726852550445875E+2","2.1353451690533100E+2","3.054200000000000E-6"
"91","1.0084740238802807E+0","7.6777624690327052E-22","-3.5486484217127185E-15","2.8637879834263573E-16","-1.1387484167317235E-2","2.6427385749681877E-2","3.0000946541957298E+0","4.2535827848547356E+0","2.4727077837633723E+2","2.1354980093151300E+2","3.054200000000000E-6"
"90","1.0084668438371758E+0","7.7126053687500869E-22","-3.8680547893596218E-15","1.1509447900842784E-15","-1.1358902571937182E-2","2.6445250949092881E-2","3.0000946086065898E+0","4.2536211222586626E+0","2.4727300701985718E+2","2.1356492013425401E+2","3.054200000000000E-6"
"89","1.0084596645991923E+0","7.7160058770191825E-22","-6.3268801812863733E-15","4.4900481783464245E-15","-1.1330290599260062E-2","2.6463101605165240E-2","3.0000945635159502E+0","4.2536590425233287E+0","2.4727521141409011E+2","2.1357987439583999E+2","3.054200000000000E-6"
"88","1.0084524861808208E+0","7.7149826303033647E-22","-6.6877645861709934E-15","4.7398332785230920E-15","-1.1301648217088928E-2","2.6480937688527873E-2","3.0000945189241199E+0","4.2536965453392419E+0","2.4727739154104455E+2","2.1359466359913500E+2","3.054200000000000E-6"
"87","1.0084453085965470E+0","7.7132729162553710E-22","-7.6994781292514473E-15","7.2150446616768364E-15","-1.1272975392811833E-2","2.6498759169365504E-2","3.0000944748314300E+0","4.2537336303466269E+0","2.4727954737980588E+2","2.1360928760371900E+2","3.054200000000000E-6"
"86","1.0084381318608469E+0","7.7175247852006098E-22","-8.1379244341076006E-15","7.5822156392851212E-15","-1.1244272093957874E-2","2.6516566017884990E-2","3.0000944312381899E+0","4.2537702972220579E+0","2.4728167891157264E+2","2.1362374632875799E+2","3.054200000000000E-6"
"85","1.0084309559881897E+0","7.8182625691365774E-22","-7.4219445731631713E-15","6.8141757301808714E-15","-1.1215538287927091E-2","2.6534358204106108E-2","3.0000943881447002E+0","4.2538065456401739E+0","2.4728378611743079E+2","2.1363803963819001E+2","3.054200000000000E-6"
"84","1.0084237809930356E+0","7.7488420465674370E-22","-5.2185527513101306E-15","2.4099171688515479E-15","-1.1186773941986156E-2","2.6552135697821222E-2","3.0000943455512901E+0","4.2538423752659869E+0","2.4728586897790674E+2","2.1365216742067801E+2","3.054200000000000E-6"
"83","1.0084166068898344E+0","7.7584016164089347E-22","-3.8525232081393342E-15","1.5233287190913587E-15","-1.1157979023430490E-2","2.6569898468771572E-2","3.0000943034582499E+0","4.2538777857878598E+0","2.4728792747488427E+2","2.1366612956189701E+2","3.054200000000000E-6"
"82","1.0084094336930294E+0","7.7255967184547272E-22","-3.2104972212357795E-15","-8.2836160898358706E-16","-1.1129153499472163E-2","2.6587646486515314E-2","3.0000942618658799E+0","4.2539127768928777E+0","2.4728996159017285E+2","2.1367992596158601E+2","3.054200000000000E-6"
"81","1.0084022614170551E+0","7.7766719575879582E-22","-5.7666605370047997E-15","3.2847625044180759E-15","-1.1100297337139360E-2","2.6605379720372607E-2","3.0000942207744798E+0","4.2539473482573777E+0","2.4729197130495726E+2","2.1369355648660300E+2","3.054200000000000E-6"
"80","1.0083950900763377E+0","7.7970968329532474E-22","-8.3089733647427595E-15","8.0161958598570035E-15","-1.1071410503455168E-2","2.6623098139552374E-2","3.0000941801843499E+0","4.2539814995701617E+0","2.4729395660114682E+2","2.1370702104613699E+2","3.054200000000000E-6"
"79","1.0083879196852916E+0","7.8180553391677583E-22","-3.3445260120512126E-15","3.9502788970497570E-16","-1.1042492965465309E-2","2.6640801713188163E-2","3.0000941400957699E+0","4.2540152305388643E+0","2.4729591746174557E+2","2.1372031954027500E+2","3.054200000000000E-6"
"78","1.0083807502583277E+0","7.8114478925525418E-22","-4.4370009880728206E-15","5.1394589609020414E-16","-1.1013544689973714E-2","2.6658490410110963E-2","3.0000941005090298E+0","4.2540485408489390E+0","2.4729785386846828E+2","2.1373345184055000E+2","3.054200000000000E-6"
"77","1.0083735818098436E+0","7.7878413633478128E-22","-4.9981149581021491E-15","3.4078651180317388E-15","-1.0984565643781119E-2","2.6676164199053391E-2","3.0000940614244298E+0","4.2540814302011478E+0","2.4729976580391948E+2","2.1374641784707799E+2","3.054200000000000E-6"
"76","1.0083664143542290E+0","7.7549201018866595E-22","-2.6386972542025722E-15","-7.5235110893827081E-16","-1.0955555793690133E-2","2.6693823048638720E-2","3.0000940228422199E+0","4.2541138983091455E+0","2.4730165325145327E+2","2.1375921746878700E+2","3.054200000000000E-6"
"75","1.0083592479058652E+0","7.8135737211158662E-22","-5.4988714736704387E-15","3.9088067612947222E-15","-1.0926515106330373E-2","2.6711466927250873E-2","3.0000939847627000E+0","4.2541459448764041E+0","2.4730351619383174E+2","2.1377185059410601E+2","3.054200000000000E-6"
"74","1.0083520824791232E+0","7.8343243926421014E-22","-7.7916166839985955E-15","7.6548194885897716E-15","-1.0897443548279937E-2","2.6729095803126619E-2","3.0000939471861301E+0","4.2541775696129172E+0","2.4730535461419620E+2","2.1378431712912300E+2","3.054200000000000E-6"
"73","1.0083449180883646E+0","7.8442565725842379E-22","-6.7615515938426954E-15","6.0927417530676877E-15","-1.0868341086151662E-2","2.6746709644428213E-2","3.0000939101127799E+0","4.2542087722483393E+0","2.4730716849683077E+2","2.1379661696060799E+2","3.054200000000000E-6"
"72","1.0083377547479462E+0","7.8334205046762154E-22","-5.1492336367229917E-15","2.6200484850810096E-15","-1.0839207686242474E-2","2.6764308418944727E-2","3.0000938735429199E+0","4.2542395524787038E+0","2.4730895782406520E+2","2.1380875000987501E+2","3.054200000000000E-6"
"71","1.0083305924722084E+0","7.8360999070908379E-22","4.0646642475562068E-16","-4.9231992116916074E-15","-1.0810043315010832E-2","2.6781892094501266E-2","3.0000938374768098E+0","4.2542699100396284E+0","2.4731072258053032E+2","2.1382071616617799E+2","3.054200000000000E-6"
"70","1.0083234312754832E+0","7.8128139753700856E-22","-1.1522699859465377E-15","-3.3491059372387467E-15","-1.0780847938868776E-2","2.6799460638783475E-2","3.0000938019147001E+0","4.2542998446750593E+0","2.4731246275134109E+2","2.1383251533822801E+2","3.054200000000000E-6"
"69","1.0083162711721003E+0","7.8347526528389272E-22","-6.4355502104332481E-15","4.3696707685520116E-15","-1.0751621523870996E-2","2.6817014019052354E-2","3.0000937668568599E+0","4.2543293560866333E+0","2.4731417831915297E+2","2.1384414742260600E+2","3.054200000000000E-6"
"68","1.0083091121763719E+0","7.7447465448872565E-22","-5.2528686002936369E-15","3.1783005934213997E-15","-1.0722364036292046E-2","2.6834552202663765E-2","3.0000937323035402E+0","4.2543584440263169E+0","2.4731586926954722E+2","2.1385561233367500E+2","3.054200000000000E-6"
"67","1.0083019543026033E+0","7.7290669554632895E-22","-4.8710117481495863E-15","2.7594682186717185E-15","-1.0693075442191941E-2","2.6852075156677174E-2","3.0000936982549700E+0","4.2543871082268234E+0","2.4731753558698577E+2","2.1386690998439801E+2","3.054200000000000E-6"
"66","1.0082947975650862E+0","7.7523198236033549E-22","-6.2511809408321147E-15","4.5452252411336743E-15","-1.0663755707706243E-2","2.6869582848111188E-2","3.0000936647114100E+0","4.2544153484470923E+0","2.4731917725745524E+2","2.1387804027919401E+2","3.054200000000000E-6"
"65","1.0082876419781108E+0","7.7062151659022118E-22","-4.0269668461469633E-15","1.3660256966551136E-15","-1.0634404798649346E-2","2.6887075243596917E-2","3.0000936316730900E+0","4.2544431644113043E+0","2.4732079426492163E+2","2.1388900312907799E+2","3.054200000000000E-6"
"64","1.0082804875559508E+0","7.7175394195911596E-22","-5.1298498358614010E-15","3.7904910596310801E-15","-1.0605022680958380E-2","2.6904552309758356E-2","3.0000935991402500E+0","4.2544705558759368E+0","2.4732238659522838E+2","2.1389979844842799E+2","3.054200000000000E-6"
"63","1.0082733343128725E+0","7.7109607953947016E-22","-3.3972038427642800E-15","9.4620740328126035E-16","-1.0575609320433940E-2","2.6922014013003492E-2","3.0000935671131299E+0","4.2544975225932733E+0","2.4732395423397512E+2","2.1391042614991400E+2","3.054200000000000E-6"
"62","1.0082661822631267E+0","7.6986046861756346E-22","-4.8929614483998787E-15","2.0377012153088916E-15","-1.0546164682916323E-2","2.6939460319654839E-2","3.0000935355919500E+0","4.2545240643339719E+0","2.4732549716782972E+2","2.1392088614805701E+2","3.054200000000000E-6"
"61","1.0082590314209625E+0","7.6994505112302717E-22","-7.3950248738057694E-15","6.6586622264160775E-15","-1.0516688733971817E-2","2.6956891195690197E-2","3.0000935045769501E+0","4.2545501808426058E+0","2.4732701538194354E+2","2.1393117834699299E+2","3.054200000000000E-6"
"60","1.0082518818006110E+0","7.6632113818052288E-22","-4.6696908981669628E-15","1.8056902978514335E-15","-1.0487181439303607E-2","2.6974306607091637E-2","3.0000934740683300E+0","4.2545758718978197E+0","2.4732850886344875E+2","2.1394130269162699E+2","3.054200000000000E-6"
"59","1.0082447334162981E+0","7.6239691015032117E-22","-5.2336548477951449E-15","3.7794716254530211E-15","-1.0457642764414755E-2","2.6991706519556371E-2","3.0000934440663198E+0","4.2546011372627577E+0","2.4732997759857633E+2","2.1395125906941601E+2","3.054200000000000E-6"
"58","1.0082375862822406E+0","7.6343010814374218E-22","-2.8284639836773381E-15","2.9988395852178484E-16","-1.0428072674661707E-2","2.7009090898526412E-2","3.0000934145711500E+0","4.2546259766902930E+0","2.4733142157296021E+2","2.1396104742195499E+2","3.054200000000000E-6"
"57","1.0082304404126330E+0","7.6789462399495125E-22","-1.6014051760997891E-15","-2.2734532838118178E-15","-1.0398471135692717E-2","2.7026459709615192E-2","3.0000933855829999E+0","4.2546503899966579E+0","2.4733284077591759E+2","2.1397066767806700E+2","3.054200000000000E-6"
"56","1.0082232958216739E+0","7.6738012443708964E-22","-6.7528862125015780E-16","-3.9995958887559369E-15","-1.0368838112668026E-2","2.7043812917860805E-2","3.0000933571021000E+0","4.2546743769326909E+0","2.4733423519296403E+2","2.1398011973833599E+2","3.054200000000000E-6"
"55","1.0082161525235465E+0","7.6810282680164579E-22","-2.9389625435078095E-15","-4.8568693171359518E-16","-1.0339173570848513E-2","2.7061150488291229E-2","3.0000933291286600E+0","4.2546979372816693E+0","2.4733560481150099E+2","2.1398940352992400E+2","3.054200000000000E-6"
"54","1.0082090105324131E+0","7.6554641749644948E-22","-1.0943757371669968E-15","-3.3338274846436254E-15","-1.0309477475579408E-2","2.7078472385896390E-2","3.0000933016628601E+0","4.2547210708543162E+0","2.4733694962052539E+2","2.1399851900004299E+2","3.054200000000000E-6"
"53","1.0082018698624384E+0","7.6680403344655959E-22","-1.0402550327493149E-15","-3.6706065201970099E-15","-1.0279749791928479E-2","2.7095778575292391E-2","3.0000932747048998E+0","4.2547437774310879E+0","2.4733826960727461E+2","2.1400746604506099E+2","3.054200000000000E-6"
"52","1.0081947305277748E+0","7.6867623843141358E-22","-2.8855429485643522E-15","-9.0091311021346035E-16","-1.0249990484845930E-2","2.7113069020868963E-2","3.0000932482549998E+0","4.2547660567884069E+0","2.4733956475875149E+2","2.1401624460789000E+2","3.054200000000000E-6"
"51","1.0081875925425521E+0","7.6367117580444081E-22","-2.5739102742962801E-15","-1.7734892874128732E-15","-1.0220199519532153E-2","2.7130343687139704E-2","3.0000932223133101E+0","4.2547879087574900E+0","2.4734083506514440E+2","2.1402485462385499E+2","3.054200000000000E-6"
"50","1.0081804559209033E+0","7.6422820625501583E-22","-2.9549742337227845E-15","-1.3570307195256466E-15","-1.0190376860755024E-2","2.7147602538092057E-2","3.0000931968800502E+0","4.2548093331146672E+0","2.4734208051345075E+2","2.1403329601998399E+2","3.054200000000000E-6"
"49","1.0081733206769377E+0","7.6543281485577565E-22","-4.1442917414335171E-15","1.3201929626879766E-15","-1.0160522473520317E-2","2.7164845537826828E-2","3.0000931719553798E+0","4.2548303296895371E+0","2.4734330109376478E+2","2.1404156871962101E+2","3.054200000000000E-6"
"48","1.0081661868247704E+0","7.6489850290338906E-22","-8.1899182958981993E-16","-2.7056738723334243E-15","-1.0130636322411193E-2","2.7182072649909357E-2","3.0000931475394998E+0","4.2548508982555679E+0","2.4734449679291768E+2","2.1404967267664000E+2","3.054200000000000E-6"
"47","1.0081590543784751E+0","7.5686978567110181E-22","-5.4906104078607325E-15","4.6627173986889477E-15","-1.0100718372516738E-2","2.7199283838302165E-2","3.0000931236325501E+0","4.2548710386873454E+0","2.4734566760361875E+2","2.1405760779700799E+2","3.054200000000000E-6"
"46","1.0081519233521463E+0","7.6108257139641586E-22","-1.9564393104535682E-15","-1.6884486293541577E-15","-1.0070768588254840E-2","2.7216479066171063E-2","3.0000931002347402E+0","4.2548907507597953E+0","2.4734681351278397E+2","2.1406537405837199E+2","3.054200000000000E-6"
"45","1.0081447937598520E+0","7.6493287289639732E-22","-4.1200661622567968E-15","1.6359451075395785E-15","-1.0040786934263704E-2","2.7233658296794430E-2","3.0000930773462100E+0","4.2549100343010613E+0","2.4734793451042285E+2","2.1407297134749501E+2","3.054200000000000E-6"
"44","1.0081376656156538E+0","7.5923071840432894E-22","-8.4202256051864425E-15","9.2025871376315185E-15","-1.0010773374998038E-2","2.7250821493143111E-2","3.0000930549671501E+0","4.2549288891227688E+0","2.4734903058558479E+2","2.1408039962756999E+2","3.054200000000000E-6"
"43","1.0081305389335860E+0","7.5958587604430494E-22","-5.5624755130898534E-15","3.8057724393060460E-15","-9.9807278751617313E-3","2.7267968618318785E-2","3.0000930330976998E+0","4.2549473150923669E+0","2.4735010173056429E+2","2.1408765886161001E+2","3.054200000000000E-6"
"42","1.0081234137276835E+0","7.5510171026218018E-22","-2.9294349595838615E-15","1.3142375583017610E-16","-9.9506503991273407E-3","2.7285099634982962E-2","3.0000930117380200E+0","4.2549653120385447E+0","2.4735114793540262E+2","2.1409474896862901E+2","3.054200000000000E-6"
"41","1.0081162900119800E+0","7.6358786313799219E-22","-5.5509500667117974E-15","4.0100983601907053E-15","-9.9205409110528896E-3","2.7302214505445666E-2","3.0000929908882701E+0","4.2549828797661391E+0","2.4735216918875452E+2","2.1410166987843499E+2","3.054200000000000E-6"
"40","1.0081091678004792E+0","7.6622918936855565E-22","-3.1644327682470185E-15","3.9925484386253766E-16","-9.8903993753460921E-3","2.7319313192155442E-2","3.0000929705485899E+0","4.2550000181377809E+0","2.4735316548263438E+2","2.1410842155672100E+2","3.054200000000000E-6"
"39","1.0081020471071800E+0","7.6312167929137069E-22","-2.9779103321676015E-15","-2.2833730749972959E-17","-9.8602257561969404E-3","2.7336395657215979E-2","3.0000929507191398E+0","4.2550167269936692E+0","2.4735413680775255E+2","2.1411500393875500E+2","3.054200000000000E-6"
"38","1.0080949279460611E+0","7.6268370745314422E-22","-4.4241455319807358E-15","2.2446413717159664E-15","-9.8300200178761000E-3","2.7353461862697312E-2","3.0000929314000500E+0","4.2550330062028650E+0","2.4735508315649733E+2","2.1412141698130100E+2","3.054200000000000E-6"
"37","1.0080878103311099E+0","7.5103796765806936E-22","-3.5709126582347650E-15","6.0695774440911036E-16","-9.7997821242696449E-3","2.7370511770142165E-2","3.0000929125914699E+0","4.2550488555827073E+0","2.4735600451825013E+2","2.1412766062624399E+2","3.054200000000000E-6"
"36","1.0080806942762794E+0","7.5899522086432479E-22","-8.5491474498201896E-17","-5.1264524854915872E-15","-9.7695120395367950E-3","2.7387545341254670E-2","3.0000928942935201E+0","4.2550642750116143E+0","2.4735690088594316E+2","2.1413373482841200E+2","3.054200000000000E-6"
"35","1.0080735797955205E+0","7.6475274661824244E-22","-4.2166790569733512E-15","1.4830127986355190E-15","-9.7392097275957237E-3","2.7404562537373250E-2","3.0000928765063501E+0","4.2550792643432791E+0","2.4735777225107122E+2","2.1413963953371001E+2","3.054200000000000E-6"
"34","1.0080664669027679E+0","7.5953884551337027E-22","-5.9052382572671389E-15","4.8850111492020000E-15","-9.7088751524054776E-3","2.7421563319748481E-2","3.0000928592300702E+0","4.2550938234514071E+0","2.4735861860629257E+2","2.1414537467488401E+2","3.054200000000000E-6"
"33","1.0080593556119437E+0","7.6030693166165675E-22","-2.4745972800090811E-15","-1.9907328442927462E-15","-9.6785082778179654E-3","2.7438547649384328E-2","3.0000928424648099E+0","4.2551079522046251E+0","2.4735943994397007E+2","2.1415094026198500E+2","3.054200000000000E-6"
"32","1.0080522459369685E+0","7.6022891479728446E-22","-8.0978773750627766E-16","-3.6112126460566674E-15","-9.6481090674846171E-3","2.7455515486963299E-2","3.0000928262106998E+0","4.2551216504542619E+0","2.4736023625546122E+2","2.1415633619465601E+2","3.054200000000000E-6"
"31","1.0080451378917250E+0","7.6521247561788569E-22","-2.5625736427909184E-15","-1.8781810256774078E-16","-9.6176774853461086E-3","2.7472466793343687E-2","3.0000928104678399E+0","4.2551349181152966E+0","2.4736100753582349E+2","2.1416156243853101E+2","3.054200000000000E-6"
"30","1.0080380314901156E+0","7.6542928590446848E-22","-2.9045620855738636E-15","-6.6405798236146454E-16","-9.5872134948369846E-3","2.7489401528701773E-2","3.0000927952363599E+0","4.2551477550268588E+0","2.4736175377570515E+2","2.1416661898074901E+2","3.054200000000000E-6"
"29","1.0080309267459950E+0","7.6316632607968104E-22","-2.5242662515728768E-15","-3.4849408667710480E-16","-9.5567170597877973E-3","2.7506319653533381E-2","3.0000927805163502E+0","4.2551601611153265E+0","2.4736247497082633E+2","2.1417150576246800E+2","3.054200000000000E-6"
"28","1.0080238236732422E+0","7.5973715040116444E-22","-2.0597635051427948E-15","-1.8288604702911881E-15","-9.5261881434786037E-3","2.7523221127598623E-2","3.0000927663079402E+0","4.2551721362231101E+0","2.4736317111202601E+2","2.1417622274846499E+2","3.054200000000000E-6"
"27","1.0080167222856904E+0","7.6177178749890024E-22","-1.9210211214868304E-15","-1.6721747476864860E-15","-9.4956267095697537E-3","2.7540105910943167E-2","3.0000927526112098E+0","4.2551836802742047E+0","2.4736384219488585E+2","2.1418076987576600E+2","3.054200000000000E-6"
"26","1.0080096225971886E+0","7.6592272952715466E-22","-4.1302650161109710E-16","-3.9260989595242284E-15","-9.4650327212636304E-3","2.7556973962979209E-2","3.0000927394262802E+0","4.2551947931258951E+0","2.4736448821110943E+2","2.1418514714813901E+2","3.054200000000000E-6"
"25","1.0080025246215338E+0","7.6573701934207070E-22","-2.3486546407302561E-16","-3.7707321631127876E-15","-9.4344061422473244E-3","2.7573825243530622E-2","3.0000927267532198E+0","4.2552054747368695E+0","2.4736510915829530E+2","2.1418935450362801E+2","3.054200000000000E-6"
"24","1.0079954283725383E+0","7.6314088922896678E-22","2.4362289632832587E-16","-5.2322367971637182E-15","-9.4037469357138269E-3","2.7590659711738037E-2","3.0000927145921299E+0","4.2552157249916664E+0","2.4736570502973132E+2","2.1419339192134001E+2","3.054200000000000E-6"
"23","1.0079883338640117E+0","7.6577569446497025E-22","-9.5101868653672122E-16","-3.3808654009009897E-15","-9.3730550647164353E-3","2.7607477326454945E-2","3.0000927029431002E+0","4.2552255437643325E+0","2.4736627581809552E+2","2.1419725936022300E+2","3.054200000000000E-6"
"22","1.0079812411097095E+0","7.6784397724410444E-22","-1.1170772224517054E-15","-3.7407690801051414E-15","-9.3423304927496929E-3","2.7624278046898588E-2","3.0000926918062101E+0","4.2552349310227475E+0","2.4736682152152073E+2","2.1420095679412600E+2","3.054200000000000E-6"
"21","1.0079741501234321E+0","7.6954731918484240E-22","-1.1125054147593113E-15","-3.7870547969844757E-15","-9.3115731824894108E-3","2.7641061831230239E-2","3.0000926811815600E+0","4.2552438866017281E+0","2.4736734213040444E+2","2.1420448419670700E+2","3.054200000000000E-6"
"20","1.0079670609189069E+0","7.7327305777249049E-22","1.5027561826583878E-15","-7.8007118808852457E-15","-9.2807830973299296E-3","2.7657828638287415E-2","3.0000926710692100E+0","4.2552524104797849E+0","2.4736783764349735E+2","2.1420784152761499E+2","3.054200000000000E-6"
"19","1.0079599735098919E+0","7.6792192377223058E-22","-3.5932271845592010E-15","9.9820444862175934E-16","-9.2499602000482017E-3","2.7674578426075999E-2","3.0000926614692300E+0","4.2552605025387793E+0","2.4736830805393194E+2","2.1421102875523800E+2","3.054200000000000E-6"
"18","1.0079528879100792E+0","7.7203124292083573E-22","2.0644642383915486E-15","-8.6449770752181414E-15","-9.2191044539893900E-3","2.7691311153106284E-2","3.0000926523816900E+0","4.2552681627761615E+0","2.4736875336155984E+2","2.1421404589159900E+2","3.054200000000000E-6"
"17","1.0079458041332088E+0","7.6978588720129600E-22","-2.3240431378462295E-15","-9.2000945492612341E-16","-9.1882158216956486E-3","2.7708026776847396E-2","3.0000926438066502E+0","4.2552753910605636E+0","2.4736917355874436E+2","2.1421689286693001E+2","3.054200000000000E-6"
"16","1.0079387221929594E+0","7.7025094452256086E-22","-2.5413442116219119E-15","-1.4932961462871596E-15","-9.1572942662268893E-3","2.7724725255217981E-2","3.0000926357441799E+0","4.2552821873673494E+0","2.4736956864405340E+2","2.1421956967655200E+2","3.054200000000000E-6"
"15","1.0079316421030398E+0","7.7059209648026073E-22","-2.2051628002420131E-15","-1.3506996018153469E-15","-9.1263397500627244E-3","2.7741406545322794E-2","3.0000926281943499E+0","4.2552885515797687E+0","2.4736993861069993E+2","2.1422207631436601E+2","3.054200000000000E-6"
"14","1.0079245638771073E+0","7.7454598188382390E-22","-6.5298906184124292E-15","6.2062688063827966E-15","-9.0953522360720136E-3","2.7758070604591793E-2","3.0000926211571999E+0","4.2552944836680870E+0","2.4737028345695546E+2","2.1422441272968601E+2","3.054200000000000E-6"
"13","1.0079174875288119E+0","7.8153171754123893E-22","1.4465535380535243E-15","-6.9293081936882814E-15","-9.0643316869759450E-3","2.7774717390127709E-2","3.0000926146327802E+0","4.2552999835873164E+0","2.4737060318020471E+2","2.1422657893788400E+2","3.054200000000000E-6"
"12","1.0079104130717702E+0","7.8160900959657390E-22","-4.8458825452341955E-15","3.0919298328701171E-15","-9.0332780656497552E-3","2.7791346859093392E-2","3.0000926086211201E+0","4.2553050513374338E+0","2.4737089778044631E+2","2.1422857488431299E+2","3.054200000000000E-6"
"11","1.0079033405196662E+0","7.8369135481813428E-22","-2.9271024155186391E-15","8.0638733726197893E-17","-9.0021913339971178E-3","2.7807958967353566E-2","3.0000926031223099E+0","4.2553096867519891E+0","2.4737116724800418E+2","2.1423040059839201E+2","3.054200000000000E-6"
"10","1.0078962698860439E+0","7.8521252269930579E-22","-3.8745838241073250E-15","9.1919105037169199E-16","-8.9710714552846665E-3","2.7824553672246233E-2","3.0000925981363298E+0","4.2553138899303180E+0","2.4737141158865290E+2","2.1423205601327101E+2","3.054200000000000E-6"
"9","1.0078892011845646E+0","7.8274011826820188E-22","2.0670107438443100E-15","-7.2252762014977735E-15","-8.9399183912508284E-3","2.7841130929148347E-2","3.0000925936632701E+0","4.2553176607029828E+0","2.4737163079254265E+2","2.1423354116139200E+2","3.054200000000000E-6"
"8","1.0078821344287703E+0","7.8201279543572188E-22","1.5571304872282378E-15","-6.2394150423805645E-15","-8.9087321047226983E-3","2.7857690694600257E-2","3.0000925897031299E+0","4.2553209991172416E+0","2.4737182486242071E+2","2.1423485599637999E+2","3.054200000000000E-6"
"7","1.0078750696322474E+0","7.7938628290349191E-22","-4.8272666856658032E-15","3.5448619459310707E-15","-8.8775125578640507E-3","2.7874232924190650E-2","3.0000925862559500E+0","4.2553239051091349E+0","2.4737199379456888E+2","2.1423600051029101E+2","3.054200000000000E-6"
"6","1.0078680068085863E+0","7.8619788019872829E-22","7.9035854788193761E-17","-3.9037804190822680E-15","-8.8462597125671324E-3","2.7890757573033192E-2","3.0000925833218002E+0","4.2553263785779869E+0","2.4737213758313476E+2","2.1423697474027301E+2","3.054200000000000E-6"
"5","1.0078609459711398E+0","7.8417671587169382E-22","-5.2776207393482540E-15","3.9069201945014635E-15","-8.8149735329519936E-3","2.7907264598831635E-2","3.0000925809005201E+0","4.2553284198581540E+0","2.4737225624755516E+2","2.1423777859654999E+2","3.054200000000000E-6"
"4","1.0078538871337166E+0","7.7746919070896343E-22","-4.0882614757602533E-15","3.1325990919497776E-15","-8.7836539782985886E-3","2.7923753953200032E-2","3.0000925789923900E+0","4.2553300283830273E+0","2.4737234975489179E+2","2.1423841216852401E+2","3.054200000000000E-6"
"3","1.0078468303096109E+0","7.8095867003860774E-22","-2.0713749029047234E-15","-6.0550409643919757E-16","-8.7523010129069521E-3","2.7940225593775625E-2","3.0000925775972398E+0","4.2553312045486988E+0","2.4737241812817049E+2","2.1423887536699900E+2","3.054200000000000E-6"
"2","1.0078397755125417E+0","7.8184040712475143E-22","-3.8266414710598172E-15","3.4931626076210287E-15","-8.7209145966686951E-3","2.7956679472566564E-2","3.0000925767152502E+0","4.2553319479260319E+0","2.4737246134244444E+2","2.1423916826975699E+2","3.054200000000000E-6"
"1","1.0078327227564390E+0","7.8860377833128253E-22","3.3682110833439330E-15","-9.1346654211607511E-15","-8.6894946870993972E-3","2.7973115538560255E-2","3.0000925763468000E+0","4.2553322576566464E+0","2.4737247934781402E+2","2.1423929099201601E+2","3.054200000000000E-6"