"Id ","x0 (LU) ","y0 (LU) ","z0 (LU) ","vx0 (LU/TU) ","vy0 (LU/TU) ","vz0 (LU/TU) ","Jacobi constant (LU2/TU2) ","Period (TU) ","Period (days) ","Stability index  ","Mass ratio"
"1253","1.0112931844584114E+0","2.7024239406843129E-23","9.5524288608004041E-6","1.1603448296085934E-15","-8.9639462449219390E-3","3.7508530364328665E-18","3.0008281405029198E+0","3.1026414546977312E+0","1.8036385003659913E+2","8.4651406797962204E+2","3.054200000000000E-6"
"1252","1.0112931693478098E+0","2.7023255094323221E-23","4.0464997330368530E-5","-4.7505722241441133E-16","-8.9641811167871007E-3","-4.7298614659059102E-18","3.0008281312317200E+0","3.1026399727812071E+0","1.8036376388930378E+2","8.4648021761695702E+2","3.054200000000000E-6"
"1251","1.0112930119133370E+0","2.7016865610375382E-23","1.3318439725007526E-4","8.4687335085273387E-16","-8.9666261500259501E-3","-2.5856861159668685E-17","3.0008280346956200E+0","3.1026245399149661E+0","1.8036286674046693E+2","8.4612781729067297E+2","3.054200000000000E-6"
"1250","1.0112926861371334E+0","2.7020787084426661E-23","2.2584409575529727E-4","4.8928097808862765E-16","-8.9716737735158186E-3","-9.6750332850139249E-18","3.0008278352744302E+0","3.1025926449898344E+0","1.8036101261340218E+2","8.4540019722221700E+2","3.054200000000000E-6"
"1249","1.0112921915985464E+0","2.7019026080546535E-23","3.1840317419631631E-4","1.2125964040230659E-15","-8.9793059790830489E-3","2.3977318676751836E-17","3.0008275334134100E+0","3.1025443296436936E+0","1.8035820392861760E+2","8.4429972885653297E+2","3.054200000000000E-6"
"1248","1.0112915276678265E+0","2.7025482636910963E-23","4.1082169575752127E-4","3.4968069104361769E-16","-8.9894958018617872E-3","6.4548118486419067E-17","3.0008271297793998E+0","3.1024796560133932E+0","1.8035444429827450E+2","8.4282996504361802E+2","3.054200000000000E-6"
"1247","1.0112906935158670E+0","2.7024920374090027E-23","5.0306106884452965E-4","-1.1417450881756063E-15","-9.0022077286306713E-3","-2.5767111110310671E-16","3.0008266252510500E+0","3.1023987055438296E+0","1.8034973845695640E+2","8.4099559064539199E+2","3.054200000000000E-6"
"1246","1.0112896881268132E+0","2.7023543342735925E-23","5.9508437261728583E-4","-7.5941389676681526E-16","-9.0173982216721783E-3","-9.5302411609616394E-17","3.0008260209061102E+0","3.1023015774651084E+0","1.8034409217314288E+2","8.3880235998914202E+2","3.054200000000000E-6"
"1245","1.0112885103131686E+0","2.7018038915032531E-23","6.8685663719181256E-4","-6.0719370165691756E-16","-9.0350163396306655E-3","-3.0577771301231785E-16","3.0008253180065001E+0","3.1021883869948441E+0","1.8033751214470504E+2","8.3625702309101803E+2","3.054200000000000E-6"
"1244","1.0112871587329901E+0","2.7022360605728187E-23","7.7834507329546513E-4","7.4352194359517239E-16","-9.0550044344800597E-3","1.3535860222012847E-16","3.0008245179815600E+0","3.1020592633302568E+0","1.8033000588218135E+2","8.3336723641830599E+2","3.054200000000000E-6"
"1243","1.0112856319087247E+0","2.7025520112134859E-23","8.6951924853062178E-4","3.6936417183780155E-16","-9.0772989025394869E-3","1.3450936800218373E-16","3.0008236224100400E+0","3.1019143474989370E+0","1.8032158158383760E+2","8.3014147815881199E+2","3.054200000000000E-6"
"1242","1.0112839282472263E+0","2.7023299317041690E-23","9.6035120969001049E-4","-1.0103528738963747E-15","-9.1018309674980695E-3","-2.3817014304703407E-16","3.0008226330014098E+0","3.1017537901352683E+0","1.8031224800640501E+2","8.2658894291372303E+2","3.054200000000000E-6"
"1241","1.0112820460605183E+0","2.7022125216992947E-23","1.0508155526282442E-3","-2.2360679754260863E-16","-9.1285274745896549E-3","-7.8240453884714943E-17","3.0008215515769301E+0","3.1015777492461734E+0","1.8030201433519787E+2","8.2271945602397602E+2","3.054200000000000E-6"
"1240","1.0112799835868633E+0","2.7025970869802633E-23","1.1408894429584995E-3","-6.9185032081524311E-16","-9.1573116768573978E-3","-6.5260965556739948E-16","3.0008203800510400E+0","3.1013863880241876E+0","1.8029089005698233E+2","8.1854336889990100E+2","3.054200000000000E-6"
"1239","1.0112777390117900E+0","2.7025007178735320E-23","1.2305525921741101E-3","-8.7012570524533159E-16","-9.1881039970987902E-3","-3.7553843815902196E-16","3.0008191204134098E+0","3.1011798727553468E+0","1.8027888483835707E+2","8.1407146758577005E+2","3.054200000000000E-6"
"1238","1.0112753104887140E+0","2.7019961303640173E-23","1.3197871948020022E-3","-1.8086459173650640E-16","-9.2208227518261968E-3","-3.5868130362927007E-16","3.0008177747119502E+0","3.1009583708644852E+0","1.8026600841212172E+2","8.0931488475979199E+2","3.054200000000000E-6"
"1237","1.0112726961588927E+0","2.7018858167408782E-23","1.4085778326801443E-3","-2.0531943086009668E-16","-9.2553848267901140E-3","-4.2606872079511388E-16","3.0008163450370899E+0","3.1007220491256904E+0","1.8025227047324648E+2","8.0428501222452996E+2","3.054200000000000E-6"
"1236","1.0112698941704958E+0","2.7015126810530284E-23","1.4969113526612427E-3","-6.2317932585235408E-16","-9.2917062965840545E-3","-1.8706547358378575E-16","3.0008148335074898E+0","3.1004710720591793E+0","1.8023768058567882E+2","7.9899343088311105E+2","3.054200000000000E-6"
"1235","1.0112669026966021E+0","2.7014547398257646E-23","1.5847767239739754E-3","3.6608563431401089E-16","-9.3297029834406402E-3","-1.2842343706628467E-16","3.0008132422572702E+0","3.1002056005276857E+0","1.8022224810074800E+2","7.9345183057921895E+2","3.054200000000000E-6"
"1234","1.0112637199520289E+0","2.7015551202358713E-23","1.6721648810579686E-3","-5.7417831403637219E-17","-9.3692909530988730E-3","-3.0565034172923170E-16","3.0008115734247802E+0","3.0999257905364153E+0","1.8020598208740387E+2","7.8767195569543401E+2","3.054200000000000E-6"
"1233","1.0112603442089170E+0","2.7016564850885398E-23","1.7590685571447361E-3","8.9947004980101180E-16","-9.4103869476564444E-3","6.6360502310766218E-16","3.0008098291429701E+0","3.0996317922321817E+0","1.8018889127403401E+2","7.8166553986756196E+2","3.054200000000000E-6"
"1232","1.0112567738110145E+0","2.7014022245516442E-23","1.8454821133905483E-3","-9.6617752846450424E-16","-9.4529087566808719E-3","-1.0342576637522169E-15","3.0008080115312099E+0","3.0993237491003542E+0","1.8017098400178071E+2","7.7544426844849602E+2","3.054200000000000E-6"
"1231","1.0112530071867056E+0","2.7015140460919324E-23","1.9314013673847725E-3","9.1777920501206232E-16","-9.4967755299564128E-3","1.5189563340365630E-16","3.0008061226886298E+0","3.0990017973413413E+0","1.8015226818829419E+2","7.6901972777406502E+2","3.054200000000000E-6"
"1230","1.0112490428607588E+0","2.7016617995471030E-23","2.0168234245097950E-3","-2.4329745651190034E-16","-9.5419080352339650E-3","-3.4939420831864077E-16","3.0008041646886698E+0","3.0986660654202347E+0","1.8013275130155264E+2","7.6240337342321300E+2","3.054200000000000E-6"
"1229","1.0112448794648929E+0","2.7017408538189597E-23","2.1017465146494973E-3","5.2057462071811078E-16","-9.5882288658421279E-3","-4.9938828214177701E-16","3.0008021395749300E+0","3.0983166737685268E+0","1.8011244034252215E+2","7.5560650073103000E+2","3.054200000000000E-6"
"1228","1.0112405157471787E+0","2.7016992207312549E-23","2.1861698363640145E-3","3.4673152162439845E-16","-9.6356626027981600E-3","1.3905862238615493E-16","3.0008000493580602E+0","3.0979537346262580E+0","1.8009134183598039E+2","7.4864021735199799E+2","3.054200000000000E-6"
"1227","1.0112359505803743E+0","2.7015903646598182E-23","2.2700934099347939E-3","4.4433210331709885E-16","-9.6841359364974525E-3","5.0588463730315455E-16","3.0007978960135602E+0","3.0975773520056387E+0","1.8006946182840204E+2","7.4151542936383998E+2","3.054200000000000E-6"
"1226","1.0112311829692682E+0","2.7013928830669339E-23","2.3535179402950582E-3","-6.6811699001144642E-16","-9.7335777528544751E-3","-3.2082900104476848E-16","3.0007956814805001E+0","3.0971876217614724E+0","1.8004680589205233E+2","7.3424281790388602E+2","3.054200000000000E-6"
"1225","1.0112262120570914E+0","2.7012617559814262E-23","2.4364446904444558E-3","4.4193762058727605E-16","-9.7839191886465136E-3","1.2849602348320383E-16","3.0007934076608498E+0","3.0967846317540189E+0","1.8002337913445504E+2","7.2683283450520298E+2","3.054200000000000E-6"
"1224","1.0112210371311035E+0","2.7012065862346853E-23","2.5188753655487179E-3","-3.5730815910934746E-16","-9.8350936605919037E-3","-4.1096459610919113E-16","3.0007910764194698E+0","3.0963684620887655E+0","1.7999918621233059E+2","7.1929568792236500E+2","3.054200000000000E-6"
"1223","1.0112156576274001E+0","2.7010809922727028E-23","2.6008120077801325E-3","-8.5452381233785125E-16","-9.8870368721748186E-3","-1.0065972532508192E-15","3.0007886895845202E+0","3.0959391854221856E+0","1.7997423134937085E+2","7.1164133880910799E+2","3.054200000000000E-6"
"1222","1.0112100731350320E+0","2.7011788182649286E-23","2.6822569016304813E-3","-3.7637788052438069E-16","-9.9396868020859772E-3","-4.4604460553108838E-16","3.0007862489483701E+0","3.0954968673208185E+0","1.7994851835711302E+2","7.0387949604508105E+2","3.054200000000000E-6"
"1221","1.0112042833995001E+0","2.7012053482046634E-23","2.7632124893260794E-3","2.5470141920258283E-16","-9.9929836776499800E-3","-1.9808176067850236E-16","3.0007837562686999E+0","3.0950415666634896E+0","1.7992205065832184E+2","6.9601961454544596E+2","3.054200000000000E-6"
"1220","1.0111982883256594E+0","2.7012235598930035E-23","2.8436812959217513E-3","1.5097264456444355E-17","-1.0046869936117846E-2","-8.5561430904617065E-17","3.0007812132698999E+0","3.0945733360787790E+0","1.7989483131242048E+2","6.8807089278567798E+2","3.054200000000000E-6"
"1219","1.0111920879801326E+0","2.7014362646933478E-23","2.9236658634233898E-3","-7.7447051651635479E-16","-1.0101290176648972E-2","-6.5471087632634397E-16","3.0007786216446699E+0","3.0940922224077569E+0","1.7986686304239063E+2","6.8004227586975799E+2","3.054200000000000E-6"
"1218","1.0111856825932235E+0","2.7014197214301304E-23","3.0031686934730434E-3","-1.6573359172969738E-15","-1.0156191105033288E-2","-1.2537542289898750E-15","3.0007759830556600E+0","3.0935982671881219E+0","1.7983814826291646E+2","6.7194245430900298E+2","3.054200000000000E-6"
"1217","1.0111790725604199E+0","2.7013185791486792E-23","3.0821921978563213E-3","7.5842509727857905E-16","-1.0211521473354487E-2","4.3810490030444318E-16","3.0007732991372600E+0","3.0930915071508096E+0","1.7980868910925369E+2","6.6377986603642705E+2","3.054200000000000E-6"
"1216","1.0111722584434770E+0","2.7010642466732944E-23","3.1607386563351301E-3","-1.9024863528623965E-15","-1.0267232016026194E-2","-1.0914661958135273E-15","3.0007705714973198E+0","3.0925719747265767E+0","1.7977848746667860E+2","6.5556270114796803E+2","3.054200000000000E-6"
"1215","1.0111652409711369E+0","2.7011964314272022E-23","3.2388101811350392E-3","-5.8329543433366484E-16","-1.0323275383793301E-2","-6.3553715445946993E-16","3.0007678017189501E+0","3.0920396985569027E+0","1.7974754500018776E+2","6.4729890206046196E+2","3.054200000000000E-6"
"1214","1.0111580210394977E+0","2.7011894605776925E-23","3.3164086875228488E-3","7.9913975707621391E-16","-1.0379606076755307E-2","7.0397198323869124E-16","3.0007649913622600E+0","3.0914947040054268E+0","1.7971586318422916E+2","6.3899616640791999E+2","3.054200000000000E-6"
"1213","1.0111505997120398E+0","2.7012767999038648E-23","3.3935358699900965E-3","-5.9612035291355821E-16","-1.0436180377415283E-2","-3.3779971833345890E-16","3.0007621419659900E+0","3.0909370136685972E+0","1.7968344333238761E+2","6.3066195282125602E+2","3.054200000000000E-6"
"1212","1.0111429782193371E+0","2.7011837844516203E-23","3.4701931834359183E-3","3.0416434297969863E-17","-1.0492956284545975E-2","-3.6887981429649052E-16","3.0007592550491200E+0","3.0903666478803373E+0","1.7965028662672188E+2","6.2230348074094695E+2","3.054200000000000E-6"
"1211","1.0111351579584444E+0","2.7012553896018479E-23","3.5463818289701147E-3","-1.1542979899305213E-15","-1.0549893448453702E-2","-1.2328126671207444E-15","3.0007563321123700E+0","3.0897836252108508E+0","1.7961639414676162E+2","6.1392773544059696E+2","3.054200000000000E-6"
"1210","1.0111271404919862E+0","2.7012362536508584E-23","3.6221027438108960E-3","9.9968743562303519E-16","-1.0606953108204207E-2","-9.7016529451962533E-17","3.0007533746395501E+0","3.0891879629557879E+0","1.7958176689794368E+2","6.0554147174438003E+2","3.054200000000000E-6"
"1209","1.0111189275469277E+0","2.7013759908503803E-23","3.6973565949529647E-3","-2.7193691512513622E-16","-1.0664098031102650E-2","-4.8664870613658721E-16","3.0007503840988399E+0","3.0885796776154790E+0","1.7954640583947113E+2","5.9715121405391403E+2","3.054200000000000E-6"
"1208","1.0111105210130427E+0","2.7014473351149993E-23","3.7721437761860993E-3","-1.0396247775519272E-16","-1.0721292454749913E-2","8.1427763194690864E-16","3.0007473619439202E+0","3.0879587853619812E+0","1.7951031191146370E+2","5.8876326301308495E+2","3.054200000000000E-6"
"1207","1.0111019229410698E+0","2.7015166109861128E-23","3.8464644081314275E-3","-1.4649764819075677E-15","-1.0778502031875149E-2","-1.4758684543570187E-15","3.0007443096149999E+0","3.0873253024925118E+0","1.7947348606131698E+2","5.8038369474852595E+2","3.054200000000000E-6"
"1206","1.0110931355405621E+0","2.7014676401089210E-23","3.9203183410088435E-3","-5.6374840343026386E-16","-1.0835693778029270E-2","-3.6521056622963474E-16","3.0007412285396500E+0","3.0866792458685746E+0","1.7943592926922986E+2","5.7201836466123700E+2","3.054200000000000E-6"
"1205","1.0110841611774086E+0","2.7014588887997581E-23","3.9937051598377335E-3","-2.6785410796088119E-16","-1.0892836022232628E-2","-4.0027968891387927E-16","3.0007381201335601E+0","3.0860206333392997E+0","1.7939764257281428E+2","5.6367291188878301E+2","3.054200000000000E-6"
"1204","1.0110750023710462E+0","2.7014159405645356E-23","4.0666241918149680E-3","1.2712849803869926E-15","-1.0949898360568476E-2","1.1022859707267680E-15","3.0007349858011598E+0","3.0853494841479727E+0","1.7935862709072774E+2","5.5535275825243798E+2","3.054200000000000E-6"
"1203","1.0110656617913345E+0","2.7015143384998550E-23","4.1390745156656807E-3","1.5189180434814911E-16","-1.1006851612671197E-2","1.1585098528863979E-16","3.0007318269360299E+0","3.0846658193212724E+0","1.7931888404530056E+2","5.4706311297093396E+2","3.054200000000000E-6"
"1202","1.0110561422551136E+0","2.7015601381395143E-23","4.2110549726764104E-3","-8.3268384314837942E-16","-1.1063667781132604E-2","-9.2730065902619754E-16","3.0007286449213000E+0","3.0839696620389723E+0","1.7927841478402758E+2","5.3880897327224602E+2","3.054200000000000E-6"
"1201","1.0110464467224192E+0","2.7016162228965679E-23","4.2825641793209045E-3","6.0132316155511651E-17","-1.1120320013595210E-2","1.4558012870868482E-15","3.0007254411297799E+0","3.0832610379852357E+0","1.7923722079998956E+2","5.3059512709674902E+2","3.054200000000000E-6"
"1200","1.0110365782923714E+0","2.7016436880301514E-23","4.3536005411760059E-3","1.1259318122357480E-15","-1.1176782567561001E-2","1.5246888495214479E-15","3.0007222169240899E+0","3.0825399756783729E+0","1.7919530375102306E+2","5.2242615577291201E+2","3.054200000000000E-6"
"1199","1.0110265401987213E+0","2.7016422851420303E-23","4.4241622680723305E-3","-7.2843366695247257E-16","-1.1233030777665466E-2","-6.6389760867002236E-16","3.0007189736565998E+0","3.0818065067805027E+0","1.7915266547772157E+2","5.1430643434809099E+2","3.054200000000000E-6"
"1198","1.0110163358050754E+0","2.7015661277213761E-23","4.4942473901928865E-3","-1.3112628497498437E-15","-1.1289041025372096E-2","-9.7918477469615148E-16","3.0007157126692499E+0","3.0810606663839550E+0","1.7910930802008477E+2","5.0624013461604801E+2","3.054200000000000E-6"
"1197","1.0110059685997803E+0","2.7015598908234986E-23","4.5638537751076817E-3","8.8512196685031439E-16","-1.1344790710813389E-2","1.5204310324363266E-15","3.0007124352932899E+0","3.0803024932763416E+0","1.7906523363292789E+2","4.9823122707677101E+2","3.054200000000000E-6"
"1196","1.0109954421904879E+0","2.7014520835534442E-23","4.6329791454860327E-3","-2.8202712643301641E-16","-1.1400258226716344E-2","3.8965322985065891E-16","3.0007091428489101E+0","3.0795320301814910E+0","1.7902044479988760E+2","4.9028348268806798E+2","3.054200000000000E-6"
"1195","1.0109847602984132E+0","2.7014644053843399E-23","4.7016210973825625E-3","-2.8982077904517726E-16","-1.1455422934219531E-2","-4.1011636773539916E-16","3.0007058366447499E+0","3.0787493239763144E+0","1.7897494424602905E+2","4.8240047452867202E+2","3.054200000000000E-6"
"1194","1.0109739267522728E+0","2.7014318302856126E-23","4.7697771190164558E-3","-1.6010353500546007E-15","-1.1510265140337738E-2","-4.1992758447613891E-16","3.0007025179773499E+0","3.0779544258840024E+0","1.7892873494907693E+2","4.7458558041317798E+2","3.054200000000000E-6"
"1193","1.0109629454819473E+0","2.7014468741075594E-23","4.8374446098348820E-3","-9.3251230606695352E-16","-1.1564766076996453E-2","-9.4076189730045367E-16","3.0006991881305001E+0","3.0771473916416254E+0","1.7888182014915827E+2","4.6684198493203598E+2","3.054200000000000E-6"
"1192","1.0109518205118555E+0","2.7014800586314776E-23","4.9046208997972308E-3","6.8498224020173612E-16","-1.1618907881405778E-2","1.5736938866930594E-15","3.0006958483744999E+0","3.0763282816429163E+0","1.7883420335710289E+2","4.5917268160054101E+2","3.054200000000000E-6"
"1191","1.0109405559540801E+0","2.7015445584465823E-23","4.9713032687586194E-3","7.2859796555351177E-16","-1.1672673577591346E-2","1.3920985932518710E-15","3.0006924999654299E+0","3.0754971610558073E+0","1.7878588836127614E+2","4.5158047529654800E+2","3.054200000000000E-6"
"1190","1.0109291560012579E+0","2.7015954241940979E-23","5.0374889657898506E-3","1.0426504333963479E-15","-1.1726047058986444E-2","1.2300944709933228E-15","3.0006891441442698E+0","3.0746540999140559E+0","1.7873687923290512E+2","4.4406798526472801E+2","3.054200000000000E-6"
"1189","1.0109176249192524E+0","2.7014924381710591E-23","5.1031752283882785E-3","3.5647626929006592E-16","-1.1779013071845710E-2","4.8180967601785923E-16","3.0006857821360202E+0","3.0737991731836987E+0","1.7868718032994201E+2","4.3663764711849501E+2","3.054200000000000E-6"
"1188","1.0109059670396434E+0","2.7015545234185609E-23","5.1683593014398045E-3","-6.3766104115190337E-16","-1.1831557199354754E-2","6.5287552388076857E-16","3.0006824151487899E+0","3.0729324608041741E+0","1.7863679629945443E+2","4.2929171606806699E+2","3.054200000000000E-6"
"1187","1.0108941867520580E+0","2.7015580340092213E-23","5.2330384558302917E-3","3.4240305506411116E-18","-1.1883665846300621E-2","9.0721551643855392E-16","3.0006790443728502E+0","3.0720540477043001E+0","1.7858573207855454E+2","4.2203227004886497E+2","3.054200000000000E-6"
"1186","1.0108822884963666E+0","2.7014942043984186E-23","5.2972100066351353E-3","3.5859196167939555E-16","-1.1935326224150933E-2","7.4156162413943545E-16","3.0006756709796698E+0","3.0711640237938784E+0","1.7853399289391069E+2","4.1486121284485102E+2","3.054200000000000E-6"
"1185","1.0108702767547919E+0","2.7014193867992936E-23","5.3608713307483052E-3","7.6357909532045565E-16","-1.1986526336418089E-2","1.8606062795463505E-15","3.0006722961209200E+0","3.0702624839308164E+0","1.7848158425983627E+2","4.0778027719414098E+2","3.054200000000000E-6"
"1184","1.0108581560439407E+0","2.7013822667773733E-23","5.4240198839305108E-3","2.3465241149800538E-16","-1.2037254964166107E-2","2.0829137521122822E-15","3.0006689209275001E+0","3.0693495278653797E+0","1.7842851197504905E+2","4.0079102883983700E+2","3.054200000000000E-6"
"1183","1.0108459309068101E+0","2.7013843736236071E-23","5.4866532171303330E-3","-7.2089759234942339E-16","-1.2087501651599922E-2","7.0336191742311338E-16","3.0006655465085901E+0","3.0684252601614235E+0","1.7837478211809196E+2","3.9389487019061602E+2","3.054200000000000E-6"
"1182","1.0108336059047920E+0","2.7013963850394051E-23","5.5487689920758693E-3","-8.1017433999991354E-18","-1.2137256691576967E-2","9.4382790608653735E-16","3.0006621739506798E+0","3.0674897900966580E+0","1.7832040104153552E+2","3.8709304373251803E+2","3.054200000000000E-6"
"1181","1.0108211856097213E+0","2.7013591682892549E-23","5.6103649959667401E-3","-1.4862963593606120E-15","-1.2186511111023087E-2","-1.3873714387436168E-15","3.0006588043166298E+0","3.0665432315414320E+0","1.7826537536493109E+2","3.8038663693012302E+2","3.054200000000000E-6"
"1180","1.0108086745959792E+0","2.7013423215848474E-23","5.6714391553634542E-3","-6.1916375156465404E-16","-1.2235256656096101E-2","4.6546425092151368E-16","3.0006554386448201E+0","3.0655857028194560E+0","1.7820971196671451E+2","3.7377658600109498E+2","3.054200000000000E-6"
"1179","1.0107960774327192E+0","2.7013961377259343E-23","5.7319895490360057E-3","-6.9597938364553532E-16","-1.2283485777120011E-2","-5.7165307235538559E-16","3.0006520779482302E+0","3.0646173265492234E+0","1.7815341797498729E+2","3.6726368042534898E+2","3.054200000000000E-6"
"1178","1.0107833986762127E+0","2.7014132376446649E-23","5.7920144198951324E-3","-1.2469401261227941E-15","-1.2331191613171517E-2","-6.4394099046553816E-16","3.0006487232136898E+0","3.0636382294697033E+0","1.7809650075738406E+2","3.6084856770359301E+2","3.054200000000000E-6"
"1177","1.0107706428623826E+0","2.7013872958082733E-23","5.8515121858516723E-3","-1.0906543471635170E-16","-1.2378367976315661E-2","2.5952158718780202E-16","3.0006453754010902E+0","3.0626485422502188E+0","1.7803896791002009E+2","3.5453175776960899E+2","3.054200000000000E-6"
"1176","1.0107578144995197E+0","2.7013861341727793E-23","5.9104814496441270E-3","-3.0995680861199667E-16","-1.2425009335444943E-2","3.4877670059101688E-16","3.0006420354426799E+0","3.0616483992869665E+0","1.7798082724566260E+2","3.4831362823831802E+2","3.054200000000000E-6"
"1175","1.0107449180612216E+0","2.4684088183548276E-23","5.9689210071822993E-3","-1.2804139557999796E-13","-1.2471110798310219E-2","6.1618321159707477E-14","3.0006387042425100E+0","3.0606379384750619E+0","1.7792208678047922E+2","3.4219442927689300E+2","3.054200000000000E-6"
"1174","1.0107319579796650E+0","2.2371609302380942E-23","6.0268298568294885E-3","-1.2514377660841235E-13","-1.2516668100146041E-2","5.9382982567296195E-14","3.0006353826756298E+0","3.0596173010314103E+0","1.7786275472374098E+2","3.3617428776104703E+2","3.054200000000000E-6"
"1173","1.0107189386389970E+0","3.7070458876611539E-23","6.0842072035264512E-3","-1.2394289260346416E-13","-1.2561677577799576E-2","5.5035451897017096E-14","3.0006320715878898E+0","3.0585866311850749E+0","1.7780283945982279E+2","3.3025321417540601E+2","3.054200000000000E-6"
"1172","1.0107058643691873E+0","1.1205586033237705E-23","6.1410524659244901E-3","-1.2028175246564158E-13","-1.2606136157582439E-2","5.3174659271570898E-14","3.0006287717953399E+0","3.0575460759849244E+0","1.7774234953702151E+2","3.2443110616383501E+2","3.054200000000000E-6"
"1171","1.0106927394401330E+0","1.5742000231850258E-23","6.1973652803638734E-3","-1.1782890263086143E-13","-1.2650041335654602E-2","5.0063690446765355E-14","3.0006254840838902E+0","3.0564957850385861E+0","1.7768129365238059E+2","3.1870775482353400E+2","3.054200000000000E-6"
"1170","1.0106795680561118E+0","1.7615681858203093E-23","6.2531455042227962E-3","-1.1529720139894528E-13","-1.2693391159466143E-2","4.7645381591397910E-14","3.0006222092090602E+0","3.0554359102600404E+0","1.7761968063701727E+2","3.1308284933180801E+2","3.054200000000000E-6"
"1169","1.0106663543505838E+0","2.6685625349901714E-23","6.3083932182604850E-3","-1.1205508434769278E-13","-1.2736184208840410E-2","4.6025995549294465E-14","3.0006189478957599E+0","3.0543666056149221E+0","1.7755751944131626E+2","3.0755598247479702E+2","3.054200000000000E-6"
"1168","1.0106531023813696E+0","2.3964546326084448E-23","6.3631087279086796E-3","-1.0973345715534753E-13","-1.2778419576810866E-2","4.3030185129134775E-14","3.0006157008381500E+0","3.0532880268641827E+0","1.7749481912002827E+2","3.0212665596271000E+2","3.054200000000000E-6"
"1167","1.0106398161261991E+0","9.7620027482724279E-24","6.4172925636277259E-3","-1.0851304133910505E-13","-1.2820096850183064E-2","3.9091165982922826E-14","3.0006124686996398E+0","3.0522003313083785E+0","1.7743158881740482E+2","2.9679428554331002E+2","3.054200000000000E-6"
"1166","1.0106264994786309E+0","1.5313226939738359E-23","6.4709454803459961E-3","-1.0549807548788724E-13","-1.2861216089893398E-2","3.5828196688559463E-14","3.0006092521128598E+0","3.0511036775336859E+0","1.7736783775243362E+2","2.9155820629308403E+2","3.054200000000000E-6"
"1165","1.0106131562443790E+0","5.7162354755598087E-24","6.5240684559893262E-3","-1.0269523835096370E-13","-1.2901777811238340E-2","3.4628619019629632E-14","3.0006060516797701E+0","3.0499982251605657E+0","1.7730357520422774E+2","2.8641767771732100E+2","3.054200000000000E-6"
"1164","1.0105997901379944E+0","-6.4778618838037814E-25","6.5766626892217210E-3","-1.0003848543086821E-13","-1.2941782963963238E-2","3.1865467204253534E-14","3.0006028679718399E+0","3.0488841345968791E+0","1.7723881049767368E+2","2.8137188886594402E+2","3.054200000000000E-6"
"1163","1.0105864047799564E+0","2.2839419408927644E-24","6.6287295963580002E-3","-9.7787345236264457E-14","-1.2981232912381159E-2","3.0037821328457843E-14","3.0005997015302799E+0","3.0477615667957716E+0","1.7717355298935661E+2","2.7641996328737099E+2","3.054200000000000E-6"
"1162","1.0105730036941187E+0","1.0842436733999572E-23","6.6802708076255466E-3","-9.6800504213269428E-14","-1.3020129415389006E-2","2.6033603409006083E-14","3.0005965528663001E+0","3.0466306830203327E+0","1.7710781205387943E+2","2.7156096392304499E+2","3.054200000000000E-6"
"1161","1.0105595903055515E+0","2.2535678599293561E-23","6.7312881626813946E-3","-9.2761140812780339E-14","-1.3058474606668573E-2","2.5979535045724674E-14","3.0005934224615198E+0","3.0454916446146605E+0","1.7704159707055433E+2","2.6679389793819098E+2","3.054200000000000E-6"
"1160","1.0105461679387249E+0","3.2606169273322369E-23","6.7817837055869868E-3","-9.0616496214438921E-14","-1.3096270974901108E-2","2.3092740016858729E-14","3.0005903107683598E+0","3.0443446127833163E+0","1.7697491741058187E+2","2.6211772128322798E+2","3.054200000000000E-6"
"1159","1.0105327398160600E+0","3.7771408868052483E-23","6.8317596792008273E-3","-8.8414610037260780E-14","-1.3133521344221929E-2","2.1097046874167574E-14","3.0005872182105202E+0","3.0431897483790693E+0","1.7690778242471205E+2","2.5753134334119699E+2","3.054200000000000E-6"
"1158","1.0105193090568236E+0","4.4032901561606725E-23","6.8812185190732199E-3","-8.6646411130975685E-14","-1.3170228854855562E-2","1.9356315082761856E-14","3.0005841451834701E+0","3.0420272116996214E+0","1.7684020143142760E+2","2.5303363125991700E+2","3.054200000000000E-6"
"1157","1.0105058786763366E+0","4.0178891291145241E-23","6.9301628469478011E-3","-8.3132091228059616E-14","-1.3206396944019230E-2","1.8321013720178852E-14","3.0005810920550400E+0","3.0408571622943636E+0","1.7677218370571012E+2","2.4862341419559399E+2","3.054200000000000E-6"
"1156","1.0104924515855158E+0","4.5356816359944868E-23","6.9785954638444661E-3","-8.1514603114137680E-14","-1.3242029327149610E-2","1.4904658515897613E-14","3.0005780591660298E+0","3.0396797587806601E+0","1.7670373846836029E+2","2.4429948739404199E+2","3.054200000000000E-6"
"1155","1.0104790305906968E+0","3.9668586218776935E-23","7.0265193428443807E-3","-7.8688213167790428E-14","-1.3277129979491445E-2","1.3809144050135786E-14","3.0005750468308299E+0","3.0384951586706404E+0","1.7663487487592894E+2","2.4006061610073499E+2","3.054200000000000E-6"
"1154","1.0104656183937581E+0","3.0193153972893051E-23","7.0739376216029867E-3","-7.8284460885861666E-14","-1.3311703118041265E-2","1.1014664989748019E-14","3.0005720553380999E+0","3.0373035182084260E+0","1.7656560201125455E+2","2.3590553950306801E+2","3.054200000000000E-6"
"1153","1.0104522175924961E+0","3.9728496132241386E-23","7.1208535946498570E-3","-7.6564402280633714E-14","-1.3345753183953257E-2","7.7264840283348796E-15","3.0005690849514801E+0","3.0361049922179317E+0","1.7649592887461571E+2","2.3183297402141901E+2","3.054200000000000E-6"
"1152","1.0104388306812526E+0","5.1757092925318682E-23","7.1672707055266622E-3","-7.2984027698380701E-14","-1.3379284825393439E-2","8.9343021625140789E-15","3.0005661359103399E+0","3.0348997339613830E+0","1.7642586437550631E+2","2.2784161702613400E+2","3.054200000000000E-6"
"1151","1.0104254600517795E+0","4.7751126258034750E-23","7.2131925387968216E-3","-7.2285094216825854E-14","-1.3412302880868282E-2","4.9790698841760812E-15","3.0005632084304401E+0","3.0336878950083368E+0","1.7635541732502136E+2","2.2393014996166701E+2","3.054200000000000E-6"
"1150","1.0104121079943182E+0","2.1278128865176707E-23","7.2586228119774559E-3","-6.9574472090073542E-14","-1.3444812363095797E-2","4.0730094700855224E-15","3.0005603027048200E+0","3.0324696251152505E+0","1.7628459642885625E+2","2.2009724150476899E+2","3.054200000000000E-6"
"1149","1.0103987766988538E+0","-3.7028738979136198E-24","7.3035653674814720E-3","-6.7911076305148860E-14","-1.3476818443364036E-2","3.9808672777949248E-15","3.0005574189044601E+0","3.0312450721157220E+0","1.7621341028092596E+2","2.1634155044745401E+2","3.054200000000000E-6"
"1148","1.0103854682565832E+0","-2.5446956449436299E-23","7.3480241644918905E-3","-6.6526249166573819E-14","-1.3508326436471759E-2","1.2181783777948735E-15","3.0005545571791399E+0","3.0300143818203722E+0","1.7614186735754501E+2","2.1266172848841899E+2","3.054200000000000E-6"
"1147","1.0103721846615117E+0","-3.1168380004376483E-23","7.3920032709451633E-3","-6.3824857202512827E-14","-1.3539341786220996E-2","1.2322589432878218E-15","3.0005517176582002E+0","3.0287776979271896E+0","1.7606997601221573E+2","2.0905642281452501E+2","3.054200000000000E-6"
"1146","1.0103589278122211E+0","-2.1501477347573581E-23","7.4355068555407361E-3","-6.2071010231006256E-14","-1.3569870051487968E-2","-6.9224016229538590E-16","3.0005489004513302E+0","3.0275351619411905E+0","1.7599774447095771E+2","2.0552427860400300E+2","3.054200000000000E-6"
"1145","1.0103456995137416E+0","-2.9505321897330942E-23","7.4785391798921456E-3","-6.0761857556165945E-14","-1.3599916892854247E-2","-2.0798241750371561E-15","3.0005461056493901E+0","3.0262869131036618E+0","1.7592518082819470E+2","2.0206394115638301E+2","3.054200000000000E-6"
"1144","1.0103325014795599E+0","-1.5884439755696728E-23","7.5211045907677115E-3","-5.8718716767548691E-14","-1.3629488059843648E-2","-2.6729810256751759E-15","3.0005433333251799E+0","3.0250330883301264E+0","1.7585229304314828E+2","1.9867405818183201E+2","3.054200000000000E-6"
"1143","1.0103193353337090E+0","-1.1814274294942749E-23","7.5632075125144594E-3","-5.7780147914924058E-14","-1.3658589378733620E-2","-4.7858775728580699E-15","3.0005405835342098E+0","3.0237738221571830E+0","1.7577908893674757E+2","1.9535328165561600E+2","3.054200000000000E-6"
"1142","1.0103062026129490E+0","-2.7008330832239004E-23","7.6048524396438609E-3","-5.5724488537181108E-14","-1.3687226740939506E-2","-6.0496185168844035E-15","3.0005378563155101E+0","3.0225092466974295E+0","1.7570557618900884E+2","1.9210026973352299E+2","3.054200000000000E-6"
"1141","1.0102931047690178E+0","-3.0579061656488817E-23","7.6460439296054698E-3","-5.3147546867968451E-14","-1.3715406092008378E-2","-5.3228751877533694E-15","3.0005351516923899E+0","3.0212394916022687E+0","1.7563176233687324E+2","1.8891368835641001E+2","3.054200000000000E-6"
"1140","1.0102800431709353E+0","-3.1599599224432128E-23","7.6867865957741680E-3","-5.2491646379217560E-14","-1.3743133421134290E-2","-7.8240064444962056E-15","3.0005324696731601E+0","3.0199646840321233E+0","1.7555765477247547E+2","1.8579221287022699E+2","3.054200000000000E-6"
"1139","1.0102670191073611E+0","-2.2662756012474476E-23","7.7270851006483871E-3","-5.1780213227515526E-14","-1.3770414751306826E-2","-8.9312603572680451E-15","3.0005298102519302E+0","3.0186849486336498E+0","1.7548326074181901E+2","1.8273452938605701E+2","3.054200000000000E-6"
"1138","1.0102540337889694E+0","-3.4571251045276455E-24","7.7669441492948660E-3","-4.9186741445882930E-14","-1.3797256129932585E-2","-8.8764388023862677E-15","3.0005271734092700E+0","3.0174004075235752E+0","1.7540858734383659E+2","1.7973933614707701E+2","3.054200000000000E-6"
"1137","1.0102410883508688E+0","8.9417376899299267E-25","7.8063684830134168E-3","-4.8486184985297806E-14","-1.3823663620082074E-2","-1.1542554921276874E-14","3.0005245591129999E+0","3.0161111802786964E+0","1.7533364152980892E+2","1.7680534463196500E+2","3.054200000000000E-6"
"1136","1.0102281838550162E+0","-2.3477191742871304E-24","7.8453628732655795E-3","-4.7441055443228496E-14","-1.3849643292190034E-2","-1.2498498358325469E-14","3.0005219673188002E+0","3.0148173839316335E+0","1.7525843010311755E+2","1.7393128067469701E+2","3.054200000000000E-6"
"1135","1.0102153212926508E+0","-2.3191386115562299E-23","7.8839321158310754E-3","-4.6693998232247019E-14","-1.3875201216337488E-2","-1.3724741016353698E-14","3.0005193979709399E+0","3.0135191329719104E+0","1.7518295971930803E+2","1.7111588538514599E+2","3.054200000000000E-6"
"1134","1.0102025015867091E+0","-2.3473611665355566E-23","7.9220810252484761E-3","-4.4695943441195250E-14","-1.3900343454979962E-2","-1.2472974975329945E-14","3.0005168510029301E+0","3.0122165393521110E+0","1.7510723688644751E+2","1.6835791601443299E+2","3.054200000000000E-6"
"1133","1.0101897255942460E+0","-2.7605292970167369E-23","7.9598144294774510E-3","-4.3500830226306548E-14","-1.3925076056206541E-2","-1.3834106406767270E-14","3.0005143263381400E+0","3.0109097124984725E+0","1.7503126796574074E+2","1.6565614674056900E+2","3.054200000000000E-6"
"1132","1.0101769941088203E+0","-3.5173770481249569E-23","7.9971371648490507E-3","-4.1361741717082763E-14","-1.3949405047427855E-2","-1.3494931962177852E-14","3.0005118238904198E+0","3.0095987593258178E+0","1.7495505917239799E+2","1.6300936926190101E+2","3.054200000000000E-6"
"1131","1.0101643078628668E+0","-3.7089716913933710E-23","8.0340540712387845E-3","-4.1724225852650067E-14","-1.3973336429538623E-2","-1.4478753605987835E-14","3.0005093435646901E+0","3.0082837842562209E+0","1.7487861657672022E+2","1.6041639347047800E+2","3.054200000000000E-6"
"1130","1.0101516675300406E+0","-2.4626234938055512E-23","8.0705699875145004E-3","-4.0014612479474506E-14","-1.3996876171506261E-2","-1.5641832872622256E-14","3.0005068852575398E+0","3.0069648892412348E+0","1.7480194610539107E+2","1.5787604786781301E+2","3.054200000000000E-6"
"1129","1.0101390737275133E+0","-2.7989233109336752E-23","8.1066897472299778E-3","-3.9639119138120693E-14","-1.4020030205376954E-2","-1.7447397620803586E-14","3.0005044488577699E+0","3.0056421737873444E+0","1.7472505354295680E+2","1.5538718004007001E+2","3.054200000000000E-6"
"1128","1.0101265270182480E+0","-3.2898400662192097E-23","8.1424181745424675E-3","-3.7445082076636874E-14","-1.4042804421679078E-2","-1.6510758850484201E-14","3.0005020342469000E+0","3.0043157349840972E+0","1.7464794453346124E+2","1.5294865699011299E+2","3.054200000000000E-6"
"1127","1.0101140279132179E+0","-3.7736407415316358E-23","8.1777600804040316E-3","-3.6262346588585349E-14","-1.4065204665200245E-2","-1.6061764202114274E-14","3.0004996412997298E+0","3.0029856675350111E+0","1.7457062458224280E+2","1.5055936544411199E+2","3.054200000000000E-6"
"1126","1.0101015768735864E+0","-4.9785486599477301E-23","8.2127202589517608E-3","-3.5111508123990470E-14","-1.4087236731133271E-2","-1.6045094729155524E-14","3.0004972698847698E+0","3.0016520637905550E+0","1.7449309905785159E+2","1.4821821204658900E+2","3.054200000000000E-6"
"1125","1.0100891743128340E+0","-5.2865853446740529E-23","8.2473034841528559E-3","-3.4603655031547372E-14","-1.4108906361574474E-2","-1.7570645684202794E-14","3.0004949198647899E+0","3.0003150137832830E+0","1.7441537319409190E+2","1.4592412356696099E+2","3.054200000000000E-6"
"1124","1.0100768205988415E+0","-5.5380355479614000E-23","8.2815145066529108E-3","-3.3540351816868933E-14","-1.4130219242335604E-2","-1.7758091603864792E-14","3.0004925910971800E+0","2.9989746052646051E+0","1.7433745209215968E+2","1.4367604699193799E+2","3.054200000000000E-6"
"1123","1.0100645160559105E+0","-4.5354897967271763E-23","8.3153580508536686E-3","-3.3066569474447805E-14","-1.4151181000066298E-2","-1.7866346840980430E-14","3.0004902834344600E+0","2.9976309237431669E+0","1.7425934072287379E+2","1.4147294960624001E+2","3.054200000000000E-6"
"1122","1.0100522609667373E+0","-4.4818471238675477E-23","8.3488388121828790E-3","-3.0916567105078483E-14","-1.4171797199678959E-2","-1.6673103665894766E-14","3.0004879967246398E+0","2.9962840525244374E+0","1.7418104392897718E+2","1.3931381901030900E+2","3.054200000000000E-6"
"1121","1.0100400555743276E+0","-4.0781666102254018E-23","8.3819614545798740E-3","-3.1866090818727278E-14","-1.4192073342051307E-2","-1.8449413100103506E-14","3.0004857308116502E+0","2.9949340727514597E+0","1.7410256642750593E+2","1.3719766311722600E+2","3.054200000000000E-6"
"1120","1.0100279000838592E+0","-4.0153339708959039E-23","8.4147306081564493E-3","-3.0400192542293978E-14","-1.4212014861978355E-2","-1.8469652111451779E-14","3.0004834855356801E+0","2.9935810634464173E+0","1.7402391281220557E+2","1.3512351008963199E+2","3.054200000000000E-6"
"1119","1.0100157946644819E+0","-3.8938666338455671E-23","8.4471508670568747E-3","-3.0224162903210381E-14","-1.4231627126387092E-2","-1.9496583804828758E-14","3.0004812607335500E+0","2.9922251015529970E+0","1.7394508755599367E+2","1.3309040824093401E+2","3.054200000000000E-6"
"1118","1.0100037394510644E+0","-4.0917530517866636E-23","8.4792267874870576E-3","-2.9548034957781475E-14","-1.4250915432765528E-2","-2.0196565565928503E-14","3.0004790562390600E+0","2.9908662619792370E+0","1.7386609501345077E+2","1.3109742595208999E+2","3.054200000000000E-6"
"1117","1.0099917345458822E+0","-4.1920569728647552E-23","8.5109628859094313E-3","-2.7946192180142312E-14","-1.4269885007832526E-2","-1.8246022674830949E-14","3.0004768718832699E+0","2.9895046176408018E+0","1.7378693942333618E+2","1.2914365148005601E+2","3.054200000000000E-6"
"1116","1.0099797800202521E+0","-3.7343655322300349E-23","8.5423636374150728E-3","-2.7843897947245025E-14","-1.4288541006372633E-2","-2.0404439256988318E-14","3.0004747074948699E+0","2.9881402395045549E+0","1.7370762491112058E+2","1.2722819283371901E+2","3.054200000000000E-6"
"1115","1.0099678759161022E+0","-3.1074991127158924E-23","8.5734334742300199E-3","-2.6399336625994156E-14","-1.4306888510305454E-2","-1.9404204927127565E-14","3.0004725629003901E+0","2.9867731966321993E+0","1.7362815549152333E+2","1.2535017753149300E+2","3.054200000000000E-6"
"1114","1.0099560222474975E+0","-3.2899048454929953E-23","8.6041767843761888E-3","-2.5798513218383306E-14","-1.4324932527907334E-2","-1.8900278232886725E-14","3.0004704379245601E+0","2.9854035562239662E+0","1.7354853507105207E+2","1.2350875242852899E+2","3.054200000000000E-6"
"1113","1.0099442190020980E+0","-3.3186907308098465E-23","8.6345979104803117E-3","-2.4464262734916766E-14","-1.4342677993184295E-2","-1.7822826364652149E-14","3.0004683323904602E+0","2.9840313836622592E+0","1.7346876745053976E+2","1.2170308345394901E+2","3.054200000000000E-6"
"1112","1.0099324661425684E+0","-3.5757743292881956E-23","8.6647011486952231E-3","-2.4908953019865575E-14","-1.4360129765443975E-2","-1.9740530507916644E-14","3.0004662461198799E+0","2.9826567425550241E+0","1.7338885632766602E+2","1.1993235537511100E+2","3.054200000000000E-6"
"1111","1.0099207636079410E+0","-3.7828465879317293E-23","8.6944907477583613E-3","-2.3887234841370771E-14","-1.4377292628971521E-2","-2.0659399337672720E-14","3.0004641789334601E+0","2.9812796947789226E+0","1.7330880529946685E+2","1.1819577154219600E+2","3.054200000000000E-6"
"1110","1.0099091113149063E+0","-3.5072755027627023E-23","8.7239709081758359E-3","-2.3613581365433382E-14","-1.4394171292841755E-2","-2.0905986760765914E-14","3.0004621306509298E+0","2.9799003005221705E+0","1.7322861786482480E+2","1.1649255359308700E+2","3.054200000000000E-6"
"1109","1.0098975091590756E+0","-3.3407971326802971E-23","8.7531457814919236E-3","-2.2777597328799799E-14","-1.4410770390875367E-2","-1.9928231227478357E-14","3.0004601010913499E+0","2.9785186183268597E+0","1.7314829742692956E+2","1.1482194118099900E+2","3.054200000000000E-6"
"1108","1.0098859570161711E+0","-3.5436755856181112E-23","8.7820194696977029E-3","-2.2220752771671729E-14","-1.4427094481672832E-2","-2.0164782613228692E-14","3.0004580900732400E+0","2.9771347051309540E+0","1.7306784729571893E+2","1.1318319168218400E+2","3.054200000000000E-6"
"1107","1.0098744547431893E+0","-3.4384582117013715E-23","8.8105960246945454E-3","-2.2221170655320669E-14","-1.4443148048809031E-2","-2.1813500897543744E-14","3.0004560974148200E+0","2.9757486163095708E+0","1.7298727069027879E+2","1.1157557988983500E+2","3.054200000000000E-6"
"1106","1.0098630021794948E+0","-3.4347565784602701E-23","8.8388794479007486E-3","-2.0815279576693374E-14","-1.4458935501051323E-2","-1.9366115985720493E-14","3.0004541229341299E+0","2.9743604057158812E+0","1.7290657074122078E+2","1.0999839769570900E+2","3.054200000000000E-6"
"1105","1.0098515991478845E+0","-3.5777554268553928E-23","8.8668736899022802E-3","-2.0409096530307506E-14","-1.4474461172718958E-2","-1.8946125263530232E-14","3.0004521664492101E+0","2.9729701257212233E+0","1.7282575049301397E+2","1.0845095379782700E+2","3.054200000000000E-6"
"1104","1.0098402454555959E+0","-3.5014645589596124E-23","8.8945826502050719E-3","-1.8928955678923918E-14","-1.4489729324105145E-2","-1.8771138305699323E-14","3.0004502277782401E+0","2.9715778272546434E+0","1.7274481290628376E+2","1.0693257336104800E+2","3.054200000000000E-6"
"1103","1.0098289408952748E+0","-3.1598803250059143E-23","8.9220101770651553E-3","-1.8787232753756997E-14","-1.4504744141968336E-2","-1.8207790425305224E-14","3.0004483067396901E+0","2.9701835598417494E+0","1.7266376086007023E+2","1.0544259771886500E+2","3.054200000000000E-6"
"1102","1.0098176852459044E+0","-3.2611272319823429E-23","8.9491600673770096E-3","-1.8528923522619932E-14","-1.4519509740088225E-2","-2.0071838906254989E-14","3.0004464031524201E+0","2.9687873716428061E+0","1.7258259715404296E+2","1.0398038403189000E+2","3.054200000000000E-6"
"1101","1.0098064782736871E+0","-3.1215074163895256E-23","8.9760360666361512E-3","-1.7087530012535195E-14","-1.4534030159904909E-2","-1.7701787242268070E-14","3.0004445168358500E+0","2.9673893094901302E+0","1.7250132451067475E+2","1.0254530497843599E+2","3.054200000000000E-6"
"1100","1.0097953197328884E+0","-3.1061135851899976E-23","9.0026418689632508E-3","-1.8245473986538696E-14","-1.4548309371169748E-2","-2.0741651471864122E-14","3.0004426476099901E+0","2.9659894189247220E+0","1.7241994557737112E+2","1.0113674842796200E+2","3.054200000000000E-6"
"1099","1.0097842093666467E+0","-2.9178803649975107E-23","9.0289811171836484E-3","-1.7984649418386687E-14","-1.4562351272686498E-2","-2.0620681204970974E-14","3.0004407952956500E+0","2.9645877442321407E+0","1.7233846292855586E+2","9.9754117113970196E+1","3.054200000000000E-6"
"1098","1.0097731469077380E+0","-3.1119162571870957E-23","9.0550574029597351E-3","-1.7652558046671604E-14","-1.4576159693068089E-2","-1.9898326280927764E-14","3.0004389597144399E+0","2.9631843284775865E+0","1.7225687906771037E+2","9.8396828317317400E+1","3.054200000000000E-6"
"1097","1.0097621320793126E+0","-3.3154812700333445E-23","9.0808742669658705E-3","-1.6134007246847339E-14","-1.4589738391552786E-2","-1.7685043181284699E-14","3.0004371406888999E+0","2.9617792135401988E+0","1.7217519642936767E+2","9.7064313545939399E+1","3.054200000000000E-6"
"1096","1.0097511645955917E+0","-3.6298305823187905E-23","9.1064351991246902E-3","-1.6644933901698746E-14","-1.4603091058828309E-2","-2.2224279009348066E-14","3.0004353380425899E+0","2.9603724401465978E+0","1.7209341738106201E+2","9.5756018216909595E+1","3.054200000000000E-6"
"1095","1.0097402441625349E+0","-3.5973513355669896E-23","9.1317436388654478E-3","-1.6169706385848733E-14","-1.4616221317929395E-2","-2.0460176222618742E-14","3.0004335516001501E+0","2.9589640479035935E+0","1.7201154422523044E+2","9.4471401339914195E+1","3.054200000000000E-6"
"1094","1.0097293704784731E+0","-3.5761093374365434E-23","9.1568029754309933E-3","-1.6150877371815716E-14","-1.4629132725103260E-2","-2.1241226585149832E-14","3.0004317811873600E+0","2.9575540753301195E+0","1.7192957920106926E+2","9.3209935208329298E+1","3.054200000000000E-6"
"1093","1.0097185432347093E+0","-3.5652195046722986E-23","9.1816165482235292E-3","-1.4846945086085815E-14","-1.4641828770742509E-2","-1.8796768168809592E-14","3.0004300266312400E+0","2.9561425598884137E+0","1.7184752448634652E+2","9.1971105089348697E+1","3.054200000000000E-6"
"1092","1.0097077621160977E+0","-3.2926428133208272E-23","9.2061876471677597E-3","-1.5184970477823305E-14","-1.4654312880327229E-2","-2.0442997062601410E-14","3.0004282877600499E+0","2.9547295380143539E+0","1.7176538219916554E+2","9.0754408918810896E+1","3.054200000000000E-6"
"1091","1.0096970268015815E+0","-3.1860978145209628E-23","9.2305195131226724E-3","-1.4155129195909027E-14","-1.4666588415368489E-2","-1.9265860412990902E-14","3.0004265644034200E+0","2.9533150451470829E+0","1.7168315439968714E+2","8.9559357002846994E+1","3.054200000000000E-6"
"1090","1.0096863369647189E+0","-3.4160250734891479E-23","9.2546153382980032E-3","-1.3520144223959048E-14","-1.4678658674386167E-2","-1.9130747199675555E-14","3.0004248563923199E+0","2.9518991157577990E+0","1.7160084309180314E+2","8.8385471720825294E+1","3.054200000000000E-6"
"1089","1.0096756922741676E+0","-3.5702198114750644E-23","9.2784782667109170E-3","-1.3635041867948716E-14","-1.4690526893882949E-2","-1.9010462257686509E-14","3.0004231635591498E+0","2.9504817833778318E+0","1.7151845022476874E+2","8.7232287231756601E+1","3.054200000000000E-6"
"1088","1.0096650923941599E+0","-3.6536533839602692E-23","9.3021113946581881E-3","-1.3564568719820604E-14","-1.4702196249326090E-2","-1.7963751242624669E-14","3.0004214857377800E+0","2.9490630806259595E+0","1.7143597769479018E+2","8.6099349192952403E+1","3.054200000000000E-6"
"1087","1.0096545369849361E+0","-3.9189219345999976E-23","9.3255177712094680E-3","-1.2867078409353753E-14","-1.4713669856136280E-2","-1.7660941228846408E-14","3.0004198227635599E+0","2.9476430392349675E+0","1.7135342734656905E+2","8.4986214469446693E+1","3.054200000000000E-6"
"1086","1.0096440257031765E+0","-3.8176212608837572E-23","9.3487003987106267E-3","-1.2386140999796779E-14","-1.4724950770701642E-2","-1.7574457136037697E-14","3.0004181744733498E+0","2.9462216900774880E+0","1.7127080097480408E+2","8.3892450868143996E+1","3.054200000000000E-6"
"1085","1.0096335582023876E+0","-3.6840605432779216E-23","9.3716622333148043E-3","-1.2202592114871867E-14","-1.4736041991354807E-2","-1.7971335522606154E-14","3.0004165407056100E+0","2.9447990631911352E+0","1.7118810032565247E+2","8.2817636855742407E+1","3.054200000000000E-6"
"1084","1.0096231341332889E+0","-3.8241973467536898E-23","9.3944061855165458E-3","-1.1649572319556123E-14","-1.4746946459376277E-2","-1.8520512673988061E-14","3.0004149213003202E+0","2.9433751878029168E+0","1.7110532709814899E+2","8.1761361298540805E+1","3.054200000000000E-6"
"1083","1.0096127531441668E+0","-4.0126787211298708E-23","9.4169351206965235E-3","-1.1614410315052695E-14","-1.4757667060005945E-2","-1.7628741091224398E-14","3.0004133160991100E+0","2.9419500923529545E+0","1.7102248294558484E+2","8.0723223198727297E+1","3.054200000000000E-6"
"1082","1.0096024148812113E+0","-4.1199805901902193E-23","9.4392518596939767E-3","-1.2027528739565463E-14","-1.4768206623398733E-2","-2.0493481846154747E-14","3.0004117249452000E+0","2.9405238045175670E+0","1.7093956947684956E+2","7.9702831438186905E+1","3.054200000000000E-6"
"1081","1.0095921189888397E+0","-4.3314120906618570E-23","9.4613591793564905E-3","-1.0795355552087307E-14","-1.4778567925662227E-2","-1.8549152047462809E-14","3.0004101476834300E+0","2.9390963512316155E+0","1.7085658825773001E+2","7.8699804527815104E+1","3.054200000000000E-6"
"1080","1.0095818651099941E+0","-4.4086624880681367E-23","9.4832598131315005E-3","-1.1451074712175305E-14","-1.4788753689796773E-2","-2.0480422338523888E-14","3.0004085841603199E+0","2.9376677587102886E+0","1.7077354081217686E+2","7.7713770365483896E+1","3.054200000000000E-6"
"1079","1.0095716528864342E+0","-4.4151848071980835E-23","9.5049564516330315E-3","-1.0608461507739719E-14","-1.4798766586704100E-2","-1.8534356921019649E-14","3.0004070342240201E+0","2.9362380524701690E+0","1.7069042862352907E+2","7.6744365990242599E+1","3.054200000000000E-6"
"1078","1.0095614819589984E+0","-4.3188141299325971E-23","9.5264517432415135E-3","-1.0493136094676044E-14","-1.4808609236129096E-2","-1.6651701808234714E-14","3.0004054977243699E+0","2.9348072573497679E+0","1.7060725313570777E+2","7.5791237349982197E+1","3.054200000000000E-6"
"1077","1.0095513519678674E+0","-4.4062140334549455E-23","9.5477482946800460E-3","-1.1282738496049100E-14","-1.4818284207639369E-2","-2.0236449868975659E-14","3.0004039745128499E+0","2.9333753975293657E+0","1.7052401575436951E+2","7.4854039075857699E+1","3.054200000000000E-6"
"1076","1.0095412625527986E+0","-4.0290486254522015E-23","9.5688486716128916E-3","-1.0969191145764835E-14","-1.4827794021576964E-2","-2.1347169147288400E-14","3.0004024644426401E+0","2.9319424965503353E+0","1.7044071784802981E+2","7.3932434252213298E+1","3.054200000000000E-6"
"1075","1.0095312133533543E+0","-4.1236946311404964E-23","9.5897553992367098E-3","-1.0837110977918888E-14","-1.4837141149992544E-2","-1.8491786542094327E-14","3.0004009673685799E+0","2.9305085773338502E+0","1.7035736074915036E+2","7.3026094201131599E+1","3.054200000000000E-6"
"1074","1.0095212040091142E+0","-4.1292656925660626E-23","9.6104709628768003E-3","-9.1831347864620840E-15","-1.4846328017566730E-2","-1.6852341862899212E-14","3.0003994831472198E+0","2.9290736621990501E+0","1.7027394575519531E+2","7.2134698269124399E+1","3.054200000000000E-6"
"1073","1.0095112341598786E+0","-4.0184958687876709E-23","9.6309978085795962E-3","-9.1951540495436120E-15","-1.4855357002548751E-2","-1.8091820816934012E-14","3.0003980116367401E+0","2.9276377728806589E+0","1.7019047412965529E+2","7.1257933615713597E+1","3.054200000000000E-6"
"1072","1.0095013034458524E+0","-4.2198088824161464E-23","9.6513383437033685E-3","-8.1979126778403365E-15","-1.4864230437659817E-2","-1.4165248925017942E-14","3.0003965526970502E+0","2.9262009305460595E+0","1.7010694710304008E+2","7.0395495012617602E+1","3.054200000000000E-6"
"1071","1.0094914115078315E+0","-4.1502802160280857E-23","9.6714949375103759E-3","-8.9867362411560666E-15","-1.4872950610979669E-2","-1.7030281867743330E-14","3.0003951061896799E+0","2.9247631558118625E+0","1.7002336587384184E+2","6.9547084644643206E+1","3.054200000000000E-6"
"1070","1.0003067827219001E+0","-3.0123583115176770E-23","1.1378131374021314E-2","7.5372451997401393E-12","-9.1722104441863182E-4","-2.3496911948442283E-9","3.0003945566594199E+0","1.3450572339121929E+0","7.8191342689842458E+1","1.1843269026749099E+0","3.054200000000000E-6"
"1069","1.0003105898521258E+0","-3.0132939499711393E-23","1.1385067125001889E-2","2.3522088868741595E-11","-9.2730104752248937E-4","-9.7885945862078227E-9","3.0003940573675898E+0","1.3460493527166446E+0","7.8249016890963460E+1","1.1881344674077701E+0","3.054200000000000E-6"
"1068","1.0003144659393264E+0","-3.0136081361982382E-23","1.1391991898816354E-2","5.6378779589411316E-12","-9.3756083264832555E-4","-1.3349843377467842E-9","3.0003935587191299E+0","1.3470412574621036E+0","7.8306678648331427E+1","1.1919373822753700E+0","3.054200000000000E-6"
"1067","1.0003184124809079E+0","-3.0137703295541626E-23","1.1398905216102241E-2","1.0192574518488096E-11","-9.4800379357758494E-4","-3.3957283025956552E-9","3.0003930607316200E+0","1.3480329377077842E+0","7.8364327354998892E+1","1.1957403778983700E+0","3.054200000000000E-6"
"1066","1.0003224310173138E+0","-3.0170277056751931E-23","1.1405806609375875E-2","-6.2142538408745519E-12","-9.5863430531292998E-4","6.2620888486086238E-9","3.0003925634195201E+0","1.3490243868418283E+0","7.8421962626602991E+1","1.1995405477369501E+0","3.054200000000000E-6"
"1065","1.0003265231131493E+0","-3.0167813788719372E-23","1.1412695588693282E-2","1.0784818480420528E-11","-9.6945579602288230E-4","-6.1620147822437705E-9","3.0003920668001798E+0","1.3500155972372170E+0","7.8479584019767174E+1","1.2033392444276501E+0","3.054200000000000E-6"
"1064","1.0003306903530698E+0","-3.0163322950215421E-23","1.1419571635631559E-2","1.0006437457260083E-11","-9.8047298655395292E-4","-5.0622699611412495E-9","3.0003915708899598E+0","1.3510065594498608E+0","7.8537190985484258E+1","1.2071358928607201E+0","3.054200000000000E-6"
"1063","1.0003349343428880E+0","-3.0168803609553098E-23","1.1426434207233717E-2","2.2941423716058408E-12","-9.9168985777008068E-4","5.2613855936301241E-10","3.0003910757077898E+0","1.3519972628283035E+0","7.8594782904560063E+1","1.2109300735170301E+0","3.054200000000000E-6"
"1062","1.0003392567134897E+0","-3.0164187358908771E-23","1.1433282743804382E-2","-3.7518295379394396E-14","-1.0031104418383396E-3","1.4401627905881059E-9","3.0003905812731602E+0","1.3529876967053465E+0","7.8652359156885225E+1","1.2147220960961300E+0","3.054200000000000E-6"
"1061","1.0003436591217412E+0","-3.0160480958324749E-23","1.1440116670150820E-2","3.2769140132997014E-12","-1.0147390058114125E-3","-1.9188375940620997E-9","3.0003900876056000E+0","1.3539778506444979E+0","7.8709919135761893E+1","1.2185100999334300E+0","3.054200000000000E-6"
"1060","1.0003481432435108E+0","-3.0164553908167096E-23","1.1446935387652270E-2","4.8494806605608197E-12","-1.0265799849388474E-3","-2.8197330398220040E-9","3.0003895947253398E+0","1.3549677133468243E+0","7.8767462184356461E+1","1.2222963865435399E+0","3.054200000000000E-6"
"1059","1.0003527107760324E+0","-3.0164503106393274E-23","1.1453738277995873E-2","-2.9532873311563453E-12","-1.0386378579679222E-3","4.6296746356078659E-9","3.0003891026532798E+0","1.3559572732585585E+0","7.8824987631021273E+1","1.2260787472278301E+0","3.054200000000000E-6"
"1058","1.0003573634345120E+0","-3.0157290092256193E-23","1.1460524701166198E-2","2.9699610120542181E-12","-1.0509166134438403E-3","-1.3511885873002017E-9","3.0003886114122098E+0","1.3569465183256211E+0","7.8882494775024313E+1","1.2298575726373300E+0","3.054200000000000E-6"
"1057","1.0003621029508145E+0","-3.0157043279895153E-23","1.1467293995851051E-2","4.2035474824782046E-12","-1.0634210577994908E-3","-1.8377327360318362E-9","3.0003881210240499E+0","1.3579354361075147E+0","7.8939982893170210E+1","1.2336335903293700E+0","3.054200000000000E-6"
"1056","1.0003669310707775E+0","-3.0158135787837812E-23","1.1474045477039424E-2","-1.7756007198233204E-12","-1.0761556671067946E-3","2.7199408579801731E-9","3.0003876315123601E+0","1.3589240134825595E+0","7.8997451222664807E+1","1.2374049660761099E+0","3.054200000000000E-6"
"1055","1.0003718495538643E+0","-3.0154455537066302E-23","1.1480778439605779E-2","8.7133535540944288E-13","-1.0891247018411077E-3","-4.7080862664413596E-12","3.0003871429018698E+0","1.3599122372043331E+0","7.9054898993462402E+1","1.2411720294791799E+0","3.054200000000000E-6"
"1054","1.0094328541737614E+0","-4.1501085760509159E-23","9.7886997594897468E-3","-7.6832213585612605E-15","-1.4922175881542757E-2","-1.5308966892047512E-14","3.0003866806807200E+0","2.9161180160965556E+0","1.6952080355527417E+2","6.4735423917733300E+1","3.054200000000000E-6"
"1053","1.0094296399980276E+0","-4.1507537769286957E-23","9.7950291197174411E-3","-7.8452633109093754E-15","-1.4924760444116610E-2","-1.6359994392864258E-14","3.0003862250019799E+0","2.9156368486365829E+0","1.6949283215836601E+2","6.4481431648079706E+1","3.054200000000000E-6"
"1052","1.0094264298416213E+0","-4.0964121465870391E-23","9.8013398496408968E-3","-7.6213648567925755E-15","-1.4927329699848901E-2","-1.5442068944634405E-14","3.0003857705974002E+0","2.9151555926707977E+0","1.6946485561640668E+2","6.4228778559400396E+1","3.054200000000000E-6"
"1051","1.0094232236916030E+0","-4.1116694929855772E-23","9.8076320264980227E-3","-8.1093409774932256E-15","-1.4929883721386896E-2","-1.5956239310868245E-14","3.0003853174623401E+0","2.9146742488195061E+0","1.6943687396545604E+2","6.3977455574781800E+1","3.054200000000000E-6"
"1050","1.0094200215350544E+0","-4.0321877758768328E-23","9.8139057271170883E-3","-8.1479746419333550E-15","-1.4932422580919775E-2","-1.4585830995013667E-14","3.0003848655921601E+0","2.9141928176977414E+0","1.6940888724126737E+2","6.3727453690455299E+1","3.054200000000000E-6"
"1049","1.0094168233590810E+0","-4.0115351439329883E-23","9.8201610279145014E-3","-8.8702364276074663E-15","-1.4934946350181730E-2","-1.7952932205328113E-14","3.0003844149822800E+0","2.9137112999153114E+0","1.6938089547929027E+2","6.3478763974488601E+1","3.054200000000000E-6"
"1048","1.0094136291508091E+0","-4.1143826453947660E-23","9.8263980049107646E-3","-7.0929783822407924E-15","-1.4937455100445416E-2","-1.4736482496687820E-14","3.0003839656280999E+0","2.9132296960768747E+0","1.6935289871467498E+2","6.3231377566566600E+1","3.054200000000000E-6"
"1047","1.0004117977007578E+0","-3.0158026669786519E-23","1.1530608090856402E-2","3.4940193779050601E-13","-1.1943278862573954E-3","-8.3568427257195924E-10","3.0003835096963298E+0","1.3673111795655732E+0","7.9485016926829005E+1","1.2692684124374500E+0","3.054200000000000E-6"
"1046","1.0004175559027908E+0","-3.0149785481738936E-23","1.1537151919515602E-2","1.2259173814683256E-12","-1.2094737316009209E-3","-1.7857385539543479E-9","3.0003830298347300E+0","1.3682957972804743E+0","7.9542255071960113E+1","1.2729893206747400E+0","3.054200000000000E-6"
"1045","1.0004234212260079E+0","-3.0159398865740417E-23","1.1543669384386137E-2","-1.5233058759897526E-12","-1.2248970095304734E-3","4.4848290722799984E-9","3.0003825511435802E+0","1.3692799133453868E+0","7.9599464054996730E+1","1.2767035319977900E+0","3.054200000000000E-6"
"1044","1.0004293953625962E+0","-3.0155306201721151E-23","1.1550159542481122E-2","9.9744033602694767E-14","-1.2406015856785014E-3","-2.4519460272158890E-10","3.0003820736562599E+0","1.3702635103039991E+0","7.9656642861162354E+1","1.2804106197633200E+0","3.054200000000000E-6"
"1043","1.0004354799703241E+0","-3.0155878305224961E-23","1.1556621428306402E-2","-3.7802208705234285E-13","-1.2565920013977924E-3","1.6228876678734524E-11","3.0003815974051098E+0","1.3712465701400747E+0","7.9713790443130762E+1","1.2841100322070600E+0","3.054200000000000E-6"
"1042","1.0004416766708022E+0","-3.0152954208002118E-23","1.1563054057518731E-2","-8.8053661086599383E-13","-1.2728722193794926E-3","1.2555277620719514E-10","3.0003811224241801E+0","1.3722290747669417E+0","7.9770905749481159E+1","1.2878016866144200E+0","3.054200000000000E-6"
"1041","1.0004479870413223E+0","-3.0153694948963881E-23","1.1569456425989928E-2","-1.7452256139973832E-13","-1.2894462049335678E-3","5.0216241718387940E-10","3.0003806487479201E+0","1.3732110057696763E+0","7.9827987709710683E+1","1.2914851200260800E+0","3.054200000000000E-6"
"1040","1.0004544126079846E+0","-2.7619323266244972E-23","1.1575827511866759E-2","5.9257439299044653E-14","-1.3063177658713618E-3","7.2118784018509961E-10","3.0003801764113498E+0","1.3741923445814563E+0","7.9885035244486261E+1","1.2951600698830601E+0","3.054200000000000E-6"
"1039","1.0004609548423973E+0","-2.7621343928977037E-23","1.1582166276419370E-2","-2.2845840321511170E-13","-1.3234905414164079E-3","-3.4504850644733996E-10","3.0003797054500798E+0","1.3751730724962616E+0","7.9942047266382900E+1","1.2988259875298800E+0","3.054200000000000E-6"
"1038","1.0004676151514253E+0","-2.7620913212816366E-23","1.1588471665325865E-2","2.7416614087791484E-13","-1.3409680717420664E-3","-5.6907772252239375E-10","3.0003792359000099E+0","1.3761531706715395E+0","7.9999022680038678E+1","1.3024826050399501E+0","3.054200000000000E-6"
"1037","1.0004743948724002E+0","-2.7619340990786641E-23","1.1594742610704754E-2","-2.6730104241737344E-13","-1.3587536504291588E-3","-3.8012306961190935E-10","3.0003787677976002E+0","1.3771326202636811E+0","8.0055960390030251E+1","1.3061296057708800E+0","3.054200000000000E-6"
"1036","1.0004812952654150E+0","-2.7617329472786924E-23","1.1600978032560064E-2","7.8293446378700350E-14","-1.3768503928553318E-3","1.1659413702750532E-9","3.0003783011795302E+0","1.3781114024365544E+0","8.0112859301368943E+1","1.3097665712386299E+0","3.054200000000000E-6"
"1035","1.0004883175063994E+0","-2.7621545188023339E-23","1.1607176841259972E-2","2.3984119109322088E-13","-1.3952610790771652E-3","6.8380604235479924E-10","3.0003778360830502E+0","1.3790894984992903E+0","8.0169718327510552E+1","1.3133930697730500E+0","3.054200000000000E-6"
"1034","1.0093661834683165E+0","-4.1575552695153467E-23","9.9178042835350450E-3","-7.2010867910535539E-15","-1.4973331183953048E-2","-1.5061835974305650E-14","3.0003773729429200E+0","2.9059957076983944E+0","1.6893236994455648E+2","5.9671164716538300E+1","3.054200000000000E-6"
"1033","1.0093630510117721E+0","-4.1246665683601433E-23","9.9237580966709468E-3","-8.0015614313861425E-15","-1.4975608963895156E-2","-1.5436916478677826E-14","3.0003769430725100E+0","2.9055128051680401E+0","1.6890429768392343E+2","5.9443482128464801E+1","3.054200000000000E-6"
"1032","1.0093599223077772E+0","-3.9829994807512164E-23","9.9296948185839673E-3","-8.6568247051321855E-15","-1.4977872869776197E-2","-1.8106146458463884E-14","3.0003765143828400E+0","2.9050298261167145E+0","1.6887622097494625E+2","5.9216962561262797E+1","3.054200000000000E-6"
"1031","1.0093567973439082E+0","-4.0322808336955759E-23","9.9356145183926523E-3","-6.7623746812823638E-15","-1.4980122965192867E-2","-1.3753891093401013E-14","3.0003760868696698E+0","2.9045467710641364E+0","1.6884813984783739E+2","5.8991598337919903E+1","3.054200000000000E-6"
"1030","1.0093536761077724E+0","-4.0542528187165157E-23","9.9415172648484838E-3","-7.2188043414101414E-15","-1.4982359313337102E-2","-1.4934633711580700E-14","3.0003756605287801E+0","2.9040636405257132E+0","1.6882005433255867E+2","5.8767381841198898E+1","3.054200000000000E-6"
"1029","1.0093505585870042E+0","-4.0623343733011050E-23","9.9474031263476256E-3","-6.7199365276080924E-15","-1.4984581977002967E-2","-1.6321438500987575E-14","3.0003752353559601E+0","2.9035804350126044E+0","1.6879196445882505E+2","5.8544305514737701E+1","3.054200000000000E-6"
"1028","1.0093474447692634E+0","-4.1033459880714584E-23","9.9532721709245705E-3","-7.3036810630676444E-15","-1.4986791018596462E-2","-1.7695344586168436E-14","3.0003748113470299E+0","2.9030971550317455E+0","1.6876387025610583E+2","5.8322361860496400E+1","3.054200000000000E-6"
"1027","1.0093443346422433E+0","-4.0359638553729136E-23","9.9591244662589652E-3","-7.6516379484392318E-15","-1.4988986500125439E-2","-1.7005416438705858E-14","3.0003743884978200E+0","2.9026138010858960E+0","1.6873577175362763E+2","5.8101543440291799E+1","3.054200000000000E-6"
"1026","1.0005530507720353E+0","-2.6850197263435874E-23","1.1658232766542546E-2","3.0014159835575789E-14","-1.5647229408959342E-3","1.2747401535516592E-10","3.0003739494352102E+0","1.3873730831261435E+0","8.0651262597842234E+1","1.3437449260376799E+0","3.054200000000000E-6"
"1025","1.0005612688221879E+0","-2.6850397046069359E-23","1.1664028932751820E-2","-6.5048967521862186E-14","-1.5862048475030986E-3","-4.2736761091842261E-11","3.0003735006320600E+0","1.3883437925396802E+0","8.0707692220680912E+1","1.3472536897689000E+0","3.054200000000000E-6"
"1024","1.0005696141992753E+0","-2.6850178213213805E-23","1.1669777078344075E-2","2.2631783690532697E-13","-1.6080124755515155E-3","1.2010773177010750E-12","3.0003730537299700E+0","1.3893136456053179E+0","8.0764072062000750E+1","1.3507481479922301E+0","3.054200000000000E-6"
"1023","1.0005780866176257E+0","-2.6850134620129185E-23","1.1675476193623387E-2","-4.7096172830516667E-13","-1.6301447786310176E-3","-3.5806643789954745E-10","3.0003726087614999E+0","1.3902826308829928E+0","8.0820401456763918E+1","1.3542279051860999E+0","3.054200000000000E-6"
"1022","1.0005866856293670E+0","-2.6849470917529031E-23","1.1681125296356516E-2","-2.2598837764265253E-13","-1.6526003257268441E-3","-2.0197226681001401E-10","3.0003721657579101E+0","1.3912507381466424E+0","8.0876679810505323E+1","1.3576926178667099E+0","3.054200000000000E-6"
"1021","1.0005954106228181E+0","-2.6849008129320800E-23","1.1686723435328467E-2","3.5113680730424313E-13","-1.6753772197606125E-3","2.0144498333956960E-10","3.0003717247492898E+0","1.3922179585110528E+0","8.0932906606706581E+1","1.3611419698186900E+0","3.054200000000000E-6"
"1020","1.0006042608168779E+0","-2.6866523678790740E-23","1.1692269694529113E-2","-9.6969180473147705E-13","-1.6984730820889054E-3","-5.1855261040532778E-10","3.0003712857643801E+0","1.3931842845476530E+0","8.0989081413527359E+1","1.3645756173328401E+0","3.054200000000000E-6"
"1019","1.0006132352622845E+0","-2.5201957112877076E-23","1.1697763195401143E-2","2.0074106455075383E-13","-1.7218852099597155E-3","1.2009769743527044E-10","3.0003708488300500E+0","1.3941497102550902E+0","8.1045203882094924E+1","1.3679932764240199E+0","3.054200000000000E-6"
"1018","1.0006223328434398E+0","-2.4571145749039816E-23","1.1703203100740495E-2","1.6835061011632612E-14","-1.7456103211089989E-3","-2.0754193763163699E-11","3.0003704139719400E+0","1.3951142312734652E+0","8.1101273758958058E+1","1.3713946802528401E+0","3.054200000000000E-6"
"1017","1.0006315522691756E+0","-2.2640318376213747E-23","1.1708588618884869E-2","4.3186035196431347E-13","-1.7696447724844329E-3","1.5295748013556296E-10","3.0003699812135900E+0","1.3960778448802171E+0","8.1157290885847885E+1","1.3747795150039701E+0","3.054200000000000E-6"
"1016","1.0006408920856602E+0","-2.2638427524113152E-23","1.1713919004911972E-2","1.9719257393919702E-13","-1.7939844434141314E-3","9.9912842566059280E-11","3.0003695505768500E+0","1.3970405500515894E+0","8.1213255203251023E+1","1.3781475436439801E+0","3.054200000000000E-6"
"1015","1.0006503506701430E+0","-2.2642784725536405E-23","1.1719193564919402E-2","2.4315258948153934E-13","-1.8186247980580149E-3","1.3975864652098058E-10","3.0003691220814801E+0","1.3980023475298924E+0","8.1269166754319727E+1","1.3814984833788500E+0","3.054200000000000E-6"
"1014","1.0006599262348790E+0","-2.2109790629626089E-23","1.1724411658701778E-2","3.4029884472491314E-13","-1.8435608527907206E-3","8.2570683959900313E-11","3.0003686957452400E+0","1.3989632398848431E+0","8.1325025688437705E+1","1.3848321846005600E+0","3.054200000000000E-6"
"1013","1.0006696168345948E+0","-2.5235694529711288E-23","1.1729572701200095E-2","2.2776147525497002E-13","-1.8687872232997951E-3","3.2073628442392689E-11","3.0003682715837399E+0","1.3999232314969983E+0","8.1380832260257009E+1","1.3881483452417700E+0","3.054200000000000E-6"
"1012","1.0006794203680316E+0","-2.5856757205387192E-23","1.1734676165366985E-2","6.3957207834995249E-13","-1.8942981258149899E-3","3.0011631395705120E-10","3.0003678496103201E+0","1.4008823286029346E+0","8.1436586832324537E+1","1.3914468242079701E+0","3.054200000000000E-6"
"1011","1.0006893345848618E+0","-3.0273250271688588E-23","1.1739721583950544E-2","-6.1038924149182929E-13","-1.9200873408528507E-3","-1.8013835187944922E-10","3.0003674298362601E+0","1.4018405393274951E+0","8.1492289876956519E+1","1.3947274608735101E+0","3.054200000000000E-6"
"1010","1.0006993570908282E+0","-3.2013617600983873E-23","1.1744708550711021E-2","8.8948891205504091E-14","-1.9461483620785331E-3","1.3702874519917582E-11","3.0003670122702402E+0","1.4027978735976343E+0","8.1547941971230216E+1","1.3979900731304600E+0","3.054200000000000E-6"
"1009","1.0007094853564158E+0","-2.7290798874340417E-23","1.1749636722041023E-2","-3.3242345222785011E-13","-1.9724742496311756E-3","-1.0950864441739734E-10","3.0003665969189099E+0","1.4037543432244246E+0","8.1603543801751030E+1","1.4012345769203800E+0","3.054200000000000E-6"
"1008","1.0007197167231963E+0","-2.6234919635882176E-23","1.1754505817595904E-2","-6.7350053990569100E-14","-1.9990577831510907E-3","-2.2657535068171988E-11","3.0003661837863702E+0","1.4047099617931287E+0","8.1659096158262273E+1","1.4044608305188599E+0","3.054200000000000E-6"
"1007","1.0007300484134172E+0","-2.6601619141184253E-23","1.1759315620888436E-2","3.1120919437799476E-13","-2.0258914115692315E-3","1.1904140579727352E-10","3.0003657728744901E+0","1.4056647446614809E+0","8.1714599933545188E+1","1.4076687594638200E+0","3.054200000000000E-6"
"1006","1.0092768210559486E+0","-4.1631304668439464E-23","1.0083770008536497E-2","-5.2968774843119483E-15","-1.5033977138386818E-2","-1.2428194941163255E-14","3.0003653710197700E+0","2.8919622683726494E+0","1.6811657308790907E+2","5.3513877514192401E+1","3.054200000000000E-6"
"1005","1.0092737924859045E+0","-4.2311267811473693E-23","1.0089254960498029E-2","-5.2582492385255471E-15","-1.5035876993930384E-2","-1.2133565398875589E-14","3.0003649737354001E+0","2.8914773429493081E+0","1.6808838323174569E+2","5.3317014245618303E+1","3.054200000000000E-6"
"1004","1.0092707673200985E+0","-4.1704634229742784E-23","1.0094724685727642E-2","-4.8146333110690912E-15","-1.5037764667203054E-2","-1.1521570389323188E-14","3.0003645775160801E+0","2.8909923544708995E+0","1.6806018971004283E+2","5.3121114052102399E+1","3.054200000000000E-6"
"1003","1.0092677455469827E+0","-4.1419194879866088E-23","1.0100179243630214E-2","-6.4877660824717040E-15","-1.5039640211285588E-2","-1.6269409427662262E-14","3.0003641823580800E+0","2.8905073033476092E+0","1.6803199254664557E+2","5.2926170809551998E+1","3.054200000000000E-6"
"1002","1.0092647271550392E+0","-4.1436586352244835E-23","1.0105618693307974E-2","-5.5887498821737780E-15","-1.5041503678927643E-2","-1.2824949882655443E-14","3.0003637882576899E+0","2.8900221899863605E+0","1.6800379176520931E+2","5.2732178439941997E+1","3.054200000000000E-6"
"1001","1.0092617121327836E+0","-4.1182393750006962E-23","1.0111043093557971E-2","-4.9740509851525470E-15","-1.5043355122547180E-2","-1.3507708231405671E-14","3.0003633952112101E+0","2.8895370147908372E+0","1.6797558738920114E+2","5.2539130912433698E+1","3.054200000000000E-6"
"1000","1.0092587004687619E+0","-4.1685691793714621E-23","1.0116452502871602E-2","-6.3418890051686344E-15","-1.5045194594263699E-2","-1.3178718032637327E-14","3.0003630032149502E+0","2.8890517781615106E+0","1.6794737944190138E+2","5.2347022242155703E+1","3.054200000000000E-6"
"999","1.0092556921515532E+0","-4.2619454628195153E-23","1.0121846979443667E-2","-6.1049505021182910E-15","-1.5047022145847024E-2","-1.4081634661916002E-14","3.0003626122652598E+0","2.8885664804956770E+0","1.6791916794640582E+2","5.2155846489065397E+1","3.054200000000000E-6"
"998","1.0092526871697696E+0","-4.3212998076732827E-23","1.0127226581166316E-2","-6.0639437011870288E-15","-1.5048837828776572E-2","-1.5778204051269113E-14","3.0003622223584898E+0","2.8880811221874798E+0","1.6789095292562698E+2","5.1965597759340497E+1","3.054200000000000E-6"
"997","1.0092496855120539E+0","-4.1485369328870835E-23","1.0132591365635858E-2","-6.2768137666119146E-15","-1.5050641694205821E-2","-1.5078506556820658E-14","3.0003618334909898E+0","2.8875957036279472E+0","1.6786273440229616E+2","5.1776270203415699E+1","3.054200000000000E-6"
"996","1.0092466871670818E+0","-4.2031039699456653E-23","1.0137941390153718E-2","-5.3142180313998433E-15","-1.5052433792976633E-2","-1.1674745811001110E-14","3.0003614456591698E+0","2.8871102252050136E+0","1.6783451239896496E+2","5.1587858016351397E+1","3.054200000000000E-6"
"995","1.0092436921235619E+0","-4.1860516416178863E-23","1.0143276711726323E-2","-6.1694343156241102E-15","-1.5054214175613645E-2","-1.3762157601933019E-14","3.0003610588594101E+0","2.8866246873035477E+0","1.6780628693800668E+2","5.1400355437399803E+1","3.054200000000000E-6"
"994","1.0092407003702342E+0","-4.1167152947221630E-23","1.0148597387067974E-2","-5.4657799346378823E-15","-1.5055982892348293E-2","-1.4546175384230809E-14","3.0003606730881400E+0","2.8861390903053872E+0","1.6777805804161846E+2","5.1213756749328297E+1","3.054200000000000E-6"
"993","1.0092377118958717E+0","-4.0964555735692107E-23","1.0153903472602931E-2","-5.4369257769355347E-15","-1.5057739993094375E-2","-1.4117783820683354E-14","3.0003602883417799E+0","2.8856534345893623E+0","1.6774982573182260E+2","5.1028056278268501E+1","3.054200000000000E-6"
"992","1.0092347266892805E+0","-4.0514445405370483E-23","1.0159195024467143E-2","-6.0439228607264321E-15","-1.5059485527466769E-2","-1.3840259432530779E-14","3.0003599046167899E+0","2.8851677205313244E+0","1.6772159003046821E+2","5.0843248393227697E+1","3.054200000000000E-6"
"991","1.0092317447392987E+0","-4.1224579961247485E-23","1.0164472098507913E-2","-6.1424411209832657E-15","-1.5061219544775566E-2","-1.4130778057215259E-14","3.0003595219096200E+0","2.8846819485041699E+0","1.6769335095923262E+2","5.0659327506115503E+1","3.054200000000000E-6"
"990","1.0092287660347958E+0","-4.1282441245095433E-23","1.0169734750290326E-2","-5.3368554913392158E-15","-1.5062942094033614E-2","-1.3379464240472446E-14","3.0003591402167702E+0","2.8841961188778771E+0","1.6766510853962356E+2","5.0476288070442997E+1","3.054200000000000E-6"
"989","1.0092257905646773E+0","-4.1348388219431221E-23","1.0174983035092115E-2","-5.4219768155276623E-15","-1.5064653223958674E-2","-1.1898438510560628E-14","3.0003587595347101E+0","2.8837102320195189E+0","1.6763686279297985E+2","5.0294124582085601E+1","3.054200000000000E-6"
"988","1.0092228183178777E+0","-4.1876005373148087E-23","1.0180217007911311E-2","-6.2852141101632148E-15","-1.5066352982966002E-2","-1.4399778375060127E-14","3.0003583798599700E+0","2.8832242882933024E+0","1.6760861374047369E+2","5.0112831578422103E+1","3.054200000000000E-6"
"987","1.0009528273817589E+0","-3.3100104464635657E-23","1.1843260599180765E-2","-4.7487987645379007E-15","-2.6018404296042109E-3","-9.8292594652048501E-12","3.0003580051147001E+0","1.4246206301760667E+0","8.2816550172457582E+1","1.4680145963352700E+0","3.054200000000000E-6"
"986","1.0009645162036693E+0","-3.1724353179474340E-23","1.1846878186408833E-2","1.8230158751900425E-13","-2.6319140937653652E-3","2.5999959081468414E-11","3.0003576376999099E+0","1.4255636002387073E+0","8.2871367241542259E+1","1.4708501890773400E+0","3.054200000000000E-6"
"985","1.0009762336104275E+0","-3.2151271433371148E-23","1.1850445379187103E-2","-6.6440661892882698E-16","-2.6620461253411632E-3","-4.1491690475635622E-13","3.0003572720838800E+0","1.4265063301857865E+0","8.2926170352144212E+1","1.4736698328435500E+0","3.054200000000000E-6"
"984","1.0009879766553793E+0","-3.1974089817585643E-23","1.1853962985942554E-2","-3.3382418100671941E-14","-2.6922287438632952E-3","-2.3025259286510885E-11","3.0003569082355601E+0","1.4274488488543315E+0","8.2980961180627716E+1","1.4764737558033101E+0","3.054200000000000E-6"
"983","1.0009997424679231E+0","-3.2158229318926205E-23","1.1857431828237843E-2","4.5717597766406847E-14","-2.7224543767173696E-3","6.5966551987409252E-12","3.0003565461237298E+0","1.4283911844874511E+0","8.3035741368831140E+1","1.4792621814310001E+0","3.054200000000000E-6"
"982","1.0010115282553311E+0","-3.1447171939679254E-23","1.1860852738780594E-2","2.6625244198005073E-13","-2.7527156580319833E-3","3.8442751159072793E-11","3.0003561857170902E+0","1.4293333646919302E+0","8.3090512521601894E+1","1.4820353454492501E+0","3.054200000000000E-6"
"981","1.0010233313059458E+0","-3.1339898246458702E-23","1.1864226558698985E-2","-5.7022434116168979E-14","-2.7830054410212740E-3","-1.2664436294803687E-11","3.0003558269843098E+0","1.4302754163749929E+0","8.3145276203120233E+1","1.4847934858505401E+0","3.054200000000000E-6"
"980","1.0010351489904330E+0","-3.1662965266917762E-23","1.1867554135479467E-2","6.6654912053391644E-14","-2.8133168147482690E-3","1.3072489728927171E-11","3.0003554698940502E+0","1.4312173656949725E+0","8.3200033934031623E+1","1.4875368280257300E+0","3.054200000000000E-6"
"979","1.0010469787635579E+0","-3.1165599659165790E-23","1.1870836320910651E-2","-1.9552003573506133E-13","-2.8436430807119175E-3","-2.6190264185376506E-11","3.0003551144151799E+0","1.4321592380425006E+0","8.3254787190353255E+1","1.4902656164994901E+0","3.054200000000000E-6"
"978","1.0010588181648017E+0","-3.1592798378988539E-23","1.1874073969098667E-2","1.5919072922369290E-13","-2.8739777847652491E-3","2.2332638251725862E-11","3.0003547605166498E+0","1.4331010579886394E+0","8.3309537400458794E+1","1.4929800785760801E+0","3.054200000000000E-6"
"977","1.0010706648193746E+0","-3.1604183098403766E-23","1.1877267934642123E-2","5.6595873385263445E-15","-2.9043146879514149E-3","-5.8548024876755722E-12","3.0003544081677598E+0","1.4340428492800554E+0","8.3364285944797857E+1","1.4956804506189700E+0","3.054200000000000E-6"
"976","1.0010825164379917E+0","-3.1455221441016067E-23","1.1880419070953920E-2","-2.0051085346956173E-14","-2.9346477963009252E-3","-2.3785648292415668E-12","3.0003540573380101E+0","1.4349846347998394E+0","8.3419034153618369E+1","1.4983669677109299E+0","3.054200000000000E-6"
"975","1.0010943708172144E+0","-3.1466761095237269E-23","1.1883528228641608E-2","3.7396261410718608E-14","-2.9649713398050581E-3","6.4343204811404697E-12","3.0003537079972902E+0","1.4359264365659064E+0","8.3473783306873543E+1","1.5010398545663000E+0","3.054200000000000E-6"
"974","1.0011062258388752E+0","-3.1870424587928121E-23","1.1886596254098127E-2","-1.2249878016856393E-13","-2.9952797777583039E-3","-1.0816083392250210E-11","3.0003533601158701E+0","1.4368682757177735E+0","8.3528534633453276E+1","1.5036993438271999E+0","3.054200000000000E-6"
"973","1.0011180794694361E+0","-3.1147941776468894E-23","1.1889623988128432E-2","-4.4794686577482438E-14","-3.0255678008301867E-3","-1.1910800165479039E-11","3.0003530136644398E+0","1.4378101725077295E+0","8.3583289310670764E+1","1.5063456581270600E+0","3.054200000000000E-6"
"972","1.0011299297591911E+0","-3.0856976472359709E-23","1.1892612264762447E-2","-1.2886278562073220E-13","-3.0558303217747972E-3","-1.6421529243569820E-11","3.0003526686141302E+0","1.4387521463050634E+0","8.3638048464508373E+1","1.5089790210327301E+0","3.054200000000000E-6"
"971","1.0011417748410134E+0","-3.0933101645639142E-23","1.1895561910168677E-2","3.5916926444526854E-14","-3.0860624767863692E-3","-1.1766951415680806E-12","3.0003523249365900E+0","1.4396942155960279E+0","8.3692813169615476E+1","1.5115996490364501E+0","3.054200000000000E-6"
"970","1.0011536129292620E+0","-3.1180011181077330E-23","1.1898473741615281E-2","-1.2425326068898934E-13","-3.1162596170461552E-3","-1.2042158421425542E-11","3.0003519826039602E+0","1.4406363979924515E+0","8.3747584449809125E+1","1.5142077593334400E+0","3.054200000000000E-6"
"969","1.0011654423181970E+0","-3.1073443176317044E-23","1.1901348566581045E-2","-7.9266072875981328E-14","-3.1464173120481051E-3","-9.5514587970773503E-12","3.0003516415889102E+0","1.4415787102360289E+0","8.3802363278323426E+1","1.5168035636719099E+0","3.054200000000000E-6"
"968","1.0011772613803476E+0","-3.1181289433616549E-23","1.1904187182023490E-2","-1.4006898773960652E-13","-3.1765313377761385E-3","-1.2869081999459786E-11","3.0003513018646699E+0","1.4425211682165928E+0","8.3857150578871753E+1","1.5193872693641199E+0","3.054200000000000E-6"
"967","1.0011890685649281E+0","-3.1463937048925122E-23","1.1906990373579875E-2","-3.1398265048287767E-14","-3.2065976765990279E-3","-1.1436837882988281E-11","3.0003509634050500E+0","1.4434637869813769E+0","8.3911947226185220E+1","1.5219590770758000E+0","3.054200000000000E-6"
"966","1.0012008623958086E+0","-3.1571496377951723E-23","1.1909758915062296E-2","-1.1169582044636696E-13","-3.2366125103073413E-3","-4.6125462510782304E-12","3.0003506261844102E+0","1.4444065807550319E+0","8.3966754047176238E+1","1.5245191886107301E+0","3.054200000000000E-6"
"965","1.0091582224089537E+0","-4.0967326790743559E-23","1.0291851334453322E-2","-4.7810534569349946E-15","-1.5100965234126903E-2","-1.1325018589041736E-14","3.0003502749967499E+0","2.8725198412490101E+0","1.6698633904015401E+2","4.6334063451817798E+1","3.054200000000000E-6"
"964","1.0091553213202129E+0","-4.1190582838072003E-23","1.0296770686836232E-2","-3.7943844759334693E-15","-1.5102416175992775E-2","-1.1686378705473741E-14","3.0003499175620698E+0","2.8720326838549957E+0","1.6695801943428233E+2","4.6171374158569797E+1","3.054200000000000E-6"
"963","1.0091524231990892E+0","-4.0755671951506879E-23","1.0301676966786489E-2","-5.5020619953171558E-15","-1.5103856825496274E-2","-1.5491774688195070E-14","3.0003495610554700E+0","2.8715454775372136E+0","1.6692969698435684E+2","4.6009435809552500E+1","3.054200000000000E-6"
"962","1.0091495280353395E+0","-4.0618587444491662E-23","1.0306570222768567E-2","-5.1066287252384436E-15","-1.5105287224305696E-2","-1.3933682359029957E-14","3.0003492054738201E+0","2.8710582225959707E+0","1.6690137170783518E+2","4.5848243871264501E+1","3.054200000000000E-6"
"961","1.0091466358187520E+0","-4.0845524445546078E-23","1.0311450503007816E-2","-4.0985278046366384E-15","-1.5106707413836235E-2","-9.7897292795603173E-15","3.0003488508140199E+0","2.8705709193293161E+0","1.6687304362204358E+2","4.5687793843963803E+1","3.054200000000000E-6"
"960","1.0091437465391455E+0","-4.0842587954371499E-23","1.0316317855488944E-2","-6.0197609695720907E-15","-1.5108117435254750E-2","-1.4071471104250651E-14","3.0003484970729701E+0","2.8700835680330461E+0","1.6684471274417740E+2","4.5528081260295600E+1","3.054200000000000E-6"
"959","1.0091408601863758E+0","-4.0636682020391937E-23","1.0321172327954459E-2","-5.2920089286043047E-15","-1.5109517329497970E-2","-1.2546920624984755E-14","3.0003481442475999E+0","2.8695961690007277E+0","1.6681637909130239E+2","4.5369101685895799E+1","3.054200000000000E-6"
"958","1.0013003905667612E+0","-3.0935123068260785E-23","1.1931996593701871E-2","-1.8544070167654492E-14","-3.4891950579847677E-3","-9.8454686180725309E-13","3.0003478064531599E+0","1.4524290895003944E+0","8.4433121362057236E+1","1.5458340844810201E+0","3.054200000000000E-6"
"957","1.0013119970115576E+0","-3.0382059770951965E-23","1.1934472036115891E-2","-1.0373128916397199E-14","-3.5185650424156014E-3","2.3875186586713739E-12","3.0003474798384402E+0","1.4533741100169411E+0","8.4488057628853340E+1","1.5482921064673201E+0","3.054200000000000E-6"
"956","1.0013235786068391E+0","-3.0825868018981038E-23","1.1936920143675523E-2","-1.0395336071550023E-13","-3.5478540895908265E-3","-5.6016550294439747E-12","3.0003471542294902E+0","1.4543194104611767E+0","8.4543010168504850E+1","1.5507402368108900E+0","3.054200000000000E-6"
"955","1.0013351345886816E+0","-2.9433469723991709E-23","1.1939341531883682E-2","-4.7178333029152485E-14","-3.5770602771551994E-3","-1.0333009283106823E-12","3.0003468296074201E+0","1.4552649971547691E+0","8.4597979348505149E+1","1.5531786227385700E+0","3.054200000000000E-6"
"954","1.0013466642419924E+0","-3.0544745517925948E-23","1.1941736802122970E-2","-2.7405449716651909E-14","-3.6061818092823551E-3","-1.7372096979631657E-12","3.0003465059539298E+0","1.4562108758854755E+0","8.4652965505310220E+1","1.5556074078153901E+0","3.054200000000000E-6"
"953","1.0013581668986089E+0","-2.9924840857242491E-23","1.1944106541674961E-2","-8.4685609443554341E-14","-3.6352170154936064E-3","-9.0838776606137549E-12","3.0003461832512501E+0","1.4571570519265917E+0","8.4707968945469162E+1","1.5580267240105701E+0","3.054200000000000E-6"
"952","1.0013696419353166E+0","-2.9973127525500707E-23","1.1946451323875014E-2","-1.1137877771980690E-14","-3.6641643456322695E-3","-2.2614199035346019E-12","3.0003458614821201E+0","1.4581035300607612E+0","8.4762989947008279E+1","1.5604367040867799E+0","3.054200000000000E-6"
"951","1.0013810887720163E+0","-2.8395156429963839E-23","1.1948771708247515E-2","-9.4964285190311657E-14","-3.6930223604259818E-3","-6.8154492990393610E-12","3.0003455406298598E+0","1.4590503146055191E+0","8.4818028760916079E+1","1.5628374773464599E+0","3.054200000000000E-6"
"950","1.0013925068697547E+0","-2.7981126683986440E-23","1.1951068240707113E-2","-7.7742552038297455E-14","-3.7217897320678687E-3","-4.6277095463501993E-12","3.0003452206782200E+0","1.4599974094325590E+0","8.4873085612263168E+1","1.5652291652897401E+0","3.054200000000000E-6"
"949","1.0014038957290545E+0","-2.7681578734786796E-23","1.1953341453696600E-2","-6.9382163085317817E-14","-3.7504652353860250E-3","-2.5143401051176073E-12","3.0003449016115100E+0","1.4609448179913986E+0","8.4928160701578193E+1","1.5676118897574300E+0","3.054200000000000E-6"
"948","1.0014152548880644E+0","-2.6959703384090741E-23","1.1955591866424366E-2","3.8371604148507855E-15","-3.7790477451386329E-3","3.8134542543574886E-12","3.0003445834144999E+0","1.4618925433298933E+0","8.4983254206040115E+1","1.5699857638749799E+0","3.054200000000000E-6"
"947","1.0014265839209435E+0","-2.6923286757623161E-23","1.1957819985051228E-2","-9.1978196957606722E-14","-3.8075362295027656E-3","-3.1683431097090409E-12","3.0003442660724300E+0","1.4628405881157334E+0","8.5038366280728070E+1","1.5723509005787599E+0","3.054200000000000E-6"
"946","1.0014378824361365E+0","-2.7158831606926735E-23","1.1960026302929284E-2","1.1728033291805051E-15","-3.8359297497344990E-3","1.0922744602325932E-12","3.0003439495710098E+0","1.4637889546539169E+0","8.5093497059637002E+1","1.5747074051445700E+0","3.054200000000000E-6"
"945","1.0014491500748446E+0","-2.6878339831088770E-23","1.1962211300829561E-2","-5.9333215985749549E-14","-3.8642274505601127E-3","-1.4618959118907008E-12","3.0003436338963798E+0","1.4647376449094862E+0","8.5148646656999475E+1","1.5770553815816499E+0","3.054200000000000E-6"
"944","1.0091007529602625E+0","-3.9835929828410021E-23","1.0387808721734490E-2","-4.7464501257915371E-15","-1.5128074850848994E-2","-1.2435971961833566E-14","3.0003432991458001E+0","2.8627677295264142E+0","1.6641942583346969E+2","4.3217945773579103E+1","3.054200000000000E-6"
"943","1.0090979093144314E+0","-4.0450793857235929E-23","1.0392475565229225E-2","-4.2423565106998660E-15","-1.5129327588575827E-2","-9.9125087783726747E-15","3.0003429596951299E+0","2.8622796482258299E+0","1.6639105251873460E+2","4.3069450599993800E+1","3.054200000000000E-6"
"942","1.0090950684374838E+0","-4.0828691320080711E-23","1.0397130261273309E-2","-4.3950593400407488E-15","-1.5130570822246498E-2","-1.0627811124995445E-14","3.0003426211126700E+0","2.8617915235989115E+0","1.6636267668533776E+2","4.2921621710877098E+1","3.054200000000000E-6"
"941","1.0090922303198202E+0","-4.0700767838349382E-23","1.0401772853759332E-2","-4.2594344597149521E-15","-1.5131804588905229E-2","-1.1379298007615920E-14","3.0003422833955802E+0","2.8613033559042296E+0","1.6633429834831043E+2","4.2774455187022902E+1","3.054200000000000E-6"
"940","1.0090893949518722E+0","-4.0360176221130640E-23","1.0406403386367431E-2","-3.6228256673768660E-15","-1.5133028925374860E-2","-1.0949048598653338E-14","3.0003419465409999E+0","2.8608151453984583E+0","1.6630591752257374E+2","4.2627947137581103E+1","3.054200000000000E-6"
"939","1.0090865623241052E+0","-4.0403065535891563E-23","1.0411021902562408E-2","-3.9682573772036269E-15","-1.5134243868270942E-2","-1.0470709638576253E-14","3.0003416105461000E+0","2.8603268923363858E+0","1.6627753422293910E+2","4.2482093699075101E+1","3.054200000000000E-6"
"938","1.0015326447360786E+0","-2.4708660593999832E-23","1.1977964551415768E-2","-6.3507903438978076E-14","-4.0733401794821964E-3","-3.1046489651332179E-12","3.0003412914043701E+0","1.4718632588725586E+0","8.5562875367283851E+1","1.5944029117790099E+0","3.054200000000000E-6"
"937","1.0015436394734953E+0","-2.5297623529895256E-23","1.1979986061440604E-2","-3.3467006836495322E-14","-4.1007995255062431E-3","-7.4850166028522092E-13","3.0003409822567799E+0","1.4728147388597308E+0","8.5618187138310219E+1","1.5966820925682299E+0","3.054200000000000E-6"
"936","1.0015546012866583E+0","-2.5451685918983799E-23","1.1981990238301666E-2","2.0849086171602915E-14","-4.1281585075637547E-3","1.0460424698064820E-12","3.0003406738244802E+0","1.4737665474533512E+0","8.5673518012002816E+1","1.5989535595535800E+0","3.054200000000000E-6"
"935","1.0015655300778030E+0","-2.6179129229177562E-23","1.1983977445704896E-2","-4.1409907490680509E-14","-4.1554169549237975E-3","-1.4544797339667363E-12","3.0003403660975900E+0","1.4747186840223148E+0","8.5728867951674033E+1","1.6012173827335101E+0","3.054200000000000E-6"
"934","1.0015764257673967E+0","-2.5553118941597338E-23","1.1985948037630173E-2","-8.3461004688216795E-14","-4.1825747447703249E-3","-3.9692280620476430E-12","3.0003400590665601E+0","1.4756711477664211E+0","8.5784236910806314E+1","1.6034736283671100E+0","3.054200000000000E-6"
"933","1.0015872882930881E+0","-2.5927542245869799E-23","1.1987902358638284E-2","-1.5554553224177783E-14","-4.2096317991153018E-3","-9.0242957487730896E-13","3.0003397527221498E+0","1.4766239377288035E+0","8.5839624833774764E+1","1.6057223604815900E+0","3.054200000000000E-6"
"932","1.0015981176088327E+0","-2.6167295376539504E-23","1.1989840744093037E-2","-6.7146226360466931E-14","-4.2365880810367740E-3","-4.1578924387653581E-12","3.0003394470554099E+0","1.4775770528070966E+0","8.5895031656496286E+1","1.6079636410718099E+0","3.054200000000000E-6"
"931","1.0016089136839574E+0","-2.6287221055722832E-23","1.1991763520409341E-2","-5.3783266138990897E-14","-4.2634435952102218E-3","-2.0922659843675979E-12","3.0003391420576602E+0","1.4785304917618416E+0","8.5950457306918210E+1","1.6101975295177400E+0","3.054200000000000E-6"
"930","1.0016196765024183E+0","-2.6563571758619055E-23","1.1993671005253838E-2","-2.2019846832281829E-14","-4.2901983827958543E-3","-9.2639967634572692E-13","3.0003388377205198E+0","1.4794842532274288E+0","8.6005901705654466E+1","1.6124240817987501E+0","3.054200000000000E-6"
"929","1.0016304060618364E+0","-2.5754273756933296E-23","1.1995563507860543E-2","-1.9785546565579743E-14","-4.3168525208989155E-3","1.1505572743820641E-13","3.0003385340358601E+0","1.4804383357213882E+0","8.6061364766525529E+1","1.6146433531365600E+0","3.054200000000000E-6"
"928","1.0016411023728828E+0","-2.6504076793061020E-23","1.1997441329163059E-2","-4.0345477874753033E-14","-4.3434061198512368E-3","-3.1682444303880703E-12","3.0003382309958200E+0","1.4813927376521066E+0","8.6116846397007222E+1","1.6168553946346200E+0","3.054200000000000E-6"
"927","1.0016517654584314E+0","-2.6096788569076305E-23","1.1999304762093144E-2","-5.7681683115410496E-15","-4.3698593227157970E-3","-2.5603453163268621E-13","3.0003379285927800E+0","1.4823474573271858E+0","8.6172346498716450E+1","1.6190602569463000E+0","3.054200000000000E-6"
"926","1.0016623953529080E+0","-2.5568654427477945E-23","1.2001154091774584E-2","-5.4230246096524307E-14","-4.3962123003676457E-3","-3.3325368747316850E-12","3.0003376268193498E+0","1.4833024929627494E+0","8.6227864967952272E+1","1.6212579881522899E+0","3.054200000000000E-6"
"925","1.0090499832379847E+0","-3.9720869005203813E-23","1.0469988515284330E-2","-4.2000178427287278E-15","-1.5149199590058386E-2","-1.2836603351506749E-14","3.0003373195781902E+0","2.8539758425063440E+0","1.6590833274869649E+2","4.0643860172712699E+1","3.054200000000000E-6"
"924","1.0090471879890723E+0","-4.0190190605250969E-23","1.0474443248921784E-2","-3.8360066380132234E-15","-1.5150286751168029E-2","-1.1931849026962448E-14","3.0003369953285199E+0","2.8534870193921207E+0","1.6587991631058867E+2","4.0506780723080198E+1","3.054200000000000E-6"
"923","1.0090443953410644E+0","-4.0545588755434784E-23","1.0478886593338163E-2","-3.8841966312296568E-15","-1.5151365043250889E-2","-1.1654236391306288E-14","3.0003366718975402E+0","2.8529981573281713E+0","1.6585149760824157E+2","4.0370301128393699E+1","3.054200000000000E-6"
"922","1.0090416052849229E+0","-4.0211242351840895E-23","1.0483318588748042E-2","-5.1281417152972470E-15","-1.5152434499697994E-2","-1.4396799898090934E-14","3.0003363492826098E+0","2.8525092565412722E+0","1.6582307665483830E+2","4.0234417941443397E+1","3.054200000000000E-6"
"921","1.0090388178116410E+0","-4.0603222564614196E-23","1.0487739275172698E-2","-3.8605217422400884E-15","-1.5153495153707059E-2","-1.0606007365858921E-14","3.0003360274810902E+0","2.8520203172565712E+0","1.6579465346346720E+2","4.0099127738999698E+1","3.054200000000000E-6"
"920","1.0090360329122432E+0","-4.0460244395734420E-23","1.0492148692440247E-2","-3.2799685880505880E-15","-1.5154547038288795E-2","-9.7517272826124447E-15","3.0003357064903899E+0","2.8515313396976043E+0","1.6576622804712292E+2","3.9964427122035502E+1","3.054200000000000E-6"
"919","1.0090332505777839E+0","-4.0509378924120196E-23","1.0496546880190041E-2","-4.0228870374700070E-15","-1.5155590186262027E-2","-1.3444829248975289E-14","3.0003353863078899E+0","2.8510423240863125E+0","1.6573780041870745E+2","3.9830312715151301E+1","3.054200000000000E-6"
"918","1.0017514182791403E+0","-2.4879918000075192E-23","1.2016341307482019E-2","-4.1618003650033443E-14","-4.6162007032133070E-3","-1.2937141748261561E-13","3.0003350862125502E+0","1.4914327699269485E+0","8.6700497103033982E+1","1.6396567360727701E+0","3.054200000000000E-6"
"917","1.0017617364125877E+0","-2.5104471686989335E-23","1.2018069508101678E-2","-6.1991177998353034E-14","-4.6416148216142745E-3","-1.9195638858961337E-12","3.0003347900936399E+0","1.4923907044831408E+0","8.6756184093348764E+1","1.6417887384344301E+0","3.054200000000000E-6"
"916","1.0017720222624482E+0","-2.5131205130411896E-23","1.2019786179322286E-2","-1.7278907265291838E-14","-4.6669319152009593E-3","-9.5398939557685313E-13","3.0003344945394299E+0","1.4933489322996774E+0","8.6811888131577533E+1","1.6439139999609900E+0","3.054200000000000E-6"
"915","1.0017822759549551E+0","-2.4613007495921616E-23","1.2021491530809607E-2","-2.5802422041861599E-14","-4.6921523890601485E-3","-1.0552872132935914E-12","3.0003341995447701E+0","1.4943074509659420E+0","8.6867609077585556E+1","1.6460325485588001E+0","3.054200000000000E-6"
"914","1.0017924976214605E+0","-2.4477572180253050E-23","1.2023185766780544E-2","-4.1854542039294710E-14","-4.7172766613849445E-3","-1.3120734299214644E-12","3.0003339051046898E+0","1.4952662580459886E+0","8.6923346789765503E+1","1.6481444108857799E+0","3.054200000000000E-6"
"913","1.0018026873981345E+0","-2.2915446763325619E-23","1.2024869086134662E-2","-1.8691739207554816E-14","-4.7423051623142806E-3","-1.0030235740979482E-12","3.0003336112143200E+0","1.4962253510819046E+0","8.6979101125233171E+1","1.6502496124247299E+0","3.054200000000000E-6"
"912","1.0018128454255628E+0","-2.2694620559046480E-23","1.2026541682642914E-2","-2.0142366828587372E-14","-4.7672383329138701E-3","-4.7871284663029087E-13","3.0003333178689702E+0","1.4971847275976238E+0","8.7034871940048987E+1","1.6523481769819099E+0","3.054200000000000E-6"
"911","1.0018229718484291E+0","-2.2271290201057201E-23","1.2028203745100760E-2","-4.5860617497553199E-14","-4.7920766240243480E-3","-1.8137868170868339E-12","3.0003330250640898E+0","1.4981443851022531E+0","8.7090659089411474E+1","1.6544401267123701E+0","3.054200000000000E-6"
"910","1.0018330668152469E+0","-2.2131372600443714E-23","1.2029855457428410E-2","2.9822354482063813E-15","-4.8168204966138927E-3","3.9332669322284615E-13","3.0003327327952500E+0","1.4991043210917330E+0","8.7146462427753761E+1","1.6565254834381899E+0","3.054200000000000E-6"
"909","1.0018431304780495E+0","-2.0584824028427226E-23","1.2031496998844546E-2","6.1569073313594998E-15","-4.8414704192156046E-3","3.3426313783277240E-13","3.0003324410581498E+0","1.5000645330530549E+0","8.7202281808988729E+1","1.6586042673864900E+0","3.054200000000000E-6"
"908","1.0018531629920921E+0","-2.0803608130569743E-23","1.2033128544005312E-2","-5.8159827128342079E-14","-4.8660268685985653E-3","-2.4202948488793726E-12","3.0003321498486200E+0","1.5010250184659917E+0","8.7258117086609673E+1","1.6606764974254600E+0","3.054200000000000E-6"
"907","1.0018631645156082E+0","-2.1305417249175556E-23","1.2034750263116538E-2","-4.6774326995392285E-14","-4.8904903291919410E-3","-2.3086795054496645E-12","3.0003318591626198E+0","1.5019857748051675E+0","8.7313968113810532E+1","1.6627421921199299E+0","3.054200000000000E-6"
"906","1.0018731352095795E+0","-2.1085407885751555E-23","1.2036362322071727E-2","-8.7302419162203602E-14","-4.9148612912221544E-3","-2.8503047788743448E-12","3.0003315689962098E+0","1.5029467995431394E+0","8.7369834743665081E+1","1.6648013680807501E+0","3.054200000000000E-6"
"905","1.0018830752374692E+0","-2.1643837517285811E-23","1.2037964882573131E-2","-3.2438008648879359E-14","-4.9391402511692563E-3","-1.4798323957219127E-12","3.0003312793455699E+0","1.5039080901517567E+0","8.7425716829206024E+1","1.6668540408169601E+0","3.054200000000000E-6"
"904","1.0089945622762133E+0","-4.0641603745035486E-23","1.0556964161295000E-2","-3.5434999322311236E-15","-1.5169294858909332E-2","-1.0754861293372655E-14","3.0003309871828301E+0","2.8441922306298411E+0","1.6533958836392779E+2","3.8012427986169101E+1","3.054200000000000E-6"
"903","1.0089918173628452E+0","-4.0634965620619486E-23","1.0561198536276703E-2","-2.8641500832107745E-15","-1.5170210772682874E-2","-8.6038469887304255E-15","3.0003306788185302E+0","2.8437026698199790E+0","1.6531112904183630E+2","3.7886717317477299E+1","3.054200000000000E-6"
"902","1.0089890748753687E+0","-4.0572699600009624E-23","1.0565422290854816E-2","-4.2885539479350169E-15","-1.5171118450495054E-2","-1.2117465264967462E-14","3.0003303712222800E+0","2.8432130743021493E+0","1.6528266770208890E+2","3.7761541941109201E+1","3.054200000000000E-6"
"901","1.0089863348053434E+0","-4.0076577348115707E-23","1.0569635461585028E-2","-3.6401503547667643E-15","-1.5172017922164108E-2","-1.1039140510170220E-14","3.0003300643916702E+0","2.8427234442730982E+0","1.6525420435612301E+2","3.7636898858907202E+1","3.054200000000000E-6"
"900","1.0089835971443599E+0","-3.8641067433575993E-23","1.0573838084849834E-2","-4.4178080684581527E-15","-1.5172909217341499E-2","-1.3235259536438284E-14","3.0003297583242898E+0","2.8422337799281969E+0","1.6522573901529597E+2","3.7512785092803298E+1","3.054200000000000E-6"
"899","1.0089808618840357E+0","-3.9916476540556102E-23","1.0578030196862053E-2","-3.2534104542581971E-15","-1.5173792365516151E-2","-1.2036587404824175E-14","3.0003294530177400E+0","2.8417440814614592E+0","1.6519727169088628E+2","3.7389197685118504E+1","3.054200000000000E-6"
"898","1.0089781290160200E+0","-4.0130633601145926E-23","1.0582211833661655E-2","-3.0818461063139071E-15","-1.5174667396013503E-2","-1.1658555876252074E-14","3.0003291484696302E+0","2.8412543490655446E+0","1.6516880239409372E+2","3.7266133698604001E+1","3.054200000000000E-6"
"897","1.0089753985319871E+0","-3.9592986882501550E-23","1.0586383031123227E-2","-3.6892262119621322E-15","-1.5175534337990747E-2","-1.2819980298128661E-14","3.0003288446776000E+0","2.8407645829317785E+0","1.6514033113604037E+2","3.7143590216248398E+1","3.054200000000000E-6"
"896","1.0019760084408729E+0","-2.0407124953338139E-23","1.2052744071337294E-2","7.0654805526489102E-15","-5.1652993002954005E-3","5.8382125826128537E-13","3.0003285527202701E+0","1.5130531304693502E+0","8.7957339546334239E+1","1.6860325802455700E+0","3.054200000000000E-6"
"895","1.0019856368003597E+0","-1.9691132924749202E-23","1.2054255703794894E-2","-3.0638255374144283E-14","-5.1886432371625940E-3","-1.0873530477169685E-12","3.0003282682800601E+0","1.5140170614190054E+0","8.8013375121113910E+1","1.6880177007637500E+0","3.054200000000000E-6"
"894","1.0019952364900224E+0","-2.0948550853405815E-23","1.2055759432335635E-2","-4.2830506337888074E-15","-5.2119011390259441E-3","-3.7000156626069964E-13","3.0003279843186901E+0","1.5149812296574894E+0","8.8069424490051688E+1","1.6899964370601199E+0","3.054200000000000E-6"
"893","1.0020048076890895E+0","-2.0812257337851306E-23","1.2057255375372250E-2","-4.4439370363609680E-14","-5.2350735353313910E-3","-1.0420597950187391E-12","3.0003277008334699E+0","1.5159456327770502E+0","8.8125487513179266E+1","1.6919687948416799E+0","3.054200000000000E-6"
"892","1.0020143505770867E+0","-1.9208457527687699E-23","1.2058743648485729E-2","3.3276246779157050E-15","-5.2581609562627855E-3","3.3082268681651429E-13","3.0003274178217700E+0","1.5169102683862448E+0","8.8181564051476443E+1","1.6939347788683701E+0","3.054200000000000E-6"
"891","1.0020238653337843E+0","-1.9304663802806427E-23","1.2060224364484185E-2","-7.1318154157132014E-14","-5.2811639313551416E-3","-1.9991532620642033E-12","3.0003271352810499E+0","1.5178751341110173E+0","8.8237653966933735E+1","1.6958943928300600E+0","3.054200000000000E-6"
"890","1.0020333521390408E+0","-2.0508470088012686E-23","1.2061697633506526E-2","-1.3959920042070943E-14","-5.3040829908400635E-3","-6.6653159979396246E-13","3.0003268532088101E+0","1.5188402275946724E+0","8.8293757122550929E+1","1.6978476411436401E+0","3.054200000000000E-6"
"889","1.0020428111727524E+0","-2.1825775893019468E-23","1.2063163563080462E-2","-2.7505206132596133E-14","-5.3269186634749867E-3","-8.7665632325449605E-13","3.0003265716026402E+0","1.5198055464993416E+0","8.8349873382422217E+1","1.6997945260351299E+0","3.054200000000000E-6"
"888","1.0020522426147516E+0","-2.1767899099534862E-23","1.2064622258202005E-2","-2.9603868457143360E-14","-5.3496714777151854E-3","-1.1905956695078858E-12","3.0003262904601802E+0","1.5207710885057675E+0","8.8406002611723707E+1","1.7017350502103401E+0","3.054200000000000E-6"
"887","1.0020616466447201E+0","-2.2077156081174238E-23","1.2066073821398004E-2","-3.5233411315493979E-14","-5.3723419611273731E-3","-9.1416799574422945E-13","3.0003260097791400E+0","1.5217368513138563E+0","8.8462144676745538E+1","1.7036692153863300E+0","3.054200000000000E-6"
"886","1.0020710234421280E+0","-2.2321789577458661E-23","1.2067518352798462E-2","-3.7441424510958775E-14","-5.3949306398382354E-3","-1.4401582002338691E-12","3.0003257295572601E+0","1.5227028326433434E+0","8.8518299444930548E+1","1.7055970231240600E+0","3.054200000000000E-6"
"885","1.0020803731861367E+0","-2.2987892275353739E-23","1.2068955950209872E-2","-1.8285755084215916E-14","-5.4174380390066210E-3","-9.1422519914804728E-13","3.0003254497923701E+0","1.5236690302338443E+0","8.8574466784877288E+1","1.7075184736923601E+0","3.054200000000000E-6"
"884","1.0020896960555532E+0","-2.2237887613952284E-23","1.2070386709166259E-2","-2.5237058220351789E-14","-5.4398646820194071E-3","-5.0951662647212845E-13","3.0003251704823399E+0","1.5246354418453785E+0","8.8630646566370388E+1","1.7094335675093399E+0","3.054200000000000E-6"
"883","1.0020989922287618E+0","-2.2652299930962446E-23","1.2071810722998491E-2","-3.6448556217766321E-15","-5.4622110905938942E-3","-3.2872191123402262E-13","3.0003248916250800E+0","1.5256020652585893E+0","8.8686838660393448E+1","1.7113423042037299E+0","3.054200000000000E-6"
"882","1.0021082618836468E+0","-2.2626073135666475E-23","1.2073228082898652E-2","-2.0735122231948046E-14","-5.4844777848284208E-3","5.1744733930728630E-14","3.0003246132185901E+0","1.5265688982748935E+0","8.8743042939137652E+1","1.7132446830875701E+0","3.054200000000000E-6"
"881","1.0021175051975666E+0","-2.3068092605620481E-23","1.2074638877963948E-2","-8.0017398902584038E-15","-5.5066652825894648E-3","-7.9944601672443876E-14","3.0003243352608702E+0","1.5275359387168135E+0","8.8799259276021075E+1","1.7151407028143000E+0","3.054200000000000E-6"
"880","1.0021267223472918E+0","-2.1963951244468896E-23","1.2076043195255858E-2","-2.7578290004771661E-14","-5.5287740999493927E-3","-5.2585792169434328E-13","3.0003240577499999E+0","1.5285031844278727E+0","8.8855487545682692E+1","1.7170303618169700E+0","3.054200000000000E-6"
"879","1.0021359135089083E+0","-2.2146995974269050E-23","1.2077441119887532E-2","-3.5398519848480754E-14","-5.5508047506016506E-3","-6.4791425945083934E-13","3.0003237806840999E+0","1.5294706332732788E+0","8.8911727624021964E+1","1.7189136576255200E+0","3.054200000000000E-6"
"878","1.0089266481621810E+0","-3.6321611636948401E-23","1.0659719366400916E-2","-2.6745421434353889E-15","-1.5189788451457705E-2","-8.8007538123870515E-15","3.0003235030602400E+0","2.8319432337336012E+0","1.6462752534551262E+2","3.5023604360367699E+1","3.054200000000000E-6"
"877","1.0089239614301011E+0","-3.6138411810783738E-23","1.0663698814265923E-2","-3.3917982011237007E-15","-1.5190507042869023E-2","-1.1436679827355124E-14","3.0003232131953799E+0","2.8314528612303898E+0","1.6459901883777633E+2","3.4910421794760403E+1","3.054200000000000E-6"
"876","1.0089212769214606E+0","-3.6593629981386736E-23","1.0667668506182814E-2","-2.5881341869454704E-15","-1.5191218096337137E-2","-1.0996905546637159E-14","3.0003229240411500E+0","2.8309624585510633E+0","1.6457051057583143E+2","3.4797705374952997E+1","3.054200000000000E-6"
"875","1.0089185946285197E+0","-3.6693791213809194E-23","1.0671628474689098E-2","-1.8370994157316112E-15","-1.5191921637836434E-2","-7.6331721983936044E-15","3.0003226355953898E+0","2.8304720258612512E+0","1.6454200056930637E+2","3.4685452570812899E+1","3.054200000000000E-6"
"874","1.0089159145435684E+0","-3.6579536891700164E-23","1.0675578752171141E-2","-2.6648933550068990E-15","-1.5192617693197999E-2","-8.4322517485806801E-15","3.0003223478559300E+0","2.8299815633254615E+0","1.6451348882776441E+2","3.4573660869276203E+1","3.054200000000000E-6"
"873","1.0089132366589229E+0","-3.6388168656986004E-23","1.0679519370866914E-2","-2.7746930253654272E-15","-1.5193306288116867E-2","-1.0425287177236558E-14","3.0003220608206100E+0","2.8294910711070913E+0","1.6448497536070420E+2","3.4462327774146601E+1","3.054200000000000E-6"
"872","1.0089105609669256E+0","-3.5802131872507198E-23","1.0683450362869551E-2","-2.8858718319311147E-15","-1.5193987448145678E-2","-1.0887051194982121E-14","3.0003217744873001E+0","2.8290005493684491E+0","1.6445646017756107E+2","3.4351450805733400E+1","3.054200000000000E-6"
"871","1.0089078874599475E+0","-3.5627172833194554E-23","1.0687371760124277E-2","-1.9612584788746640E-15","-1.5194661198699090E-2","-6.7807344587786911E-15","3.0003214888538698E+0","2.8285099982707456E+0","1.6442794328770660E+2","3.4241027500919799E+1","3.054200000000000E-6"
"870","1.0089052161303844E+0","-3.5621620383332375E-23","1.0691283594428022E-2","-3.4391076163067028E-15","-1.5195327565056201E-2","-1.1449485556884611E-14","3.0003212039181699E+0","2.8280194179741103E+0","1.6439942470044952E+2","3.4131055412888202E+1","3.054200000000000E-6"
"869","1.0089025469706578E+0","-3.5999083576355630E-23","1.0695185897436645E-2","-2.7469884367021820E-15","-1.5195986572356037E-2","-1.1204033076801597E-14","3.0003209196781002E+0","2.8275288086376040E+0","1.6437090442503640E+2","3.4021532111042703E+1","3.054200000000000E-6"
"868","1.0088998799732187E+0","-3.5922590049210323E-23","1.0699078700658754E-2","-2.7117717338471038E-15","-1.5196638245610903E-2","-9.8447894332848985E-15","3.0003206361315602E+0","2.8270381704192191E+0","1.6434238247065167E+2","3.3912455180981702E+1","3.054200000000000E-6"
"867","1.0022486808777216E+0","-2.1068910802412552E-23","1.2094407639899475E-2","-9.5082303653055363E-15","-5.8197980575745304E-3","-2.9769124278203130E-13","3.0003203542035202E+0","1.5415800467423149E+0","8.9615676329294828E+1","1.7419164641153100E+0","3.054200000000000E-6"
"866","1.0022575380307277E+0","-2.1216686618845013E-23","1.2095726696355429E-2","-4.1464185123123591E-14","-5.8408224204330719E-3","-7.7100285853353839E-13","3.0003200829812200E+0","1.5425500398614955E+0","8.9672064312256751E+1","1.7437134496860500E+0","3.054200000000000E-6"
"865","1.0022663716542903E+0","-2.2040770473980914E-23","1.2097040401801972E-2","-7.6882735480624724E-15","-5.8617757614324089E-3","2.1578140030114970E-13","3.0003198121810000E+0","1.5435202075833732E+0","8.9728462445284379E+1","1.7455039983099701E+0","3.054200000000000E-6"
"864","1.0022751819102877E+0","-2.1958920952368743E-23","1.2098348816614226E-2","-1.9897574867146474E-14","-5.8826585493508927E-3","-2.7875572232092550E-13","3.0003195418015700E+0","1.5444905481060767E+0","8.9784870623630724E+1","1.7472881024573099E+0","3.054200000000000E-6"
"863","1.0022839689595036E+0","-2.1593327801135466E-23","1.2099651999902079E-2","-2.9814758203300433E-15","-5.9034712500833546E-3","-1.8937093561712535E-13","3.0003192718416098E+0","1.5454610596484941E+0","8.9841288743755541E+1","1.7490657543771000E+0","3.054200000000000E-6"
"862","1.0022927329616356E+0","-2.0942832967423800E-23","1.2100950009513438E-2","-1.8649877170689941E-14","-5.9242143260361639E-3","-4.5656226004881577E-13","3.0003190022998698E+0","1.5464317404501480E+0","8.9897716703318125E+1","1.7508369457649400E+0","3.054200000000000E-6"
"861","1.0023014740752407E+0","-2.0896660779607055E-23","1.2102242902105251E-2","-3.4462637253432305E-14","-5.9448882362298817E-3","-9.8281269378519685E-13","3.0003187331751100E+0","1.5474025887713339E+0","8.9954154401185392E+1","1.7526016685400800E+0","3.054200000000000E-6"
"860","1.0023101924577711E+0","-2.0957065643838788E-23","1.2103530733142628E-2","-2.5470202806602617E-14","-5.9654934364960603E-3","-7.5116243666948522E-13","3.0003184644660998E+0","1.5483736028926027E+0","9.0010601737401686E+1","1.7543599135680199E+0","3.054200000000000E-6"
"859","1.0023188882655536E+0","-2.0364566510824600E-23","1.2104813556930355E-2","-3.0748163142395570E-14","-5.9860303791637853E-3","-5.2590407900483163E-13","3.0003181961716701E+0","1.5493447811147474E+0","9.0067058613188124E+1","1.7561116724854700E+0","3.054200000000000E-6"
"858","1.0023275616537641E+0","-2.0374606415509740E-23","1.2106091426664583E-2","-2.6284052483660247E-14","-6.0064995131182877E-3","-4.9186431363428924E-13","3.0003179282906398E+0","1.5503161217588148E+0","9.0123524930943191E+1","1.7578569355037501E+0","3.054200000000000E-6"
"857","1.0023362127764466E+0","-2.0337380703005491E-23","1.2107364394435906E-2","-2.9115333089461100E-14","-6.0269012839522110E-3","-7.3145761756648785E-13","3.0003176608218700E+0","1.5512876231656363E+0","9.0180000594215528E+1","1.7595956939227400E+0","3.054200000000000E-6"
"856","1.0023448417864946E+0","-2.0447948901509758E-23","1.2108632511272855E-2","-2.6662794886410446E-14","-6.0472361339008679E-3","-5.6968197224709635E-13","3.0003173937642500E+0","1.5522592836958307E+0","9.0236485507704046E+1","1.7613279375516400E+0","3.054200000000000E-6"
"855","1.0023534488356485E+0","-2.0594432248235265E-23","1.2109895827156306E-2","-1.3920463016340436E-14","-6.0675045016909549E-3","-2.9165898301239262E-13","3.0003171271166700E+0","1.5532311017295730E+0","9.0292979577244481E+1","1.7630536570167501E+0","3.054200000000000E-6"
"854","1.0023620340744963E+0","-2.1216363501418686E-23","1.2111154391052247E-2","-2.9148607599128219E-14","-6.0877068225966974E-3","-7.5260234110092156E-13","3.0003168608780602E+0","1.5542030756664704E+0","9.0349482709802260E+1","1.7647728422030600E+0","3.054200000000000E-6"
"853","1.0023705976524699E+0","-2.1449850738948416E-23","1.2112408250934370E-2","-2.4285037167658174E-14","-6.1078435287214147E-3","-3.8762710428278667E-13","3.0003165950473600E+0","1.5551752039252089E+0","9.0405994813451883E+1","1.7664854825533500E+0","3.054200000000000E-6"
"852","1.0023791397178381E+0","-2.1413152354084656E-23","1.2113657453814437E-2","-1.2276171583297124E-14","-6.1279150484301456E-3","-2.5919397713538059E-13","3.0003163296235500E+0","1.5561474849436971E+0","9.0462515797385265E+1","1.7681915679616000E+0","3.054200000000000E-6"
"851","1.0023876604177251E+0","-2.1639122587797370E-23","1.2114902045746797E-2","-1.8941988332276488E-14","-6.1479218068621463E-3","-5.8309369213628978E-13","3.0003160646055900E+0","1.5571199171784709E+0","9.0519045571877228E+1","1.7698910878747900E+0","3.054200000000000E-6"
"850","1.0023961598980791E+0","-2.2138204595320287E-23","1.2116142071871634E-2","-1.7278474399336028E-14","-6.1678642258392756E-3","-3.9756510421424237E-13","3.0003157999924999E+0","1.5580924991047018E+0","9.0575584048285904E+1","1.7715840308454600E+0","3.054200000000000E-6"
"849","1.0024046383036922E+0","-2.2615324957579510E-23","1.2117377576438573E-2","-3.2805372912252238E-14","-6.1877427235082121E-3","-7.5316683233172434E-13","3.0003155357833000E+0","1.5590652292162219E+0","9.0632131139054209E+1","1.7732703864261901E+0","3.054200000000000E-6"
"848","1.0024130957782087E+0","-2.2258711885871606E-23","1.2118608602804228E-2","-2.2654719417730494E-14","-6.2075577148967571E-3","-6.5151077719219681E-13","3.0003152719770299E+0","1.5600381060248387E+0","9.0688686757670013E+1","1.7749501432247901E+0","3.054200000000000E-6"
"847","1.0024215324641057E+0","-2.1297140273173028E-23","1.2119835193475858E-2","-8.0322856364211812E-15","-6.2273096115422885E-3","-2.0640839240457822E-13","3.0003150085727399E+0","1.5610111280605174E+0","9.0745250818676723E+1","1.7766232897010701E+0","3.054200000000000E-6"
"846","1.0024299485027144E+0","-2.2356709524004468E-23","1.2121057390121485E-2","-2.9278468688264726E-14","-6.2469988214676102E-3","-6.1865303775096453E-13","3.0003147455695101E+0","1.5619842938711217E+0","9.0801823237658240E+1","1.7782898145899999E+0","3.054200000000000E-6"
"845","1.0024383440342044E+0","-2.2660626020813920E-23","1.2122275233597091E-2","-1.2137036176392154E-14","-6.2666257496049151E-3","-2.3510514690999879E-13","3.0003144829664299E+0","1.5629576020220632E+0","9.0858403931218561E+1","1.7799497058277400E+0","3.054200000000000E-6"
"844","1.0024467191976121E+0","-2.2445571986246132E-23","1.2123488763952415E-2","-3.0526530855095248E-14","-6.2861907972388397E-3","-7.4493889424765963E-13","3.0003142207626201E+0","1.5639310510962865E+0","9.0914992816980913E+1","1.7816029514822700E+0","3.054200000000000E-6"
"843","1.0024550741308120E+0","-2.2014970193686073E-23","1.2124698020465603E-2","-3.5596779567109631E-14","-6.3056943626387859E-3","-5.6074655972275931E-13","3.0003139589571801E+0","1.5649046396938813E+0","9.0971589813565245E+1","1.7832495397809400E+0","3.054200000000000E-6"
"842","1.0024634089705471E+0","-2.2048111701916184E-23","1.2125903041650468E-2","-2.8480811853765662E-14","-6.3251368404496642E-3","-5.4277730173445122E-13","3.0003136975492701E+0","1.5658783664321063E+0","9.1028194840589535E+1","1.7848894582665900E+0","3.054200000000000E-6"
"841","1.0024717238524248E+0","-2.2442870724560112E-23","1.2127103865276424E-2","-1.3685562354778817E-14","-6.3445186222404202E-3","-4.4225689538986214E-14","3.0003134365380300E+0","1.5668522299449590E+0","9.1084807818644848E+1","1.7865226945808801E+0","3.054200000000000E-6"
"840","1.0024800189109095E+0","-2.2891318938838059E-23","1.2128300528394980E-2","-2.2776297106866504E-14","-6.3638400959930294E-3","-4.1111971437867000E-13","3.0003131759226300E+0","1.5678262288832798E+0","9.1141428669301348E+1","1.7881492360323501E+0","3.054200000000000E-6"
"839","1.0024882942793469E+0","-2.1943491449004779E-23","1.2129493067341549E-2","-1.2063644451990176E-14","-6.3831016467626456E-3","-2.1156680163260850E-13","3.0003129157022599E+0","1.5688003619141555E+0","9.1198057315073655E+1","1.7897690705105400E+0","3.054200000000000E-6"
"838","1.0024965500899623E+0","-2.2525175195509355E-23","1.2130681517753079E-2","-1.0893431284986625E-14","-6.4023036560974748E-3","-3.9852853659230255E-13","3.0003126558761002E+0","1.5697746277209899E+0","9.1254693679424932E+1","1.7913821845794400E+0","3.054200000000000E-6"
"837","1.0025047864738579E+0","-2.1802625175624422E-23","1.2131865914600715E-2","-1.0397325206309952E-14","-6.4214465024536064E-3","-3.3329513729877511E-13","3.0003123964433800E+0","1.5707490250032772E+0","9.1311337686753745E+1","1.7929885653099800E+0","3.054200000000000E-6"
"836","1.0025130035610252E+0","-2.2113489989579079E-23","1.2133046292190933E-2","-1.4980225027240667E-14","-6.4405305609301772E-3","-4.4509642146699361E-13","3.0003121374033102E+0","1.5717235524764119E+0","9.1367989262382920E+1","1.7945881997766100E+0","3.054200000000000E-6"
"835","1.0025212014803553E+0","-2.2321078719117581E-23","1.2134222684178773E-2","-2.2455328412764421E-14","-6.4595562035590229E-3","-3.5731239655357630E-13","3.0003118787551299E+0","1.5726982088713501E+0","9.1424648332539959E+1","1.7961810747811500E+0","3.054200000000000E-6"
"834","1.0025293803596340E+0","-2.2306220487363790E-23","1.2135395123593649E-2","-1.0233121550975927E-14","-6.4785237990747863E-3","-1.0513279055982088E-13","3.0003116204980800E+0","1.5736729929346260E+0","9.1481314824357938E+1","1.7977671767337500E+0","3.054200000000000E-6"
"833","1.0025375403255692E+0","-2.2134456433167482E-23","1.2136563642835229E-2","-1.6909697921179812E-14","-6.4974337130619475E-3","-4.0112749790088894E-13","3.0003113626314302E+0","1.5746479034279623E+0","9.1537988665852893E+1","1.7993464921402700E+0","3.054200000000000E-6"
"832","1.0025456815037590E+0","-2.2376791918312404E-23","1.2137728273720175E-2","-3.1757480904670313E-14","-6.5162863080634355E-3","-4.7369538567573844E-13","3.0003111051544402E+0","1.5756229391282786E+0","9.1594669785924268E+1","1.8009190075517401E+0","3.054200000000000E-6"
"831","1.0025538040187427E+0","-2.1660753360813211E-23","1.2138889047455954E-2","-1.3743260282707289E-14","-6.5350819434459228E-3","-7.6478131439797031E-14","3.0003108480664098E+0","1.5765980988272754E+0","9.1651358114330790E+1","1.8024847089998199E+0","3.054200000000000E-6"
"830","1.0025619079939803E+0","-2.1549608720819463E-23","1.2140045994679802E-2","-1.2190296651343482E-14","-6.5538209753747507E-3","-1.7022483900902131E-13","3.0003105913666102E+0","1.5775733813314665E+0","9.1708053581692297E+1","1.8040435827402701E+0","3.054200000000000E-6"
"829","1.0025699935518708E+0","-2.1236283044542185E-23","1.2141199145463352E-2","-1.9937528936024900E-14","-6.5725037570818845E-3","-3.7649524838469382E-13","3.0003103350543698E+0","1.5785487854618157E+0","9.1764756119468615E+1","1.8055956147433501E+0","3.054200000000000E-6"
"828","1.0025780608137516E+0","-2.1330054306732911E-23","1.2142348529326311E-2","-2.0017866034740650E-14","-6.5911306387339986E-3","-3.5708340801686196E-13","3.0003100791289898E+0","1.5795243100536180E+0","9.1821465659952722E+1","1.8071407907246999E+0","3.054200000000000E-6"
"827","1.0025861098999103E+0","-2.1386602441357749E-23","1.2143494175252323E-2","-2.6314722468332765E-14","-6.6097019673886075E-3","-3.6778095087755933E-13","3.0003098235898000E+0","1.5804999539563946E+0","9.1878182136264570E+1","1.8086790966372199E+0","3.054200000000000E-6"
"826","1.0025941409295946E+0","-2.0673166917849035E-23","1.2144636111689712E-2","-1.1123711407853494E-14","-6.6282180871465443E-3","-2.2345782681171423E-13","3.0003095684361401E+0","1.5814757160335438E+0","9.1934905482330819E+1","1.8102105181500601E+0","3.054200000000000E-6"
"825","1.0026021540210184E+0","-2.0947868429399360E-23","1.2145774366573049E-2","-2.6881327002948755E-14","-6.6466793390965451E-3","-4.2929418328819335E-13","3.0003093136673500E+0","1.5824515951622948E+0","9.1991635632882193E+1","1.8117350405794499E+0","3.054200000000000E-6"
"824","1.0026101492913642E+0","-2.0797316388036092E-23","1.2146908967332228E-2","-1.8190531046468002E-14","-6.6650860614009162E-3","-4.4745527975919334E-13","3.0003090592827899E+0","1.5834275902334616E+0","9.2048372523439056E+1","1.8132526495983901E+0","3.054200000000000E-6"
"823","1.0026181268567977E+0","-2.0469618448615786E-23","1.2148039940905356E-2","-1.0078434944530176E-15","-6.6834385893132535E-3","-5.0005919796608064E-14","3.0003088052818199E+0","1.5844037001513023E+0","9.2105116090303383E+1","1.8147633305843001E+0","3.054200000000000E-6"
"822","1.0026260868324777E+0","-2.0329403579969649E-23","1.2149167313740139E-2","-1.2377958136598318E-14","-6.7017372549804492E-3","-4.6528328356642599E-13","3.0003085516638199E+0","1.5853799238333612E+0","9.2161866270549453E+1","1.8162670684162101E+0","3.054200000000000E-6"
"821","1.0026340293325491E+0","-2.0248670752184614E-23","1.2150291111816841E-2","-1.5245754866472088E-14","-6.7199823879962517E-3","-2.3217284931013545E-13","3.0003082984281702E+0","1.5863562602101446E+0","9.2218623002005103E+1","1.8177638487198600E+0","3.054200000000000E-6"
"820","1.0026419544701732E+0","-2.0309783889815327E-23","1.2151411360646651E-2","-2.2144700166346863E-14","-6.7381743147317038E-3","-4.8386473925204197E-13","3.0003080455742701E+0","1.5873327082251913E+0","9.2275386223255737E+1","1.8192536560595700E+0","3.054200000000000E-6"
"819","1.0026498623575131E+0","-2.0706458352565052E-23","1.2152528085293589E-2","-2.0465596236871622E-14","-6.7563133589659714E-3","-5.7407128845370959E-13","3.0003077931015101E+0","1.5883092668346972E+0","9.2332155873622597E+1","1.8207364758305400E+0","3.054200000000000E-6"
"818","1.0026577531057661E+0","-2.0822012899199318E-23","1.2153641310371254E-2","-9.9225047812713098E-15","-6.7743998416040351E-3","-3.6428509625574243E-13","3.0003075410093101E+0","1.5892859350074142E+0","9.2388931893156752E+1","1.8222122924832500E+0","3.054200000000000E-6"
"817","1.0026656268251415E+0","-2.0756898275354997E-23","1.2154751060062814E-2","-7.5269897284587548E-15","-6.7924340806848130E-3","-2.9283324381323502E-13","3.0003072892970799E+0","1.5902627117245327E+0","9.2445714222632461E+1","1.8236810909187799E+0","3.054200000000000E-6"
"816","1.0026734836249025E+0","-2.0224837610785277E-23","1.2155857358125683E-2","-1.0258898892219356E-14","-6.8104163915313314E-3","-2.2007153692849450E-13","3.0003070379642498E+0","1.5912395959794705E+0","9.2502502803534682E+1","1.8251428558036900E+0","3.054200000000000E-6"
"815","1.0026813236133523E+0","-2.0991365204922892E-23","1.2156960227894106E-2","-2.0515705991486601E-14","-6.8283470866714298E-3","-5.5093103882121842E-13","3.0003067870102398E+0","1.5922165867776750E+0","9.2559297578047776E+1","1.8265975718230001E+0","3.054200000000000E-6"
"814","1.0026891468978369E+0","-2.0788954109031100E-23","1.2158059692307275E-2","-2.3880114767544460E-14","-6.8462264760587388E-3","-4.3027267404987338E-13","3.0003065364345098E+0","1.5931936831365257E+0","9.2616098489049662E+1","1.8280452233073201E+0","3.054200000000000E-6"
"813","1.0026969535847821E+0","-2.0769654951365167E-23","1.2159155773892705E-2","-1.5351483085661876E-14","-6.8640548667805333E-3","-2.8505089278805220E-13","3.0003062862365000E+0","1.5941708840851485E+0","9.2672905480101164E+1","1.8294857946045699E+0","3.054200000000000E-6"
"812","1.0027047437796690E+0","-2.0288199645707555E-23","1.2160248494793191E-2","-7.4639820743920413E-15","-6.8818325633308785E-3","-1.4503425577937341E-13","3.0003060364156502E+0","1.5951481886642538E+0","9.2729718495436501E+1","1.8309192702291901E+0","3.054200000000000E-6"
"811","1.0027125175870661E+0","-2.0271743921397312E-23","1.2161337876766883E-2","-7.5131899092072194E-15","-6.8995598675413638E-3","-5.5064429703411062E-14","3.0003057869714498E+0","1.5961255959259963E+0","9.2786537479955214E+1","1.8323456342438000E+0","3.054200000000000E-6"
"810","1.0027202751106248E+0","-2.0401598352871331E-23","1.2162423941198005E-2","-1.3282926752291839E-14","-6.9172370785803294E-3","-1.9793343694512848E-13","3.0003055379033499E+0","1.5971031049338320E+0","9.2843362379213801E+1","1.8337648709329100E+0","3.054200000000000E-6"
"809","1.0027280164530950E+0","-2.0928502063309885E-23","1.2163506709091025E-2","-1.5245815673185463E-14","-6.9348644931358011E-3","-3.2441096850596433E-13","3.0003052892108402E+0","1.5980807147621938E+0","9.2900193139406852E+1","1.8351769642229301E+0","3.054200000000000E-6"
"808","1.0027357417163223E+0","-2.0870904443281828E-23","1.2164586201115598E-2","-1.0797886041304906E-14","-6.9524424052046794E-3","-2.7053015437892755E-13","3.0003050408933900E+0","1.5990584244967507E+0","9.2957029707382162E+1","1.8365818982260000E+0","3.054200000000000E-6"
"807","1.0027434510012698E+0","-2.0897655981279644E-23","1.2165662437561620E-2","-1.2038827010892621E-14","-6.9699711063040543E-3","-2.4941564363135191E-13","3.0003047929504998E+0","1.6000362332337483E+0","9.3013872030602371E+1","1.8379796568420299E+0","3.054200000000000E-6"
"806","1.0027511444080166E+0","-2.0443763884596311E-23","1.2166735438392197E-2","-2.2453786807676697E-14","-6.9874508853329017E-3","-4.3410557942768247E-13","3.0003045453816601E+0","1.6010141400803144E+0","9.3070720057162688E+1","1.8393702237691201E+0","3.054200000000000E-6"
"805","1.0027588220357726E+0","-2.0315400963162922E-23","1.2167805223221848E-2","-9.0846972826237427E-15","-7.0048820288240183E-3","-1.9528434023137970E-13","3.0003042981863701E+0","1.6019921441539731E+0","9.3127573735762738E+1","1.8407535828835599E+0","3.054200000000000E-6"
"804","1.0027664839828843E+0","-2.1062926667666689E-23","1.2168871811332055E-2","-2.0821263473958732E-14","-7.0222648206663902E-3","-4.2567777271911109E-13","3.0003040513641399E+0","1.6029702445827190E+0","9.3184433015710766E+1","1.8421297179000100E+0","3.054200000000000E-6"
"803","1.0027741303468365E+0","-2.1058284116478749E-23","1.2169935221686341E-2","-1.9040301766022564E-14","-7.0395995424317598E-3","-4.6237081641658776E-13","3.0003038049144899E+0","1.6039484405047866E+0","9.3241297846910356E+1","1.8434986123570500E+0","3.054200000000000E-6"
"802","1.0027817612242689E+0","-2.0912069603451502E-23","1.2170995472923699E-2","1.9927782541033455E-15","-7.0568864732549067E-3","-1.0523117814857901E-14","3.0003035588369298E+0","1.6049267310684947E+0","9.3298168179851245E+1","1.8448602498583500E+0","3.054200000000000E-6"
"801","1.0027893767109859E+0","-2.1170155124446660E-23","1.2172052583369236E-2","-1.3051382043846930E-14","-7.0741258896668069E-3","-3.0675833476179715E-13","3.0003033131310000E+0","1.6059051154322255E+0","9.3355043965608218E+1","1.8462146139615501E+0","3.054200000000000E-6"
"800","1.0027969769019480E+0","-2.1342526639405341E-23","1.2173106571047664E-2","-1.7673719575733472E-14","-7.0913180660697774E-3","-3.2896691676149911E-13","3.0003030677962199E+0","1.6068835927641223E+0","9.3411925155823496E+1","1.8475616878546000E+0","3.054200000000000E-6"
"799","1.0028045618913037E+0","-2.1596714071764187E-23","1.2174157453675283E-2","-1.6831986980206329E-14","-7.1084632743602825E-3","-3.3504396832147932E-13","3.0003028228321300E+0","1.6078621622420630E+0","9.3468811702705167E+1","1.8489014550857701E+0","3.054200000000000E-6"
"798","1.0028121317723813E+0","-2.1718562945872064E-23","1.2175205248681129E-2","-2.6089526832880817E-14","-7.1255617840783212E-3","-5.9682400588863957E-13","3.0003025782382702E+0","1.6088408230535634E+0","9.3525703559021622E+1","1.8502338988156399E+0","3.054200000000000E-6"
"797","1.0028196866376951E+0","-2.1295452307732852E-23","1.2176249973200232E-2","-1.3105980960506217E-14","-7.1426138625975055E-3","-3.4349183050904724E-13","3.0003023340141901E+0","1.6098195743954826E+0","9.3582600678084390E+1","1.8515590022646899E+0","3.054200000000000E-6"
"796","1.0028272265789677E+0","-2.1709451034436934E-23","1.2177291644086969E-2","-2.4301181484181278E-14","-7.1596197748082790E-3","-3.1127235971367381E-13","3.0003020901594502E+0","1.6107984154741155E+0","9.3639503013753540E+1","1.8528767486429900E+0","3.054200000000000E-6"
"795","1.0028347516871239E+0","-2.1808505912790497E-23","1.2178330277913936E-2","-1.8842399879922668E-14","-7.1765797834094343E-3","-2.6539716457538670E-13","3.0003018466735898E+0","1.6117773455048823E+0","9.3696410520419590E+1","1.8541871208233300E+0","3.054200000000000E-6"
"794","1.0028422620523032E+0","-2.2265352595224698E-23","1.2179365890985911E-2","-1.8899664512029599E-14","-7.1934941488415380E-3","-3.6813881906327301E-13","3.0003016035561898E+0","1.6127563637123175E+0","9.3753323153002881E+1","1.8554901020721399E+0","3.054200000000000E-6"
"793","1.0028497577638700E+0","-2.1349715355916627E-23","1.2180398499336085E-2","-1.8040770703156370E-14","-7.2103631293702723E-3","-3.5756970342949636E-13","3.0003013608068101E+0","1.6137354693298576E+0","9.3810240866941314E+1","1.8567856752591501E+0","3.054200000000000E-6"
"792","1.0028572389104191E+0","-2.1343594219383578E-23","1.2181428118738249E-2","-7.2421305649362426E-15","-7.2271869809815686E-3","-2.9867431214080560E-13","3.0003011184250199E+0","1.6147146615998198E+0","9.3867163618188982E+1","1.8580738233051901E+0","3.054200000000000E-6"
"791","1.0028647055797832E+0","-2.0949388373774427E-23","1.2182454764708472E-2","-1.4365076206608596E-14","-7.2439659575180247E-3","-2.9708806912032276E-13","3.0003008764104000E+0","1.6156939397732168E+0","9.3924091363205491E+1","1.8593545288217399E+0","3.054200000000000E-6"
"790","1.0028721578590349E+0","-2.0567073249471832E-23","1.2183478452511163E-2","-1.5299929717417445E-14","-7.2607003106194053E-3","-3.0768898751672324E-13","3.0003006347625298E+0","1.6166733031096681E+0","9.3981024058950794E+1","1.8606277748759401E+0","3.054200000000000E-6"
"789","1.0028795958345091E+0","-2.0068376397921496E-23","1.2184499197157216E-2","-7.3797706852589628E-15","-7.2773902898644136E-3","-1.1655534438509689E-13","3.0003003934810000E+0","1.6176527508772023E+0","9.4037961662873641E+1","1.8618935439972299E+0","3.054200000000000E-6"
"788","1.0028870195917963E+0","-1.9705419884890329E-23","1.2185517013421267E-2","-2.4019283262887245E-14","-7.2940361425715026E-3","-3.5486479240201055E-13","3.0003001525654001E+0","1.6186322823523247E+0","9.4094904132915616E+1","1.8631518189769600E+0","3.054200000000000E-6"
"787","1.0028944292157487E+0","-2.0292557853559238E-23","1.2186531915837250E-2","-2.0050054201617443E-14","-7.3106381141211903E-3","-3.2005896476001234E-13","3.0002999120153300E+0","1.6196118968196949E+0","9.4151851427492289E+1","1.8644025822654799E+0","3.054200000000000E-6"
"786","1.0029018247905017E+0","-2.0441111736755945E-23","1.2187543918704049E-2","-1.1687031423404414E-14","-7.3271964477341469E-3","-1.8707163090079701E-13","3.0002996718303701E+0","1.6205915935721518E+0","9.4208803505494700E+1","1.8656458164983001E+0","3.054200000000000E-6"
"785","1.0029092063994745E+0","-1.9737519662536586E-23","1.2188553036089783E-2","-1.3720512864917214E-14","-7.3437113845498565E-3","-2.2492983412246317E-13","3.0002994320101402E+0","1.6215713719105751E+0","9.4265760326281367E+1","1.8668815040961799E+0","3.054200000000000E-6"
"784","1.0029165741253641E+0","-1.9444351343811277E-23","1.2189559281842561E-2","-3.1775788734950286E-15","-7.3601831637339667E-3","-6.2787773054240934E-14","3.0002991925542499E+0","1.6225512311437633E+0","9.4322721849671112E+1","1.8681096276162099E+0","3.054200000000000E-6"
"783","1.0029239280501774E+0","-1.8834008374020807E-23","1.2190562669582012E-2","-1.4304214365576816E-14","-7.3766120223506841E-3","-2.6342995801741763E-13","3.0002989534623001E+0","1.6235311705883353E+0","9.4379688035937363E+1","1.8693301691788800E+0","3.054200000000000E-6"
"782","1.0029312682552141E+0","-1.8886467134493140E-23","1.2191563212715847E-2","-2.1288760649446113E-14","-7.3929981955688888E-3","-3.6447870600580273E-13","3.0002987147339102E+0","1.6245111895686075E+0","9.4436658845801077E+1","1.8705431114051401E+0","3.054200000000000E-6"
"781","1.0029385948210934E+0","-1.9478560432019391E-23","1.2192560924429557E-2","-1.2640332257472111E-14","-7.4093419165682985E-3","-2.2582617990506627E-13","3.0002984763687000E+0","1.6254912874164558E+0","9.4493634240422594E+1","1.8717484363729999E+0","3.054200000000000E-6"
"780","1.0029459078277407E+0","-1.9410935832003785E-23","1.2193555817713446E-2","-3.1108351075791673E-15","-7.4256434164927960E-3","-7.0116936398341743E-14","3.0002982383662902E+0","1.6264714634713915E+0","9.4550614181406175E+1","1.8729461263117799E+0","3.054200000000000E-6"
"779","1.0029532073544181E+0","-1.9591527454300870E-23","1.2194547905341330E-2","-9.9806624172485316E-15","-7.4419029245584231E-3","-2.3560275625328868E-13","3.0002980007263100E+0","1.6274517170802647E+0","9.4607598630782661E+1","1.8741361635626299E+0","3.054200000000000E-6"
"778","1.0029604934797118E+0","-1.9328967403179307E-23","1.2195537199884808E-2","-1.4973085851390698E-14","-7.4581206681914002E-3","-2.0746814885849824E-13","3.0002977634483901E+0","1.6284320475971725E+0","9.4664587551004232E+1","1.8753185299196300E+0","3.054200000000000E-6"
"777","1.0029677662815422E+0","-1.9327615479865588E-23","1.2196523713725673E-2","-1.4022864737351470E-14","-7.4742968727718089E-3","-1.6432299017709620E-13","3.0002975265321701E+0","1.6294124543835455E+0","9.4721580904949306E+1","1.8764932077543099E+0","3.054200000000000E-6"
"776","1.0029750258371852E+0","-1.9081945422876290E-23","1.2197507459040233E-2","-7.6820697485858594E-15","-7.4904317618590807E-3","-1.9039708554715240E-13","3.0002972899772700E+0","1.6303929368078398E+0","9.4778578655904766E+1","1.8776601788782401E+0","3.054200000000000E-6"
"775","1.0029822722232598E+0","-1.9131850263207184E-23","1.2198488447817587E-2","-1.0206623138195894E-14","-7.5065255572129711E-3","-1.1784253292957890E-13","3.0002970537833500E+0","1.6313734942455311E+0","9.4835580767565531E+1","1.8788194253199100E+0","3.054200000000000E-6"
"774","1.0029895055157438E+0","-1.9687669105933054E-23","1.2199466691864520E-2","-1.5204769407792602E-14","-7.5225784786025311E-3","-2.5502831046139819E-13","3.0002968179500500E+0","1.6323541260791283E+0","9.4892587204035408E+1","1.8799709289801301E+0","3.054200000000000E-6"
"773","1.0029967257899779E+0","-1.9854097845179076E-23","1.2200442202794407E-2","-2.4938112078997646E-14","-7.5385907441338886E-3","-3.7110921185781236E-13","3.0002965824770098E+0","1.6333348316978440E+0","9.4949597929807879E+1","1.8811146716769600E+0","3.054200000000000E-6"
"772","1.0086528604513243E+0","-3.3222589811779289E-23","1.1032862111923057E-2","-2.7590365011664182E-15","-1.5228403157437238E-2","-1.1946647132057521E-14","3.0002963548417099E+0","2.7798230139263946E+0","1.6159765429968229E+2","2.5204551964663999E+1","3.054200000000000E-6"
"771","1.0086503711184491E+0","-3.3720552540536097E-23","1.1035963421314049E-2","-3.1293108205309371E-15","-1.5228444006240344E-2","-1.4848182519644962E-14","3.0002961297985902E+0","2.7793301866638833E+0","1.6156900509101044E+2","2.5129405936458902E+1","3.054200000000000E-6"
"770","1.0086478833223975E+0","-3.3754218791466924E-23","1.1039057732825366E-2","-2.8207739398249718E-15","-1.5228479433220740E-2","-1.3712431589113852E-14","3.0002959052795899E+0","2.7788373419667152E+0","1.6154035486882094E+2","2.5054531232454298E+1","3.054200000000000E-6"
"769","1.0086453970578224E+0","-3.3581824012053209E-23","1.1042145066993437E-2","-1.4995348646410478E-15","-1.5228509453419631E-2","-6.9896778742194561E-15","3.0002956812833199E+0","2.7783444799197268E+0","1.6151170363804559E+2","2.4979926557500701E+1","3.054200000000000E-6"
"768","1.0086429123193925E+0","-3.3724305872564967E-23","1.1045225444271167E-2","-1.0520979432785533E-15","-1.5228534081799004E-2","-8.7469615465476766E-15","3.0002954578083600E+0","2.7778516006072564E+0","1.6148305140358713E+2","2.4905590623967999E+1","3.054200000000000E-6"
"767","1.0086404291017967E+0","-3.3871316546930962E-23","1.1048298885027756E-2","-1.1676003601826040E-15","-1.5228553333262814E-2","-6.1903432160250921E-15","3.0002952348533398E+0","2.7773587041131509E+0","1.6145439817031976E+2","2.4831522151827901E+1","3.054200000000000E-6"
"766","1.0086379473997409E+0","-3.4012495597978417E-23","1.1051365409550224E-2","-2.2625465477966301E-15","-1.5228567222624822E-2","-1.0992970505186963E-14","3.0002950124168501E+0","2.7768657905207670E+0","1.6142574394308926E+2","2.4757719868838599E+1","3.054200000000000E-6"
"765","1.0086354672079492E+0","-3.3452732137706143E-23","1.1054425038041760E-2","-2.7103877964639675E-15","-1.5228575764641749E-2","-1.3248145480142067E-14","3.0002947904975001E+0","2.7763728599129731E+0","1.6139708872671289E+2","2.4684182510057902E+1","3.054200000000000E-6"
"764","1.0086329885211647E+0","-3.3388997871509015E-23","1.1057477790624631E-2","-2.7657928646629010E-15","-1.5228578973991276E-2","-1.3100961908958916E-14","3.0002945690939300E+0","2.7758799123721567E+0","1.6136843252598010E+2","2.4610908818199100E+1","3.054200000000000E-6"
"763","1.0086305113341483E+0","-3.3716199502562102E-23","1.1060523687338272E-2","-1.6468048997185957E-15","-1.5228576865284610E-2","-8.8182939543729053E-15","3.0002943482047599E+0","2.7753869479802229E+0","1.6133977534565221E+2","2.4537897543242401E+1","3.054200000000000E-6"
"762","1.0086280356416766E+0","-3.3535253743566127E-23","1.1063562748142243E-2","-2.6128791838888990E-15","-1.5228569453053566E-2","-1.0689732332557265E-14","3.0002941278286102E+0","2.7748939668186052E+0","1.6131111719046311E+2","2.4465147442553501E+1","3.054200000000000E-6"
"761","1.0030788469032992E+0","-2.0970264344487498E-23","1.2211467687886255E-2","-9.5553629934864601E-15","-7.7198781080320767E-3","-2.4910618832472412E-13","3.0002939003210298E+0","1.6446180597815032E+0","9.5605518534146015E+1","1.8937039752012701E+0","3.054200000000000E-6"
"760","1.0030859105571290E+0","-2.0812417604097334E-23","1.2212409944590476E-2","-6.5684286806520483E-15","-7.7353998574697935E-3","-1.3175821190185240E-13","3.0002936693228999E+0","1.6455996388337755E+0","9.5662580034666817E+1","1.8947491568549599E+0","3.054200000000000E-6"
"759","1.0030929621507654E+0","-2.1670335731225033E-23","1.2213349608464076E-2","-2.0268542310150528E-14","-7.7508837251558218E-3","-4.2192827773875635E-13","3.0002934386805800E+0","1.6465812840517606E+0","9.5719645381556234E+1","1.8957863281941201E+0","3.054200000000000E-6"
"758","1.0031000017510223E+0","-2.2171578748098949E-23","1.2214286688775748E-2","-1.1461037416283710E-14","-7.7663299048028331E-3","-2.7856892569481978E-13","3.0002932083937699E+0","1.6475629949142778E+0","9.5776714544516793E+1","1.8968154702353699E+0","3.054200000000000E-6"
"757","1.0031070294241742E+0","-2.2180176256590524E-23","1.2215221194653219E-2","-1.0901454898719278E-14","-7.7817385883935291E-3","-1.8783182001905446E-13","3.0002929784621601E+0","1.6485447709057879E+0","9.5833787493579010E+1","1.8978365643275401E+0","3.054200000000000E-6"
"756","1.0031140452359537E+0","-2.1915607707543875E-23","1.2216153135088030E-2","-1.5550566834830155E-14","-7.7971099663868932E-3","-2.5215275720171453E-13","3.0002927488854501E+0","1.6495266115162652E+0","9.5890864199093869E+1","1.8988495916292900E+0","3.054200000000000E-6"
"755","1.0031210492515656E+0","-2.2069272015961963E-23","1.2217082518931527E-2","-1.8065298943860060E-14","-7.8124442277863063E-3","-2.5755817281024599E-13","3.0002925196633399E+0","1.6505085162410702E+0","9.5947944631725491E+1","1.8998545329966501E+0","3.054200000000000E-6"
"754","1.0031280415356871E+0","-2.2644041049533668E-23","1.2218009354900625E-2","-1.0106657245841045E-14","-7.8277415600529338E-3","-1.2711323203572182E-13","3.0002922907955298E+0","1.6514904845809362E+0","9.6005028762450323E+1","1.9008513696299700E+0","3.054200000000000E-6"
"753","1.0031350221524704E+0","-2.2270152827719976E-23","1.2218933651584524E-2","-6.7930595237014301E-15","-7.8430021490966256E-3","-1.5343124665692529E-13","3.0002920622817202E+0","1.6524725160419365E+0","9.6062116562555275E+1","1.9018400825379200E+0","3.054200000000000E-6"
"752","1.0031419911655577E+0","-2.2317433954546069E-23","1.2219855417432668E-2","-8.6633564865403553E-15","-7.8582261794598370E-3","-1.1925876748965789E-13","3.0002918341216200E+0","1.6534546101352707E+0","9.6119208003625189E+1","1.9028206525216700E+0","3.054200000000000E-6"
"751","1.0031489486380754E+0","-2.2207312950560169E-23","1.2220774660777025E-2","-1.3259988750306553E-14","-7.8734138341007721E-3","-1.8073304734444880E-13","3.0002916063149399E+0","1.6544367663774056E+0","9.6176303057551166E+1","1.9037930604808699E+0","3.054200000000000E-6"
"750","1.0031558946326469E+0","-2.2042166341263753E-23","1.2221691389816474E-2","-1.5342371992499438E-14","-7.8885652946076284E-3","-2.0110191900828865E-13","3.0002913788613901E+0","1.6554189842898261E+0","9.6233401696515983E+1","1.9047572875280101E+0","3.054200000000000E-6"
"749","1.0031628292113968E+0","-2.1831496363943512E-23","1.2222605612625665E-2","-8.0661613846788183E-15","-7.9036807411135106E-3","-1.2102315399498650E-13","3.0002911517606798E+0","1.6564012633990501E+0","9.6290503892995019E+1","1.9057133141396800E+0","3.054200000000000E-6"
"748","1.0031697524359466E+0","-2.1508557297984528E-23","1.2223517337163323E-2","-1.7654084789469946E-14","-7.9187603522933945E-3","-1.8076766341970850E-13","3.0002909250125298E+0","1.6573836032366083E+0","9.6347609619755062E+1","1.9066611213869999E+0","3.054200000000000E-6"
"747","1.0031766643674349E+0","-2.0933553034926053E-23","1.2224426571259751E-2","-1.4388928090408382E-14","-7.9338043054534464E-3","-1.8171062919947041E-13","3.0002906986166602E+0","1.6583660033388627E+0","9.6404718849843718E+1","1.9076006898509299E+0","3.054200000000000E-6"
"746","1.0031835650665122E+0","-2.1319417281046320E-23","1.2225333322633496E-2","-1.2915233063487111E-14","-7.9488127764867373E-3","-1.9568395559765408E-13","3.0002904725727899E+0","1.6593484632470696E+0","9.6461831556593154E+1","1.9085320002586701E+0","3.054200000000000E-6"
"745","1.0085837228971897E+0","-3.3214566159836530E-23","1.1117119178807346E-2","-1.8262695216769223E-15","-1.5227545292330402E-2","-1.0200178813134660E-14","3.0002902472565101E+0","2.7660175283606869E+0","1.6079510893161029E+2","2.3198932626221001E+1","3.054200000000000E-6"
"744","1.0085812746322833E+0","-3.3304056762357098E-23","1.1120032044275955E-2","-2.0680659657852807E-15","-1.5227439784463019E-2","-1.1372971799030486E-14","3.0002900363747300E+0","2.7655242434374552E+0","1.6076643311804366E+2","2.3130918173000399E+1","3.054200000000000E-6"
"743","1.0085788277611434E+0","-3.3307903152205351E-23","1.1122938456553717E-2","-2.6928452524250283E-15","-1.5227329249622548E-2","-1.1565695678433998E-14","3.0002898259796802E+0","2.7650309432781475E+0","1.6073775641876804E+2","2.3063141512432502E+1","3.054200000000000E-6"
"742","1.0085763822789102E+0","-3.2977527215551848E-23","1.1125838433982810E-2","-3.1723199925284166E-15","-1.5227213700953590E-2","-1.3457970367151645E-14","3.0002896160701100E+0","2.7645376279549310E+0","1.6070907883797872E+2","2.2995601545407901E+1","3.054200000000000E-6"
"741","1.0085739381807362E+0","-3.3358650682785436E-23","1.1128731994835262E-2","-2.5921940134668032E-15","-1.5227093151540576E-2","-1.2430727274389287E-14","3.0002894066447401E+0","2.7640442975395683E+0","1.6068040037984741E+2","2.2928297178989300E+1","3.054200000000000E-6"
"740","1.0085714954617948E+0","-3.3521264051455768E-23","1.1131619157308712E-2","-2.8784596968794697E-15","-1.5226967614407821E-2","-1.0952821794614571E-14","3.0002891977023398E+0","2.7635509521034147E+0","1.6065172104852221E+2","2.2861227326588299E+1","3.054200000000000E-6"
"739","1.0085690541172723E+0","-3.3559335039148416E-23","1.1134499939530348E-2","-1.3414589644200410E-15","-1.5226837102509876E-2","-7.4827677465737597E-15","3.0002889892416502E+0","2.7630575917174256E+0","1.6062304084812786E+2","2.2794390907918700E+1","3.054200000000000E-6"
"738","1.0085666141423730E+0","-3.3548529992396998E-23","1.1137374359555027E-2","-2.5883948276396163E-15","-1.5226701628748037E-2","-1.2984739691625524E-14","3.0002887812614301E+0","2.7625642164521542E+0","1.6059435978276582E+2","2.2727786848706000E+1","3.054200000000000E-6"
"737","1.0032417758783072E+0","-2.1775860712932119E-23","1.2232941513513645E-2","-1.0924826144175352E-14","-8.0749764935527223E-3","-1.4442621437436820E-13","3.0002885653732800E+0","1.6677017242064285E+0","9.6947426276121305E+1","1.9161119772151900E+0","3.054200000000000E-6"
"736","1.0032485728044289E+0","-2.2202610945766169E-23","1.2233825042313190E-2","-1.5983138617298415E-14","-8.0896563988551579E-3","-2.1966709263173128E-13","3.0002883426598901E+0","1.6686847302792129E+0","9.7004570732703073E+1","1.9169638661616200E+0","3.054200000000000E-6"
"735","1.0032553591068438E+0","-2.2302779933006297E-23","1.2234706162711956E-2","-1.5793194943537193E-14","-8.1043025881820854E-3","-2.3706786722965324E-13","3.0002881202956999E+0","1.6696677916180314E+0","9.7061718402029470E+1","1.9178072920634901E+0","3.054200000000000E-6"
"734","1.0032621348409543E+0","-2.2086598864854918E-23","1.2235584881195277E-2","-6.7712780232930819E-15","-8.1189152223255148E-3","-2.2219014938477306E-13","3.0002878982804400E+0","1.6706509078156007E+0","9.7118869260424162E+1","1.9186422351139201E+0","3.054200000000000E-6"
"733","1.0032689000617381E+0","-2.1710849486663354E-23","1.2236461204140117E-2","-1.4460844410361178E-14","-8.1334944609129361E-3","-2.7075249782993282E-13","3.0002876766138802E+0","1.6716340784686732E+0","9.7176023284445421E+1","1.9194686756107899E+0","3.054200000000000E-6"
"732","1.0032756548237438E+0","-2.1605409807956946E-23","1.2237335137837653E-2","-1.1086381330285662E-14","-8.1480404622925936E-3","-2.4077789190118368E-13","3.0002874552957501E+0","1.6726173031781650E+0","9.7233180450893570E+1","1.9202865936907600E+0","3.054200000000000E-6"
"731","1.0032823991811040E+0","-2.1739844752072838E-23","1.2238206688480869E-2","-1.4936920114490043E-14","-8.1625533836246853E-3","-2.3502947077093245E-13","3.0002872343258198E+0","1.6736005815490018E+0","9.7290340736801994E+1","1.9210959694659699E+0","3.054200000000000E-6"
"730","1.0032891331875313E+0","-2.1547659676503729E-23","1.2239075862169315E-2","-1.3016540869655767E-14","-8.1770333808644964E-3","-2.3090156755692369E-13","3.0002870137038200E+0","1.6745839131900793E+0","9.7347504119434873E+1","1.9218967830595699E+0","3.054200000000000E-6"
"729","1.0032958568963306E+0","-2.1522315638016857E-23","1.2239942664908809E-2","-1.2562426093911626E-14","-8.1914806088066883E-3","-2.3235609137479096E-13","3.0002867934295199E+0","1.6755672977142155E+0","9.7404670576284431E+1","1.9226890145056801E+0","3.054200000000000E-6"
"728","1.0033025703603986E+0","-2.1466515843351682E-23","1.2240807102617952E-2","-1.3793791154677665E-14","-8.2058952210575398E-3","-2.2887999162289589E-13","3.0002865735026698E+0","1.6765507347381337E+0","9.7461840085069866E+1","1.9234726439216301E+0","3.054200000000000E-6"
"727","1.0033092736322251E+0","-2.1314178901322841E-23","1.2241669181124949E-2","-1.7157236305107800E-14","-8.2202773700673637E-3","-2.1372949214928914E-13","3.0002863539230300E+0","1.6775342238823800E+0","9.7519012623732664E+1","1.9242476511842499E+0","3.054200000000000E-6"
"726","1.0033159667639080E+0","-2.1092733604054494E-23","1.2242528906170865E-2","-1.3893095055969696E-14","-8.2346272071089389E-3","-1.9722381248790117E-13","3.0002861346903602E+0","1.6785177647713143E+0","9.7576188170435941E+1","1.9250140163087599E+0","3.054200000000000E-6"
"725","1.0085325956564684E+0","-3.4345435794531037E-23","1.1176958152521430E-2","-1.9812729585228104E-15","-1.5224291081674285E-2","-1.1092380863507467E-14","3.0002859193025402E+0","2.7556554389963712E+0","1.6019273628898947E+2","2.1819140636734499E+1","3.054200000000000E-6"
"724","1.0085301756612242E+0","-3.4440323750548523E-23","1.1179739258556750E-2","-2.2770529599759891E-15","-1.5224082687383208E-2","-1.4219304904974150E-14","3.0002857183833300E+0","2.7551618487449261E+0","1.6016404272597515E+2","2.1755897159417401E+1","3.054200000000000E-6"
"723","1.0085277569610207E+0","-3.4732080692353582E-23","1.1182514281820304E-2","-4.8695096509374466E-16","-1.5223869529587136E-2","-5.1093748200805194E-15","3.0002855179253300E+0","2.7546682446909099E+0","1.6013534836058489E+2","2.1692869664513299E+1","3.054200000000000E-6"
"722","1.0085253395513287E+0","-3.4900577383130561E-23","1.1185283239202025E-2","-1.0460023832310808E-15","-1.5223651620191530E-2","-7.6663722646246280E-15","3.0002853179273599E+0","2.7541746268984872E+0","1.6010665319654873E+2","2.1630057177006599E+1","3.054200000000000E-6"
"721","1.0085229234276325E+0","-3.4888697001582718E-23","1.1188046147528358E-2","-6.0376651607289164E-16","-1.5223428971054746E-2","-5.0765217797910311E-15","3.0002851183882702E+0","2.7536809954314743E+0","1.6007795723757647E+2","2.1567458727409701E+1","3.054200000000000E-6"
"720","1.0085205085854336E+0","-3.4837142969905314E-23","1.1190803023558295E-2","-1.9854825116264261E-15","-1.5223201593975312E-2","-1.0547264270704051E-14","3.0002849193069001E+0","2.7531873503533304E+0","1.6004926048735712E+2","2.1505073351605500E+1","3.054200000000000E-6"
"719","1.0033592284872064E+0","-2.1300695857339354E-23","1.2248060135823725E-2","-9.5518367155292634E-15","-8.3271238080152524E-3","-1.6451575705833720E-13","3.0002847181191199E+0","1.6849120164877096E+0","9.7947901072010822E+1","1.9297833461588101E+0","3.054200000000000E-6"
"718","1.0033658471889348E+0","-2.1444965203456692E-23","1.2248902384353054E-2","-1.3634911475125925E-14","-8.3412360147481525E-3","-2.0644884957484892E-13","3.0002845014812598E+0","1.6858959338580592E+0","9.8005098504464840E+1","1.9304842522822800E+0","3.054200000000000E-6"
"717","1.0033724561777164E+0","-2.1370845943162620E-23","1.2249742324842513E-2","-1.0232128418886516E-14","-8.3553171506480974E-3","-1.7373776159073796E-13","3.0002842851884002E+0","1.6868798999266097E+0","9.8062298767859900E+1","1.9311763442649801E+0","3.054200000000000E-6"
"716","1.0033790555020337E+0","-2.1023603276831181E-23","1.2250579962258954E-2","-1.6511455502891614E-14","-8.3693673566130646E-3","-2.1520561569981846E-13","3.0002840692403101E+0","1.6878639143514882E+0","9.8119501842322123E+1","1.9318596017690499E+0","3.054200000000000E-6"
"715","1.0033856452100192E+0","-2.1172750403622948E-23","1.2251415301493171E-2","-1.3941849342667284E-14","-8.3833867725002301E-3","-2.3287560248860942E-13","3.0002838536367800E+0","1.6888479767941647E+0","9.8176707708171946E+1","1.9325340043783401E+0","3.054200000000000E-6"
"714","1.0033922253494367E+0","-2.0948296236876466E-23","1.2252248347362566E-2","-1.3556010285902420E-14","-8.3973755371782224E-3","-1.6453541631159376E-13","3.0002836383775899E+0","1.6898320869193830E+0","9.8233916345920164E+1","1.9331995315841199E+0","3.054200000000000E-6"
"713","1.0033987959677027E+0","-2.0764623366797972E-23","1.2253079104611962E-2","-1.4652667305601624E-14","-8.4113337884125262E-3","-1.9136191897195151E-13","3.0002834234625100E+0","1.6908162443951875E+0","9.8291127736269388E+1","1.9338561628952999E+0","3.054200000000000E-6"
"712","1.0034053571118842E+0","-2.0925146811951847E-23","1.2253907577908923E-2","-1.3870800934365788E-14","-8.4252616630525537E-3","-1.6492937354151978E-13","3.0002832088913398E+0","1.6918004488927734E+0","9.8348341860105435E+1","1.9345038777471999E+0","3.054200000000000E-6"
"711","1.0034119088286992E+0","-2.0955159251020806E-23","1.2254733771853252E-2","-1.3922957316746551E-14","-8.4391592968727745E-3","-2.2442117679878004E-13","3.0002829946638401E+0","1.6927847000865668E+0","9.8405558698501920E+1","1.9351426555528399E+0","3.054200000000000E-6"
"710","1.0034184511645228E+0","-2.1257396829680812E-23","1.2255557690974195E-2","-1.3249324353251240E-14","-8.4530268247253390E-3","-1.9305435979028181E-13","3.0002827807798198E+0","1.6937689976541084E+0","9.8462778232713546E+1","1.9357724757393400E+0","3.054200000000000E-6"
"709","1.0034249841653875E+0","-2.1331747442051785E-23","1.2256379339732167E-2","-1.0715634470838099E-14","-8.4668643804119044E-3","-1.9569576085221373E-13","3.0002825672390601E+0","1.6947533412760691E+0","9.8520000444176929E+1","1.9363933176056400E+0","3.054200000000000E-6"
"708","1.0084892302327699E+0","-3.4092628719818796E-23","1.1226100982231648E-2","-8.6573375457637113E-16","-1.5219820720989926E-2","-6.4734069569532821E-15","3.0002823723827499E+0","2.7467687539757475E+0","1.5967613237333060E+2","2.0713024236508101E+1","3.054200000000000E-6"
"707","1.0084868328673582E+0","-3.3345601908622161E-23","1.1228775130193351E-2","-1.8505595084307501E-15","-1.5219528361857210E-2","-1.0371953564612953E-14","3.0002821795903198E+0","2.7462749248143576E+0","1.5964742492191891E+2","2.0653523635521299E+1","3.054200000000000E-6"
"706","1.0084844367177150E+0","-3.2597261948203169E-23","1.1231443489655503E-2","-1.8371865717511833E-15","-1.5219231445420525E-2","-9.2121313862488897E-15","3.0002819872387501E+0","2.7457810829532359E+0","1.5961871673224195E+2","2.0594222277420101E+1","3.054200000000000E-6"
"705","1.0084820417795768E+0","-3.2674510277657828E-23","1.1234106076378970E-2","-2.3096645853679982E-15","-1.5218929982634077E-2","-1.4922721538823095E-14","3.0002817953269698E+0","2.7452872284505450E+0","1.5959000780768079E+2","2.0535119280661100E+1","3.054200000000000E-6"
"704","1.0084796480486864E+0","-3.3130917520391614E-23","1.1236762906064238E-2","-2.0034274819933552E-15","-1.5218623984422665E-2","-7.6647057502303527E-15","3.0002816038538702E+0","2.7447933613641289E+0","1.5956129815159807E+2","2.0476213768412400E+1","3.054200000000000E-6"
"703","1.0034607508332980E+0","-2.0724050157751804E-23","1.2260858017954785E-2","-1.0415706831741609E-14","-8.5424410736405863E-3","-1.5570525308859659E-13","3.0002813988912398E+0","1.7001680404369124E+0","9.8834769650254856E+1","1.9396465339896900E+0","3.054200000000000E-6"
"702","1.0034672242560962E+0","-2.0592291918399610E-23","1.2261665013379337E-2","-7.6191518321864570E-15","-8.5560870062357988E-3","-1.7489127874335326E-13","3.0002811875765798E+0","1.7011526758369779E+0","9.8892008823466199E+1","1.9402085108496001E+0","3.054200000000000E-6"
"701","1.0034736886786850E+0","-2.0235138594353686E-23","1.2262469769758179E-2","-1.4666351469595959E-14","-8.5697039400663352E-3","-2.0272120302357968E-13","3.0002809766036300E+0","1.7021373549917089E+0","9.8949250540239220E+1","1.9407613533201600E+0","3.054200000000000E-6"
"700","1.0034801441443357E+0","-2.0179642530069628E-23","1.2263272290994970E-2","-1.6258861915769328E-14","-8.5832920009724072E-3","-2.1190651357259878E-13","3.0002807659721999E+0","1.7031220776067169E+0","9.9006494783460454E+1","1.9413050404143899E+0","3.054200000000000E-6"
"699","1.0034865906960111E+0","-2.0336792629288141E-23","1.2264072580933068E-2","-1.5110189066303622E-14","-8.5968513139044796E-3","-2.2783682957222817E-13","3.0002805556820800E+0","1.7041068433903959E+0","9.9063741536178100E+1","1.9418395511880899E+0","3.054200000000000E-6"
"698","1.0034930283763661E+0","-2.0316054952837384E-23","1.2264870643355302E-2","-8.2155354502341128E-15","-8.6103820029432062E-3","-1.4863086538062007E-13","3.0002803457330902E+0","1.7050916520538797E+0","9.9120990781599730E+1","1.9423648645727500E+0","3.054200000000000E-6"
"697","1.0034994572277498E+0","-2.0441202209637765E-23","1.2265666481981649E-2","-1.8315229503807499E-14","-8.6238841912460954E-3","-2.7713262049386667E-13","3.0002801361250100E+0","1.7060765033110070E+0","9.9178242503090118E+1","1.9428809594880101E+0","3.054200000000000E-6"
"696","1.0035058772922070E+0","-2.0357429493101468E-23","1.2266460100479227E-2","-1.5211947985345339E-14","-8.6373580011625973E-3","-2.1551614667412231E-13","3.0002799268576701E+0","1.7070613968783066E+0","9.9235496684170400E+1","1.9433878149016499E+0","3.054200000000000E-6"
"695","1.0035122886114916E+0","-2.0380545313813140E-23","1.2267251502451055E-2","-1.9636073073020549E-14","-8.6508035541000960E-3","-2.7077486258453933E-13","3.0002797179308600E+0","1.7080463324749604E+0","9.9292753308515955E+1","1.9438854095260500E+0","3.054200000000000E-6"
"694","1.0084533954851125E+0","-3.1845261713572432E-23","1.1265612499128419E-2","-1.3192125834967075E-15","-1.5214961737425045E-2","-7.5294842655909462E-15","3.0002795262966400E+0","2.7393600091244852E+0","1.5924544459814820E+2","1.9841041144353198E+1","3.054200000000000E-6"
"693","1.0084510159145754E+0","-3.1625738318758067E-23","1.1268201447528369E-2","-2.6814884601801762E-15","-1.5214602147401071E-2","-1.4515201834601831E-14","3.0002793400045298E+0","2.7388659954342112E+0","1.5921672641963818E+2","1.9784438790042898E+1","3.054200000000000E-6"
"692","1.0084486374972617E+0","-3.1242598598781158E-23","1.1270784837665479E-2","-1.4295925840411056E-15","-1.5214238159390828E-2","-7.5765739450044824E-15","3.0002791541373299E+0","2.7383719698846503E+0","1.5918800755171989E+2","1.9728022951510699E+1","3.054200000000000E-6"
"691","1.0084462602291091E+0","-3.0412802027540812E-23","1.1273362684431186E-2","-1.4194906588765881E-15","-1.5213869783624568E-2","-9.0916210111533831E-15","3.0002789686940301E+0","2.7378779325294782E+0","1.5915928799751364E+2","1.9671792816887798E+1","3.054200000000000E-6"
"690","1.0035410324313148E+0","-2.0515414527750091E-23","1.2270785475652506E-2","-1.2660798091735044E-14","-8.7109620758238221E-3","-1.9389357059063073E-13","3.0002787819692900E+0","1.7124790553742719E+0","9.9550437923363944E+1","1.9460094154485501E+0","3.054200000000000E-6"
"689","1.0035473963852961E+0","-2.0457484743007610E-23","1.2271564748659952E-2","-5.9658531105235125E-15","-8.7242543483708971E-3","-1.4226432496082791E-13","3.0002785749120600E+0","1.7134642172282484E+0","9.9607707700580193E+1","1.9464556966290201E+0","3.054200000000000E-6"
"688","1.0035537518583713E+0","-2.0469067856522898E-23","1.2272341827211729E-2","-1.4411616185898106E-14","-8.7375191327933796E-3","-1.7562296303536373E-13","3.0002783681941501E+0","1.7144494193487734E+0","9.9664979818585650E+1","1.9468925787649400E+0","3.054200000000000E-6"
"687","1.0035600988901319E+0","-2.0523448519449306E-23","1.2273116714500513E-2","-4.5850309919861428E-15","-8.7507565442965993E-3","-8.8517071710672131E-14","3.0002781618153702E+0","1.7154346614739560E+0","9.9722254262156028E+1","1.9473200405201201E+0","3.054200000000000E-6"
"686","1.0035664375199014E+0","-2.0536938025782576E-23","1.2273889413662841E-2","-1.0608811312961825E-14","-8.7639666972681839E-3","-1.5590349115562944E-13","3.0002779557755601E+0","1.7164199433443117E+0","9.9779531016206860E+1","1.9477380603590999E+0","3.054200000000000E-6"
"685","1.0035727677867210E+0","-2.0591962338623888E-23","1.2274659927786950E-2","-1.6419370313171302E-14","-8.7771497053271974E-3","-2.4440520669146603E-13","3.0002777500745199E+0","1.7174052647027260E+0","9.9836810065791468E+1","1.9481466168356001E+0","3.054200000000000E-6"
"684","1.0035790897293615E+0","-2.0928277173581750E-23","1.2275428259912425E-2","-1.4846352266610268E-14","-8.7903056813120658E-3","-2.3186965793017392E-13","3.0002775447120800E+0","1.7183906252944481E+0","9.9894091396100592E+1","1.9485456883819201E+0","3.054200000000000E-6"
"683","1.0035854033863296E+0","-2.0918437601701495E-23","1.2276194413024877E-2","-1.1575624688315973E-14","-8.8034347372526744E-3","-1.9987366742248478E-13","3.0002773396880600E+0","1.7193760248670509E+0","9.9951374992460075E+1","1.9489352534640900E+0","3.054200000000000E-6"
"682","1.0084225498674388E+0","-2.8654371141617980E-23","1.1298839503036973E-2","-5.6546200465567213E-16","-1.5209946920002207E-2","-6.0568222189069568E-15","3.0002771373506301E+0","2.7329369212772625E+0","1.5887205538442058E+2","1.9119529704753798E+1","3.054200000000000E-6"
"681","1.0084201849757837E+0","-2.8957274342177074E-23","1.1301357339732603E-2","-2.2537914595082726E-15","-1.5209530941861683E-2","-1.0723507462211632E-14","3.0002769565030700E+0","2.7324427575231338E+0","1.5884332848234547E+2","1.9065289975290199E+1","3.054200000000000E-6"
"680","1.0084178211855757E+0","-2.8603008395457052E-23","1.1303869807469263E-2","-2.1202401874377773E-15","-1.5209110695333476E-2","-1.1816947439190021E-14","3.0002767760673001E+0","2.7319485825858991E+0","1.5881460093017012E+2","1.9011226544208000E+1","3.054200000000000E-6"
"679","1.0084154584929226E+0","-2.8328420621241184E-23","1.1306376920432301E-2","-1.6614405629827378E-16","-1.5208686190082811E-2","-7.2231935438333156E-15","3.0002765960423399E+0","2.7314543965156863E+0","1.5878587273080853E+2","1.8957338654899800E+1","3.054200000000000E-6"
"678","1.0084130968939440E+0","-2.8579692241940666E-23","1.1308878692756385E-2","-1.5996580574005371E-15","-1.5208257435722818E-2","-9.0138792521151347E-15","3.0002764164272100E+0","2.7309601993623680E+0","1.5875714388715997E+2","1.8903625554798801E+1","3.054200000000000E-6"
"677","1.0036199820888534E+0","-2.0830388102904722E-23","1.2280369434057753E-2","-1.4758267488501927E-14","-8.8751682833967827E-3","-1.7938282982668178E-13","3.0002762180974698E+0","1.7247964082349212E+0","1.0026647463487062E+2","1.9509069666662400E+0","3.054200000000000E-6"
"676","1.0036262428093468E+0","-2.0853445762479680E-23","1.2281121492992177E-2","-9.7880984992954937E-15","-8.8881250374571400E-3","-1.8742012700030823E-13","3.0002760152689700E+0","1.7257820551864225E+0","1.0032377261194769E+2","1.9512342117747601E+0","3.054200000000000E-6"
"675","1.0036324955246356E+0","-2.0694650349324339E-23","1.2281871393765281E-2","-1.2038474002945031E-14","-8.9010556876820343E-3","-1.6567788539931809E-13","3.0002758127776099E+0","1.7267677392970500E+0","1.0038107274917219E+2","1.9515517875470301E+0","3.054200000000000E-6"
"674","1.0036387402710387E+0","-2.0657198454621276E-23","1.2282619138958091E-2","-1.3411762941020677E-14","-8.9139603397561419E-3","-1.2816568725939312E-13","3.0002756106232198E+0","1.7277534603331031E+0","1.0043837503295862E+2","1.9518596721455099E+0","3.054200000000000E-6"
"673","1.0036449770846323E+0","-2.0860276464881807E-23","1.2283364731102971E-2","-1.4674088746310090E-14","-8.9268390986353714E-3","-2.1160138547708217E-13","3.0002754088056300E+0","1.7287392180629635E+0","1.0049567944984243E+2","1.9521578436386100E+0","3.054200000000000E-6"
"672","1.0036512060012412E+0","-2.1154230605189149E-23","1.2284108172695754E-2","-1.5212762898301475E-14","-8.9396920686347133E-3","-2.1258403176090267E-13","3.0002752073246901E+0","1.7297250122570920E+0","1.0055298598647995E+2","1.9524462801543501E+0","3.054200000000000E-6"
"671","1.0036574270564542E+0","-2.1091898668623913E-23","1.2284849466181927E-2","-1.3823573822109229E-14","-8.9525193533078317E-3","-2.1025727857754739E-13","3.0002750061802201E+0","1.7307108426879823E+0","1.0061029462964574E+2","1.9527249596300900E+0","3.054200000000000E-6"
"670","1.0083918910844281E+0","-2.8738402352096505E-23","1.1331156621298213E-2","-1.6350788975977130E-16","-1.5204209002581619E-2","-4.8621818913513938E-15","3.0002748181730801E+0","2.7265119343442206E+0","1.5849855577236463E+2","1.8427950977585901E+1","3.054200000000000E-6"
"669","1.0083895402115211E+0","-2.8300079345504470E-23","1.1333605753215561E-2","-1.0280952557157624E-15","-1.5203738276823140E-2","-8.2389600741789489E-15","3.0002746426030198E+0","2.7260176290464893E+0","1.5846982064202678E+2","1.8375945255272999E+1","3.054200000000000E-6"
"668","1.0083871903904242E+0","-2.8024121553399063E-23","1.1336049696571740E-2","-3.5776365699788062E-16","-1.5203263404983609E-2","-5.3526511466430147E-15","3.0002744674322201E+0","2.7255233131974830E+0","1.5844108489831848E+2","1.8324106304934102E+1","3.054200000000000E-6"
"667","1.0083848416174044E+0","-2.8279167185643335E-23","1.1338488464892375E-2","-8.4067665112956411E-16","-1.5202784396174245E-2","-5.0544669722789403E-15","3.0002742926597401E+0","2.7250289868440762E+0","1.5841234854396470E+2","1.8272433420863798E+1","3.054200000000000E-6"
"666","1.0036853254623643E+0","-2.0868782208024590E-23","1.2288158767516110E-2","-1.5571992882445116E-14","-9.0099270205695973E-3","-2.2242252387751974E-13","3.0002741051897699E+0","1.7351475220579888E+0","1.0086820924344705E+2","1.9538576833061001E+0","3.054200000000000E-6"
"665","1.0036915039054310E+0","-2.1050636573224518E-23","1.2288888288248935E-2","-1.6216942853092564E-14","-9.0226148564276059E-3","-2.3007215019355257E-13","3.0002739058930898E+0","1.7361335478137521E+0","1.0092552924130739E+2","1.9540823047844700E+0","3.054200000000000E-6"
"664","1.0036976747126787E+0","-2.1208502700660551E-23","1.2289615675744076E-2","-8.0496364552263631E-15","-9.0352776634575332E-3","-1.6141291206249323E-13","3.0002737069318699E+0","1.7371196083758158E+0","1.0098285126253991E+2","1.9542970255241501E+0","3.054200000000000E-6"
"663","1.0037038379179473E+0","-2.1194037379698329E-23","1.2290340932136939E-2","-1.5898439554379048E-14","-9.0479155401329611E-3","-2.0520496674603326E-13","3.0002735083059400E+0","1.7381057035313310E+0","1.0104017529477117E+2","1.9545018232402001E+0","3.054200000000000E-6"
"662","1.0037099935548577E+0","-2.1291969101875678E-23","1.2291064059516743E-2","-1.6656427259210850E-14","-9.0605285843050731E-3","-2.0270066265538754E-13","3.0002733100151699E+0","1.7390918330692715E+0","1.0109750132573376E+2","1.9546966757429800E+0","3.054200000000000E-6"
"661","1.0037161416568070E+0","-2.1144561639309514E-23","1.2291785059938267E-2","-9.7497368706303199E-15","-9.0731168931511078E-3","-1.7588999719144356E-13","3.0002731120593902E+0","1.7400779967804880E+0","1.0115482934326930E+2","1.9548815605865999E+0","3.054200000000000E-6"
"660","1.0037222822569716E+0","-2.1365483486347572E-23","1.2292503935414425E-2","-1.1591369854904997E-14","-9.0856805632318280E-3","-2.0030508918286422E-13","3.0002729144384599E+0","1.7410641944576299E+0","1.0121215933532400E+2","1.9550564554395000E+0","3.054200000000000E-6"
"659","1.0083637492136996E+0","-2.7795835213970677E-23","1.1360206710235271E-2","-6.8867595743921306E-16","-1.5198288638406977E-2","-7.4608333838640131E-15","3.0002727374785398E+0","2.7205795845812690E+0","1.5815369431846068E+2","1.7814735823396799E+1","3.054200000000000E-6"
"658","1.0083614107187635E+0","-2.7767312992474060E-23","1.1362594461234717E-2","-1.0271844209044498E-15","-1.5197768752773899E-2","-8.4896315868931032E-15","3.0002725666383201E+0","2.7200851557096617E+0","1.5812495200448259E+2","1.7764685594717200E+1","3.054200000000000E-6"
"657","1.0083590732316243E+0","-2.7599995034070002E-23","1.1364977182749677E-2","-1.6257839311492503E-16","-1.5197244827885108E-2","-3.7478638707778668E-15","3.0002723961863000E+0","2.7195907168337232E+0","1.5809620910892920E+2","1.7714793910336500E+1","3.054200000000000E-6"
"656","1.0037437157548919E+0","-2.1839918096556115E-23","1.2295003293805076E-2","-7.6679256843904006E-15","-9.1294607573086193E-3","-1.4419924767711806E-13","3.0002722253999901E+0","1.7445161508578757E+0","1.0141282968528151E+2","1.9555895926758999E+0","3.054200000000000E-6"
"655","1.0037498230017912E+0","-2.1762315630401625E-23","1.2295712630917733E-2","-1.5230479562182662E-14","-9.1419147308034396E-3","-1.9792364231951267E-13","3.0002720292840501E+0","1.7455024988637315E+0","1.0147016841629818E+2","1.9557192549148099E+0","3.054200000000000E-6"
"654","1.0037559229255333E+0","-2.1925818218230229E-23","1.2296419853474861E-2","-1.8626865502067268E-14","-9.1543445853422521E-3","-2.2801968376015832E-13","3.0002718335021501E+0","1.7464888797268201E+0","1.0152750905738311E+2","1.9558388035542000E+0","3.054200000000000E-6"
"653","1.0037620155579143E+0","-2.1821333674637276E-23","1.2297124963249537E-2","-1.3782378578569410E-14","-9.1667504134370584E-3","-1.3795129568517574E-13","3.0002716380541599E+0","1.7474752932512083E+0","1.0158485159714627E+2","1.9559482158985300E+0","3.054200000000000E-6"
"652","1.0037681009305199E+0","-2.1854174037425996E-23","1.2297827961970620E-2","-1.3226241092696441E-14","-9.1791323069671908E-3","-1.7823405083522142E-13","3.0002714429399302E+0","1.7484617392425954E+0","1.0164219602429247E+2","1.9560474693767700E+0","3.054200000000000E-6"
"651","1.0037741790747365E+0","-2.1805161001192864E-23","1.2298528851339098E-2","-1.0769329625302335E-14","-9.1914903572833124E-3","-1.1893004293192497E-13","3.0002712481593199E+0","1.7494482175083805E+0","1.0169954232762542E+2","1.9561365413656200E+0","3.054200000000000E-6"
"650","1.0037802500217463E+0","-2.2007756920252618E-23","1.2299227633011023E-2","-1.4110309746175852E-14","-9.2038246550685925E-3","-2.1300310595299776E-13","3.0002710537121899E+0","1.7504347278575680E+0","1.0175689049604205E+2","1.9562154090464501E+0","3.054200000000000E-6"
"649","1.0083380806092808E+0","-2.5853051618903538E-23","1.1386197470431023E-2","1.1629588176247805E-16","-1.5192349152472936E-2","-6.4696381388108635E-15","3.0002708794395199E+0","2.7151403239576561E+0","1.5783749729674491E+2","1.7272795074981101E+1","3.054200000000000E-6"
"648","1.0083357530044128E+0","-2.4969421099422530E-23","1.1388530601525596E-2","-9.3251118057206578E-16","-1.5191785304688354E-2","-9.0079421982266744E-15","3.0002707128204702E+0","2.7146457874271857E+0","1.5780874872430374E+2","1.7224452964192800E+1","3.054200000000000E-6"
"647","1.0083334263684478E+0","-2.4918182430353359E-23","1.1390858843015408E-2","-1.6824626548590566E-15","-1.5191217510773321E-2","-9.3559110863720997E-15","3.0002705465798800E+0","2.7141512413653857E+0","1.5777999959778396E+2","1.7176262298003600E+1","3.054200000000000E-6"
"646","1.0038014421037735E+0","-2.1652449242949212E-23","1.2301656793934398E-2","-1.3000910691819544E-14","-9.2468089425278826E-3","-2.0520558711174103E-13","3.0002703757714499E+0","1.7538877640173660E+0","1.0195762361496359E+2","1.9564107585329100E+0","3.054200000000000E-6"
"645","1.0038074810438919E+0","-2.1650063343870061E-23","1.2302346110605206E-2","-8.8605632044488386E-15","-9.2590374611595718E-3","-1.5875650386376720E-13","3.0002701828233000E+0","1.7548744164218408E+0","1.0201498004138840E+2","1.9564434249151901E+0","3.054200000000000E-6"
"644","1.0038135129547643E+0","-2.1549003845000906E-23","1.2303033328099150E-2","-1.5254029012297542E-14","-9.2712427159156955E-3","-1.8188239992270953E-13","3.0002699902079000E+0","1.7558610998880109E+0","1.0207233827350267E+2","1.9564657614562699E+0","3.054200000000000E-6"
"643","1.0038195378663033E+0","-2.1550027481009036E-23","1.2303718447854096E-2","-1.3213766652812775E-14","-9.2834247937903461E-3","-1.8435373229180374E-13","3.0002697979251001E+0","1.7568478142351829E+0","1.0212969830080225E+2","1.9564777451010400E+0","3.054200000000000E-6"
"642","1.0038255558082276E+0","-2.1290705066504101E-23","1.2304401471276477E-2","-9.9234217115828789E-15","-9.2955837812364970E-3","-1.7472390113171234E-13","3.0002696059747902E+0","1.7578345592841840E+0","1.0218706011287142E+2","1.9564793529749200E+0","3.054200000000000E-6"
"641","1.0038315668100706E+0","-2.1112112894845227E-23","1.2305082399739931E-2","-1.4817275703746226E-14","-9.3077197641460423E-3","-2.0687359880257760E-13","3.0002694143568100E+0","1.7588213348573518E+0","1.0224442369938224E+2","1.9564705620117000E+0","3.054200000000000E-6"
"640","1.0083148477472808E+0","-2.6055131842549734E-23","1.1409310233300930E-2","-1.1771067353996232E-15","-1.5186534080906495E-2","-7.3586435304149544E-15","3.0002692301764200E+0","2.7101945347063978E+0","1.5754998692732215E+2","1.6796114593568799E+1","3.054200000000000E-6"
"639","1.0083125296766502E+0","-2.6954230639485739E-23","1.1411595023092018E-2","-1.0202869789000609E-15","-1.5185931138689922E-2","-7.1676991194970162E-15","3.0002690673033401E+0","2.7096999047154475E+0","1.5752123292180329E+2","1.6749259167278499E+1","3.054200000000000E-6"
"638","1.0083102125407213E+0","-2.6944930027473200E-23","1.1413875045756151E-2","1.2199739840557316E-16","-1.5185324331228524E-2","-4.7518938916685782E-15","3.0002689048001900E+0","2.7092052656011933E+0","1.5749247838592535E+2","1.6702549074346301E+1","3.054200000000000E-6"
"637","1.0083078963361309E+0","-2.6815646867610011E-23","1.1416150313304540E-2","-1.4494082010853649E-15","-1.5184713666421686E-2","-1.1799269667021985E-14","3.0002687426661301E+0","2.7087106174033391E+0","1.5746372332199633E+2","1.6655983720684301E+1","3.054200000000000E-6"
"636","1.0038585312173736E+0","-2.0656649154998250E-23","1.2308120687912814E-2","-1.0838469233159704E-14","-9.3620492818476640E-3","-1.7247083370761527E-13","3.0002685561853499E+0","1.7632621979837153E+0","1.0250258152478735E+2","1.9563016973797600E+0","3.054200000000000E-6"
"635","1.0038645045684109E+0","-2.0775524056310190E-23","1.2308790117218651E-2","-1.4190093824882973E-14","-9.3740602509893630E-3","-1.9418510920958299E-13","3.0002683663930299E+0","1.7642491383297301E+0","1.0255995468993156E+2","1.9562352993015399E+0","3.054200000000000E-6"
"634","1.0038704711668573E+0","-2.0981185713515355E-23","1.2309457459717173E-2","-9.1068808775364411E-15","-9.3860487607987531E-3","-1.6665011125053015E-13","3.0002681769322499E+0","1.7652361080806753E+0","1.0261732956445360E+2","1.9561583517619900E+0","3.054200000000000E-6"
"633","1.0038764310408841E+0","-2.1149347654638196E-23","1.2310122716548442E-2","-8.9225842912899658E-15","-9.3980148931776218E-3","-1.6341285326277095E-13","3.0002679878028800E+0","1.7662231070696930E+0","1.0267470613865360E+2","1.9560708313920401E+0","3.054200000000000E-6"
"632","1.0038823842184947E+0","-2.1404044320061511E-23","1.2310785888817483E-2","-1.0969247165203706E-14","-9.4099587295257449E-3","-1.8203689926560051E-13","3.0002677990048001E+0","1.7672101351312755E+0","1.0273208440291023E+2","1.9559727148819199E+0","3.054200000000000E-6"
"631","1.0082917087013386E+0","-2.7396746417808187E-23","1.1431945042895237E-2","-1.7246801482237608E-15","-1.5180331663683598E-2","-1.0729795115576353E-14","3.0002676179925198E+0","2.7052478289719022E+0","1.5726242328057177E+2","1.6334029687698099E+1","3.054200000000000E-6"
"630","1.0082893998277027E+0","-2.7222273347105367E-23","1.1434182696839030E-2","-1.3157149295392900E-15","-1.5179690420484332E-2","-8.9124583127401391E-15","3.0002674587813800E+0","2.7047531095113841E+0","1.5723366407397640E+2","1.6288601227343200E+1","3.054200000000000E-6"
"629","1.0082870918556215E+0","-2.7371424351306346E-23","1.1436415701874663E-2","6.0126813125954260E-17","-1.5179045389535038E-2","-5.5003177226814879E-15","3.0002672999319300E+0","2.7042583813159524E+0","1.5720490435959991E+2","1.6243312295384701E+1","3.054200000000000E-6"
"628","1.0039031680060158E+0","-2.1007833853935733E-23","1.2313090591145170E-2","-1.2422129980980361E-14","-9.4515877387390361E-3","-1.4305784203107097E-13","3.0002671408187598E+0","1.7706649599358437E+0","1.0293292149996195E+2","1.9555455242748601E+0","3.054200000000000E-6"
"627","1.0039090913916149E+0","-2.1181222542554125E-23","1.2313744395809312E-2","-8.1137410316076636E-15","-9.4634322366486268E-3","-1.1022958043709023E-13","3.0002669535100499E+0","1.7716521168122570E+0","1.0299030725252787E+2","1.9553994349946300E+0","3.054200000000000E-6"
"626","1.0039150082317356E+0","-2.1271449852807852E-23","1.2314396121480282E-2","-1.1257185665699101E-14","-9.4752548771884024E-3","-1.7128306133724872E-13","3.0002667665319902E+0","1.7726393018750413E+0","1.0304769464363385E+2","1.9552426204629401E+0","3.054200000000000E-6"
"625","1.0039209185532716E+0","-2.1252623739054058E-23","1.2315045769078038E-2","-1.3657197846749792E-14","-9.4870557385432173E-3","-1.9886503191456765E-13","3.0002665798844701E+0","1.7736265149673136E+0","1.0310508366415995E+2","1.9550750570305899E+0","3.054200000000000E-6"
"624","1.0039268223829585E+0","-2.1560486145879611E-23","1.2315693339494437E-2","-7.9379549803793563E-15","-9.4988348983940148E-3","-1.0240137932196012E-13","3.0002663935673799E+0","1.7746137559334805E+0","1.0316247430506115E+2","1.9548967210751500E+0","3.054200000000000E-6"
"623","1.0039327197473704E+0","-2.1578147744427161E-23","1.2316338833589426E-2","-1.5040510805789155E-14","-9.5105924338956642E-3","-1.8139951572216183E-13","3.0002662075806001E+0","1.7756010246192055E+0","1.0321986655736549E+2","1.9547075888784800E+0","3.054200000000000E-6"
"622","1.0082686601460389E+0","-2.4036780128648396E-23","1.1454113764428222E-2","-2.4081307311783852E-17","-1.5173749684284546E-2","-1.3138649976590895E-15","3.0002660420604599E+0","2.7003002457940193E+0","1.5697480862597217E+2","1.5885956739889600E+1","3.054200000000000E-6"
"621","1.0082663601425292E+0","-2.3233179333431928E-23","1.1456305446247331E-2","-7.1918271734889585E-16","-1.5173070900293876E-2","-9.9532779529340272E-15","3.0002658864300900E+0","2.6998054406638152E+0","1.5694604443919633E+2","1.5841898508756300E+1","3.054200000000000E-6"
"620","1.0082640610084415E+0","-2.3241756162408524E-23","1.1458492593308162E-2","-6.0009957837723315E-16","-1.5172388402808976E-2","-4.5788939775078667E-15","3.0002657311534402E+0","2.6993106271686234E+0","1.5691727976614402E+2","1.5797974289530799E+1","3.054200000000000E-6"
"619","1.0039533099886333E+0","-2.1740514251382830E-23","1.2318581723706350E-2","-1.2408372403977581E-14","-9.5515746200726514E-3","-1.6553114302213299E-13","3.0002655592265599E+0","1.7790566811116570E+0","1.0342075200239131E+2","1.9539602634342901E+0","3.054200000000000E-6"
"618","1.0039591785838422E+0","-2.1866103532823162E-23","1.2319217884300002E-2","-7.5960275190071059E-15","-9.5632357887980163E-3","-9.4803127643238857E-14","3.0002653747248602E+0","1.7800440726586801E+0","1.0347815139691207E+2","1.9537222542785000E+0","3.054200000000000E-6"
"617","1.0039650408570782E+0","-2.1855412223405542E-23","1.2319851972827431E-2","-5.9726093195236850E-15","-9.5748757493749684E-3","-1.0096264226553224E-13","3.0002651905528901E+0","1.7810314910984140E+0","1.0353555235476942E+2","1.9534733180217101E+0","3.054200000000000E-6"
"616","1.0039708968338841E+0","-2.1680330399470532E-23","1.2320483989979430E-2","-6.3317517273713420E-15","-9.5864945759863204E-3","-1.2810546568709954E-13","3.0002650067105399E+0","1.7820189362844350E+0","1.0359295486745138E+2","1.9532134307284801E+0","3.054200000000000E-6"
"615","1.0039767465396594E+0","-2.1761264852530566E-23","1.2321113936414359E-2","-7.3231063121064415E-15","-9.5980923423675639E-3","-1.3666687280386622E-13","3.0002648231977100E+0","1.7830064080714734E+0","1.0365035892651309E+2","1.9529425683681301E+0","3.054200000000000E-6"
"614","1.0082479911495252E+0","-2.1692095323336182E-23","1.1473676585249186E-2","-7.5997655660772653E-17","-1.5167507547824428E-2","-5.1775458839498201E-15","3.0002646540556399E+0","2.6958467014865799E+0","1.5671591361366512E+2","1.5494212363802101E+1","3.054200000000000E-6"
"613","1.0082456988579085E+0","-2.1273666010476225E-23","1.1475827854129908E-2","-6.2199636673306323E-16","-1.5166795600902649E-2","-5.3962363781563849E-15","3.0002645015808000E+0","2.6953518223537873E+0","1.5668714512494461E+2","1.5451341152016900E+1","3.054200000000000E-6"
"612","1.0082434074076319E+0","-2.1498757364788487E-23","1.1477974687652001E-2","2.8988089223771571E-17","-1.5166080004670759E-2","-2.6091076472201243E-15","3.0002643494527499E+0","2.6948569351740459E+0","1.5665837616843604E+2","1.5408599219814100E+1","3.054200000000000E-6"
"611","1.0039971714885876E+0","-2.2098397820812800E-23","1.2323302450979292E-2","-1.1138696050490074E-14","-9.6385197292560027E-3","-1.4550771577005243E-13","3.0002641834963000E+0","1.7864627667389983E+0","1.0385128519062854E+2","1.9519077750998099E+0","3.054200000000000E-6"
"610","1.0040029932849450E+0","-2.2095330790197715E-23","1.2323923086674543E-2","-1.2366572943937505E-14","-9.6500236249785348E-3","-1.5339567530470063E-13","3.0002640014650601E+0","1.7874503564638262E+0","1.0390869610569153E+2","1.9515872275896999E+0","3.054200000000000E-6"
"609","1.0040088089472665E+0","-2.2273117753229743E-23","1.2324541654828887E-2","-1.0149666151418566E-14","-9.6615068580275243E-3","-1.5215363002132149E-13","3.0002638197627798E+0","1.7884379720111574E+0","1.0396610852187739E+2","1.9512555725644001E+0","3.054200000000000E-6"
"608","1.0040146184999827E+0","-2.2154266116372884E-23","1.2325158155936738E-2","-6.9397448819150247E-15","-9.6729694993001984E-3","-1.0270888010761143E-13","3.0002636383893799E+0","1.7894256132430486E+0","1.0402352243116721E+2","1.9509127858111699E+0","3.054200000000000E-6"
"607","1.0040204219673854E+0","-2.2200362048476931E-23","1.2325772590468159E-2","-1.1464293878495004E-14","-9.6844116192159116E-3","-1.5229072625314517E-13","3.0002634573447602E+0","1.7904132800226671E+0","1.0408093782560653E+2","1.9505588430675300E+0","3.054200000000000E-6"
"606","1.0082273905562755E+0","-2.1030697215175394E-23","1.1492879239437055E-2","-8.8367419360588404E-16","-1.5160969233300917E-2","-6.4850598841370900E-15","3.0002632942026901E+0","2.6913925024788603E+0","1.5645698054208989E+2","1.5112982771461001E+1","3.054200000000000E-6"
"605","1.0082251057268841E+0","-2.0897443588371865E-23","1.1494990977771603E-2","-4.9538040802321111E-16","-1.5160224691544688E-2","-8.0433442105200915E-15","3.0002631448217500E+0","2.6908975521519336E+0","1.5642820791468682E+2","1.5071256829667799E+1","3.054200000000000E-6"
"604","1.0082228217115121E+0","-2.0953909004936316E-23","1.1497098377118254E-2","-2.2397595152463836E-16","-1.5159476562286186E-2","-5.6731529853435100E-15","3.0002629957808500E+0","2.6904025940827569E+0","1.5639943483720853E+2","1.5029655643410701E+1","3.054200000000000E-6"
"603","1.0040406865287641E+0","-2.1971156763086750E-23","1.2327906843265653E-2","-1.2855139174479328E-14","-9.7242984406586998E-3","-1.5378148184567450E-13","3.0002628262763702E+0","1.7938703129890849E+0","1.0428190328830361E+2","1.9492318390247600E+0","3.054200000000000E-6"
"602","1.0040464629090184E+0","-2.1938683461695733E-23","1.2328511983377543E-2","-9.4647592083644891E-15","-9.7356490751352442E-3","-1.2558168935905081E-13","3.0002626467100999E+0","1.7948580930686213E+0","1.0433932526913384E+2","1.9488273931777500E+0","3.054200000000000E-6"
"601","1.0040522333350277E+0","-2.1995660696264155E-23","1.2329115059066920E-2","-1.2855918869307171E-14","-9.7469795682876142E-3","-1.6475297024908149E-13","3.0002624674720999E+0","1.7958458979621854E+0","1.0439674869246186E+2","1.9484116572393899E+0","3.054200000000000E-6"
"600","1.0040579978301705E+0","-2.1945536136082960E-23","1.2329716070651761E-2","-1.5393795166025710E-14","-9.7582899878854868E-3","-1.7232677818169521E-13","3.0002622885622898E+0","1.7968337275397572E+0","1.0445417355072935E+2","1.9479846067192601E+0","3.054200000000000E-6"
"599","1.0040637564176982E+0","-2.2014778908171619E-23","1.2330315018421979E-2","-1.4429123727226630E-14","-9.7695804012869411E-3","-1.6668434103484271E-13","3.0002621099805800E+0","1.7978215816723053E+0","1.0451159983643542E+2","1.9475462170890800E+0","3.054200000000000E-6"
"598","1.0082068561465116E+0","-1.8702581871508090E-23","1.1511729560553656E-2","-9.2174471084826608E-16","-1.5154139768727926E-2","-6.9068954249175541E-15","3.0002619619542501E+0","2.6869376735732979E+0","1.5619801085307057E+2","1.4741899615598699E+1","3.054200000000000E-6"
"597","1.0082045785364424E+0","-1.8629929564331868E-23","1.1513802623937062E-2","-5.5436445343993505E-16","-1.5153363179188580E-2","-4.8502916617078214E-15","3.0002618156074101E+0","2.6864426547434399E+0","1.5616923424343088E+2","1.4701279025511401E+1","3.054200000000000E-6"
"596","1.0040781271920405E+0","-2.2327743985400036E-23","1.2331803360357909E-2","-8.5228511107157941E-15","-9.7977193461810663E-3","-1.4542211415944119E-13","3.0002616649611600E+0","1.8002913235939220E+0","1.0465517174704246E+2","1.9464004728828901E+0","3.054200000000000E-6"
"595","1.0040838652840509E+0","-2.2395169545080696E-23","1.2332395086735226E-2","-7.5616360675014600E-15","-9.8089402626732325E-3","-1.1895330404920614E-13","3.0002614875271099E+0","1.8012792626671259E+0","1.0471260297054876E+2","1.9459222024740499E+0","3.054200000000000E-6"
"594","1.0040895975714121E+0","-2.2321815426853326E-23","1.2332984750324507E-2","-1.1409374623774505E-14","-9.8201414712056102E-3","-1.5420817552026739E-13","3.0002613104207798E+0","1.8022672257269201E+0","1.0477003558845200E+2","1.9454324820282600E+0","3.054200000000000E-6"
"593","1.0040953240766448E+0","-2.2536397709976627E-23","1.2333572351289977E-2","-1.2253883641029963E-14","-9.8313230370091365E-3","-1.5225883316549451E-13","3.0002611336420801E+0","1.8032552126496426E+0","1.0482746959356344E+2","1.9449312867669999E+0","3.054200000000000E-6"
"592","1.0041010448221446E+0","-2.2923196411694383E-23","1.2334157889775033E-2","-9.8830708186388904E-15","-9.8424850249056971E-3","-1.3307802730285275E-13","3.0002609571909402E+0","1.8042432233125920E+0","1.0488490497875013E+2","1.9444185918893500E+0","3.054200000000000E-6"
"591","1.0081886571519503E+0","-1.8953672546448257E-23","1.1528195762063150E-2","-1.3906252411635940E-15","-1.5147828629820994E-2","-1.1614634921626835E-14","3.0002608004778999E+0","2.6829773160937220E+0","1.5596778595181553E+2","1.4420280806490300E+1","3.054200000000000E-6"
"590","1.0081863857604267E+0","-1.8416506626535195E-23","1.1530235145137230E-2","-6.0775192005006497E-16","-1.5147023996313491E-2","-2.4818922636548551E-15","3.0002606567792598E+0","2.6824822385416445E+0","1.5593900592851500E+2","1.4380610645371700E+1","3.054200000000000E-6"
"589","1.0081841151333137E+0","-1.8913766251771416E-23","1.1532270363397655E-2","-1.2387477190352893E-15","-1.5146215885890419E-2","-8.6879315344128442E-15","3.0002605134084801E+0","2.6819871537888824E+0","1.5591022548662173E+2","1.4341057225137501E+1","3.054200000000000E-6"
"588","1.0041210223938386E+0","-2.3181882931104436E-23","1.2336191033997964E-2","-1.1186715895965707E-14","-9.8813987335665422E-3","-1.4268816697632731E-13","3.0002603421902698E+0","1.8077014458376790E+0","1.0508593959329238E+2","1.9425332416993399E+0","3.054200000000000E-6"
"587","1.0041267174942778E+0","-2.3184987443341302E-23","1.2336767292507468E-2","-9.5373318883364173E-15","-9.8924734130045114E-3","-1.3289950043319751E-13","3.0002601672121401E+0","1.8086895618381982E+0","1.0514338110199992E+2","1.9419684907969299E+0","3.054200000000000E-6"
"586","1.0041324069559034E+0","-2.3064039420619236E-23","1.2337341488934426E-2","-1.0737835948468444E-14","-9.9035288643775244E-3","-1.3812526886526200E-13","3.0002599925611402E+0","1.8096777009206322E+0","1.0520082395251349E+2","1.9413921032416901E+0","3.054200000000000E-6"
"585","1.0041380908002981E+0","-2.3010095612453823E-23","1.2337913623280955E-2","-1.2955327255545297E-14","-9.9145651500967477E-3","-1.6460269618299962E-13","3.0002598182371898E+0","1.8106658629682173E+0","1.0525826813804535E+2","1.9408040539851901E+0","3.054200000000000E-6"
"584","1.0081705072647895E+0","-1.9328462912117106E-23","1.1544394766085897E-2","-1.1306480077934049E-15","-1.5141294557396540E-2","-6.1723973254845992E-15","3.0002596600301001E+0","2.6790164957586420E+0","1.5573753414368070E+2","1.4106163160494701E+1","3.054200000000000E-6"
"583","1.0081682419094988E+0","-1.9737767388844766E-23","1.1546401107062045E-2","-1.1397835395956130E-15","-1.5140462282628095E-2","-8.7508694731035400E-15","3.0002595189350001E+0","2.6785213614485275E+0","1.5570875082090188E+2","1.4067414421236000E+1","3.054200000000000E-6"
"582","1.0081659772961331E+0","-1.9829967007871471E-23","1.1548403361804977E-2","-1.8884373005224078E-15","-1.5139626580367996E-2","-8.8509002985813191E-15","3.0002593781622702E+0","2.6780262201781992E+0","1.5567996709350948E+2","1.4028778875846999E+1","3.054200000000000E-6"
"581","1.0041579403287892E+0","-2.2780682239441610E-23","1.2339899854136600E-2","-1.1407085090461133E-14","-9.9530421133037349E-3","-1.2959439782524818E-13","3.0002592106778398E+0","1.8141246093201469E+0","1.0545933320387485E+2","1.9386536833121799E+0","3.054200000000000E-6"
"580","1.0041635991595332E+0","-2.2833188821293402E-23","1.2340462708576926E-2","-1.0802035105034345E-14","-9.9639929163468262E-3","-1.4057282777214473E-13","3.0002590378247298E+0","1.8151128732894208E+0","1.0551678331435436E+2","1.9380128454770200E+0","3.054200000000000E-6"
"579","1.0041692524896222E+0","-2.2696891428329118E-23","1.2341023500571063E-2","-1.0650860386573324E-14","-9.9749248906417474E-3","-1.2169820842660860E-13","3.0002588652982798E+0","1.8161011595971845E+0","1.0557423472342283E+2","1.9373602075502601E+0","3.054200000000000E-6"
"578","1.0041749003398732E+0","-2.2385951651130709E-23","1.2341582229986775E-2","-1.0049654507991389E-14","-9.9858380962789400E-3","-1.2476683942898678E-13","3.0002586930984201E+0","1.8170894681322716E+0","1.0563168742461797E+2","1.9366957442255599E+0","3.054200000000000E-6"
"577","1.0081524050416779E+0","-2.0120271213725381E-23","1.1560331618956476E-2","-6.8459689935310752E-16","-1.5134540727139096E-2","-3.5947274351949027E-15","3.0002585402577102E+0","2.6750552280312032E+0","1.5550725632757505E+2","1.3799318530043900E+1","3.054200000000000E-6"
"576","1.0081501455446107E+0","-2.0207885150231139E-23","1.1562305539195149E-2","-3.1310238186868194E-15","-1.5133681200766238E-2","-1.4614178601221512E-14","3.0002584017226699E+0","2.6745600388563329E+0","1.5547846981537887E+2","1.3761463312859700E+1","3.054200000000000E-6"
"575","1.0081478867675158E+0","-2.0116088781753069E-23","1.1564275449713559E-2","-1.3513286828530571E-15","-1.5132818294714851E-2","-6.3080135702901729E-15","3.0002582635046400E+0","2.6740648429530820E+0","1.5544968291204609E+2","1.3723717877398300E+1","3.054200000000000E-6"
"574","1.0041946249598435E+0","-2.2550957381228694E-23","1.2343521537727430E-2","-9.7945820103216000E-15","-1.0023887372758193E-2","-1.0282138473963987E-13","3.0002580929698901E+0","1.8205487214594047E+0","1.0583278196210921E+2","1.9342766314705799E+0","3.054200000000000E-6"
"573","1.0042002484053383E+0","-2.2279992399601906E-23","1.2344070983340049E-2","-1.0080265774961347E-14","-1.0034716854209076E-2","-1.3144955364843832E-13","3.0002579222388901E+0","1.8215371286636060E+0","1.0589024039917219E+2","1.9335586398271600E+0","3.054200000000000E-6"
"572","1.0042058664834439E+0","-2.2247750450288167E-23","1.2344618365278916E-2","-9.8918477863677953E-15","-1.0045527891554924E-2","-1.2782537001067099E-13","3.0002577518341300E+0","1.8225255574982455E+0","1.0594770009366340E+2","1.9328286830047401E+0","3.054200000000000E-6"
"571","1.0042114792142423E+0","-2.2340018570209217E-23","1.2345163683279078E-2","-1.1512484896160062E-14","-1.0056320542715661E-2","-1.2633312715718946E-13","3.0002575817555499E+0","1.8235140078573830E+0","1.0600516103942437E+2","1.9320867354313100E+0","3.054200000000000E-6"
"570","1.0081343490732548E+0","-2.0446542266588874E-23","1.1576011234189354E-2","-1.9011710795657793E-15","-1.5127570211873489E-2","-7.8989094011891200E-15","3.0002574408167599E+0","2.6710935278186412E+0","1.5527695337009132E+2","1.3499527449550101E+1","3.054200000000000E-6"
"569","1.0081320952605815E+0","-2.0549200550485401E-23","1.1577953338763703E-2","-2.1042254225284032E-15","-1.5126683810960299E-2","-8.3614436382339650E-15","3.0002573047993999E+0","2.6705982856045898E+0","1.5524816377460272E+2","1.3462538912013899E+1","3.054200000000000E-6"
"568","1.0042254877775818E+0","-2.2111764542523892E-23","1.2346517946641348E-2","-7.1713801586061602E-15","-1.0083222108176138E-2","-1.0500201052465589E-13","3.0002571579857200E+0","1.8259852272367640E+0","1.0614881883812855E+2","1.9301792392861801E+0","3.054200000000000E-6"
"567","1.0042310819493903E+0","-2.2029759924546272E-23","1.2347056038495598E-2","-1.1273540001788560E-14","-1.0093950859081675E-2","-1.2895263740439958E-13","3.0002569890482902E+0","1.8269737521086244E+0","1.0620628411548947E+2","1.9293951226383601E+0","3.054200000000000E-6"
"566","1.0042366708629249E+0","-2.2196474299597215E-23","1.2347592064983934E-2","-7.9386458500972094E-15","-1.0104661480408677E-2","-1.1179142117385969E-13","3.0002568204367699E+0","1.8279622980378396E+0","1.0626375061696397E+2","1.9285988998530399E+0","3.054200000000000E-6"
"565","1.0042422545376772E+0","-2.2026102235274817E-23","1.2348126025734006E-2","-6.5301766067932786E-15","-1.0115354028311039E-2","-9.8013278154879428E-14","3.0002566521511098E+0","1.8289508649226622E+0","1.0632121833663727E+2","1.9277905452827400E+0","3.054200000000000E-6"
"564","1.0081185869613634E+0","-2.0340637298787527E-23","1.1589523647091416E-2","-9.1983171936733522E-16","-1.5121295601729739E-2","-6.1675104134061316E-15","3.0002564952203801E+0","2.6676266966739774E+0","1.5507541831623212E+2","1.3242830161789399E+1","3.054200000000000E-6"
"563","1.0081163379831242E+0","-2.0376686863858344E-23","1.1591438396918900E-2","-1.4842838499812082E-15","-1.5120385985357006E-2","-1.0648824863382652E-14","3.0002563613721001E+0","2.6671314094972725E+0","1.5504662610695860E+2","1.3206578744824901E+1","3.054200000000000E-6"
"562","1.0081140896850629E+0","-2.0232555811999841E-23","1.1593349275157901E-2","-1.0983638077927452E-15","-1.5119473074842229E-2","-8.3832513698159142E-15","3.0002562278311502E+0","2.6666361160049417E+0","1.5501783353054296E+2","1.3170431054456399E+1","3.054200000000000E-6"
"561","1.0042617564228682E+0","-2.1948342087816844E-23","1.2349978614882641E-2","-5.4787810286385532E-15","-1.0152636420920128E-2","-8.8128912031573589E-14","3.0002560657166502E+0","1.8324110125934643E+0","1.0652236486443090E+2","1.9248653936362199E+0","3.054200000000000E-6"
"560","1.0042673167615239E+0","-2.2200690335782332E-23","1.2350503274720537E-2","-9.4352830844411346E-15","-1.0163248324776728E-2","-1.0681239385103573E-13","3.0002558988966901E+0","1.8333996725392452E+0","1.0657983799395672E+2","1.9240021263253499E+0","3.054200000000000E-6"
"559","1.0042728719667520E+0","-2.2246737154037809E-23","1.2351025866445643E-2","-6.4908939501802903E-15","-1.0173842458420771E-2","-8.4544089574578504E-14","3.0002557324022998E+0","1.8343883528941394E+0","1.0663731230991233E+2","1.9231265849689001E+0","3.054200000000000E-6"
"558","1.0042784220573737E+0","-2.2407002105250114E-23","1.2351546389566865E-2","-6.6217441163687544E-15","-1.0184418875975191E-2","-1.0668488279577741E-13","3.0002555662334300E+0","1.8353770535611087E+0","1.0669478780665665E+2","1.9222387436046400E+0","3.054200000000000E-6"
"557","1.0081006140358202E+0","-2.0215505551623240E-23","1.1604733741514134E-2","-1.4611805057382146E-15","-1.5113926742177234E-2","-6.4654477542066834E-15","3.0002554330043201E+0","2.6636642239011694E+0","1.5484507044800301E+2","1.2955701542721201E+1","3.054200000000000E-6"
"556","1.0080983704268602E+0","-2.0108628646602623E-23","1.1606617768165024E-2","-1.4248332844683378E-15","-1.5112990925923971E-2","-9.2231120797851479E-15","3.0002553015971900E+0","2.6631688869361856E+0","1.5481627534441969E+2","1.2920269162689101E+1","3.054200000000000E-6"
"555","1.0042922750301810E+0","-2.2757651721729768E-23","1.2352838643819614E-2","-7.9153311545371593E-15","-1.0210782764596815E-2","-9.7870931341704687E-14","3.0002551522350802E+0","1.8378488934632087E+0","1.0683848167780694E+2","1.9199651567820299E+0","3.054200000000000E-6"
"554","1.0042978073665028E+0","-2.2692654712628645E-23","1.2353351922677345E-2","-7.4333021510200034E-15","-1.0221297597867569E-2","-9.1678336580776959E-14","3.0002549872051598E+0","1.8388376644681712E+0","1.0689596126346437E+2","1.9190340602513201E+0","3.054200000000000E-6"
"553","1.0043033346717074E+0","-2.2575593146315775E-23","1.2353863130487803E-2","-5.4009543074456908E-15","-1.0231794954966027E-2","-7.4970603187373316E-14","3.0002548225005499E+0","1.8398264553570267E+0","1.0695344200501930E+2","1.9180905463665501E+0","3.054200000000000E-6"
"552","1.0043088569640810E+0","-2.2659798840203643E-23","1.2354372266656864E-2","-1.2793392733450217E-14","-1.0242274888395455E-2","-1.2766005624997154E-13","3.0002546581212002E+0","1.8408152660364774E+0","1.0701092389704810E+2","1.9171345889663800E+0","3.054200000000000E-6"
"551","1.0080849225375188E+0","-2.0382554676328803E-23","1.1617842419531864E-2","-6.2611151398699921E-16","-1.5107307951781397E-2","-6.0465850075143668E-15","3.0002545194825201E+0","2.6601967378021776E+0","1.5464349732010723E+2","1.2709775909352800E+1","3.054200000000000E-6"
"550","1.0080826834932377E+0","-2.0448687766302462E-23","1.1619700024252772E-2","-2.3535238682928195E-15","-1.5106349492687606E-2","-1.1941957219295341E-14","3.0002543901790801E+0","2.6597013586256910E+0","1.5461469976266991E+2","1.2675040420787600E+1","3.054200000000000E-6"
"549","1.0043226408830133E+0","-2.2441472272338300E-23","1.2355636039599854E-2","-1.2246624419998686E-14","-1.0268398835382898E-2","-1.1989467968404512E-13","3.0002542485956001E+0","1.8432873787126947E+0","1.0715463362519981E+2","1.9146900829722600E+0","3.054200000000000E-6"
"548","1.0043281457730975E+0","-2.2538566474145860E-23","1.2356137920101481E-2","-6.2167782116680309E-15","-1.0278818195285349E-2","-7.2670529675169723E-14","3.0002540853543600E+0","1.8442762579340697E+0","1.0721211950173200E+2","1.9136903666318501E+0","3.054200000000000E-6"
"547","1.0043336457314600E+0","-2.2587362375468605E-23","1.2356637726073115E-2","-6.8458738913956214E-15","-1.0289220364225648E-2","-8.9513701041993588E-14","3.0002539224381999E+0","1.8452651565343308E+0","1.0726960650480446E+2","1.9126780885643599E+0","3.054200000000000E-6"
"546","1.0043391407758673E+0","-2.2772208808040476E-23","1.2357135456826670E-2","-8.5947401666657292E-15","-1.0299605393147027E-2","-1.0384496318891900E-13","3.0002537598470802E+0","1.8462540744237608E+0","1.0732709462920167E+2","1.9116532224287099E+0","3.054200000000000E-6"
"545","1.0080692626247640E+0","-2.0446139016040285E-23","1.1630767409620100E-2","-1.6221272018198849E-15","-1.5100531432342176E-2","-1.0439754746708906E-14","3.0002536205978698E+0","2.6567289599130151E+0","1.5444190722976208E+2","1.2468674713558300E+1","3.054200000000000E-6"
"544","1.0080670280232287E+0","-2.0390490440330878E-23","1.1632599012468476E-2","-9.6422295073892342E-16","-1.5099550585985009E-2","-6.5008604563513026E-15","3.0002534933686800E+0","2.6562335397480155E+0","1.5441310728956603E+2","1.2434618293501000E+1","3.054200000000000E-6"
"543","1.0043528570041032E+0","-2.2680368495591829E-23","1.2358370699939329E-2","-8.1726692451666308E-15","-1.0325493309616882E-2","-8.7169696978859506E-14","3.0002533547911199E+0","1.8487264529542831E+0","1.0747081981208984E+2","1.9090358109073799E+0","3.054200000000000E-6"
"542","1.0043583349882657E+0","-2.2490743802512343E-23","1.2358861161738247E-2","-7.9918555030342301E-15","-1.0335818745568845E-2","-8.7213564130681527E-14","3.0002531933373802E+0","1.8497154376582556E+0","1.0752831182057368E+2","1.9079666784085101E+0","3.054200000000000E-6"
"541","1.0043638081372979E+0","-2.2514512320426265E-23","1.2359349544996637E-2","-5.3816093336154028E-15","-1.0346127267283758E-2","-7.6518168768192220E-14","3.0002530322085099E+0","1.8507044412553466E+0","1.0758580492735896E+2","1.9068848387756301E+0","3.054200000000000E-6"
"540","1.0043692764684744E+0","-2.2565054348322938E-23","1.2359835848927874E-2","-1.0797798193029821E-14","-1.0356418924184872E-2","-1.0962288414081425E-13","3.0002528714044998E+0","1.8516934636592273E+0","1.0764329912742718E+2","1.9057902654956800E+0","3.054200000000000E-6"
"539","1.0080536334513339E+0","-2.0407504511555089E-23","1.1643511624043895E-2","-1.9420901707114823E-16","-1.5093598951471407E-2","-3.9123159935628354E-15","3.0002527361461500E+0","2.6532608986836896E+0","1.5424030066818639E+2","1.2232274925817700E+1","3.054200000000000E-6"
"538","1.0080514031730348E+0","-2.0342756949107250E-23","1.1645317635749795E-2","-1.7367477089029178E-15","-1.5092595966326000E-2","-1.1270917752999510E-14","3.0002526109624101E+0","2.6527654387164650E+0","1.5421149841419330E+2","1.2198880324163300E+1","3.054200000000000E-6"
"537","1.0043829263308242E+0","-2.2563782558131198E-23","1.2361042506390817E-2","-3.4673006468694970E-15","-1.0382074604823441E-2","-7.0469735501657493E-14","3.0002524708155001E+0","1.8541661013874602E+0","1.0778703937808829E+2","1.9029979480506001E+0","3.054200000000000E-6"
"536","1.0043883779342313E+0","-2.2480245071081578E-23","1.2361521526243658E-2","-8.7381948969461041E-15","-1.0392307620251281E-2","-9.1833460696526321E-14","3.0002523111482300E+0","1.8551551889438320E+0","1.0784453736562418E+2","1.9018585974803699E+0","3.054200000000000E-6"
"535","1.0043938247964144E+0","-2.2431680521836770E-23","1.2361998463023547E-2","-8.8188545334256885E-15","-1.0402523989978516E-2","-9.3667514528178360E-14","3.0002521518056700E+0","1.8561442949258389E+0","1.0790203642428560E+2","1.9007063933873301E+0","3.054200000000000E-6"
"534","1.0043992669341664E+0","-2.2427531694076887E-23","1.2362473315851837E-2","-9.9280700690984712E-15","-1.0412723761978217E-2","-1.0329656394350266E-13","3.0002519927878102E+0","1.8571334192503794E+0","1.0795953654924166E+2","1.8995413091012401E+0","3.054200000000000E-6"
"533","1.0080380341877837E+0","-2.0302033813575835E-23","1.1656077910565606E-2","2.0575184489218845E-16","-1.5086512227791199E-2","-2.4651794820502136E-15","3.0002518659276300E+0","2.6497925623115033E+0","1.5403867811190864E+2","1.2000457461545000E+1","3.054200000000000E-6"
"532","1.0080358081155731E+0","-2.0374774008692225E-23","1.1657858732791323E-2","-7.3453996626588658E-16","-1.5085487345469545E-2","-7.1029377941073011E-15","3.0002517427611402E+0","2.6492970636930262E+0","1.5400987361102727E+2","1.1967707979424500E+1","3.054200000000000E-6"
"531","1.0044128517186053E+0","-2.2315761498745865E-23","1.2363651324712696E-2","-6.5036178693939570E-15","-1.0438150889403234E-2","-8.4902893176165274E-14","3.0002515966634902E+0","1.8596063097700770E+0","1.0810329149526559E+2","1.8965720718174199E+0","3.054200000000000E-6"
"530","1.0044182774518771E+0","-2.2476094950853526E-23","1.2364118876545658E-2","-1.0239414491357797E-14","-1.0448292943411933E-2","-1.0020854185729812E-13","3.0002514387818402E+0","1.8605954976472279E+0","1.0816079531468446E+2","1.8953616959224300E+0","3.054200000000000E-6"
"529","1.0044236985352484E+0","-2.2389808380736733E-23","1.2364584340263550E-2","-6.6765525699304575E-15","-1.0458418612387520E-2","-8.2238489600888932E-14","3.0002512812247599E+0","1.8615847034999220E+0","1.0821830017906397E+2","1.8941383192362600E+0","3.054200000000000E-6"
"528","1.0080246865794966E+0","-2.0325618800791281E-23","1.1666709510008784E-2","-1.6570725552592436E-15","-1.5080316396543168E-2","-1.1552810825644924E-14","3.0002511312062601E+0","2.6468194896084274E+0","1.5386584639835255E+2","1.1805316442114300E+1","3.054200000000000E-6"
"527","1.0080224640210089E+0","-2.0508311978831141E-23","1.1668469054260925E-2","-1.3484510826112910E-15","-1.5079272932458056E-2","-7.9385603371971718E-15","3.0002510097469002E+0","2.6463239587506004E+0","1.5383704002332192E+2","1.1773107031293399E+1","3.054200000000000E-6"
"526","1.0080202420400388E+0","-2.0526137721031980E-23","1.1670225079861882E-2","-1.4445210775909851E-15","-1.5078226387904849E-2","-7.8230012129252076E-15","3.0002508885701098E+0","2.6458284225978690E+0","1.5380823334048603E+2","1.1740986500255501E+1","3.054200000000000E-6"
"525","1.0044426359441760E+0","-2.2378828850575406E-23","1.2366197005222353E-2","-5.6205539489781375E-15","-1.0493730091746308E-2","-7.1998034315363817E-14","3.0002507323307599E+0","1.8650470643912598E+0","1.0841957536657632E+2","1.8897537310095400E+0","3.054200000000000E-6"
"524","1.0044480363039661E+0","-2.2590035202824232E-23","1.2366653060182963E-2","-8.3879969074360778E-15","-1.0503782600770832E-2","-9.0319099501882299E-14","3.0002505762340399E+0","1.8660363501513437E+0","1.0847708487616046E+2","1.8884715175627700E+0","3.054200000000000E-6"
"523","1.0044534321026966E+0","-2.2371478575351004E-23","1.2367107021489000E-2","-4.0725918686634494E-15","-1.0513818977838563E-2","-6.1882819115595652E-14","3.0002504204617999E+0","1.8670256534534442E+0","1.0853459540550332E+2","1.8871761550877599E+0","3.054200000000000E-6"
"522","1.0080091407177270E+0","-2.0882497468677671E-23","1.1678952701741272E-2","-1.4936736374793510E-15","-1.5072947620686686E-2","-1.0613987758541671E-14","3.0002502869056098E+0","2.6433506631818524E+0","1.5366419535405981E+2","1.1581705909477201E+1","3.054200000000000E-6"
"521","1.0080069221538208E+0","-2.0861564629301181E-23","1.1680687779274357E-2","-1.2661799047389340E-15","-1.5071882690608577E-2","-6.5049001522317431E-15","3.0002501674127902E+0","2.6428550957211145E+0","1.5363538685121583E+2","1.1550111997953000E+1","3.054200000000000E-6"
"520","1.0044669017490044E+0","-2.2265655033141500E-23","1.2368232758024428E-2","-3.1744749710470105E-15","-1.0538839639308406E-2","-5.6497059581756751E-14","3.0002500324506398E+0","1.8694989879503181E+0","1.0867837616096544E+2","1.8838800445067800E+0","3.054200000000000E-6"
"519","1.0044722817086849E+0","-2.2315244510864677E-23","1.2368679383089111E-2","-8.2738673262428466E-15","-1.0548819909021300E-2","-8.3609958031939177E-14","3.0002498778139199E+0","1.8704883520456685E+0","1.0873589022436300E+2","1.8825384474188800E+0","3.054200000000000E-6"
"518","1.0044776571782206E+0","-2.2104696025696892E-23","1.2369123909602788E-2","-7.4657435405474362E-15","-1.0558784248367084E-2","-8.7092350450012612E-14","3.0002497235016099E+0","1.8714777333401025E+0","1.0879340528758377E+2","1.8811835794558600E+0","3.054200000000000E-6"
"517","1.0079958377127862E+0","-2.1017555383191796E-23","1.1689311356022553E-2","-1.8468922251410159E-15","-1.5066512407424760E-2","-1.0448232344858844E-14","3.0002495741193198E+0","2.6403771817163562E+0","1.5349133987818220E+2","1.1393436373075200E+1","3.054200000000000E-6"
"516","1.0079936224845900E+0","-2.1000024324085010E-23","1.1691025762562307E-2","-1.3546421227444115E-15","-1.5065429255730721E-2","-7.1551959860483053E-15","3.0002494562910100E+0","2.6398815837243257E+0","1.5346252960048233E+2","1.1362357887693999E+1","3.054200000000000E-6"
"515","1.0079914078045307E+0","-2.0922724295841867E-23","1.1692736750512958E-2","-6.9879510133035626E-16","-1.5064343082760478E-2","-7.0597902629387327E-15","3.0002493387382598E+0","2.6393859807178992E+0","1.5343371903128380E+2","1.1331364239749700E+1","3.054200000000000E-6"
"514","1.0044964361854609E+0","-2.1113793105464536E-23","1.2370663209825198E-2","-8.7302336349739857E-15","-1.0593534619792781E-2","-8.1788505868503086E-14","3.0002491859630700E+0","1.8749407022376570E+0","1.0899471581992846E+2","1.8763366411749500E+0","3.054200000000000E-6"
"513","1.0045017916406380E+0","-2.1304067910806452E-23","1.2371098278619375E-2","-8.6619573299441113E-15","-1.0603427815505924E-2","-8.2127229983758673E-14","3.0002490331104701E+0","1.8759301600091980E+0","1.0905223532894344E+2","1.8749217179017099E+0","3.054200000000000E-6"
"512","1.0045071426902465E+0","-2.1660472894891619E-23","1.2371531242438144E-2","-7.7759772482241821E-15","-1.0613305320812861E-2","-8.4859055234529613E-14","3.0002488805822201E+0","1.8769196345743924E+0","1.0910975581421303E+2","1.8734933741302100E+0","3.054200000000000E-6"
"511","1.0079803425489304E+0","-2.0913377154920013E-23","1.1701240674173134E-2","-2.1700089933021273E-16","-1.5058867053223459E-2","-2.3577083952704161E-15","3.0002487550893400E+0","2.6369078912001154E+0","1.5328966185526494E+2","1.1177658065603101E+1","3.054200000000000E-6"
"510","1.0079781311113631E+0","-2.1107981733780768E-23","1.1702931307912031E-2","-1.7192214516565019E-15","-1.5057762845011726E-2","-7.3374440229586524E-15","3.0002486391788601E+0","2.6364122585442762E+0","1.5326084956247624E+2","1.1147167163873300E+1","3.054200000000000E-6"
"509","1.0045205011390634E+0","-2.1551372941974994E-23","1.2372604434681224E-2","-5.6109013112834383E-15","-1.0637930719440575E-2","-6.5300999246494042E-14","3.0002485006806099E+0","1.8793933939873475E+0","1.0925356127104702E+2","1.8698636209068800E+0","3.054200000000000E-6"
"508","1.0045258368879075E+0","-2.1341588306404236E-23","1.2373030021384653E-2","-7.8311272846724504E-15","-1.0647753644571011E-2","-7.9561290703389554E-14","3.0002483492875598E+0","1.8803829267653047E+0","1.0931108514036151E+2","1.8683880904025800E+0","3.054200000000000E-6"
"507","1.0045311682987288E+0","-2.1401951811605328E-23","1.2373453497502199E-2","-7.1017423410474697E-15","-1.0657561070521841E-2","-7.3630056404476060E-14","3.0002481982188498E+0","1.8813724760159563E+0","1.0936860996727249E+2","1.8668990164709500E+0","3.054200000000000E-6"
"506","1.0079670818713957E+0","-2.0993985905613196E-23","1.1711334128194225E-2","-1.4369319066065116E-15","-1.5052197030286945E-2","-8.5725221120044391E-15","3.0002480636944400E+0","2.6339340226277241E+0","1.5311678387595245E+2","1.0995948196200899E+1","3.054200000000000E-6"
"505","1.0079648735978415E+0","-2.1091763823895757E-23","1.1713004673834964E-2","-4.5668884788339068E-16","-1.5051074942525392E-2","-7.0672866387712650E-15","3.0002479494075498E+0","2.6334383610582424E+0","1.5308796990234566E+2","1.0965949486147300E+1","3.054200000000000E-6"
"504","1.0045444779439723E+0","-2.1151712874201604E-23","1.2374502945486790E-2","-7.8926100691600827E-15","-1.0682012100769316E-2","-8.3970684976120250E-14","3.0002478219660298E+0","1.8838464207520911E+0","1.0951242619737910E+2","1.8631168995077800E+0","3.054200000000000E-6"
"503","1.0045497942879065E+0","-2.1047625118809196E-23","1.2374919024299869E-2","-4.5816788274274537E-15","-1.0691765607969918E-2","-5.5378748613970920E-14","3.0002476720324900E+0","1.8848360271085352E+0","1.0956995434398421E+2","1.8615802079063399E+0","3.054200000000000E-6"
"502","1.0045551063599263E+0","-2.0840748540079285E-23","1.2375332986603585E-2","-5.6158216441476961E-15","-1.0701503802736436E-2","-6.8735692744962915E-14","3.0002475224232898E+0","1.8858256496260157E+0","1.0962748343006839E+2","1.8600298495891301E+0","3.054200000000000E-6"
"501","1.0079538399843295E+0","-2.1165491465867652E-23","1.1721307709071132E-2","-1.0677788076429506E-16","-1.5045420111950456E-2","-2.5140884025882918E-15","3.0002473819950501E+0","2.6309599823765990E+0","1.5294389591655107E+2","1.0817165656810200E+1","3.054200000000000E-6"
"500","1.0079516347975905E+0","-2.1199969387774625E-23","1.1722958427855595E-2","1.9328803515653174E-16","-1.5044280296696421E-2","-3.2971338840526551E-15","3.0002472693134101E+0","2.6304642926112862E+0","1.5291508030385427E+2","1.0787648864014400E+1","3.054200000000000E-6"
"499","1.0045683679453330E+0","-2.0679489679661645E-23","1.2376358623672961E-2","-7.9405592743067458E-15","-1.0725782565760643E-2","-8.4533543347001705E-14","3.0002471498192800E+0","1.8882997761787903E+0","1.0977131022960418E+2","1.8560939816050701E+0","3.054200000000000E-6"
"498","1.0045736651793882E+0","-2.0485639903109320E-23","1.2376765167388138E-2","-5.3204011045864302E-15","-1.0735467487822939E-2","-6.4590910027078483E-14","3.0002470013452802E+0","1.8892894547269385E+0","1.0982884257288296E+2","1.8544955734216499E+0","3.054200000000000E-6"
"497","1.0045789582062421E+0","-2.0440135922130942E-23","1.2377169588355556E-2","-8.4417172672262230E-15","-1.0745137279895423E-2","-8.1139525473032350E-14","3.0002468531956499E+0","1.8902791491333548E+0","1.0988637583804019E+2","1.8528833748455600E+0","3.054200000000000E-6"
"496","1.0079406164276941E+0","-2.1209631891304489E-23","1.1731162972300112E-2","-1.8857364560053792E-15","-1.5038537201620711E-2","-5.4868961937125222E-15","3.0002467098819299E+0","2.6279857747098383E+0","1.5277099822488481E+2","1.0641249483431000E+1","3.054200000000000E-6"
"495","1.0079384142518275E+0","-2.1289547878234761E-23","1.1732794120709395E-2","-8.0732608182808847E-16","-1.5037379807379772E-2","-7.1597141247618727E-15","3.0002465987875100E+0","2.6274900574491045E+0","1.5274218101381447E+2","1.0612204604808900E+1","3.054200000000000E-6"
"494","1.0045921724598728E+0","-2.0385494180322957E-23","1.2378171344350982E-2","-7.1260415223568449E-15","-1.0769245828109831E-2","-7.2201878840316535E-14","3.0002464842406900E+0","1.8927534540965958E+0","1.1003021300899628E+2","1.8487923648730400E+0","3.054200000000000E-6"
"493","1.0045974508728861E+0","-2.0338684804940127E-23","1.2378568324360566E-2","-6.3170219846534699E-15","-1.0778862978572609E-2","-6.8414778416056721E-14","3.0002463372263799E+0","1.8937432034891664E+0","1.1008774947062807E+2","1.8471316831880100E+0","3.054200000000000E-6"
"492","1.0046027251420615E+0","-2.0192299685912098E-23","1.2378963175077529E-2","-6.6163758389955517E-15","-1.0788465177267512E-2","-6.8675287355601495E-14","3.0002461905364699E+0","1.8947329684458281E+0","1.1014528683703709E+2","1.8454570872002800E+0","3.054200000000000E-6"
"491","1.0079274107489027E+0","-2.1258308885413609E-23","1.1740901445097610E-2","-1.8405760776587543E-15","-1.5031549181644191E-2","-8.6633107092878509E-15","3.0002460472477899E+0","2.6250114037875010E+0","1.5259809104278762E+2","1.0468140318858000E+1","3.054200000000000E-6"
"490","1.0079252115091877E+0","-2.1087749412983994E-23","1.1742513274965335E-2","-2.1640126830548100E-15","-1.5030374353464720E-2","-9.1612349257113505E-15","3.0002459377229198E+0","2.6245156597148993E+0","1.5256927227308032E+2","1.0439557614216600E+1","3.054200000000000E-6"
"489","1.0046158927767885E+0","-2.0368007065185349E-23","1.2379940976364006E-2","-5.0234825024669681E-15","-1.0812405515741958E-2","-5.9682938356943851E-14","3.0002458252310298E+0","1.8972074485098021E+0","1.1028913418701092E+2","1.8412095412948399E+0","3.054200000000000E-6"
"488","1.0046211526515931E+0","-2.0356453678472892E-23","1.2380328362678163E-2","-4.2835746561637618E-15","-1.0821955689407144E-2","-4.9544503579233779E-14","3.0002456796766301E+0","1.8981972674375223E+0","1.1034667469088460E+2","1.8394860281433600E+0","3.054200000000000E-6"
"487","1.0046264084446186E+0","-2.0176391968756631E-23","1.2380713612849037E-2","-3.7881576514967429E-15","-1.0831491085426434E-2","-4.9430536537463079E-14","3.0002455344466901E+0","1.8991871016434017E+0","1.1040421608291366E+2","1.8377484766106300E+0","3.054200000000000E-6"
"486","1.0079142225026492E+0","-2.0785810394826124E-23","1.1750524627054743E-2","-1.5071170081463627E-15","-1.5024456913828376E-2","-6.8045920678018856E-15","3.0002453939873099E+0","2.6220368736698108E+0","1.5242517460628991E+2","1.0297780362596200E+1","3.054200000000000E-6"
"485","1.0079120261255672E+0","-2.0783644215597004E-23","1.1752117385672500E-2","-1.1273858158644927E-15","-1.5023264793379676E-2","-5.5897710372568497E-15","3.0002452860146001E+0","2.6215411034525564E+0","1.5239635431673238E+2","1.0269650346454700E+1","3.054200000000000E-6"
"484","1.0046395301585980E+0","-1.9983961323943731E-23","1.2381667382349410E-2","-7.8413879775534700E-15","-1.0855265173184789E-2","-7.8265391547407376E-14","3.0002451727914998E+0","1.9016617535911342E+0","1.1054807342489489E+2","1.8333429986622800E+0","3.054200000000000E-6"
"483","1.0046447717722162E+0","-1.9910101850060903E-23","1.2382045143604086E-2","-4.5012741600052750E-15","-1.0864749146627989E-2","-6.5171948525887311E-14","3.0002450286973299E+0","1.9026516407812668E+0","1.1060561789702327E+2","1.8315560953958501E+0","3.054200000000000E-6"
"482","1.0046500093648425E+0","-1.9864047276987473E-23","1.2382420761559664E-2","-7.4106495558815812E-15","-1.0874218512584046E-2","-8.3752374182968939E-14","3.0002448849276999E+0","1.9036415429715419E+0","1.1066316324114524E+2","1.8297550295232801E+0","3.054200000000000E-6"
"481","1.0079010512507547E+0","-2.0562673254710928E-23","1.1760033990775994E-2","-2.4165211437750133E-15","-1.5017261239948381E-2","-9.5093993738784326E-15","3.0002447499970200E+0","2.6190621883202319E+0","1.5225224914579715E+2","1.0130113322566899E+1","3.054200000000000E-6"
"480","1.0078988576639574E+0","-2.0528831227899766E-23","1.1761607920996297E-2","-6.1275271507645467E-17","-1.5016051965615148E-2","-4.3507410546363951E-15","3.0002446435594199E+0","2.6185663926097060E+0","1.5222342737425578E+2","1.0102426756331100E+1","3.054200000000000E-6"
"479","1.0046630858419661E+0","-1.9786418961438083E-23","1.2383350418779601E-2","-2.1971492006650555E-15","-1.0897828263900169E-2","-4.0989867391084864E-14","3.0002445269236899E+0","1.9061163636752252E+0","1.1080703039330709E+2","1.8251902222632901E+0","3.054200000000000E-6"
"478","1.0046683094657809E+0","-1.9840891389713824E-23","1.2383718522249497E-2","-9.4934528762479653E-15","-1.0907246795989802E-2","-8.2367278888841898E-14","3.0002443842901698E+0","1.9071063178901717E+0","1.1086457876174565E+2","1.8233393698846501E+0","3.054200000000000E-6"
"477","1.0046735291281641E+0","-1.9950424319982514E-23","1.2384084474962261E-2","-6.5896553560146407E-15","-1.0916650886875136E-2","-6.8128270482029800E-14","3.0002442419812998E+0","1.9080962868348657E+0","1.1092212798645910E+2","1.8214742306794101E+0","3.054200000000000E-6"
"476","1.0078878965620099E+0","-2.0403978654192593E-23","1.1769430982489467E-2","7.1013736155521543E-17","-1.5009962982236405E-2","-6.1253582706267746E-16","3.0002441151753199E+0","2.6160873516084444E+0","1.5207931488626295E+2","9.9650843688912403E+0","3.054200000000000E-6"
"475","1.0078857056942943E+0","-2.0652603296932099E-23","1.1770986322829059E-2","-2.6847002567832445E-15","-1.5008736689187646E-2","-1.3142971144030549E-14","3.0002440102560501E+0","2.6155915310406774E+0","1.5205049166971168E+2","9.9378322531282404E+0","3.054200000000000E-6"
"474","1.0046865610384970E+0","-2.0068919235200452E-23","1.2384989936010019E-2","-3.8569049715064142E-15","-1.0940098172459856E-2","-4.8607564689290318E-14","3.0002438876296500E+0","1.9105712732524471E+0","1.1106600477195985E+2","1.8167486967254700E+0","3.054200000000000E-6"
"473","1.0046917669384290E+0","-1.9947913051341067E-23","1.2385348347610386E-2","-5.8367827533475601E-15","-1.0949452004839029E-2","-5.9768035506978716E-14","3.0002437464572802E+0","1.9115612932883728E+0","1.1112355696672684E+2","1.8148333363592399E+0","3.054200000000000E-6"
"472","1.0046969689352969E+0","-1.9897470543611414E-23","1.2385704600697822E-2","-6.3127188058933763E-15","-1.0958791558524701E-2","-6.1634704987410578E-14","3.0002436056096999E+0","1.9125513277909942E+0","1.1118111000247693E+2","1.8129035650498599E+0","3.054200000000000E-6"
"471","1.0078747580120153E+0","-2.0538051706790420E-23","1.1778717022652360E-2","-1.6134954472638227E-15","-1.5002562943866600E-2","-6.6907536178714137E-15","3.0002434894223700E+0","2.6131123673132031E+0","1.5190637204735526E+2","9.8026400887274505E+0","3.054200000000000E-6"
"470","1.0078725697933004E+0","-2.0567827623903592E-23","1.1780254007390179E-2","-1.1825112630008968E-15","-1.5001319764152986E-2","-7.8294349039795562E-15","3.0002433860049900E+0","2.6126165225093416E+0","1.5187754742190276E+2","9.7758136560447895E+0","3.054200000000000E-6"
"469","1.0047099569355029E+0","-2.0139829293210476E-23","1.2386585778308317E-2","-6.8961247232978272E-15","-1.0982078206727043E-2","-6.8021565709879810E-14","3.0002432549118399E+0","1.9150264769629091E+0","1.1132499624927011E+2","1.8080159080283400E+0","3.054200000000000E-6"
"468","1.0047151453721748E+0","-2.0066039612691762E-23","1.2386934462610013E-2","-6.1417375517759065E-15","-1.0991368064264307E-2","-5.8232933208987041E-14","3.0002431152012301E+0","1.9160165616484883E+0","1.1138255220227364E+2","1.8060354814297701E+0","3.054200000000000E-6"
"467","1.0047203299629954E+0","-1.9864073126379552E-23","1.2387280980343623E-2","-9.1243024016296335E-15","-1.1000643801953496E-2","-7.9663969614818042E-14","3.0002429758155502E+0","1.9170066605447587E+0","1.1144010898137807E+2","1.8040405199689800E+0","3.054200000000000E-6"
"466","1.0078616351830390E+0","-2.0363046138569119E-23","1.1787893506532112E-2","-1.3775994019510442E-15","-1.4995061909423608E-2","-7.8363337319979876E-15","3.0002428726401602E+0","2.6101372391251010E+0","1.5173342084361690E+2","9.6427284430818307E+0","3.054200000000000E-6"
"465","1.0047280996657160E+0","-1.9893100703531180E-23","1.2387796690619519E-2","-7.4933765024089439E-15","-1.1014531009889009E-2","-7.5529394738139651E-14","3.0002427673463501E+0","1.9184918354118776E+0","1.1152644569186248E+2","1.8010207647493299E+0","3.054200000000000E-6"
"464","1.0047332746967406E+0","-1.9763433680164754E-23","1.2388137783890182E-2","-3.9310486702274650E-15","-1.1023771599898681E-2","-5.0694315306003679E-14","3.0002426287731501E+0","1.9194819695907603E+0","1.1158400452202822E+2","1.7989893458453099E+0","3.054200000000000E-6"
"463","1.0047384459256377E+0","-1.9686507175667029E-23","1.2388476704122910E-2","-3.1677320008919054E-15","-1.1032998191136921E-2","-4.7140441499679932E-14","3.0002424905249998E+0","1.9204721177859252E+0","1.1164156416699342E+2","1.7969432959198199E+0","3.054200000000000E-6"
"462","1.0078507112044761E+0","-2.0139640164754863E-23","1.1795457877185712E-2","-1.0380930606075895E-15","-1.4988734451089371E-2","-5.9793418365085296E-15","3.0002423654380599E+0","2.6076578583202710E+0","1.5158928860204293E+2","9.5113667683704701E+0","3.054200000000000E-6"
"461","1.0078485276638707E+0","-2.0219318337259040E-23","1.1796961804774866E-2","-1.8330329687246537E-15","-1.4987460645342145E-2","-8.4489589763143860E-15","3.0002422647323299E+0","2.6071619706492384E+0","1.5156046148462084E+2","9.4852987254538803E+0","3.054200000000000E-6"
"460","1.0047513574446141E+0","-1.9745965952072863E-23","1.2389314485268100E-2","-7.0796700566231871E-15","-1.1056003648686868E-2","-7.1126223952090805E-14","3.0002421463270301E+0","1.9229475492361159E+0","1.1178546682328717E+2","1.7917639804334899E+0","3.054200000000000E-6"
"459","1.0047565154631255E+0","-1.9610398804493646E-23","1.2389645784945840E-2","-5.2939676225066276E-15","-1.1065181512483853E-2","-5.6583712671233513E-14","3.0002420092169002E+0","1.9239377460587086E+0","1.1184302929507921E+2","1.7896665060717301E+0","3.054200000000000E-6"
"458","1.0047616697347519E+0","-1.9597762328167434E-23","1.2389974902999692E-2","-7.6072778589599970E-15","-1.1074345530093356E-2","-6.7486818391247699E-14","3.0002418724320101E+0","1.9249279566534385E+0","1.1190059256747799E+2","1.7875542774678801E+0","3.054200000000000E-6"
"457","1.0078376161339624E+0","-2.0026802389445345E-23","1.1804437050368297E-2","-8.6883023559982431E-16","-1.4981050234992046E-2","3.3138418494711744E-16","3.0002417648532100E+0","2.6046824756319307E+0","1.5141632260360674E+2","9.3559675231577408E+0","3.054200000000000E-6"
"456","1.0078354350496708E+0","-2.0113749411582317E-23","1.1805923263954137E-2","-1.1034486957723560E-15","-1.4979759900341696E-2","-4.8086420394651472E-15","3.0002416656042699E+0","2.6041865654077863E+0","1.5138749417511920E+2","9.3303015212122205E+0","3.054200000000000E-6"
"455","1.0047745391006904E+0","-1.9271984352496739E-23","1.2390788140715236E-2","-9.1498460365982741E-15","-1.1097195216057058E-2","-8.3108168034368815E-14","3.0002415318930198E+0","1.9274035430438399E+0","1.1204450423081082E+2","1.7822089769632199E+0","3.054200000000000E-6"
"454","1.0047796803534204E+0","-1.9464754270608260E-23","1.2391109607653331E-2","-5.0965183212642306E-15","-1.1106311034242143E-2","-5.7414057601483153E-14","3.0002413962468402E+0","1.9283938014227120E+0","1.1210207028101425E+2","1.7800448936251501E+0","3.054200000000000E-6"
"453","1.0078267147236522E+0","-2.0155573731303763E-23","1.1811838869343829E-2","-7.9221406859569365E-16","-1.4974571165061143E-2","-5.3201248030131008E-15","3.0002412710172299E+0","2.6022028876354582E+0","1.5127217831749491E+2","9.2282976143249194E+0","3.054200000000000E-6"
"452","1.0078245356358255E+0","-2.0008808626182123E-23","1.1813310488633013E-2","-1.0360408952419837E-15","-1.4973267148672238E-2","-7.9995551237531433E-15","3.0002411729705201E+0","2.6017069590515938E+0","1.5124334882171365E+2","9.2029605715323992E+0","3.054200000000000E-6"
"451","1.0047925173557046E+0","-1.9831082190869948E-23","1.2391903687139529E-2","-3.7111907467913273E-15","-1.1129040726711250E-2","-5.0068153410627262E-14","3.0002410585553299E+0","1.9308695064689587E+0","1.1224598884209065E+2","1.7745695395448799E+0","3.054200000000000E-6"
"450","1.0047976457359395E+0","-1.9811095439319427E-23","1.2392217478476471E-2","-2.4537742466727579E-15","-1.1138108748012984E-2","-3.5952825423188021E-14","3.0002409240484398E+0","1.9318598119911452E+0","1.1230355763284591E+2","1.7723532684297401E+0","3.054200000000000E-6"
"449","1.0048027704649061E+0","-1.9848213876838203E-23","1.2392529072200226E-2","-3.8221753148633955E-15","-1.1147163186010119E-2","-4.9660147591662761E-14","3.0002407898671701E+0","1.9328501308669499E+0","1.1236112719987840E+2","1.7701220255631400E+0","3.054200000000000E-6"
"448","1.0078136460683136E+0","-2.0028182747091996E-23","1.1820625192120534E-2","-6.0650359123326692E-17","-1.4966706235572043E-2","-2.8615997311143613E-15","3.0002406863162601E+0","2.5992272620610009E+0","1.5109919819951708E+2","9.0772481759499897E+0","3.054200000000000E-6"
"447","1.0048104507378610E+0","-1.9873885556395780E-23","1.2392992337739141E-2","-5.1804268884882619E-15","-1.1160719444575218E-2","-6.2096899531693025E-14","3.0002405892059301E+0","1.9343356341072355E+0","1.1244748299946784E+2","1.7667470302248400E+0","3.054200000000000E-6"
"446","1.0048155663898435E+0","-1.9712463198560605E-23","1.2393298428365115E-2","-6.9651432475819713E-15","-1.1169740064558441E-2","-6.6904238160732901E-14","3.0002404558389699E+0","1.9353259861446761E+0","1.1250505449426430E+2","1.7644782399867600E+0","3.054200000000000E-6"
"445","1.0048206784313785E+0","-1.9558466725427669E-23","1.2393602314088059E-2","-3.9182322710782263E-15","-1.1178747213006815E-2","-4.4373193610524355E-14","3.0002403227978101E+0","1.9363163513585691E+0","1.1256262675503893E+2","1.7621943837212499E+0","3.054200000000000E-6"
"444","1.0078027661225972E+0","-1.9861513608480976E-23","1.1827868116940110E-2","-1.4954268074719283E-15","-1.4960077567364317E-2","-8.8831561703629932E-15","3.0002402055893200E+0","2.5967474763495337E+0","1.5095504241976732E+2","8.9531376816555799E+0","3.054200000000000E-6"
"443","1.0078005912685102E+0","-1.9918645939414236E-23","1.1829308153051095E-2","-9.2545491249275528E-16","-1.4958743738310082E-2","-7.1319618243752313E-15","3.0002401101506702E+0","2.5962515087265956E+0","1.5092621065455279E+2","8.9285055049169006E+0","3.054200000000000E-6"
"442","1.0048334428152146E+0","-1.9726597647277536E-23","1.2394352368026735E-2","-4.6659009070719796E-15","-1.1201206352983375E-2","-5.4232234046537298E-14","3.0002399916207301E+0","1.9387923217130174E+0","1.1270656073910551E+2","1.7564186532083901E+0","3.054200000000000E-6"
"441","1.0048385423108555E+0","-1.9752687440785358E-23","1.2394648519835306E-2","-4.7632285527439100E-15","-1.1210166598690653E-2","-5.3781955114453917E-14","3.0002398597203799E+0","1.9397827326527828E+0","1.1276413565803274E+2","1.7540818549110599E+0","3.054200000000000E-6"
"440","1.0077918955769738E+0","-1.9689051620642402E-23","1.1835039994923113E-2","-2.0536529766781777E-15","-1.4953381542538544E-2","-1.2605098940689295E-14","3.0002397307382500E+0","2.5942676037949175E+0","1.5081088159162087E+2","8.8306029935131001E+0","3.054200000000000E-6"
"439","1.0077897225765469E+0","-1.9603970924762446E-23","1.1836465908559296E-2","-1.0337466783965823E-15","-1.4952034289310424E-2","-6.3465314710674463E-15","3.0002396364686601E+0","2.5937716190255871E+0","1.5078204882964624E+2","8.8062828946852996E+0","3.054200000000000E-6"
"438","1.0048512755048598E+0","-1.9475480476707750E-23","1.2395379205982830E-2","-3.8585694242963684E-15","-1.1232508958782542E-2","-4.9739653385322944E-14","3.0002395313962200E+0","1.9422588165683827E+0","1.1290807624367633E+2","1.7481733609400500E+0","3.054200000000000E-6"
"437","1.0048563625940972E+0","-1.9457167473427507E-23","1.2395667597338395E-2","-1.9677869937675438E-15","-1.1241422681910709E-2","-3.5854141129306216E-14","3.0002394006374100E+0","1.9432492726337092E+0","1.1296565378585862E+2","1.7457832944847900E+0","3.054200000000000E-6"
"436","1.0048614461639875E+0","-1.9485511334104698E-23","1.2395953766460254E-2","-2.8743825210475185E-15","-1.1250323181778717E-2","-3.8386467313017047E-14","3.0002392702048999E+0","1.9442397414834220E+0","1.1302323207122740E+2","1.7433779490391801E+0","3.054200000000000E-6"
"435","1.0077788630223072E+0","-1.9636019003619937E-23","1.1843553481586964E-2","-2.2571839430347690E-15","-1.4945257951764018E-2","-1.3582838531543409E-14","3.0002391686017802E+0","2.5912916446886798E+0","1.5063788208465567E+2","8.6856054932197306E+0","3.054200000000000E-6"
"434","1.0048690649444831E+0","-1.9485195971496700E-23","1.2396378848568663E-2","-9.9432100408808856E-15","-1.1263649204319113E-2","-8.6958720351156490E-14","3.0002390751680799E+0","1.9457254686242282E+0","1.1310960088668105E+2","1.7397412252578599E+0","3.054200000000000E-6"
"433","1.0048741397648058E+0","-1.9251753970406516E-23","1.2396659452309305E-2","-2.2406749665816764E-15","-1.1272516778498090E-2","-4.0103141404086864E-14","3.0002389455515899E+0","1.9467159692263682E+0","1.1316718101789313E+2","1.7372975673949300E+0","3.054200000000000E-6"
"432","1.0048792111047016E+0","-1.9280967663196439E-23","1.2396937825940155E-2","-3.9950859738516669E-15","-1.1281371234990418E-2","-4.7535563833390376E-14","3.0002388162616400E+0","1.9477064824467498E+0","1.1322476188263330E+2","1.7348385387955700E+0","3.054200000000000E-6"
"431","1.0077680123901487E+0","-1.9347821523388441E-23","1.1850571581122011E-2","-2.2209539833090664E-15","-1.4938415107484473E-2","-1.2851707971798950E-14","3.0002387065001801E+0","2.5888115875178901E+0","1.5049371052433656E+2","8.5664483844028894E+0","3.054200000000000E-6"
"430","1.0077658433155801E+0","-1.9447150405319761E-23","1.1851966925888540E-2","-1.8783386390408516E-15","-1.4937038590898271E-2","-1.0632275735288023E-14","3.0002386147673601E+0","2.5883155662999076E+0","1.5046487564351600E+2","8.5427972415511100E+0","3.054200000000000E-6"
"429","1.0048918742997837E+0","-1.9202664678460616E-23","1.2397623988269805E-2","-5.8731523276857274E-15","-1.1303450181743162E-2","-5.6828881766937686E-14","3.0002384944657798E+0","1.9501828203954417E+0","1.1336871723581841E+2","1.7286235496112401E+0","3.054200000000000E-6"
"428","1.0048969335446727E+0","-1.9099015716533362E-23","1.2397894538442570E-2","-3.5195486027175481E-15","-1.1312258960287843E-2","-4.5480308194564976E-14","3.0002383663192300E+0","1.9511733774120961E+0","1.1342630064653899E+2","1.7261105189068200E+0","3.054200000000000E-6"
"427","1.0077571704671087E+0","-1.9606522259964536E-23","1.1857520906067379E-2","-1.0510100055488248E-15","-1.4931506130910243E-2","-5.1806295223427244E-15","3.0002382501147502E+0","2.5863314492821665E+0","1.5034953425152204E+2","8.4487871672177306E+0","3.054200000000000E-6"
"426","1.0077550031090390E+0","-1.9482341770505011E-23","1.1858902578910048E-2","-1.4658310028803732E-15","-1.4930116432157425E-2","-9.9350621290412884E-15","3.0002381595193302E+0","2.5858354120606162E+0","1.5032069844037645E+2","8.4254323189969806E+0","3.054200000000000E-6"
"425","1.0049095666690995E+0","-1.8981138601835122E-23","1.2398561106553449E-2","-3.2061738185674612E-15","-1.1334224162812618E-2","-4.1282320121566849E-14","3.0002380473829899E+0","1.9536498241441183E+0","1.1357026232355514E+2","1.7197601295338500E+0","3.054200000000000E-6"
"424","1.0049146139520710E+0","-1.8919584732034039E-23","1.2398823804674674E-2","-4.8501050879945818E-15","-1.1342987622599852E-2","-4.3488367477703263E-14","3.0002379203807399E+0","1.9546404243934385E+0","1.1362784824749232E+2","1.7171927816789001E+0","3.054200000000000E-6"
"423","1.0077463370428474E+0","-1.9356150198181803E-23","1.1864402145424016E-2","-1.4291746385374174E-15","-1.4924531389263066E-2","-6.6899415511008417E-15","3.0002377993970599E+0","2.5838512317181745E+0","1.5020535336716861E+2","8.3325979432607298E+0","3.054200000000000E-6"
"422","1.0077441713595210E+0","-1.9352451149880013E-23","1.1865770282969991E-2","-2.9797924856851961E-15","-1.4923128580940033E-2","-1.2788498445148467E-14","3.0002377099294302E+0","2.5833551788365843E+0","1.5017651664566802E+2","8.3095346692055099E+0","3.054200000000000E-6"
"421","1.0049272173362396E+0","-1.9043177147776825E-23","1.2399470706300767E-2","-5.9516068304015620E-15","-1.1364839971175085E-2","-5.7727582127414596E-14","3.0002376043064101E+0","1.9571169785129503E+0","1.1377181616719599E+2","1.7107062098128600E+0","3.054200000000000E-6"
"420","1.0049322527885292E+0","-1.9104968185769803E-23","1.2399725523150657E-2","-4.3270102470528236E-15","-1.1373558465268063E-2","-4.4904414321315483E-14","3.0002374784493999E+0","1.9581076214418023E+0","1.1382940457219480E+2","1.7080842340925899E+0","3.054200000000000E-6"
"419","1.0077355119096087E+0","-1.9466599489473104E-23","1.1871215978469388E-2","-1.0191637052940476E-15","-1.4917491242686650E-2","-6.3778782910885670E-15","3.0002373542993501E+0","2.5813709365310880E+0","1.5006116797040198E+2","8.2178573045504493E+0","3.054200000000000E-6"
"418","1.0077333478597796E+0","-1.9490137947779140E-23","1.1872570715423442E-2","-4.8790980589951749E-16","-1.4916075395980975E-2","-4.0598155272252612E-15","3.0002372659500498E+0","2.5808748683267817E+0","1.5003233035815583E+2","8.1950809810034499E+0","3.054200000000000E-6"
"417","1.0049448267582564E+0","-1.9133342419484579E-23","1.2400352684454699E-2","-3.1443633400386627E-15","-1.1395298835035038E-2","-4.4769455407646654E-14","3.0002371652393900E+0","1.9605842815787304E+0","1.1397337865494039E+2","1.7014607089416001E+0","3.054200000000000E-6"
"416","1.0049498505092933E+0","-1.9035603921528641E-23","1.2400599590184571E-2","-4.4424420819317272E-15","-1.1403972710492274E-2","-4.5071515375071960E-14","3.0002370405286101E+0","1.9615749666441384E+0","1.1403096950943637E+2","1.6987837995756601E+0","3.054200000000000E-6"
"415","1.0049548709406360E+0","-1.9034842656871292E-23","1.2400844230023642E-2","-4.4299143018445850E-15","-1.1412633900687872E-2","-4.6086202605363413E-14","3.0002369161455200E+0","1.9625656636502145E+0","1.1408856105807151E+2","1.6960911394563800E+0","3.054200000000000E-6"
"414","1.0077225324050916E+0","-1.9279514499368450E-23","1.1879304544106222E-2","-2.0215738389279703E-15","-1.4908957229100146E-2","-1.3816690066852856E-14","3.0002368275342701E+0","2.5783944821995783E+0","1.4988813967482619E+2","8.0820484193284106E+0","3.054200000000000E-6"
"413","1.0049623953859248E+0","-1.9406746291448546E-23","1.2401206935758665E-2","-4.0917462807704546E-15","-1.1425601961698586E-2","-5.2272829004468401E-14","3.0002367301854602E+0","1.9640517314534467E+0","1.1417494967703378E+2","1.6920225633118200E+0","3.054200000000000E-6"
"412","1.0049674075633637E+0","-1.9505386287025510E-23","1.2401445899889641E-2","-5.9569963375210932E-15","-1.1434231559694294E-2","-5.4388260824648590E-14","3.0002366066219399E+0","1.9650424581222834E+0","1.1423254295003501E+2","1.6892904199716201E+0","3.054200000000000E-6"
"411","1.0049724164572647E+0","-1.9536189717555177E-23","1.2401682589305451E-2","-1.0415708018306061E-15","-1.1442848568835750E-2","-2.9153241839192362E-14","3.0002364833864101E+0","1.9660331965812385E+0","1.1429013690842356E+2","1.6865424411417900E+0","3.054200000000000E-6"
"410","1.0077117247932132E+0","-1.9621905234419514E-23","1.1885972427508353E-2","-1.3910924707919426E-15","-1.4901774425320318E-2","-9.1021775655102687E-15","3.0002363946357899E+0","2.5759140220934911E+0","1.4974394469092991E+2","7.9704146143259296E+0","3.054200000000000E-6"
"409","1.0049799236638726E+0","-1.9528278510477764E-23","1.2402033352747326E-2","-3.7209242299807665E-15","-1.1455750538010203E-2","-3.8890211825582587E-14","3.0002362991482898E+0","1.9675193262831971E+0","1.1437652912570447E+2","1.6823907292581499E+0","3.054200000000000E-6"
"408","1.0049849243936453E+0","-1.9433894617646108E-23","1.2402264344168754E-2","-5.8120195996167195E-15","-1.1464336193919910E-2","-5.7436243041126696E-14","3.0002361767331300E+0","1.9685100940319100E+0","1.1443412478677557E+2","1.6796030576954599E+0","3.054200000000000E-6"
"407","1.0049899218755474E+0","-1.9381216137322910E-23","1.2402493051870425E-2","-1.0267031312738393E-15","-1.1472909355759495E-2","-2.9257534369869643E-14","3.0002360546462699E+0","1.9695008734228696E+0","1.1449172112463791E+2","1.6767994678176701E+0","3.054200000000000E-6"
"406","1.0077009248243354E+0","-1.9595432869878694E-23","1.1892575014939627E-2","-2.0459027777013815E-15","-1.4894527322987922E-2","-7.9564140596728755E-15","3.0002359672089902E+0","2.5734334896178894E+0","1.4959974550002340E+2","7.8601576499358803E+0","3.054200000000000E-6"
"405","1.0049974120307368E+0","-1.9552929138966183E-23","1.2402831825743432E-2","-5.9603897565404567E-16","-1.1485745730677819E-2","-2.7564742338577096E-14","3.0002358721317601E+0","1.9709870642472185E+0","1.1457811689510720E+2","1.6725641852458100E+0","3.054200000000000E-6"
"404","1.0050024014370826E+0","-1.9612528794570201E-23","1.2403054812711110E-2","-4.5143756505867664E-15","-1.1494287774222131E-2","-4.7138656679870807E-14","3.0002357508660800E+0","1.9719778725615251E+0","1.1463571491435175E+2","1.6697206980239301E+0","3.054200000000000E-6"
"403","1.0050073876307526E+0","-1.9617844076240768E-23","1.2403275506772485E-2","-1.8408489612717019E-15","-1.1502817416864130E-2","-3.6047442316799479E-14","3.0002356299290298E+0","1.9729686923728098E+0","1.1469331360194269E+2","1.6668612117182000E+0","3.054200000000000E-6"
"402","1.0076901323010388E+0","-1.9902536596985894E-23","1.1899112946689014E-2","-1.5571197234226977E-15","-1.4887216253903351E-2","-1.0959634616295493E-14","3.0002355452088700E+0","2.5709528863536821E+0","1.4945554219400867E+2","7.7512560532489303E+0","3.054200000000000E-6"
"401","1.0050148609192864E+0","-1.9608475609568862E-23","1.2403602242847459E-2","-4.9360190495089501E-15","-1.1515588686704190E-2","-4.7606522400148659E-14","3.0002354491398799E+0","1.9744549435568557E+0","1.1477971288126324E+2","1.6625419344062899E+0","3.054200000000000E-6"
"400","1.0050198391247986E+0","-1.9595046203076912E-23","1.2403817192981859E-2","-3.3563712719350950E-15","-1.1524087442011345E-2","-4.6729353789812104E-14","3.0002353290248700E+0","1.9754457919314861E+0","1.1483731322930872E+2","1.6596423515921599E+0","3.054200000000000E-6"
"399","1.0076815035120545E+0","-1.9683938610482048E-23","1.1904297164611536E-2","-3.1577378095001638E-15","-1.4881321561437880E-2","-1.5129753487713710E-14","3.0002352114861499E+0","2.5689683538191415E+0","1.4934017664704524E+2","7.6650964873631002E+0","3.054200000000000E-6"
"398","1.0076793470282530E+0","-1.9765157406877094E-23","1.1905586854185949E-2","-2.2907994967584500E-15","-1.4879841543438625E-2","-1.2672948189556309E-14","3.0002351285910600E+0","2.5684722138540019E+0","1.4931133486317296E+2","7.6436887840937597E+0","3.054200000000000E-6"
"397","1.0050322707565669E+0","-1.9616053359461142E-23","1.2404344489932077E-2","-3.2201007445200924E-15","-1.1545280533703491E-2","-4.0770966553321790E-14","3.0002350301768801E+0","1.9779229624546326E+0","1.1498131698200639E+2","1.6523230071228201E+0","3.054200000000000E-6"
"396","1.0050372378822234E+0","-1.9770615288090761E-23","1.2404551370214272E-2","-3.0125572109492891E-15","-1.1553736319450687E-2","-3.8535799527962558E-14","3.0002349112137598E+0","1.9789138503930386E+0","1.1503891962998723E+2","1.6493670571078900E+0","3.054200000000000E-6"
"395","1.0076707239007774E+0","-1.9948902655258863E-23","1.1910720301478184E-2","-6.0844142029406311E-16","-1.4873896167887708E-2","-8.7687287026314840E-15","3.0002347991426599E+0","2.5664876270310799E+0","1.4919596616029813E+2","7.5585818155914302E+0","3.054200000000000E-6"
"394","1.0076685688132123E+0","-2.0061091610775720E-23","1.1911997360150377E-2","-6.0298889924401119E-16","-1.4872403510650259E-2","-4.0131595196790038E-15","3.0002347173118098E+0","2.5659914736448424E+0","1.4916712359622582E+2","7.5374352248551997E+0","3.054200000000000E-6"
"393","1.0050496419640245E+0","-2.0003462106880291E-23","1.2405058450632899E-2","-1.7130072636063600E-15","-1.1574822380274904E-2","-2.8048044538755171E-14","3.0002346152471100E+0","1.9813911192133105E+0","1.1518292909692818E+2","1.6419064639672301E+0","3.054200000000000E-6"
"392","1.0050545981292291E+0","-1.9980215746728300E-23","1.2405257227403625E-2","-2.3671134759894032E-16","-1.1583235509753124E-2","-1.9498626926754754E-14","3.0002344974371802E+0","1.9823820462274235E+0","1.1524053401647183E+2","1.6388938842749301E+0","3.054200000000000E-6"
"391","1.0076599511946653E+0","-2.0174766906456108E-23","1.1917080528824052E-2","-1.3926456065158525E-15","-1.4866407702785606E-2","-7.0883209193088661E-15","3.0002343921031498E+0","2.5640068337352377E+0","1.4905175180729719E+2","7.4533646571786196E+0","3.054200000000000E-6"
"390","1.0076577974654166E+0","-2.0047598227034273E-23","1.1918345078752494E-2","-2.9796111164400018E-15","-1.4864902468384830E-2","-1.7315788769280065E-14","3.0002343113279601E+0","2.5635106672257186E+0","1.4902290848033766E+2","7.4324751704791003E+0","3.054200000000000E-6"
"389","1.0050669749576384E+0","-2.0159806351236041E-23","1.2405744006338140E-2","-4.8790231859057862E-15","-1.1604215316325672E-2","-4.9688441501761205E-14","3.0002342043551402E+0","1.9848594121349830E+0","1.1538454912732530E+2","1.6312913986749300E+0","3.054200000000000E-6"
"388","1.0050719202802552E+0","-2.0259740755225222E-23","1.2405934645294934E-2","-2.4256730183935645E-15","-1.1612586097555147E-2","-3.3232202075407399E-14","3.0002340876997202E+0","1.9858503777449541E+0","1.1544215629053703E+2","1.6282219369551501E+0","3.054200000000000E-6"
"387","1.0076491852050009E+0","-2.0153748764078658E-23","1.1923378454082230E-2","-1.1187433442619505E-15","-1.4858856474102615E-2","-5.5173150762391754E-15","3.0002339903249502E+0","2.5615259754103761E+0","1.4890753367400634E+2","7.3494251303692701E+0","3.054200000000000E-6"
"386","1.0076470327965892E+0","-2.0131381283327214E-23","1.1924630615751551E-2","5.8715656913869473E-16","-1.4857338723417206E-2","1.3438362093808862E-15","3.0002339105969500E+0","2.5610297960702564E+0","1.4887868960117379E+2","7.3287888191697403E+0","3.054200000000000E-6"
"385","1.0050842701480402E+0","-2.0338620181450808E-23","1.2406401036179970E-2","-3.2651825506858955E-15","-1.1633460413434965E-2","-3.5858664396222182E-14","3.0002337975056799E+0","1.9883278395501922E+0","1.1558617697614825E+2","1.6204769416573499E+0","3.054200000000000E-6"
"384","1.0050892047444275E+0","-2.0340741770474996E-23","1.2406583502371936E-2","-3.6701488998181045E-15","-1.1641789149253184E-2","-4.3675359076597175E-14","3.0002336820061699E+0","1.9893188432841296E+0","1.1564378635559586E+2","1.6173503566877101E+0","3.054200000000000E-6"
"383","1.0076384257452569E+0","-2.0577642638859921E-23","1.1929614676393842E-2","-1.0881996073087843E-15","-1.4851242783804654E-2","-7.2760570172693279E-15","3.0002335937659601E+0","2.5590450535098634E+0","1.4876331184491323E+2","7.2467437490661402E+0","3.054200000000000E-6"
"382","1.0050966009354216E+0","-2.0263305386678329E-23","1.2406852810274619E-2","-4.7945556068535395E-15","-1.1654259839173689E-2","-4.8304458707645149E-14","3.0002335093766499E+0","1.9908053691363314E+0","1.1573020160202277E+2","1.6126297918135399E+0","3.054200000000000E-6"
"381","1.0051015279406410E+0","-2.0437764240214542E-23","1.2407029417020330E-2","-2.0489226355498184E-15","-1.1662558725145199E-2","-3.2741168375270712E-14","3.0002333947036499E+0","1.9917963998170620E+0","1.1578781254795091E+2","1.6094622635476801E+0","3.054200000000000E-6"
"380","1.0051064519256883E+0","-2.0439070280853596E-23","1.2407203674847682E-2","-6.9159639119739372E-16","-1.1670845713305776E-2","-2.3188489296189768E-14","3.0002332803614702E+0","1.9927874412108149E+0","1.1584542411665223E+2","1.6062783263049001E+0","3.054200000000000E-6"
"379","1.0076276726310600E+0","-2.0503105910850653E-23","1.1935789786753194E-2","-1.4368884108019340E-15","-1.4843566927960234E-2","-8.7851212732577124E-15","3.0002332023846701E+0","2.5565640694622682E+0","1.4861908640306396E+2","7.1453014135810600E+0","3.054200000000000E-6"
"378","1.0051138322606843E+0","-2.0514197667519093E-23","1.2407460650890999E-2","-2.5972523447842597E-15","-1.1683253939384672E-2","-3.3082689106177186E-14","3.0002331094687400E+0","1.9942740233068754E+0","1.1593184263266703E+2","1.6014716152004700E+0","3.054200000000000E-6"
"377","1.0051187487357454E+0","-2.0457797520675037E-23","1.2407629023442611E-2","-8.6262497173892721E-16","-1.1691511287309055E-2","-2.1839016517630204E-14","3.0002329959541298E+0","1.9952650913204784E+0","1.1598945574884290E+2","1.5982465792178799E+0","3.054200000000000E-6"
"376","1.0076190745859470E+0","-2.0551356389956761E-23","1.1940686266469568E-2","-2.1636013408467681E-15","-1.4837381679343757E-2","-1.0560683245276103E-14","3.0002328929800401E+0","2.5545792384228099E+0","1.4850370350330709E+2","7.0650270644993096E+0","3.054200000000000E-6"
"375","1.0076169256801502E+0","-2.0637282361025258E-23","1.1941904368149346E-2","-2.7131342659180302E-15","-1.4835829196839021E-2","-6.0000027908157523E-15","3.0002328161401302E+0","2.5540830246719310E+0","1.4847485743009614E+2","7.0450794018703000E+0","3.054200000000000E-6"
"374","1.0051310268713241E+0","-2.0323189385618346E-23","1.2408039626103005E-2","-3.0944322838179050E-15","-1.1712103019261856E-2","-3.5080677654412273E-14","3.0002327136170801E+0","1.9977428075762451E+0","1.1613349122626222E+2","1.5901119009888500E+0","3.054200000000000E-6"
"373","1.0051359329286724E+0","-2.0387500093304932E-23","1.2408199727739292E-2","-3.1588070782800733E-15","-1.1720319118356828E-2","-3.6572640835544110E-14","3.0002326012623799E+0","1.9987339124712824E+0","1.1619110648644266E+2","1.5868291520385400E+0","3.054200000000000E-6"
"372","1.0076083324358363E+0","-2.0768881626603249E-23","1.1946752839152664E-2","-1.3198696662008005E-15","-1.4829594653164682E-2","-7.8115880318208061E-15","3.0002325108157901E+0","2.5520981460334791E+0","1.4835947176329773E+2","6.9657680801724400E+0","3.054200000000000E-6"
"371","1.0051432864749636E+0","-2.0373808961697744E-23","1.2408435435566884E-2","-4.1932474930268969E-15","-1.1732621274970581E-2","-4.2350882609295971E-14","3.0002324333522901E+0","2.0002205894068545E+0","1.1627753051570147E+2","1.5818740395792299E+0","3.054200000000000E-6"
"370","1.0051481851591673E+0","-2.0494891401269339E-23","1.2408589606556790E-2","-2.5056427872747657E-15","-1.1740808085007147E-2","-3.2392181455010887E-14","3.0002323218270499E+0","2.0012117203733180E+0","1.1633514729147527E+2","1.5785499500396400E+0","3.054200000000000E-6"
"369","1.0051530809098685E+0","-2.0605145529634389E-23","1.2408741399893239E-2","-4.3708109120532412E-15","-1.1748983219651976E-2","-4.1613530670747748E-14","3.0002322106338402E+0","2.0022028617054413E+0","1.1639276466982929E+2","1.5752092985560600E+0","3.054200000000000E-6"
"368","1.0075975961261536E+0","-2.0631305981099323E-23","1.1952759912507459E-2","-1.3466665331041200E-15","-1.4821746259897893E-2","-1.1220797943134812E-14","3.0002321337159699E+0","2.5496169953699406E+0","1.4821523663567154E+2","6.8676966442721996E+0","3.054200000000000E-6"
"367","1.0051604190551855E+0","-2.0505101265720292E-23","1.2408964625000043E-2","-5.1575794685779068E-15","-1.1761224080156603E-2","-4.7705253672642997E-14","3.0002320444668298E+0","2.0036895930611718E+0","1.1647919186265999E+2","1.5701672369958599E+0","3.054200000000000E-6"
"366","1.0051653075112452E+0","-2.0480323328965223E-23","1.2409110460581985E-2","-2.3058936812551110E-15","-1.1769370125937676E-2","-3.0743344570933581E-14","3.0002319341042401E+0","2.0046807601515675E+0","1.1653681073840301E+2","1.5667851199664000E+0","3.054200000000000E-6"
"365","1.0075890111648151E+0","-2.0716712379345331E-23","1.1957523109112550E-2","-9.1898796998416395E-16","-1.4815423545676160E-2","-8.8041787381070837E-15","3.0002318356560100E+0","2.5476320337825213E+0","1.4809984614685447E+2","6.7900826176528399E+0","3.054200000000000E-6"
"364","1.0075868654803604E+0","-2.0785841414099816E-23","1.1958708047820203E-2","-1.2132161482394576E-15","-1.4813836774115786E-2","-6.3084157758594963E-15","3.0002317616411802E+0","2.5471357877716159E+0","1.4807099819829222E+2","6.7707950468957403E+0","3.054200000000000E-6"
"363","1.0051775159732199E+0","-2.0407991554276167E-23","1.2409464592529222E-2","-2.4481655060956360E-15","-1.1789684557001575E-2","-3.1530832353997205E-14","3.0002316596526799E+0","2.0071587226066496E+0","1.1668086052796797E+2","1.5582571341306699E+0","3.054200000000000E-6"
"362","1.0051823943099070E+0","-2.0368683673072615E-23","1.2409602054178284E-2","-3.2904253167968273E-15","-1.1797790114767198E-2","-3.7054039406659490E-14","3.0002315504543899E+0","2.0081499253883135E+0","1.1673848147852840E+2","1.5548168304720500E+0","3.054200000000000E-6"
"361","1.0075782849243538E+0","-2.0770473949281685E-23","1.1963424493072314E-2","-1.3432675215575639E-15","-1.4807465379912075E-2","-1.0090240777944327E-14","3.0002314675732000E+0","2.5451507815858312E+0","1.4795560511686722E+2","6.6941043729778897E+0","3.054200000000000E-6"
"360","1.0051897064336954E+0","-2.0374342105450356E-23","1.2409803746169323E-2","-1.8319053031906401E-15","-1.1809926862222575E-2","-2.7689688790624835E-14","3.0002313872813202E+0","2.0096367485230227E+0","1.1682491400668714E+2","1.5496251505472400E+0","3.054200000000000E-6"
"359","1.0051945776081337E+0","-2.0434389601808096E-23","1.2409935202479997E-2","-4.2179395169406682E-15","-1.1818003666532831E-2","-4.3947438912172877E-14","3.0002312789157299E+0","2.0106279765371813E+0","1.1688253642407187E+2","1.5461431986071099E+0","3.054200000000000E-6"
"358","1.0075697077929946E+0","-2.0865896987757188E-23","1.1968103852674170E-2","-1.2990080092042284E-15","-1.4801055194180342E-2","-1.0605024242083326E-14","3.0002311766766798E+0","2.5431657404696466E+0","1.4784021000485583E+2","6.6181425424753497E+0","3.054200000000000E-6"
"357","1.0075675640349631E+0","-2.0881753006123927E-23","1.1969267930485156E-2","-1.8428791649207075E-15","-1.4799446602223706E-2","-1.2307004034913041E-14","3.0002311044457999E+0","2.5426694748097538E+0","1.4781136091405170E+2","6.5992649561531396E+0","3.054200000000000E-6"
"356","1.0052067430959639E+0","-2.0437824340054828E-23","1.2410253302051682E-2","-3.1277809191601068E-15","-1.1838145574544039E-2","-3.2245068233202555E-14","3.0002310094603599E+0","2.0131060903904645E+0","1.1702659501477061E+2","1.5373653341534299E+0","3.054200000000000E-6"
"355","1.0052116043344910E+0","-2.0467527878863597E-23","1.2410376316823169E-2","-3.2989151013155929E-15","-1.1846182353654805E-2","-3.7153979650622979E-14","3.0002309022620399E+0","2.0140973533692614E+0","1.1708421946473206E+2","1.5338249704486300E+0","3.054200000000000E-6"
"354","1.0075589910611802E+0","-2.1239989419784429E-23","1.1973901322424317E-2","-1.8116369955082451E-15","-1.4792988114105184E-2","-1.0138267864317175E-14","3.0002308174862500E+0","2.5406843909516397E+0","1.4769596331735136E+2","6.5242021051237504E+0","3.054200000000000E-6"
"353","1.0052188909085220E+0","-2.0416193567036636E-23","1.2410556301850641E-2","-2.8583520112895403E-15","-1.1858216178181478E-2","-3.3903599869141558E-14","3.0002307420905501E+0","2.0155842664143955E+0","1.1717065721959540E+2","1.5284830939064100E+0","3.054200000000000E-6"
"352","1.0052237451145232E+0","-2.0439607302016172E-23","1.2410673262281680E-2","-2.0173636599060019E-15","-1.1866224529659151E-2","-3.1266512825606985E-14","3.0002306357271098E+0","2.0165755541132468E+0","1.1722828310659182E+2","1.5249009446401400E+0","3.054200000000000E-6"
"351","1.0075504213158077E+0","-2.1245181270597464E-23","1.1978498248175515E-2","-1.3774993341977238E-15","-1.4786491131114342E-2","-1.0258630219635621E-14","3.0002305336546700E+0","2.5386992736264204E+0","1.4758056377512941E+2","6.4498489402066701E+0","3.054200000000000E-6"
"350","1.0075482793738122E+0","-2.1260519008611672E-23","1.1979641813544129E-2","-9.2123257349065913E-16","-1.4784860885637222E-2","-7.4021587297732402E-15","3.0002304631832901E+0","2.5382029891406703E+0","1.4755171358993391E+2","6.4313705619149797E+0","3.054200000000000E-6"
"349","1.0052358684065705E+0","-2.0579821524427095E-23","1.2410955035463907E-2","-2.4763090394229719E-15","-1.1886195869591887E-2","-3.1473748471775056E-14","3.0002303712809999E+0","2.0190538162899334E+0","1.1737235031967906E+2","1.5158723796593601E+0","3.054200000000000E-6"
"348","1.0052407128564589E+0","-2.0589228765190269E-23","1.2411063484752422E-2","-2.9572242553398022E-15","-1.1894164645443808E-2","-3.2583807466531981E-14","3.0002302660879701E+0","2.0200451382449716E+0","1.1742997819806823E+2","1.5122316621126899E+0","3.054200000000000E-6"
"347","1.0075397135431341E+0","-2.1277998368931104E-23","1.1984193536743685E-2","-6.5548576624659587E-16","-1.4778315964406936E-2","-9.4599024361512661E-15","3.0002301832349798E+0","2.5362178308758976E+0","1.4743631166779937E+2","6.3578928474880900E+0","3.054200000000000E-6"
"346","1.0052479743430853E+0","-2.0376793920484598E-23","1.2411221583832045E-2","-3.2163235423595377E-15","-1.1906096703123531E-2","-3.5719685628057458E-14","3.0002301089261199E+0","2.0215321393787136E+0","1.1751642107372966E+2","1.5067391873414000E+0","3.054200000000000E-6"
"345","1.0052528118876045E+0","-2.0356202293110817E-23","1.2411323928342629E-2","-5.2608847871232684E-15","-1.1914037367838661E-2","-4.7003501641078299E-14","3.0002300045702599E+0","2.0225234855539957E+0","1.1757405036009861E+2","1.5030565998168099E+0","3.054200000000000E-6"
"344","1.0075311507484646E+0","-2.1381352001530078E-23","1.1988709398576507E-2","-9.6887982170168826E-16","-1.4771732834363147E-2","-6.3550447533573620E-15","3.0002299063721800E+0","2.5342326405649458E+0","1.4732090788274505E+2","6.2851063238262901E+0","3.054200000000000E-6"
"343","1.0075290105142778E+0","-2.1391562512216291E-23","1.1989832791720518E-2","-3.0154670187257331E-15","-1.4770081096276130E-2","-1.5827095649343811E-14","3.0002298376364198E+0","2.5337363380526319E+0","1.4729205664962294E+2","6.2670167495509901E+0","3.054200000000000E-6"
"342","1.0052648937468367E+0","-2.0244777833425824E-23","1.2411569072509258E-2","-3.0064477998308688E-15","-1.1933840038727406E-2","-3.4221439041140874E-14","3.0002297451471902E+0","2.0250018930550873E+0","1.1771812602123556E+2","1.4937768299225400E+0","3.054200000000000E-6"
"341","1.0052697217115247E+0","-2.0214780257758638E-23","1.2411662834249800E-2","-8.4966702857630131E-16","-1.1941741564524894E-2","-2.3291842436844547E-14","3.0002296419650301E+0","2.0259932727953021E+0","1.1777575725881303E+2","1.4900355974405499E+0","3.054200000000000E-6"
"340","1.0075204513961404E+0","-2.1461788853752137E-23","1.1994304198085438E-2","-1.0179750536974115E-15","-1.4763450379091832E-2","-6.8732567771353816E-15","3.0002295646044801E+0","2.5317511085526094E+0","1.4717665058641569E+2","6.1950829585044698E+0","3.054200000000000E-6"
"339","1.0052769585640420E+0","-2.0234999653856722E-23","1.2411798863197047E-2","-2.2157314808964950E-15","-1.1953572978346254E-2","-3.1413631281224512E-14","3.0002294878212799E+0","2.0274803602400731E+0","1.1786220515193773E+2","1.4843923282317200E+0","3.054200000000000E-6"
"338","1.0052817797480527E+0","-2.0297405907429556E-23","1.2411886468269474E-2","-9.3068514743285909E-16","-1.1961446700436253E-2","-2.0174845247654067E-14","3.0002293854787001E+0","2.0284717637126830E+0","1.1791983776913520E+2","1.4806092028225499E+0","3.054200000000000E-6"
"337","1.0075118951253259E+0","-2.1467150018097229E-23","1.1998740333698237E-2","-1.5948835868697973E-15","-1.4756781728855251E-2","-1.1445330263535352E-14","3.0002292946166098E+0","2.5297658483866599E+0","1.4706124274052590E+2","6.1238224989645600E+0","3.054200000000000E-6"
"336","1.0075097564928095E+0","-2.1520163248073918E-23","1.1999843886845383E-2","7.7042748439354724E-17","-1.4755108653287068E-2","-3.3886227990076940E-15","3.0002292275931599E+0","2.5292695286241962E+0","1.4703239050461201E+2","6.1061116825237702E+0","3.054200000000000E-6"
"335","1.0052938209226505E+0","-2.0307012834762748E-23","1.2412094672066975E-2","-7.2394404381686380E-16","-1.1981082546923101E-2","-2.4425277864726007E-14","3.0002291310931199E+0","2.0309503136108948E+0","1.1806392170815190E+2","1.4710780927339000E+0","3.054200000000000E-6"
"334","1.0052986326997251E+0","-2.0272030849670144E-23","1.2412173620693481E-2","-1.9745904291380597E-15","-1.1988917554282557E-2","-2.7795295356811838E-14","3.0002290299276999E+0","2.0319417499734591E+0","1.1812155623731982E+2","1.4672363384536100E+0","3.054200000000000E-6"
"333","1.0075012036649331E+0","-2.1358737659064981E-23","1.2004236296578217E-2","-7.0466717992121921E-16","-1.4748392754331697E-2","-7.3537309333171573E-15","3.0002289613849502E+0","2.5272842309698369E+0","1.4691698047943277E+2","6.0356820173680497E+0","3.054200000000000E-6"
"332","1.0053058453627384E+0","-2.0193510083788555E-23","1.2412287390053530E-2","-1.1228962788138337E-15","-1.2000649415039024E-2","-2.1209463511577374E-14","3.0002288788109399E+0","2.0334289219935422E+0","1.1820800904700647E+2","1.4614423172875499E+0","3.054200000000000E-6"
"331","1.0053106504814613E+0","-2.0154731468931186E-23","1.2412360128646462E-2","-6.2145263907244570E-16","-1.2008456917298835E-2","-1.8589498563982070E-14","3.0002287784876098E+0","2.0344203816119513E+0","1.1826564492809138E+2","1.4575587185274299E+0","3.054200000000000E-6"
"330","1.0074926534992890E+0","-2.1362227327274241E-23","1.2008594012385515E-2","1.9984505559913117E-16","-1.4741639188103388E-2","2.7216046780644207E-16","3.0002286981803699E+0","2.5252989039907403E+0","1.4680156874953749E+2","5.9659084360036401E+0","3.054200000000000E-6"
"329","1.0053178531947342E+0","-2.0161844575964297E-23","1.2412464565995047E-2","-3.5160133555596490E-15","-1.2020147612071536E-2","-3.2002095309667901E-14","3.0002286286348201E+0","2.0359075883689486E+0","1.1835209975711660E+2","1.4517019610047801E+0","3.054200000000000E-6"
"328","1.0053226517053986E+0","-2.0137301222461022E-23","1.2412531071879186E-2","3.6377056845793065E-17","-1.2027927731103807E-2","-1.6305019721215795E-14","3.0002285291546902E+0","2.0368990710478299E+0","1.1840973697876103E+2","1.4477765617107601E+0","3.054200000000000E-6"
"327","1.0074841059147377E+0","-2.1119080171153679E-23","1.2012917286313155E-2","-1.1191374067739509E-15","-1.4734848069585003E-2","-9.0505957662510111E-15","3.0002284379617299E+0","2.5233135482708562E+0","1.4668615534887263E+2","5.8967834629351401E+0","3.054200000000000E-6"
"326","1.0074819694124519E+0","-2.1002052209053238E-23","1.2013992752538408E-2","-1.3339944883555981E-15","-1.4733144435706428E-2","-7.8992429006940513E-15","3.0002283733715700E+0","2.5228172049178732E+0","1.4665730174158631E+2","5.8796026995578101E+0","3.054200000000000E-6"
"325","1.0053346364965881E+0","-2.0109520232341118E-23","1.2412686393246393E-2","-3.9673680443341343E-15","-1.2047330297798234E-2","-3.9719336304356730E-14","3.0002282819316699E+0","2.0393778177958346E+0","1.1855383236111948E+2","1.4378900044316301E+0","3.054200000000000E-6"
"324","1.0053394258397228E+0","-2.0119655133549729E-23","1.2412744134745753E-2","-3.7526056320013717E-15","-1.2055072282262061E-2","-3.6009236668211056E-14","3.0002281836338698E+0","2.0403693324345813E+0","1.1861147144066612E+2","1.4339061874840899E+0","3.054200000000000E-6"
"323","1.0074734249411978E+0","-2.0964224205665408E-23","1.2018273324585186E-2","-4.4606468603614537E-16","-1.4726306535651604E-2","-4.1423890491433570E-15","3.0002281168607801E+0","2.5208318140821113E+0","1.4654188629955283E+2","5.8112781481013300E+0","3.054200000000000E-6"
"322","1.0053466049791220E+0","-2.0266289699230769E-23","1.2412826034946966E-2","-1.8916825186570431E-15","-1.2066664915833495E-2","-2.7225370636958873E-14","3.0002280368213698E+0","2.0418566213751510E+0","1.1869793104721583E+2","1.4278992230118199E+0","3.054200000000000E-6"
"321","1.0053513878333280E+0","-2.0246958229821093E-23","1.2412877488247868E-2","-5.7535343209954417E-16","-1.2074379803586607E-2","-1.6110168127623288E-14","3.0002279393694500E+0","2.0428481586127720E+0","1.1875557144048823E+2","1.4238737752256700E+0","3.054200000000000E-6"
"320","1.0074648828709403E+0","-2.0932057219593728E-23","1.2022520012366289E-2","-2.3952968324521077E-15","-1.4719431335143423E-2","-7.9221455742629534E-15","3.0002278632968400E+0","2.5188463957930338E+0","1.4642646926159347E+2","5.7435857994644204E+0","3.054200000000000E-6"
"319","1.0053585572761481E+0","-2.0201891749838382E-23","1.2412949938520261E-2","-2.2489469857622942E-15","-1.2085931880040073E-2","-2.5987265118275571E-14","3.0002277938266499E+0","2.0443354813093078E+0","1.1884203300935170E+2","1.4178044363114199E+0","3.054200000000000E-6"
"318","1.0053633336904255E+0","-2.0313128801416346E-23","1.2412995080052197E-2","-2.8553359331632891E-15","-1.2093619788008459E-2","-3.3154564203432726E-14","3.0002276972217699E+0","2.0453270409564066E+0","1.1889967470533975E+2","1.4137374577159800E+0","3.054200000000000E-6"
"317","1.0074563431227053E+0","-2.0658508591022365E-23","1.2026733059572440E-2","-6.0097348966265541E-16","-1.4712518943105608E-2","-8.2215512074037722E-15","3.0002276126626599E+0","2.5168609506114024E+0","1.4631105066030665E+2","5.6765185422002897E+0","3.054200000000000E-6"
"316","1.0074542085392708E+0","-2.0547444084150880E-23","1.2027781093352044E-2","-5.9891774895989477E-16","-1.4710785046507390E-2","-4.5863598372759543E-15","3.0002275504599099E+0","2.5163645851790921E+0","1.4628219576949709E+2","5.6598485753567997E+0","3.054200000000000E-6"
"315","1.0053752635328701E+0","-2.0546919769327004E-23","1.2413096850768454E-2","-1.0658552593401214E-16","-1.2112792525360752E-2","-1.8382037311505027E-14","3.0002274571937502E+0","2.0478059789949308E+0","1.1904378120786632E+2","1.4034975178620199E+0","3.054200000000000E-6"
"314","1.0074478056181719E+0","-2.0408719433077109E-23","1.2030912707388349E-2","-1.0432418298466190E-15","-1.4705569466633504E-2","-8.7986286964457700E-15","3.0002273649413400E+0","2.5148754790911059E+0","1.4619563052789127E+2","5.6100693728741797E+0","3.054200000000000E-6"
"313","1.0074456715834987E+0","-2.0471724746359479E-23","1.2031952428716429E-2","-8.5349643662512073E-16","-1.4703826315452638E-2","-6.6531375211611610E-15","3.0002273034641802E+0","2.5143791071598804E+0","1.4616677525928446E+2","5.5935528461826198E+0","3.054200000000000E-6"
"312","1.0053871774816121E+0","-2.0471455048068055E-23","1.2413182740335583E-2","1.6124912364210036E-16","-1.2131898301952233E-2","-1.1608948265008193E-14","3.0002272192883801E+0","2.0502849722618786E+0","1.1918789092095112E+2","1.3931542879049601E+0","3.054200000000000E-6"
"311","1.0053919386377963E+0","-2.0393631569594060E-23","1.2413212635858513E-2","-2.8625426502516700E-15","-1.2139521927043992E-2","-2.7439110021258782E-14","3.0002271247212500E+0","2.0512765849288908E+0","1.1924553569911153E+2","1.3889881590297199E+0","3.054200000000000E-6"
"310","1.0074371367744170E+0","-2.0391033277604967E-23","1.2036090662707367E-2","1.5863804840916136E-16","-1.4696830631307386E-2","-5.5218717168115540E-15","3.0002270593604301E+0","2.5123936034848859E+0","1.4605135325764078E+2","5.5278665998643302E+0","3.054200000000000E-6"
"309","1.0053990756567150E+0","-2.0556914437572880E-23","1.2413252688016414E-2","-7.3853556796714151E-16","-1.2150937400604852E-2","-2.1076765842147928E-14","3.0002269835086999E+0","2.0527640202947763E+0","1.1933200381770951E+2","1.3827081525291600E+0","3.054200000000000E-6"
"308","1.0054038305368627E+0","-2.0579329093468429E-23","1.2413276189627041E-2","-9.5052805251015130E-16","-1.2158534432939089E-2","-2.4880622991806618E-14","3.0002268897927098E+0","2.0537556547395517E+0","1.1938964986186255E+2","1.3785009815767899E+0","3.054200000000000E-6"
"307","1.0074286040351230E+0","-2.0555290667742877E-23","1.2040196030996684E-2","-7.7016728780661618E-16","-1.4689798097173615E-2","-9.0716545975590527E-15","3.0002268181321501E+0","2.5104080746929642E+0","1.4593592979589104E+2","5.4627830695115600E+0","3.054200000000000E-6"
"306","1.0054109581773618E+0","-2.0637151603225391E-23","1.2413306632397168E-2","-1.9343937548440240E-15","-1.2169910100698986E-2","-2.4516071497692496E-14","3.0002267498577901E+0","2.0552431226350505E+0","1.1947611987148346E+2","1.3721595522271199E+0","3.054200000000000E-6"
"305","1.0054157068289074E+0","-2.0586795690966543E-23","1.2413323715337833E-2","-1.3188639459942838E-16","-1.2177480651071581E-2","-1.0121870335736418E-14","3.0002266569941902E+0","2.0562347786752286E+0","1.1953376717102810E+2","1.3679115318092101E+0","3.054200000000000E-6"
"304","1.0074200732893304E+0","-2.0581071560990814E-23","1.2044268766863958E-2","-1.4690261321592167E-15","-1.4682728814378045E-2","-8.6337180429781706E-15","3.0002265797629799E+0","2.5084225213164961E+0","1.4582050490498375E+2","5.3982955905359100E+0","3.054200000000000E-6"
"303","1.0054228251618829E+0","-2.0637901235655200E-23","1.2413344511378857E-2","-1.7167424182807300E-15","-1.2188816678191819E-2","-2.2334607736036824E-14","3.0002265183388102E+0","2.0577222788279297E+0","1.1962023905583612E+2","1.3615089868702099E+0","3.054200000000000E-6"
"302","1.0054275676319198E+0","-2.0717450161188474E-23","1.2413355150618956E-2","-4.1974063411631671E-16","-1.2196360856031783E-2","-1.7436949620201673E-14","3.0002264263288700E+0","2.0587139562826491E+0","1.1967788760025846E+2","1.3572203344364600E+0","3.054200000000000E-6"
"301","1.0074115444613614E+0","-2.0599870532880693E-23","1.2048309101215215E-2","-2.4347283244021230E-15","-1.4675622882535612E-2","-1.3163598025689380E-14","3.0002263442367698E+0","2.5064369438814715E+0","1.4570507861549592E+2","5.3343975991736903E+0","3.054200000000000E-6"
"300","1.0074094125452182E+0","-2.0628709409455523E-23","1.2049314148903017E-2","1.6509184757997171E-16","-1.4673840684672812E-2","2.4692366472151140E-16","3.0002262857975501E+0","2.5059405458246085E+0","1.4567622182814432E+2","5.3185144489947200E+0","3.054200000000000E-6"
"299","1.0054394130630468E+0","-2.0965446663649217E-23","1.2413370432406404E-2","-2.8263875006254222E-15","-1.2215175319074673E-2","-2.9541976435500877E-14","3.0002261977999800E+0","2.0611931871121922E+0","1.1982201112341603E+2","1.3464279789019600E+0","3.054200000000000E-6"
"298","1.0074030174761379E+0","-2.0738758035137395E-23","1.2052317262621286E-2","-1.5774669200148295E-16","-1.4668480399549539E-2","-4.9888674174073501E-15","3.0002261115375002E+0","2.5044513429076218E+0","1.4558965095764083E+2","5.2710826305034804E+0","3.054200000000000E-6"
"297","1.0074008860090187E+0","-2.0818776127174490E-23","1.2053314302515345E-2","4.7689568308036665E-16","-1.4666689079003089E-2","1.1408918924442089E-15","3.0002260538025300E+0","2.5039549390465341E+0","1.4556079383287596E+2","5.2553442372761499E+0","3.054200000000000E-6"
"296","1.0054512432386145E+0","-2.1047084220229698E-23","1.2413369496942328E-2","-1.6444271844785699E-15","-1.2233924308108199E-2","-2.5036025541113312E-14","3.0002259714107802E+0","2.0636724707178233E+0","1.1996613771457184E+2","1.3355351235810000E+0","3.054200000000000E-6"
"295","1.0073944922591707E+0","-2.0794999854442145E-23","1.2056293477341723E-2","-1.7817918812837829E-15","-1.4661301461641327E-2","-1.1672856361441040E-14","3.0002258816493299E+0","2.5024657189085127E+0","1.4547422196127317E+2","5.2083443169959196E+0","3.054200000000000E-6"
"294","1.0073923612225459E+0","-2.0678390652526998E-23","1.2057282565649976E-2","-1.7133075294749250E-15","-1.4659501042195244E-2","-1.0137739388928500E-14","3.0002258246146800E+0","2.5019693093706459E+0","1.4544536450650378E+2","5.1927491040150597E+0","3.054200000000000E-6"
"293","1.0054630582741384E+0","-2.0993749165295697E-23","1.2413352279768383E-2","-2.4517253016505646E-15","-1.2252608087752965E-2","-2.8809093812444778E-14","3.0002257471645999E+0","2.0661518066569813E+0","1.2011026734799871E+2","1.3245425001854201E+0","3.054200000000000E-6"
"292","1.0054677800748582E+0","-2.1067499425488165E-23","1.2413340819447794E-2","5.8500993226624378E-16","-1.2260063399638591E-2","-4.1947011695640785E-15","3.0002256580669400E+0","2.0671435555875464E+0","1.2016792004748017E+2","1.3201176944012900E+0","3.054200000000000E-6"
"291","1.0073838381120397E+0","-2.0402352727299706E-23","1.2061219161721088E-2","-5.1341263679821426E-16","-1.4652276668395489E-2","-2.3120172773662255E-15","3.0002255982183499E+0","2.4999836573029564E+0","1.4532993387844351E+2","5.1307228013532296E+0","3.054200000000000E-6"
"290","1.0054748582843362E+0","-2.1029096273080717E-23","1.2413318715721879E-2","-7.4438426065455034E-16","-1.2271226919366813E-2","-1.5524981049137754E-14","3.0002255250648502E+0","2.0686311944904974E+0","1.2025439999816679E+2","1.3134509184141601E+0","3.054200000000000E-6"
"289","1.0054795741068723E+0","-2.1068352455494940E-23","1.2413300698247306E-2","-2.5900082616440816E-15","-1.2278656324489890E-2","-2.7966257723879058E-14","3.0002254368267098E+0","2.0696229640565815E+0","1.2031205389723951E+2","1.3089867744343600E+0","3.054200000000000E-6"
"288","1.0073753166043082E+0","-2.0313545841254514E-23","1.2065124311903206E-2","-1.5132406653495482E-16","-1.4645016050087872E-2","-2.7076444565937396E-15","3.0002253745980698E+0","2.4979979833435682E+0","1.4521450197776727E+2","5.0692591754907896E+0","3.054200000000000E-6"
"287","1.0054866433831464E+0","-2.1154836773476722E-23","1.2413268738930113E-2","-1.4000616878131322E-15","-1.2289781061071300E-2","-1.9963513470153072E-14","3.0002253051149501E+0","2.0711106337825087E+0","1.2039853563973827E+2","1.3022612710306201E+0","3.054200000000000E-6"
"286","1.0054913532728575E+0","-2.1089070744899827E-23","1.2413244137753101E-2","-2.0711302014771966E-15","-1.2297184661791112E-2","-2.3367511702391425E-14","3.0002252177377300E+0","2.0721024238106702E+0","1.2045619072831973E+2","1.2977581703664600E+0","3.054200000000000E-6"
"285","1.0073667966267263E+0","-2.0143212551024230E-23","1.2068998235149281E-2","-2.6820042732449500E-15","-1.4637719278134837E-2","-1.5218826012867508E-14","3.0002251537385201E+0","2.4960122879867512E+0","1.4509906883320812E+2","5.0083521649470999E+0","3.054200000000000E-6"
"284","1.0054984136837373E+0","-2.0993762089993124E-23","1.2413202282804747E-2","-1.3353716432608291E-15","-1.2308270767803525E-2","-1.8139230189778662E-14","3.0002250873184102E+0","2.0735901241003565E+0","1.2054267424756173E+2","1.2909745390615499E+0","3.054200000000000E-6"
"283","1.0055031176856795E+0","-2.1045549412452951E-23","1.2413171071088492E-2","2.9164106244877605E-16","-1.2315648665202019E-2","-1.0890265578621343E-14","3.0002250008035301E+0","2.0745819344184162E+0","1.2060033051564274E+2","1.2864329001060000E+0","3.054200000000000E-6"
"282","1.0073582781072217E+0","-2.0271488876985386E-23","1.2072841148228888E-2","-1.8072141646705311E-15","-1.4630386441807534E-2","-1.2443094915122334E-14","3.0002249356245301E+0","2.4940265717210566E+0","1.4498363447316672E+2","4.9479957992935502E+0","3.054200000000000E-6"
"281","1.0055101692985264E+0","-2.1112092215323665E-23","1.2413119280036990E-2","-2.3718760657242675E-15","-1.2326696291319316E-2","-2.8278644160658224E-14","3.0002248716787898E+0","2.0760696650145212E+0","1.2068681579666818E+2","1.2795917975299900E+0","3.054200000000000E-6"
"280","1.0055148674574566E+0","-2.1065456030881774E-23","1.2413081430654652E-2","-2.4600534605841771E-15","-1.2334048585225309E-2","-2.8105886245112979E-14","3.0002247860276898E+0","2.0770614954515212E+0","1.2074447323431053E+2","1.2750120779248300E+0","3.054200000000000E-6"
"279","1.0073497609742710E+0","-2.0298244292392507E-23","1.2076653265747287E-2","-4.1033102436981543E-16","-1.4623017628776137E-2","4.6810096267486293E-16","3.0002247202410799E+0","2.4920408350294085E+0","1.4486819892571657E+2","4.8881841980248097E+0","3.054200000000000E-6"
"278","1.0055219103391859E+0","-2.1131541945710764E-23","1.2413019662592364E-2","-2.8222871639352859E-16","-1.2345057880254605E-2","-1.7701638782688736E-14","3.0002246581996999E+0","2.0785492560985146E+0","1.2083096026226485E+2","1.2681142213979899E+0","3.054200000000000E-6"
"277","1.0055266026995704E+0","-2.1013187909690992E-23","1.2412975148125512E-2","-1.2769523918109641E-15","-1.2352384669249192E-2","-1.7434098163218674E-14","3.0002245734138300E+0","2.0795411064846947E+0","1.2088861885960000E+2","1.2634969205549800E+0","3.054200000000000E-6"
"276","1.0073412451568904E+0","-2.0257698225210631E-23","1.2080434800177323E-2","-6.9770225656795321E-16","-1.4615612925134915E-2","-4.8217516239154429E-15","3.0002245075733200E+0","2.4900550783892057E+0","1.4475276221860994E+2","4.8289115683957302E+0","3.054200000000000E-6"
"275","1.0055336369166656E+0","-2.0924965219953228E-23","1.2412903361704119E-2","-2.8989833869763946E-15","-1.2363355780131764E-2","-2.5715538583165435E-14","3.0002244468848098E+0","2.0810288969288111E+0","1.2097510761973120E+2","1.2565430920022100E+0","3.054200000000000E-6"
"274","1.0055383235226820E+0","-2.0963087906434546E-23","1.2412852154440565E-2","-2.8660648417260322E-16","-1.2370657161559597E-2","-1.2275584794414678E-14","3.0002243629656702E+0","2.0820207670955715E+0","1.2103276736695803E+2","1.2518887537161001E+0","3.054200000000000E-6"
"273","1.0073327305846240E+0","-2.0335429938335907E-23","1.2084185961883168E-2","-2.6733810819750279E-17","-1.4608172415441196E-2","-3.8430331823998828E-15","3.0002242976065401E+0","2.4880693022724047E+0","1.4463732437928286E+2","4.7701722048755899E+0","3.054200000000000E-6"
"272","1.0055453491411961E+0","-2.1010057548060630E-23","1.2412770307868973E-2","3.6203553798303874E-16","-1.2381590233401758E-2","-1.1323766084262676E-14","3.0002242377378598E+0","2.0835085870847556E+0","1.2111925784461356E+2","1.2448798037786999E+0","3.054200000000000E-6"
"271","1.0055500300367410E+0","-2.1048927282032126E-23","1.2412712379800355E-2","-1.3387376434446094E-15","-1.2388866303386490E-2","-2.1903308643931885E-14","3.0002241546869399E+0","2.0845004768646245E+0","1.2117691873199654E+2","1.2401890191209799E+0","3.054200000000000E-6"
"270","1.0073242171875447E+0","-2.0198616849959427E-23","1.2087906959148624E-2","-5.0701377821674545E-16","-1.4600696182702143E-2","-9.0186638014475722E-15","3.0002240903261699E+0","2.4860835071456271E+0","1.4452188543486110E+2","4.7119604873544398E+0","3.054200000000000E-6"
"269","1.0055570471223105E+0","-2.1028612889410571E-23","1.2412620430841721E-2","-3.0700143053206317E-15","-1.2399761479466798E-2","-2.5079513741313310E-14","3.0002240307626198E+0","2.0859883261484957E+0","1.2126341091262118E+2","1.2331258715096201E+0","3.054200000000000E-6"
"268","1.0055617223510025E+0","-2.1080807339827800E-23","1.2412555753659991E-2","-8.3880550262449698E-16","-1.2407012332926320E-2","-1.6986351265200537E-14","3.0002239485814699E+0","2.0869802353750919E+0","1.2132107293048820E+2","1.2283992817457401E+0","3.054200000000000E-6"
"267","1.0073157048962371E+0","-2.0158538656812026E-23","1.2091597998199021E-2","-1.6455293408395628E-15","-1.4593184308416961E-2","-1.3890877751285751E-14","3.0002238857178201E+0","2.4840976934702317E+0","1.4440644541216454E+2","4.6542708800945096E+0","3.054200000000000E-6"
"266","1.0055687309688506E+0","-2.1508506891662240E-23","1.2412453659627747E-2","-1.2948172769247049E-15","-1.2417869754716173E-2","-1.6589258527694047E-14","3.0002238259629599E+0","2.0884681137048804E+0","1.2140756679962038E+2","1.2212829378990899E+0","3.054200000000000E-6"
"265","1.0055734005740380E+0","-2.1724679558760688E-23","1.2412382204723496E-2","-2.1663475502759781E-15","-1.2425095485365079E-2","-2.4758349677131096E-14","3.0002237446531201E+0","2.0894600422128868E+0","1.2146522993836115E+2","1.2165212377666601E+0","3.054200000000000E-6"
"264","1.0073071936417961E+0","-1.9649215119329863E-23","1.2095259283231300E-2","-1.9591974163286599E-15","-1.4585636872573702E-2","-1.2366570141964178E-14","3.0002236837671901E+0","2.4821118617024225E+0","1.4429100433771336E+2","4.5970979303620201E+0","3.054200000000000E-6"
"263","1.0055804007889850E+0","-2.1553338788393817E-23","1.2412269922477339E-2","-5.6726027697260687E-16","-1.2435915292542999E-2","-1.6455537778231821E-14","3.0002236233427602E+0","2.0909479493414000E+0","1.2155172548163095E+2","1.2093527817378200E+0","3.054200000000000E-6"
"262","1.0055850648137479E+0","-2.1413922666026811E-23","1.2412191660939305E-2","-1.8944643358293906E-15","-1.2443115992913022E-2","-2.2209847478754672E-14","3.0002235429058199E+0","2.0919398969665330E+0","1.2160938973169527E+2","1.2045567227465801E+0","3.054200000000000E-6"
"261","1.0072986833558168E+0","-1.9648677451931368E-23","1.2098891016433575E-2","-1.2542601804545329E-15","-1.4578053953681275E-2","-8.9269596063051533E-15","3.0002234844601801E+0","2.4801260122933155E+0","1.4417556223773204E+2","4.5404362671526499E+0","3.054200000000000E-6"
"260","1.0055920566902177E+0","-2.1377360636717374E-23","1.2412069146882750E-2","-3.3855551112763835E-16","-1.2453898323389528E-2","-1.4726161480499176E-14","3.0002234229060099E+0","2.0934278326481000E+0","1.2169588693482133E+2","1.1973373264561100E+0","3.054200000000000E-6"
"259","1.0055967151773741E+0","-2.1242751855426034E-23","1.2411984049492552E-2","-1.3728849789208322E-15","-1.2461074084831613E-2","-1.8686109943332404E-14","3.0002233433435701E+0","2.0944197992270737E+0","1.2175355228671702E+2","1.1925077204949499E+0","3.054200000000000E-6"
"258","1.0072901739703897E+0","-1.9632387163742912E-23","1.2102493398015345E-2","-2.1072770252341638E-15","-1.4570435628766464E-2","-1.4272264826065928E-14","3.0002232877827999E+0","2.4781401456890437E+0","1.4406011913815530E+2","4.4842806001458904E+0","3.054200000000000E-6"
"257","1.0056036987794015E+0","-2.0762927000303924E-23","1.2411851259567435E-2","-4.7017953938424729E-16","-1.2471819074754040E-2","-1.4520313219504735E-14","3.0002232246567200E+0","2.0959077632175007E+0","1.2184005113550373E+2","1.1852386492228000E+0","3.054200000000000E-6"
"256","1.0056083517715153E+0","-2.0565036317212967E-23","1.2411759296798322E-2","-4.2987800029152528E-16","-1.2478969987451663E-2","-1.4204927672386935E-14","3.0002231459704101E+0","2.0968997485880001E+0","1.2189771757979504E+2","1.1803763723465399E+0","3.054200000000000E-6"
"255","1.0072816654180876E+0","-1.9562684272438107E-23","1.2106066626226703E-2","-2.1760599866596274E-15","-1.4562781973416917E-2","-1.1069324495403688E-14","3.0002230937211900E+0","2.4761542623308257E+0","1.4394467506463224E+2","4.4286257183856801E+0","3.054200000000000E-6"
"254","1.0056153271627517E+0","-2.0430725450188927E-23","1.2411616186482550E-2","-2.1083541712905745E-15","-1.2489677771232039E-2","-2.5100191984222269E-14","3.0002230285989802E+0","2.0983877406445242E+0","1.2198421806013000E+2","1.1730589905655600E+0","3.054200000000000E-6"
"253","1.0056199747021315E+0","-2.0378772691606983E-23","1.2411517328498522E-2","1.9926227385076187E-15","-1.2496803924218269E-2","3.5522611955647412E-15","3.0002229507904499E+0","2.0993797446451761E+0","1.2204188558743594E+2","1.1681649869780899E+0","3.054200000000000E-6"
"252","1.0072731576319682E+0","-1.9766686398539036E-23","1.2109610897383447E-2","-1.1082390289379972E-15","-1.4555093061765716E-2","-5.7709895739840067E-15","3.0002229022616600E+0","2.4741683626550541E+0","1.4382923004253138E+2","4.3734664893809896E+0","3.054200000000000E-6"
"251","1.0056269419458579E+0","-2.0434513032665721E-23","1.2411363852801624E-2","-1.6027180328154632E-15","-1.2507474634537651E-2","-1.5355600575225123E-14","3.0002228347369400E+0","2.1008677645264240E+0","1.2212838768528759E+2","1.1608007645395300E+0","3.054200000000000E-6"
"250","1.0072667772551791E+0","-1.9902995423730015E-23","1.2112250214703066E-2","-1.8257617858982317E-15","-1.4549303284874412E-2","-1.0201237368074375E-14","3.0002227603664600E+0","2.4726789274496701E+0","1.4374264566855663E+2","4.3324192957029704E+0","3.054200000000000E-6"
"249","1.0072646505455565E+0","-1.9879566825349129E-23","1.2113126405891406E-2","-1.8114455077472553E-15","-1.4547368966528390E-2","-1.2251588397044535E-14","3.0002227133906501E+0","2.4721824470933744E+0","1.4371378409694532E+2","4.3187978576929398E+0","3.054200000000000E-6"
"248","1.0056385432336943E+0","-2.0597884434819170E-23","1.2411094182911496E-2","-6.2101394977729104E-16","-1.2525209883518910E-2","-1.6826684087579931E-14","3.0002226430748098E+0","2.1033478344627032E+0","1.2227255998769465E+2","1.1484665694550700E+0","3.054200000000000E-6"
"247","1.0072582706502056E+0","-2.0053528078047696E-23","1.2115744277667271E-2","-9.5805344470109373E-16","-1.4541552848822227E-2","-6.2066283638396439E-15","3.0002225734280001E+0","2.4706930002540184E+0","1.4362719904666037E+2","4.2781153401718299E+0","3.054200000000000E-6"
"246","1.0072561440928454E+0","-2.0036134020729695E-23","1.2116613344270308E-2","-1.1756867990116746E-15","-1.4539609759011269E-2","-6.5707578660931607E-15","3.0002225270946998E+0","2.4701965160727704E+0","1.4359833725269559E+2","4.2646148439832103E+0","3.054200000000000E-6"
"245","1.0056501311306327E+0","-2.0447241274342030E-23","1.2410807100407267E-2","8.7628795220120834E-16","-1.2542883734208865E-2","-6.3412285578714649E-15","3.0002224536168600E+0","2.1058279500550423E+0","1.2241673494419592E+2","1.1360591991590201E+0","3.054200000000000E-6"
"244","1.0072497646297276E+0","-2.0003514670261608E-23","1.2119209913666265E-2","-3.1160102814870875E-15","-1.4533767353039609E-2","-1.8055597254305767E-14","3.0002223890546200E+0","2.4687070579166632E+0","1.4351175154454126E+2","4.2242933176483302E+0","3.054200000000000E-6"
"243","1.0056570774843632E+0","-2.0524991082043159E-23","1.2410626460767731E-2","-1.7225258847917494E-15","-1.2553458662251655E-2","-1.8828936062845383E-14","3.0002223410019000E+0","2.1073160411604515E+0","1.2250324118247570E+2","1.1285808924304499E+0","3.054200000000000E-6"
"242","1.0056617057404558E+0","-2.0405124856465891E-23","1.2410502528086795E-2","-6.7074804483853009E-16","-1.2560496399817043E-2","-1.3688053578492209E-14","3.0002222663674298E+0","2.1083081109072381E+0","1.2256091253175917E+2","1.1235816549698201E+0","3.054200000000000E-6"
"241","1.0072412591285340E+0","-1.9906762972926338E-23","1.2122647311968415E-2","-7.5524281184567410E-16","-1.4525946866411951E-2","-5.5576595194236193E-15","3.0002222072331302E+0","2.4667211008565983E+0","1.4339630318655639E+2","4.1709483795404196E+0","3.054200000000000E-6"
"240","1.0056686441714888E+0","-2.0356867268776525E-23","1.2410311357165001E-2","-2.7890372302299685E-15","-1.2571034717998969E-2","-2.5125833927009861E-14","3.0002221550796802E+0","2.1097962289792265E+0","1.2264742033766969E+2","1.1160627754814501E+0","3.054200000000000E-6"
"239","1.0056732671663648E+0","-2.0665811472746687E-23","1.2410180387941221E-2","1.2347395759235274E-15","-1.2578048090783042E-2","-2.5164619806061176E-15","3.0002220813309002E+0","2.1107883166251109E+0","1.2270509272746986E+2","1.1110371581116900E+0","3.054200000000000E-6"
"238","1.0072327540818600E+0","-1.9928089369328154E-23","1.2126056660017769E-2","5.2940565994721579E-16","-1.4518091456432286E-2","-7.1013052286438734E-16","3.0002220279504401E+0","2.4647351294883664E+0","1.4328085399680410E+2","4.1180757505736496E+0","3.054200000000000E-6"
"237","1.0056801977363508E+0","-2.0453269353055872E-23","1.2409978638543075E-2","-1.6703288821321361E-15","-1.2588549924036269E-2","-1.9722850612281707E-14","3.0002219713730400E+0","2.1122764614281246E+0","1.2279160208731776E+2","1.1034797495852300E+0","3.054200000000000E-6"
"236","1.0056848155109961E+0","-2.0378174924368108E-23","1.2409840601150853E-2","-2.6777055710082272E-15","-1.2595539014773276E-2","-2.5887591120327449E-14","3.0002218985117399E+0","2.1132685668164584E+0","1.2284927550852825E+2","1.0984291628253799E+0","3.054200000000000E-6"
"235","1.0072242494253818E+0","-1.9870952514751598E-23","1.2129438143453944E-2","-8.4933170937514291E-16","-1.4510201189236930E-2","-6.3247020670032918E-15","3.0002218511936198E+0","2.4627491442221285E+0","1.4316540399912799E+2","4.0656707279426900E+0","3.054200000000000E-6"
"234","1.0056917382812498E+0","-2.0378618241477452E-23","1.2409628225591720E-2","-2.1386598444610163E-15","-1.2606004486389825E-2","-2.2813629985056004E-14","3.0002217898864698E+0","2.1147567381160890E+0","1.2293578640868687E+2","1.0908354152960200E+0","3.054200000000000E-6"
"233","1.0072178711506377E+0","-1.9891594548443717E-23","1.2131956080546761E-2","-2.7643587993183824E-16","-1.4504260652824416E-2","-2.5043911375098788E-15","3.0002217202759001E+0","2.4612596463961860E+0","1.4307881598487279E+2","4.0266710387537099E+0","3.054200000000000E-6"
"232","1.0072157450952071E+0","-1.9938964209444344E-23","1.2132791946133977E-2","-1.0997417352681714E-15","-1.4502276129628627E-2","-4.6033470570132991E-15","3.0002216769498600E+0","2.4607631454637304E+0","1.4304995321712084E+2","4.0137286800594003E+0","3.054200000000000E-6"
"231","1.0057032659079346E+0","-1.9922756420960395E-23","1.2409260038177099E-2","-1.5572055535969370E-15","-1.2623398608372105E-2","-1.7703325704435945E-14","3.0002216106245401E+0","2.1172370586539060E+0","1.2307997327915112E+2","1.0781336282872400E+0","3.054200000000000E-6"
"230","1.0072093670235189E+0","-1.9949183121183112E-23","1.2135289242255026E-2","-1.7325271213675806E-17","-1.4496309540622180E-2","-1.0692567446937351E-15","3.0002215479085899E+0","2.4592736377824549E+0","1.4296336462995194E+2","3.9750732250627898E+0","3.054200000000000E-6"
"229","1.0057101763253302E+0","-2.0004801105498018E-23","1.2409030560339457E-2","-4.0728661278090195E-15","-1.2633806153743290E-2","-3.4659571832441257E-14","3.0002215041371301E+0","2.1187252718632879E+0","1.2316648661562222E+2","1.0704866832857001E+0","3.054200000000000E-6"
"228","1.0057147807176214E+0","-2.0051647962502207E-23","1.2408873995335292E-2","-3.6442561058991773E-15","-1.2640732490582694E-2","-2.7389137000520498E-14","3.0002214335918702E+0","2.1197174226541611E+0","1.2322416267618921E+2","1.0653785139571199E+0","3.054200000000000E-6"
"227","1.0072008631119171E+0","-1.9890654276731141E-23","1.2138595040728551E-2","-5.8901600558202846E-17","-1.4488323746200417E-2","-6.2194246506772658E-15","3.0002213780322200E+0","2.4572876163766382E+0","1.4284791253139710E+2","3.9239304501282901E+0","3.054200000000000E-6"
"226","1.0057216834931793E+0","-1.9868722786150091E-23","1.2408633765031145E-2","-2.8444461171475918E-16","-1.2651103987271225E-2","-1.0677159596188275E-14","3.0002213284442698E+0","2.1212056617557606E+0","1.2331067751783584E+2","1.0577016705267801E+0","3.054200000000000E-6"
"225","1.0057262828109936E+0","-2.0123918991115152E-23","1.2408470015265235E-2","-1.2088777824822755E-16","-1.2658006330958024E-2","-6.8813763347060819E-15","3.0002212587931600E+0","2.1221978297311468E+0","1.2336835457737901E+2","1.0525744823965999E+0","3.054200000000000E-6"
"224","1.0071923593530958E+0","-2.0059151613742911E-23","1.2141873655031565E-2","-2.0698300262294760E-15","-1.4480303330727381E-2","-1.3239066687665618E-14","3.0002212106343098E+0","2.4553015825730942E+0","1.4273245971213314E+2","3.8732382741810900E+0","3.054200000000000E-6"
"223","1.0057331780048804E+0","-1.9835037794408561E-23","1.2408218983007754E-2","-1.5512213221322592E-15","-1.2668341896441653E-2","-1.3070316354191634E-14","3.0002211549882198E+0","2.1236860944943383E+0","1.2345487091079438E+2","1.0448705297675200E+0","3.054200000000000E-6"
"222","1.0071859815967361E+0","-1.9796952807904659E-23","1.2144314882901295E-2","-1.2740945994083306E-15","-1.4474265335117897E-2","-1.0568354159797849E-14","3.0002210867049302E+0","2.4538120493193736E+0","1.4264586963837783E+2","3.8355122154710202E+0","3.054200000000000E-6"
"221","1.0071838556847332E+0","-1.9760684815453368E-23","1.2145125262519457E-2","-2.1338570850838185E-15","-1.4472248354068599E-2","-1.0297586564382485E-14","3.0002210457025100E+0","2.4533155367621307E+0","1.4261700619484964E+2","3.8229923255407399E+0","3.054200000000000E-6"
"220","1.0057446599602988E+0","-1.9538352665610264E-23","1.2407786131114800E-2","9.6380157095672056E-16","-1.2685520074935156E-2","-4.0511625129594903E-15","3.0002209837737701E+0","2.1261665696959362E+0","1.2359906677222824E+2","1.0319981592194600E+0","3.054200000000000E-6"
"219","1.0071774779555580E+0","-1.9634156554770041E-23","1.2147546350653323E-2","-2.2063329527048608E-15","-1.4466184476087964E-2","-1.2810552615766369E-14","3.0002209236146800E+0","2.4518259947565819E+0","1.4253041561232996E+2","3.7855981089729598E+0","3.054200000000000E-6"
"218","1.0057515431478918E+0","-1.9845117765654362E-23","1.2407517711527160E-2","-5.3611341641117575E-16","-1.2695798390899651E-2","-1.3399880284550697E-14","3.0002208821230800E+0","2.1276548750403577E+0","1.2368558546472603E+2","1.0242571058195700E+0","3.054200000000000E-6"
"217","1.0057561294588042E+0","-1.9769554816697709E-23","1.2407335125338531E-2","-1.9516031563475667E-15","-1.2702638713817067E-2","-1.5834228306938063E-14","3.0002208148057798E+0","2.1286470869790119E+0","1.2374326507995744E+2","1.0190897830904000E+0","3.054200000000000E-6"
"216","1.0071689742967347E+0","-1.9530606466775282E-23","1.2150751117922633E-2","-1.4264310184894501E-15","-1.4458069157563055E-2","-6.6141292293471160E-15","3.0002207629692199E+0","2.4498399288598587E+0","1.4241496092741397E+2","3.7361227407806799E+0","3.054200000000000E-6"
"215","1.0057630052197439E+0","-1.9243995274754827E-23","1.2407055772735154E-2","-3.1125656105561312E-15","-1.2712881396643205E-2","-2.6253816301208673E-14","3.0002207145053399E+0","2.1301354173897940E+0","1.2382978522962178E+2","1.0113297756892901E+0","3.054200000000000E-6"
"214","1.0057675865992781E+0","-1.9267192521058060E-23","1.2406865880800425E-2","-4.0151081545339203E-16","-1.2719698001554192E-2","-9.9283355610772684E-15","3.0002206480891900E+0","2.1311276459634909E+0","1.2388746581188735E+2","1.0061509679380800E+0","3.054200000000000E-6"
"213","1.0071604705590333E+0","-1.9565134148766191E-23","1.2153929357478789E-2","-1.9165019163723812E-15","-1.4449919435902422E-2","-1.1898385448879095E-14","3.0002206047565299E+0","2.4478538520087123E+0","1.4229950560569159E+2","3.6870819224409201E+0","3.054200000000000E-6"
"212","1.0057744549926626E+0","-1.8974906959142697E-23","1.2406575543837711E-2","7.7224458940654474E-16","-1.2729905163074257E-2","-3.3061807039285181E-15","3.0002205491419902E+0","2.1326160012132851E+0","1.2397398740550193E+2","1.0000000000045499E+0","3.054200000000000E-6"
"211","1.0071540926673774E+0","-1.9597879515030688E-23","1.2156295731344958E-2","-2.0929511314658665E-15","-1.4443784600804989E-2","-1.1627848779806914E-14","3.0002204876863598E+0","2.4463642874076581E+0","1.4221291370964198E+2","3.6505839991251001E+0","3.054200000000000E-6"
"210","1.0071519666816082E+0","-1.9623183486956616E-23","1.2157081240460036E-2","-5.2897186949149479E-16","-1.4441735366228024E-2","-5.4125521745435173E-15","3.0002204489647100E+0","2.4458677645788396E+0","1.4218404966900295E+2","3.6384715305849400E+0","3.054200000000000E-6"
"209","1.0057858925647734E+0","-1.8994879493526423E-23","1.2406076938558988E-2","-2.4221016730702610E-15","-1.2746869874523030E-2","-1.9115117257285905E-14","3.0002203860380598E+0","2.1350966261330102E+0","1.2411819197040286E+2","1.0000000000264400E+0","3.054200000000000E-6"
"208","1.0071455886454606E+0","-1.9584506977205825E-23","1.2159427958232400E-2","-3.1251776375834955E-15","-1.4435574805536143E-2","-1.5858784315593514E-14","3.0002203337024498E+0","2.4443781922880388E+0","1.4209745732593029E+2","3.6022937600694100E+0","3.054200000000000E-6"
"207","1.0057927492922987E+0","-1.9237080561821533E-23","1.2405768918506933E-2","-4.1989440129779413E-16","-1.2757020430729590E-2","-9.3799109224518401E-15","3.0002202892623502E+0","2.1365850206543566E+0","1.2420471584696519E+2","1.0000000000000000E+0","3.054200000000000E-6"
"206","1.0057973180337392E+0","-1.9185806996070494E-23","1.2405559869738139E-2","-9.2434617285934510E-16","-1.2763775712776751E-2","-8.8137964221336893E-15","3.0002202251986700E+0","2.1375772917724585E+0","1.2426239890243718E+2","1.0000000000067100E+0","3.054200000000000E-6"
"205","1.0071370843782512E+0","-1.9616406422046709E-23","1.2162534124166546E-2","-2.9352446460182690E-15","-1.4427330755718660E-2","-1.6149119150241816E-14","3.0002201821188499E+0","2.4423920872381939E+0","1.4198200036495120E+2","3.5544268864248800E+0","3.054200000000000E-6"
"204","1.0058041675460687E+0","-1.9193605112048383E-23","1.2405240729352942E-2","-1.1547360928131480E-15","-1.2773891031264785E-2","-1.6177028286472584E-14","3.0002201297841702E+0","2.1390657105454376E+0","1.2434892418880398E+2","1.0000000000090701E+0","3.054200000000000E-6"
"203","1.0071307059808770E+0","-1.9282299125348708E-23","1.2164846746484343E-2","-1.0196587077160244E-15","-1.4421125269971732E-2","-1.0746207480353089E-14","3.0002200699993802E+0","2.4409025021541333E+0","1.4189540727817621E+2","3.5188021876445301E+0","3.054200000000000E-6"
"202","1.0071285798059375E+0","-1.9485389414071593E-23","1.2165614395895490E-2","-8.5858477374166920E-16","-1.4419052503081673E-2","-4.8451706221042404E-15","3.0002200329239801E+0","2.4404059726236711E+0","1.4186654284795486E+2","3.5069794305619801E+0","3.054200000000000E-6"
"201","1.0058155738520258E+0","-1.9389573892685217E-23","1.2404693935339481E-2","2.0760880137348171E-15","-1.2790703044197988E-2","4.6347904256336459E-15","3.0002199725788299E+0","2.1415464405564082E+0","1.2449313486290639E+2","1.0000000000069900E+0","3.054200000000000E-6"
"200","1.0071222011406995E+0","-1.9834324569484390E-23","1.2167907706046534E-2","-1.2582689261324063E-15","-1.4412821398435686E-2","-4.7752384515306561E-15","3.0002199225885202E+0","2.4389163806038372E+0","1.4177994935798708E+2","3.4716667421473599E+0","3.054200000000000E-6"
"199","1.0058224119408190E+0","-1.9724307390956529E-23","1.2404356891405616E-2","4.0117749363991032E-16","-1.2800762202904910E-2","-4.3299338955816893E-15","3.0002198793488000E+0","2.1430348976651659E+0","1.2457966237782223E+2","1.0000000000077001E+0","3.054200000000000E-6"
"198","1.0058269683066894E+0","-1.9564066996668320E-23","1.2404128446967973E-2","-5.8038121109713054E-16","-1.2807456644752727E-2","-1.2633811838729329E-14","3.0002198176516401E+0","2.1440272103138907E+0","1.2463734784756706E+2","1.0000000000169300E+0","3.054200000000000E-6"
"197","1.0071136958916160E+0","-1.9276596102765552E-23","1.2170943059462163E-2","1.4838361035319551E-17","-1.4404483411694841E-2","-2.0557803608433605E-15","3.0002197775463801E+0","2.4369302501199890E+0","1.4166449091846948E+2","3.4249439564613402E+0","3.054200000000000E-6"
"196","1.0058337993308561E+0","-1.9521708886957050E-23","1.2403780143080332E-2","-1.7342271349747915E-15","-1.2817480839115139E-2","-1.4832747433364038E-14","3.0002197257910601E+0","2.1455156910917896E+0","1.2472387673842579E+2","1.0000000000105700E+0","3.054200000000000E-6"
"195","1.0071073166510562E+0","-1.9643236154461757E-23","1.2173202868298495E-2","-9.0897440186828911E-16","-1.4398207562709457E-2","-8.6848333916322729E-15","3.0002196703124500E+0","2.4354406466086518E+0","1.4157789676047358E+2","3.3901704008954798E+0","3.054200000000000E-6"
"194","1.0058406261438462E+0","-1.9456805581910193E-23","1.2403425057003890E-2","-1.3787305041983488E-15","-1.2827484104147050E-2","-1.3798672919289220E-14","3.0002196347537100E+0","2.1470041859641538E+0","1.2481040644862897E+2","1.0000000000152500E+0","3.054200000000000E-6"
"193","1.0058451750231521E+0","-1.9334589000170715E-23","1.2403184555294513E-2","-1.7338697409061566E-15","-1.2834141338163126E-2","-1.6654317982711251E-14","3.0002195745200799E+0","2.1479965236697636E+0","1.2486809337498948E+2","1.0000000000352900E+0","3.054200000000000E-6"
"192","1.0070988105450425E+0","-1.9803354410362297E-23","1.2176193801051036E-2","-1.6943610127469991E-15","-1.4389809990166667E-2","-1.2273600988000990E-14","3.0002195293884801E+0","2.4334545013452793E+0","1.4146243746178746E+2","3.3441607186213398E+0","3.054200000000000E-6"
"191","1.0058519948633324E+0","-1.9405431849757643E-23","1.2402818121493072E-2","8.8273770257227321E-16","-1.2844109802081824E-2","-3.8841665426148743E-15","3.0002194848574000E+0","2.1494850418549589E+0","1.2495462444042239E+2","1.0000000000000000E+0","3.054200000000000E-6"
"190","1.0058565391131444E+0","-1.9488862708056440E-23","1.2402570036155454E-2","-1.4305398236424365E-16","-1.2850743868855563E-2","-7.9367667259130966E-15","3.0002194255413199E+0","2.1504773950284251E+0","1.2501231226596582E+2","1.0000000000183900E+0","3.054200000000000E-6"
"189","1.0070903038691850E+0","-1.9776524031712458E-23","1.2179159570886432E-2","-1.3264068774340086E-16","-1.4381378432743961E-2","-7.8633999619565320E-15","3.0002193908024601E+0","2.4314683481187243E+0","1.4134697770018280E+2","3.2985534563466699E+0","3.054200000000000E-6"
"188","1.0058633520375893E+0","-1.9207461033544143E-23","1.2402192199044905E-2","1.4622624357853761E-15","-1.2860677631768043E-2","7.3668270268294027E-16","3.0002193372566399E+0","2.1519659363045092E+0","1.2509884467372645E+2","1.0000000000817399E+0","3.054200000000000E-6"
"187","1.0070839234535003E+0","-1.9612146441891908E-23","1.2181367480425403E-2","-2.6058856676304348E-15","-1.4375032489329748E-2","-1.9486483412447893E-14","3.0002192883906198E+0","2.4299787281815730E+0","1.4126038258731566E+2","3.2646099237698798E+0","3.054200000000000E-6"
"186","1.0058701608398914E+0","-1.9427896911970873E-23","1.2401807493032777E-2","-4.6005780259670747E-16","-1.2870590621519993E-2","-9.3627714447017059E-15","3.0002192498003701E+0","2.1534544913288176E+0","1.2518537788070371E+2","1.0000000000314000E+0","3.054200000000000E-6"
"185","1.0058746977614292E+0","-1.9648550571543440E-23","1.2401547196263685E-2","-1.4947847301986870E-15","-1.2877187758105054E-2","-1.7361052294762511E-14","3.0002191919570098E+0","2.1544468689436149E+0","1.2524306712707923E+2","1.0000000000070599E+0","3.054200000000000E-6"
"184","1.0070754156413406E+0","-1.9981644144110293E-23","1.2184289595359136E-2","-2.8337938385073497E-16","-1.4366541566428997E-2","-4.2142192832564851E-15","3.0002191538696401E+0","2.4279925618513993E+0","1.4114492206396685E+2","3.2196982452260099E+0","3.054200000000000E-6"
"183","1.0058814997388306E+0","-1.9847872018600609E-23","1.2401150996826229E-2","-7.5633541229957294E-16","-1.2887066204005494E-2","-1.0670524357015317E-14","3.0002191058841299E+0","2.1559354467047909E+0","1.2532960165580411E+2","1.0000000000231200E+0","3.054200000000000E-6"
"182","1.0070690343074500E+0","-1.9827338770717590E-23","1.2186464943433863E-2","-1.7890590597720378E-15","-1.4360151149094738E-2","-1.3231778793451354E-14","3.0002190544941199E+0","2.4265029324797074E+0","1.4105832640264762E+2","3.1862723426393802E+0","3.054200000000000E-6"
"181","1.0058882976484165E+0","-1.9521745076109439E-23","1.2400747873979580E-2","-2.1113055590876248E-15","-1.2896923969920423E-2","-2.0294913074970987E-14","3.0002190206429402E+0","2.1574240380021634E+0","1.2541613697141997E+2","1.0000000000188201E+0","3.054200000000000E-6"
"180","1.0058928273382626E+0","-1.9863179383577138E-23","1.2400475268873846E-2","-3.0284050217707793E-16","-1.2903484341976990E-2","-7.0195673753780768E-15","3.0002189642781301E+0","2.1584164396813366E+0","1.2547382761671430E+2","1.0000000000000000E+0","3.054200000000000E-6"
"179","1.0070605251835032E+0","-1.9086986919323288E-23","1.2189343880667086E-2","-2.5730727943808216E-15","-1.4351600992949623E-2","-1.6293100140242129E-14","3.0002189240050998E+0","2.4245167540898742E+0","1.4094286517824239E+2","3.1420455098791100E+0","3.054200000000000E-6"
"178","1.0058996185132114E+0","-1.9959417324204208E-23","1.2400060561016352E-2","6.5923410495605859E-16","-1.2913307717492484E-2","-3.9794282606883281E-15","3.0002188804258401E+0","2.1599050533627855E+0","1.2556036423356919E+2","1.0000000000000000E+0","3.054200000000000E-6"
"177","1.0070541428004465E+0","-1.9437785169818797E-23","1.2191487022284590E-2","-1.5481562899798128E-16","-1.4345166198593258E-2","-1.6623115105291605E-15","3.0002188276413002E+0","2.4230271160602079E+0","1.4085626901361474E+2","3.1091293020519100E+0","3.054200000000000E-6"
"176","1.0070520152318423E+0","-1.9672458248304705E-23","1.2192198356223073E-2","-4.5976148103914885E-16","-1.4343017046264388E-2","-6.6815482870158001E-15","3.0002187958054298E+0","2.4225305692709864E+0","1.4082740358010108E+2","3.0982053176044202E+0","3.054200000000000E-6"
"175","1.0059109282284782E+0","-1.9909089200044113E-23","1.2399353862423424E-2","-4.7379093978960230E-16","-1.2929634273257202E-2","-5.9148037103260393E-15","3.0002187425282698E+0","2.1623861057369198E+0","1.2570459364740100E+2","1.0000000000297800E+0","3.054200000000000E-6"
"174","1.0070456321909558E+0","-1.9636252294399234E-23","1.2194323251344782E-2","-1.2449000026807164E-15","-1.4336556935359865E-2","-4.9533535480721842E-15","3.0002187011517099E+0","2.4210409266377360E+0","1.4074080714785629E+2","3.0655768915514301E+0","3.054200000000000E-6"
"173","1.0059177087446820E+0","-2.0066910091040600E-23","1.2398920497667951E-2","-1.0256118489995697E-15","-1.2939402819165833E-2","-1.2262491044762832E-14","3.0002186609055399E+0","2.1638747547755859E+0","1.2579113231965414E+2","1.0000000000135201E+0","3.054200000000000E-6"
"172","1.0070392486290489E+0","-1.9898802651997909E-23","1.2196434535814892E-2","-1.6692759408547743E-15","-1.4330077856326206E-2","-1.1931584148931017E-14","3.0002186077754298E+0","2.4195512807141424E+0","1.4065421052433607E+2","3.0331626777685101E+0","3.054200000000000E-6"
"171","1.0070371206552169E+0","-1.9806464738712557E-23","1.2197135283639901E-2","-1.1996129905411691E-15","-1.4327913950978780E-2","-6.0374257999075123E-15","3.0002185769331202E+0","2.4190547313656525E+0","1.4062534494204610E+2","3.0224053049736299E+0","3.054200000000000E-6"
"170","1.0059290008145823E+0","-1.9891594330087648E-23","1.2398182578962346E-2","1.8931161056389890E-15","-1.2955638189178059E-2","6.1948127866052772E-15","3.0002185267315000E+0","2.1663558656102060E+0","1.2593536513193158E+2","1.0000000000297000E+0","3.054200000000000E-6"
"169","1.0070307363619351E+0","-2.0069971523894316E-23","1.2199228518703316E-2","-2.5179154945200197E-15","-1.4321409606163901E-2","-1.2921206397374078E-14","3.0002184852532898E+0","2.4175650812695855E+0","1.4053874807597020E+2","2.9902745769327099E+0","3.054200000000000E-6"
"168","1.0059357708149033E+0","-1.9907924684836764E-23","1.2397730406411830E-2","-2.3130707076688709E-15","-1.2965352140460153E-2","-1.8608017900656275E-14","3.0002184473475002E+0","2.1678445494445726E+0","1.2602190582694068E+2","1.0000000000025600E+0","3.054200000000000E-6"
"167","1.0059402819767804E+0","-1.9985691940878933E-23","1.2397425019199349E-2","-2.5189966827754141E-16","-1.2971816765131514E-2","-5.5262106233968889E-15","3.0002183948924799E+0","2.1688370125078409E+0","1.2607960004063693E+2","1.0000000000389899E+0","3.054200000000000E-6"
"166","1.0070222230709780E+0","-1.9607388860899837E-23","1.2201998565508380E-2","-2.4338161580126236E-15","-1.4312707700842794E-2","-1.3914319617399412E-14","3.0002183649840899E+0","2.4155788765456707E+0","1.4042328532070280E+2","2.9477616597464400E+0","3.054200000000000E-6"
"165","1.0059470454768622E+0","-2.0396971957553898E-23","1.2396961014059139E-2","-3.6860981431642473E-16","-1.2981496711543094E-2","-9.1163455530062668E-15","3.0002183169124099E+0","2.1703257178049746E+0","1.2616614198332721E+2","1.0000000000000000E+0","3.054200000000000E-6"
"164","1.0070158373975509E+0","-1.9813873175073533E-23","1.2204060481091589E-2","-5.6936473250658677E-16","-1.4306159207478410E-2","-2.9459542374952835E-15","3.0002182762545799E+0","2.4140892197318622E+0","1.4033668806410878E+2","2.9161212923735400E+0","3.054200000000000E-6"
"163","1.0059538051033545E+0","-2.0420525279261520E-23","1.2396489880358257E-2","-1.4414615029320221E-15","-1.2991156297437493E-2","-1.1472058222328979E-14","3.0002182397764798E+0","2.1718144358748477E+0","1.2625268466852687E+2","1.0000000000050899E+0","3.054200000000000E-6"
"162","1.0059583093788353E+0","-2.0095080114539758E-23","1.2396171820096707E-2","-2.2369631848477607E-15","-1.2997584725501419E-2","-1.8512744513599229E-14","3.0002181888221400E+0","2.1728069216452375E+0","1.2631038020224155E+2","1.0000000000000000E+0","3.054200000000000E-6"
"161","1.0070073221818392E+0","-1.9112123516421907E-23","1.2206788992879639E-2","-2.9828167760025838E-15","-1.4297398492097947E-2","-1.7094135997872975E-14","3.0002181599036302E+0","2.4121030065417353E+0","1.4022122481668058E+2","2.8742574144212201E+0","3.054200000000000E-6"
"160","1.0059650625934786E+0","-2.0197587179481270E-23","1.2395688756695923E-2","-4.3031260100525682E-15","-1.3007210446900737E-2","-3.2528100536540251E-14","3.0002181130960799E+0","2.1742956608283293E+0","1.2639692411480232E+2","1.0000000000405900E+0","3.054200000000000E-6"
"159","1.0070009350017033E+0","-1.9229037094953243E-23","1.2208819924140699E-2","-2.2959049301564788E-15","-1.4290805931161213E-2","-1.6224787696638476E-14","3.0002180741012499E+0","2.4106133437436181E+0","1.4013462721220458E+2","2.8431002993320602E+0","3.054200000000000E-6"
"158","1.0059718119874270E+0","-1.9827532422818803E-23","1.2395198505996938E-2","-4.1196398948356409E-16","-1.3016815890950162E-2","-1.0258815216062326E-14","3.0002180382177501E+0","2.1757844125746160E+0","1.2648346875769117E+2","1.0000000000303799E+0","3.054200000000000E-6"
"157","1.0069945471373776E+0","-1.9054338165169191E-23","1.2210837677686139E-2","-2.4386531104225882E-16","-1.4284194507838492E-2","-3.7459985034710771E-15","3.0002179895463601E+0","2.4091236786025045E+0","1.4004802947152473E+2","2.8121481726730102E+0","3.054200000000000E-6"
"156","1.0069924176932572E+0","-1.9221653538633994E-23","1.2211507344232167E-2","-2.6528144265929040E-15","-1.4281986510803682E-2","-1.3810341674952748E-14","3.0002179616379001E+0","2.4086271230576015E+0","1.4001916352902268E+2","2.8018761342191900E+0","3.054200000000000E-6"
"155","1.0059830525405742E+0","-1.9841016759273093E-23","1.2394365389170584E-2","-2.9077231144073675E-15","-1.3032779986665199E-2","-2.2373302752747694E-14","3.0002179153081001E+0","2.1782656931901263E+0","1.2662771143973134E+2","1.0000000000315801E+0","3.054200000000000E-6"
"154","1.0069860288809989E+0","-1.9377591947501806E-23","1.2213507621015912E-2","-1.3834219122331831E-15","-1.4275349958950448E-2","-1.2035900677112354E-14","3.0002178787398699E+0","2.4071374549972995E+0","1.3993256561864351E+2","2.7711953901325499E+0","3.054200000000000E-6"
"153","1.0059897918425307E+0","-2.0375356047936727E-23","1.2393855863087631E-2","-1.3203346511436884E-15","-1.3042331506777222E-2","-1.2006743955716258E-14","3.0002178426970998E+0","2.1797544780546065E+0","1.2671425800785875E+2","1.0000000000081399E+0","3.054200000000000E-6"
"152","1.0069796393311454E+0","-1.9325813995447682E-23","1.2215494859845157E-2","-3.2519975315360653E-15","-1.4268694576251935E-2","-1.5738473700995522E-14","3.0002177970796802E+0","2.4056477849001014E+0","1.3984596758985478E+2","2.7407167545078299E+0","3.054200000000000E-6"
"151","1.0069775093133511E+0","-1.9050462694752370E-23","1.2216154385711905E-2","-1.6549610819553114E-15","-1.4266471932969670E-2","-1.0663232787218280E-14","3.0002177701339798E+0","2.4051512277708436E+0","1.3981710155525047E+2","2.7306019136903301E+0","3.054200000000000E-6"
"150","1.0060010156923676E+0","-2.0546804739524943E-23","1.2392990486984407E-2","-2.7916206299764021E-15","-1.3058205907260716E-2","-2.1349103231891342E-14","3.0002177235745799E+0","2.1822358134023712E+0","1.2685850387161366E+2","1.0000000000509199E+0","3.054200000000000E-6"
"149","1.0069711187446744E+0","-1.9093507752113062E-23","1.2218124332651565E-2","-7.3948821300806985E-16","-1.4259791462583932E-2","-6.9808638491813072E-15","3.0002176901178901E+0","2.4036615551594895E+0","1.3973050338030794E+2","2.7003908853494498E+0","3.054200000000000E-6"
"148","1.0060077450421889E+0","-2.0567417692648963E-23","1.2392461524558545E-2","1.5691350644296798E-16","-1.3067703715753996E-2","-5.7094988000018653E-15","3.0002176532408402E+0","2.1837246308274927E+0","1.2694505233256778E+2","1.0000000000419000E+0","3.054200000000000E-6"
"147","1.0069647273854667E+0","-1.9147139428844476E-23","1.2220081379193365E-2","-2.0065828167278794E-16","-1.4253092191082499E-2","-6.2040268992762901E-15","3.0002176113301400E+0","2.4021718808127184E+0","1.3964390510448152E+2","2.6703791822798402E+0","3.054200000000000E-6"
"146","1.0060144706958791E+0","-2.0577431747939861E-23","1.2391925231473248E-2","-2.0774561618020292E-15","-1.3077181435999655E-2","-1.6169539432654862E-14","3.0002175837636802E+0","2.1852134603192011E+0","1.2703160149498096E+2","1.0000000000000000E+0","3.054200000000000E-6"
"145","1.0060189524212517E+0","-2.0522057175807647E-23","1.2391563618739701E-2","-6.8491763495714486E-16","-1.3083488770252144E-2","-8.1327541601799600E-15","3.0002175379221501E+0","2.1862060199786586E+0","1.2708930132404106E+2","1.0000000000000000E+0","3.054200000000000E-6"
"144","1.0069562043045155E+0","-1.9605933863127722E-23","1.2222670807986283E-2","-2.4457252505468448E-15","-1.4244130603927530E-2","-1.7394840907434324E-14","3.0002175081836202E+0","2.4001856458716326E+0","1.3952844059261889E+2","2.6306716317377301E+0","3.054200000000000E-6"
"143","1.0060256719581346E+0","-2.0380611876000576E-23","1.2391015056394294E-2","-1.7337649327257912E-15","-1.3092933073908099E-2","-1.4867572949584135E-14","3.0002174698758100E+0","2.1876948694073040E+0","1.2717585164543533E+2","1.0000000000179901E+0","3.054200000000000E-6"
"142","1.0069498110131934E+0","-1.9452123828749912E-23","1.2224597979599117E-2","-1.9301627267464328E-15","-1.4237387510005450E-2","-1.2052370697952876E-14","3.0002174322464201E+0","2.3986959679712463E+0","1.3944184211021243E+2","2.6011205277820699E+0","3.054200000000000E-6"
"141","1.0060323878509232E+0","-2.0410562922758353E-23","1.2390459101365436E-2","-1.8673993432086019E-15","-1.3102357365442508E-2","-1.9378174152766586E-14","3.0002174026898900E+0","2.1891837306936903E+0","1.2726240265614800E+2","1.0000000000652900E+0","3.054200000000000E-6"
"140","1.0060368630978955E+0","-2.0368119510046075E-23","1.2390084346025626E-2","-1.4521583977159150E-15","-1.3108629122465640E-2","-1.4956588270941326E-14","3.0002173583780101E+0","2.1901763114335817E+0","1.2732010371066330E+2","1.0000000000598299E+0","3.054200000000000E-6"
"139","1.0069412852747830E+0","-1.9825493447093161E-23","1.2227147784190751E-2","3.1426729724082307E-16","-1.4228367535098188E-2","-4.2191071417762006E-16","3.0002173328862201E+0","2.3967097287507446E+0","1.3932637734957729E+2","2.5620230013129599E+0","3.054200000000000E-6"
"138","1.0060435729604131E+0","-2.0437925798928035E-23","1.2389516017526168E-2","-3.3583017379095855E-15","-1.3118020122577246E-2","-2.2948845158140105E-14","3.0002172926293800E+0","2.1916651923088644E+0","1.2740665586012460E+2","1.0000000000919300E+0","3.054200000000000E-6"
"137","1.0069348899296273E+0","-1.9575964398676214E-23","1.2229045393257419E-2","-7.9116774049830155E-16","-1.4221580680986678E-2","-4.2097791868275790E-15","3.0002172597780401E+0","2.3952200479824404E+0","1.3923977870045204E+2","2.5329263881204600E+0","3.054200000000000E-6"
"136","1.0060502792306505E+0","-2.0486686803568252E-23","1.2388940233311297E-2","5.0926388229921735E-17","-1.3127391184640064E-2","-4.9747483115663876E-15","3.0002172277450998E+0","2.1931540848330751E+0","1.2749320868676553E+2","1.0000000000563001E+0","3.054200000000000E-6"
"135","1.0069284936672454E+0","-1.9524224251360845E-23","1.2230930427076667E-2","9.8061853214582080E-18","-1.4214775090539514E-2","-3.0008850507365648E-15","3.0002171878757902E+0","2.3937303661924578E+0","1.3915317999193422E+2","2.5040227426246702E+0","3.054200000000000E-6"
"134","1.0060569819279799E+0","-2.0799841873844129E-23","1.2388356969481193E-2","-2.3486807786141852E-15","-1.3136742335904956E-2","-1.7565807302852655E-14","3.0002171637266701E+0","2.1946429889278978E+0","1.2757976218603334E+2","1.0000000001077101E+0","3.054200000000000E-6"
"133","1.0060614484174730E+0","-2.0759666745468040E-23","1.2387963959717372E-2","-9.5605687082167966E-17","-1.3142965388525371E-2","-8.3666482729213656E-15","3.0002171215294799E+0","2.1956355980472182E+0","1.2763746489031165E+2","1.0000000000000000E+0","3.054200000000000E-6"
"132","1.0069199638524293E+0","-1.9746404317657815E-23","1.2233424340913672E-2","-2.1161615230307679E-15","-1.4205671842391528E-2","-1.4405921213670392E-14","3.0002170938753601E+0","2.3917441224296061E+0","1.3903771496724156E+2","2.4657828863976499E+0","3.054200000000000E-6"
"131","1.0060681452029347E+0","-2.0632876759670321E-23","1.2387368176356184E-2","2.1730508729473846E-16","-1.3152283414916865E-2","-5.2204912714247904E-15","3.0002170589574502E+0","2.1971245212523334E+0","1.2772401950050575E+2","1.0000000000000000E+0","3.054200000000000E-6"
"130","1.0069135653640602E+0","-2.0467588843295401E-23","1.2235280250004253E-2","7.1041762640233579E-17","-1.4198822573565636E-2","-4.8678956478947331E-15","3.0002170247719899E+0","2.3902544387340492E+0","1.3895111614794823E+2","2.4373253969293098E+0","3.054200000000000E-6"
"129","1.0060748384670162E+0","-2.0820409913645762E-23","1.2386764848934565E-2","-9.7536936154726905E-16","-1.3161581601794743E-2","-9.1922918430835758E-15","3.0002169972553099E+0","2.1986134558191575E+0","1.2781057477118273E+2","1.0000000000000000E+0","3.054200000000000E-6"
"128","1.0069071658851116E+0","-2.0066238548262701E-23","1.2237123769389298E-2","-2.7415647201113180E-16","-1.4191954601693120E-2","-6.8551998106437751E-15","3.0002169568617800E+0","2.3887647544250128E+0","1.3886451729299188E+2","2.4090574021670101E+0","3.054200000000000E-6"
"127","1.0069050325015549E+0","-2.0157444258084588E-23","1.2237735532075454E-2","-6.8444453732874826E-16","-1.4189661123122348E-2","-4.8011944021509975E-15","3.0002169344895302E+0","2.3882681928732454E+0","1.3883565100129667E+2","2.3996766733012902E+0","3.054200000000000E-6"
"126","1.0060859861341931E+0","-2.0806263832701596E-23","1.2385742472215208E-2","-1.7946542131848395E-15","-1.3177034563184345E-2","-1.5836398404523546E-14","3.0002168963556199E+0","2.2010950384658812E+0","1.2795483501100817E+2","1.0000000001209699E+0","3.054200000000000E-6"
"125","1.0068986316678650E+0","-1.9643026774369040E-23","1.2239562617125017E-2","-5.3869313812838758E-16","-1.4182768228274904E-2","-4.3870879560223610E-15","3.0002168681643502E+0","2.3867785079340877E+0","1.3874905210970988E+2","2.3716597809372000E+0","3.054200000000000E-6"
"124","1.0060926701020731E+0","-2.1269217757619304E-23","1.2385118907430539E-2","-8.7647996094826485E-16","-1.3186279972072779E-2","-8.9551013091088937E-15","3.0002168369806701E+0","2.2025840029473480E+0","1.2804139202069373E+2","1.0000000000000000E+0","3.054200000000000E-6"
"123","1.0068922297927361E+0","-1.9614112611433721E-23","1.2241377439903023E-2","-1.8715661238818272E-15","-1.4175856651598538E-2","-1.0846821787260301E-14","3.0002168030235601E+0","2.3852888226622886E+0","1.3866245319878590E+2","2.3438300708235098E+0","3.054200000000000E-6"
"122","1.0060993506191098E+0","-2.1457017160354550E-23","1.2384487708259164E-2","-1.4719026903150746E-15","-1.3195505636177220E-2","-1.2496296335252804E-14","3.0002167784812701E+0","2.2040729785030049E+0","1.2812794967414806E+2","1.0000000000000000E+0","3.054200000000000E-6"
"121","1.0061038023894708E+0","-2.1505999177314649E-23","1.2384062655153618E-2","-1.6889011528550052E-15","-1.3201645122039205E-2","-1.4286615786067980E-14","3.0002167399688600E+0","2.2050656349870064E+0","1.2818565513184674E+2","1.0000000000095799E+0","3.054200000000000E-6"
"120","1.0068836923017641E+0","-1.9096015789580165E-23","1.2243778222259099E-2","-9.4476124714541665E-16","-1.4166612170178493E-2","-8.3233329034167670E-15","3.0002167180051802E+0","2.3833025753216304E+0","1.3854698796610694E+2","2.3070133047744199E+0","3.054200000000000E-6"
"119","1.0061104771977101E+0","-2.1719399820008379E-23","1.2383418676410381E-2","-2.0862591492799647E-16","-1.3210837933985342E-2","-7.6233671967148120E-15","3.0002166829322201E+0","2.2065546288252009E+0","1.2827221384810798E+2","1.0000000000987399E+0","3.054200000000000E-6"
"118","1.0068772879124408E+0","-1.8980054114988192E-23","1.2245564642483300E-2","-1.6608947361535777E-15","-1.4159657035370409E-2","-1.4474851716364242E-14","3.0002166556136198E+0","2.3818128897358330E+0","1.3846038903692946E+2","2.2796166476952999E+0","3.054200000000000E-6"
"117","1.0061171486061955E+0","-2.1433654154811030E-23","1.2382766996318424E-2","-7.1860821598521271E-16","-1.3220011067677248E-2","-9.6673356145024613E-15","3.0002166267753498E+0","2.2080436335281703E+0","1.2835877319596415E+2","1.0000000000000000E+0","3.054200000000000E-6"
"116","1.0068708824096988E+0","-1.8631797829288952E-23","1.2247338979072981E-2","-1.4390824356089052E-15","-1.4152683246105739E-2","-1.2185355717682274E-14","3.0002165943941899E+0","2.3803232042118463E+0","1.3837379011134519E+2","2.2524040406232300E+0","3.054200000000000E-6"
"115","1.0061238166340465E+0","-2.1373046372835351E-23","1.2382107589487858E-2","-2.7756748695670127E-15","-1.3229164547541607E-2","-2.0010652854179056E-14","3.0002165714998599E+0","2.2095326490173099E+0","1.2844533317084580E+2","1.0000000000000000E+0","3.054200000000000E-6"
"114","1.0061282601172465E+0","-2.1442718567984847E-23","1.2381663679693509E-2","1.1669136988139602E-16","-1.3235255960603688E-2","-5.1019057281625703E-15","3.0002165351399799E+0","2.2105253319635381E+0","1.2850304016685601E+2","1.0000000000000000E+0","3.054200000000000E-6"
"113","1.0068623399703343E+0","-1.8939556515420097E-23","1.2249686055675496E-2","-2.8885469745983149E-16","-1.4143355855368510E-2","-2.1198386942765353E-15","3.0002165145853401E+0","2.3783369571445085E+0","1.3825832489455499E+2","2.2164053120537801E+0","3.054200000000000E-6"
"112","1.0061349225531282E+0","-2.1579191413711555E-23","1.2380991338123416E-2","-9.0648513190777308E-16","-1.3244376737640558E-2","-1.0151752128836635E-14","3.0002164813370600E+0","2.2120143652547815E+0","1.2858960117661584E+2","1.0000000000081899E+0","3.054200000000000E-6"
"111","1.0068559317863326E+0","-1.8215631307768550E-23","1.2251432401934459E-2","-2.2739558644876813E-15","-1.4136338567839038E-2","-1.2482113306602422E-14","3.0002164560868398E+0","2.3768472722179093E+0","1.3817172600369827E+2","2.1896186878643702E+0","3.054200000000000E-6"
"110","1.0061415816592476E+0","-2.1523078518259630E-23","1.2380311201349303E-2","-9.8074369820712423E-16","-1.3253477924660511E-2","-1.0956603459061133E-14","3.0002164284198600E+0","2.2135034091222816E+0","1.2867616280119836E+2","1.0000000000000000E+0","3.054200000000000E-6"
"109","1.0068495224176879E+0","-1.8095752480611768E-23","1.2253166839278160E-2","-1.6646353616018308E-15","-1.4129302649808039E-2","-9.5750064086999320E-15","3.0002163987484902E+0","2.3753575877399231E+0","1.3808512713892046E+2","2.1630131862782500E+0","3.054200000000000E-6"
"108","1.0061482374546462E+0","-2.1828829675818556E-23","1.2379623243413063E-2","-9.5199344806867512E-16","-1.3262559545074753E-2","-9.9513379616434940E-15","3.0002163763900200E+0","2.2149924634872216E+0","1.2876272503602175E+2","1.0000000001572700E+0","3.054200000000000E-6"
"107","1.0068431118431749E+0","-1.7622055709047242E-23","1.2254889419373470E-2","-2.7076314796625181E-16","-1.4122248107804405E-2","-3.9650144264631083E-15","3.0002163425667399E+0","2.3738679038251447E+0","1.3799852830688326E+2","2.1365879701415098E+0","3.054200000000000E-6"
"106","1.0068409747133735E+0","-1.7139006949799418E-23","1.2255460986675362E-2","-2.1577709937844286E-15","-1.4119892456227258E-2","-1.0802157903755369E-14","3.0002163240959101E+0","2.3733713426650880E+0","1.3796966203795915E+2","2.1278194861049600E+0","3.054200000000000E-6"
"105","1.0061593231414703E+0","-2.1669402244976109E-23","1.2378459195477682E-2","-3.9029401761166447E-15","-1.3277652160499927E-2","-2.1166051415501417E-14","3.0002162916500601E+0","2.2174742438754294E+0","1.2890699677102509E+2","1.0000000000625000E+0","3.054200000000000E-6"
"104","1.0068345624981305E+0","-1.7222642179870485E-23","1.2257167836888244E-2","-6.0387853951678377E-16","-1.4112813091890450E-2","-7.9652360231348882E-15","3.0002162694508399E+0","2.3718816596783880E+0","1.3788306325987332E+2","2.1016333802013500E+0","3.054200000000000E-6"
"103","1.0061659702012169E+0","-2.1783412613427807E-23","1.2377750252984593E-2","-1.5976594679654716E-15","-1.3286681715706022E-2","-1.5616096324476486E-14","3.0002162419946798E+0","2.2189633258476178E+0","1.2899356061072280E+2","1.0000000001349001E+0","3.054200000000000E-6"
"102","1.0068281490277393E+0","-1.8355961044659721E-23","1.2258862949090158E-2","-2.6041170488653111E-15","-1.4105715117639804E-2","-1.5784466723547883E-14","3.0002162159542101E+0","2.3703919775197657E+0","1.3779646452992560E+2","2.0756256794787000E+0","3.054200000000000E-6"
"101","1.0061726140198963E+0","-2.2163397091731880E-23","1.2377033392781933E-2","-1.8630528075093114E-15","-1.3295691787826740E-2","-1.4769318276190817E-14","3.0002161932328200E+0","2.2204524180275929E+0","1.2908012504382322E+2","1.0000000001496301E+0","3.054200000000000E-6"
"100","1.0068217342811869E+0","-1.7836541864736260E-23","1.2260546373821148E-2","-1.6312570331816468E-15","-1.4098598539007214E-2","-1.1310575324677227E-14","3.0002161636025599E+0","2.3689022963016702E+0","1.3770986585465292E+2","2.0497956102211501E+0","3.054200000000000E-6"
"99","1.0061792546164630E+0","-2.2317002915895952E-23","1.2376308588163951E-2","-3.0765671648750952E-15","-1.3304682399001065E-2","-2.2498741341845724E-14","3.0002161453661702E+0","2.2219415203361699E+0","1.2916669006572309E+2","1.0000000000000000E+0","3.054200000000000E-6"
"98","1.0061836799001320E+0","-2.2195700756474056E-23","1.2375820958260288E-2","-1.5258360568685621E-15","-1.3310665338953382E-2","-1.1248580889822905E-14","3.0002161139532602E+0","2.2229342607964178E+0","1.2922440040515863E+2","1.0000000000000000E+0","3.054200000000000E-6"
"97","1.0068131792644308E+0","-1.8173406483996303E-23","1.2262772846355942E-2","-1.4093495390775591E-15","-1.4089080836329320E-2","-8.6169585003487576E-15","3.0002160955755000E+0","2.3669160563337828E+0","1.3759440105057047E+2","2.0156305332903499E+0","3.054200000000000E-6"
"96","1.0061903151685925E+0","-2.2005792043176389E-23","1.2375082853164658E-2","1.7103840304783562E-15","-1.3319623563661400E-2","5.9562708807724130E-15","3.0002160675824601E+0","2.2244233798098132E+0","1.2931096639814891E+2","1.0000000000000000E+0","3.054200000000000E-6"
"95","1.0068067614587766E+0","-1.8501934350527306E-23","1.2264429195015558E-2","-2.0085468988096484E-15","-1.4081920867282287E-2","-1.1002356339207721E-14","3.0002160458821598E+0","2.3654263777440696E+0","1.3750780252809184E+2","1.9902120395322400E+0","3.054200000000000E-6"
"94","1.0061969472654115E+0","-2.2243811648851467E-23","1.2374336731643029E-2","-3.8346956655695266E-16","-1.3328562385115502E-2","-6.2091616232942979E-15","3.0002160221114802E+0","2.2259125087402278E+0","1.2939753296763885E+2","1.0000000000000000E+0","3.054200000000000E-6"
"93","1.0068003423073406E+0","-1.8102615656315582E-23","1.2266074022295591E-2","-4.6671892128476354E-16","-1.4074742310125673E-2","-5.1435971049598161E-15","3.0002159973224298E+0","2.3639367004652523E+0","1.3742120408181867E+2","1.9649687412043999E+0","3.054200000000000E-6"
"92","1.0062035762094907E+0","-2.2468013784004376E-23","1.2373582566388947E-2","-6.3070493647084227E-16","-1.3337481824455920E-2","-1.2167115928607213E-14","3.0002159775420698E+0","2.2274016475081413E+0","1.2948410010900574E+2","1.0000000000000000E+0","3.054200000000000E-6"
"91","1.0067939217893629E+0","-1.7898429999516176E-23","1.2267707377318041E-2","-1.7870876373382382E-15","-1.4067545169104767E-2","-1.2677634181718323E-14","3.0002159498929699E+0","2.3624470246071261E+0","1.3733460571813364E+2","1.9398999508218200E+0","3.054200000000000E-6"
"90","1.0062102020197154E+0","-2.2429218043923647E-23","1.2372820329929901E-2","-1.6680819649733847E-15","-1.3346381902551442E-2","-1.3649616676709491E-14","3.0002159338759999E+0","2.2288907960339288E+0","1.2957066781762083E+2","1.0000000001195799E+0","3.054200000000000E-6"
"89","1.0062146174948228E+0","-2.2473585944029584E-23","1.2372307674645491E-2","-3.5957883681857062E-15","-1.3352304541881885E-2","-2.1610351466942865E-14","3.0002159052680102E+0","2.2298835670994599E+0","1.2962837993621352E+2","1.0000000000904199E+0","3.054200000000000E-6"
"88","1.0067853589372213E+0","-1.8406092228748738E-23","1.2269867422582868E-2","-3.5808488670536976E-16","-1.4057920079631489E-2","-5.5007049987657793E-15","3.0002158884061201E+0","2.3604607925282521E+0","1.3721914137265810E+2","1.9067452042063400E+0","3.054200000000000E-6"
"87","1.0062212381238920E+0","-2.2183237794205331E-23","1.2371531924672345E-2","-8.2529893744003732E-16","-1.3361172396867880E-2","-1.2288374275664543E-14","3.0002158631114502E+0","2.2313727317111351E+0","1.2971494857993912E+2","1.0000000000000000E+0","3.054200000000000E-6"
"86","1.0067789351502321E+0","-1.8764997495482467E-23","1.2271474198238869E-2","-1.3315542817084762E-15","-1.4050679591120259E-2","-7.3563007928560061E-15","3.0002158436010200E+0","2.3589711204087478E+0","1.3713254322630794E+2","1.8820810416519900E+0","3.054200000000000E-6"
"85","1.0062278556694095E+0","-2.2254389867169233E-23","1.2370748029413429E-2","-1.2625550003414654E-15","-1.3370020944929466E-2","-1.0419075435464946E-14","3.0002158218629700E+0","2.2328619058678219E+0","1.2980151777853871E+2","1.0000000001097999E+0","3.054200000000000E-6"
"84","1.0067725099279095E+0","-1.8732957656119232E-23","1.2273069663074284E-2","-1.4208226298174209E-15","-1.4043420530777227E-2","-9.4640697045311642E-15","3.0002157999151602E+0","2.3574814500716834E+0","1.3704594518357524E+2","1.8575892454431899E+0","3.054200000000000E-6"
"83","1.0062344701502188E+0","-2.2074019257192971E-23","1.2369955960776221E-2","-3.1414591292747439E-15","-1.3378850205936871E-2","-2.1167172226010168E-14","3.0002157815244002E+0","2.2343510894894836E+0","1.2988808752735957E+2","1.0000000001371401E+0","3.054200000000000E-6"
"82","1.0067660832497312E+0","-1.8706204179417188E-23","1.2274653864839479E-2","-1.4309027203540013E-15","-1.4036142901588378E-2","-1.1214925836519656E-14","3.0002157573452899E+0","2.3559917816243416E+0","1.3695934725069651E+2","1.8332692187433299E+0","3.054200000000000E-6"
"81","1.0062410815851515E+0","-2.2038736126658389E-23","1.2369155690497019E-2","-4.0723828711024895E-15","-1.3387660199502806E-2","-2.6099491560834467E-14","3.0002157420975601E+0","2.2358402824959582E+0","1.2997465782174169E+2","1.0000000000000000E+0","3.054200000000000E-6"
"80","1.0062454875255809E+0","-2.2122537923762784E-23","1.2368617606475464E-2","-1.0874360916638951E-15","-1.3393522833970986E-2","-1.3423271339534150E-14","3.0002157163204100E+0","2.2368330830077539E+0","1.3003237165211505E+2","1.0000000000000000E+0","3.054200000000000E-6"
"79","1.0067575120454613E+0","-1.9306884726456649E-23","1.2276748695478595E-2","-1.6032451707282338E-15","-1.4026410515738715E-2","-1.3202106754511244E-14","3.0002157023158600E+0","2.3540055601518342E+0","1.3684388352179403E+2","1.8011087228650899E+0","3.054200000000000E-6"
"78","1.0062520939258746E+0","-2.2318652430358823E-23","1.2367803603517726E-2","-3.1555288799480906E-15","-1.3402300757969426E-2","-2.1518611667371495E-14","3.0002156784171898E+0","2.2383222914771110E+0","1.3011894284539090E+2","1.0000000000648399E+0","3.054200000000000E-6"
"77","1.0067510818907808E+0","-1.9042717812371896E-23","1.2278306800702533E-2","-1.0191516714021599E-15","-1.4019089569208486E-2","-6.7044160862588754E-15","3.0002156623374199E+0","2.3525158965279203E+0","1.3675728586931257E+2","1.7771872935151800E+0","3.054200000000000E-6"
"76","1.0062586973304646E+0","-2.2205482490333845E-23","1.2366981322703269E-2","-2.0475084930368414E-15","-1.3411059465495258E-2","-1.7966577448589053E-14","3.0002156414306098E+0","2.2398115091168957E+0","1.3020551457176532E+2","1.0000000000143701E+0","3.054200000000000E-6"
"75","1.0067446502122199E+0","-1.9203391184011758E-23","1.2279853799794930E-2","-2.9504036448310624E-15","-1.4011750061683448E-2","-1.6787301048573205E-14","3.0002156234642698E+0","2.3510262351473261E+0","1.3667068834724051E+2","1.7534358026233900E+0","3.054200000000000E-6"
"74","1.0062652977581514E+0","-2.2280456073104109E-23","1.2366150735130720E-2","-3.6386263595706794E-15","-1.3419798975166864E-2","-2.5184963198800015E-14","3.0002156053625502E+0","2.2413007358464672E+0","1.3029208682655042E+2","1.0000000001818901E+0","3.054200000000000E-6"
"73","1.0067382169894821E+0","-1.9094163115035761E-23","1.2281389739177372E-2","-1.4753147351843511E-15","-1.4004391994901928E-2","-1.0688788803516537E-14","3.0002155856932600E+0","2.3495365761149509E+0","1.3658409096167597E+2","1.7298537500941200E+0","3.054200000000000E-6"
"72","1.0062718952277263E+0","-2.2205782989540352E-23","1.2365311811721442E-2","-2.2348616245114224E-15","-1.3428519305346609E-2","-1.5841507670838471E-14","3.0002155702148801E+0","2.2427899715850339E+0","1.3037865960504962E+2","1.0000000000991200E+0","3.054200000000000E-6"
"71","1.0067317822023159E+0","-1.9401851846244258E-23","1.2282914664974302E-2","-3.0341613200387131E-15","-1.3997015370310164E-2","-1.8086811130376744E-14","3.0002155490212399E+0","2.3480469195351725E+0","1.3649749371868666E+2","1.7064406577829101E+0","3.054200000000000E-6"
"70","1.0062784897579768E+0","-2.1896041008643103E-23","1.2364464523220089E-2","-2.3213343181518592E-15","-1.3437220474112940E-2","-1.5371006615479783E-14","3.0002155359895002E+0","2.2442792162516723E+0","1.3046523290255863E+2","1.0000000000000000E+0","3.054200000000000E-6"
"69","1.0062828844877951E+0","-2.2037331535202543E-23","1.2363895002417163E-2","-3.4558871929638955E-15","-1.3443010616872109E-2","-2.2127592935624318E-14","3.0002155136859101E+0","2.2452720509494353E+0","1.3052294872024274E+2","1.0000000000038001E+0","3.054200000000000E-6"
"68","1.0067232000176336E+0","-1.9855518245405363E-23","1.2284930846283017E-2","1.3831041956923560E-16","-1.3987151005133888E-2","-3.9989621022275596E-15","3.0002155018293801E+0","2.3460607147566943E+0","1.3638203096024739E+2","1.6754852472263200E+0","3.054200000000000E-6"
"67","1.0062894741609041E+0","-2.2100669659434974E-23","1.2363033706594220E-2","-1.6685216599715377E-15","-1.3451679889425319E-2","-1.0599124286519475E-14","3.0002154810019399E+0","2.2467613103159283E+0","1.3060952287228892E+2","1.0000000001230001E+0","3.054200000000000E-6"
"66","1.0067167615016603E+0","-1.9998795055566918E-23","1.2286430251405632E-2","-2.0172181339720523E-15","-1.3979731083040448E-2","-1.4205620215880208E-14","3.0002154677095998E+0","2.3445710643025945E+0","1.3629543407335819E+2","1.6524646709736499E+0","3.054200000000000E-6"
"65","1.0062960609447595E+0","-2.1940542679363686E-23","1.2362163966784682E-2","-2.7164799669108151E-15","-1.3460330047490251E-2","-2.0387111412819770E-14","3.0002154492453799E+0","2.2482505783939284E+0","1.3069609753075551E+2","1.0000000000000000E+0","3.054200000000000E-6"
"64","1.0067103213541060E+0","-2.0248120620784266E-23","1.2287918794543076E-2","-2.0899117651331039E-15","-1.3972292605932555E-2","-1.2487180238963095E-14","3.0002154346785099E+0","2.3430814166452456E+0","1.3620883734905070E+2","1.6296116343631799E+0","3.054200000000000E-6"
"63","1.0063026448581285E+0","-2.2007399229255658E-23","1.2361285753068711E-2","-8.4298381543006019E-16","-1.3468961108189433E-2","-1.1812210933499674E-14","3.0002154184181800E+0","2.2497398551019248E+0","1.3078267269090406E+2","1.0000000000000000E+0","3.054200000000000E-6"
"62","1.0067038795549221E+0","-2.0197260322222204E-23","1.2289396520545406E-2","-2.4005194852922200E-15","-1.3964835574028559E-2","-1.6029032682021844E-14","3.0002154027330601E+0","2.3415917718868062E+0","1.3612224079326364E+2","1.6069257645720301E+0","3.054200000000000E-6"
"61","1.0063092259197775E+0","-2.1815405762320889E-23","1.2360399035344952E-2","-1.4762588429058948E-15","-1.3477573088357647E-2","-1.3325830454311633E-14","3.0002153885222902E+0","2.2512291403582516E+0","1.3086924834798720E+2","1.0000000001914999E+0","3.054200000000000E-6"
"60","1.0066974360841092E+0","-2.0131004851523218E-23","1.2290863473968685E-2","-1.4997913342279099E-15","-1.3957359987278291E-2","-1.2512011521606732E-14","3.0002153718702398E+0","2.3401021301289218E+0","1.3603564441190591E+2","1.5844067130244099E+0","3.054200000000000E-6"
"59","1.0063158041484697E+0","-2.1491403963145300E-23","1.2359503783326745E-2","-1.6764852705867400E-15","-1.3486166004573112E-2","-1.4447231978258193E-14","3.0002153595597001E+0","2.2527184340810678E+0","1.3095582449724731E+2","1.0000000001909599E+0","3.054200000000000E-6"
"58","1.0066909909217059E+0","-1.9972210852006592E-23","1.2292319699089702E-2","-1.6608730811322749E-15","-1.3949865845345140E-2","-1.0690446177050198E-14","3.0002153420870301E+0","2.3386124914727668E+0","1.3594904821085902E+2","1.5620541571933699E+0","3.054200000000000E-6"
"57","1.0063223795629643E+0","-2.1701243851795981E-23","1.2358599966541517E-2","-2.7083876808557917E-15","-1.3494739873151675E-2","-2.1273813669989369E-14","3.0002153315323801E+0","2.2542077361883552E+0","1.3104240113391646E+2","1.0000000002693601E+0","3.054200000000000E-6"
"56","1.0066845440477958E+0","-1.9968775285771190E-23","1.2293765239897761E-2","-2.2164638302381104E-15","-1.3942353147613740E-2","-1.0998785058789176E-14","3.0002153133804601E+0","2.3371228560190267E+0","1.3586245219597600E+2","1.5398678009861100E+0","3.054200000000000E-6"
"55","1.0066823947060557E+0","-1.9806742377363278E-23","1.2294244720103969E-2","-3.1393125657445940E-15","-1.3939844791378093E-2","-2.1404359144171367E-14","3.0002153040503399E+0","2.3366263115967594E+0","1.3583358690005898E+2","1.5325092346794400E+0","3.054200000000000E-6"
"54","1.0063333323843040E+0","-2.1426019213131681E-23","1.2357074489058033E-2","-2.9100099799435268E-15","-1.3508987369496168E-2","-2.0863551486562736E-14","3.0002152869040200E+0","2.2566899247760004E+0","1.3118669659851378E+2","1.0000000000678699E+0","3.054200000000000E-6"
"53","1.0066759455192293E+0","-1.9836620742894955E-23","1.2295676083102185E-2","-2.9863493244041941E-15","-1.3932307351147845E-2","-2.0337722076198260E-14","3.0002152767746701E+0","2.3351366805687017E+0","1.3574699114245132E+2","1.5105440623413700E+0","3.054200000000000E-6"
"52","1.0063399003859876E+0","-2.1595975748442972E-23","1.2356147682488553E-2","-2.3781828168643436E-15","-1.3517510522110379E-2","-1.4933227432522948E-14","3.0002152613805899E+0","2.2581792488395354E+0","1.3127327451155128E+2","1.0000000000000000E+0","3.054200000000000E-6"
"51","1.0066694945745880E+0","-1.9819840578395351E-23","1.2297096863337636E-2","1.0804769452842573E-16","-1.3924751352605826E-2","-5.7678305108416227E-15","3.0002152505687598E+0","2.3336470529761493E+0","1.3566039558455768E+2","1.4887445016072500E+0","3.054200000000000E-6"
"50","1.0063464656422592E+0","-2.1841032205438637E-23","1.2355212197808586E-2","-8.1767676066006526E-16","-1.3526014684627528E-2","-7.5376855874119403E-15","3.0002152367998400E+0","2.2596685809852533E+0","1.3135985289442507E+2","1.0000000002261700E+0","3.054200000000000E-6"
"49","1.0066630418523499E+0","-1.9714509618605737E-23","1.2298507103868865E-2","-3.0755310355207810E-15","-1.3917176794209798E-2","-2.0604309538429604E-14","3.0002152254296899E+0","2.3321574289182272E+0","1.3557380023214040E+2","1.4671103464167401E+0","3.054200000000000E-6"
"48","1.0063530281718800E+0","-2.2182995456134175E-23","1.2354268003660570E-2","-2.3596338738937789E-15","-1.3534499872127256E-2","-1.5190601713630821E-14","3.0002152131638300E+0","2.2611579211302608E+0","1.3144643174231641E+2","1.0000000000730700E+0","3.054200000000000E-6"
"47","1.0066565873327755E+0","-1.9531130183327593E-23","1.2299906847480386E-2","-1.5576901854268917E-15","-1.3909583674147132E-2","-1.2757956336865222E-14","3.0002152013545600E+0","2.3306678084936041E+0","1.3548720509093536E+2","1.4456414188324200E+0","3.054200000000000E-6"
"46","1.0063595879936138E+0","-2.2131258539993227E-23","1.2353315068494644E-2","-9.7346901988467425E-16","-1.3542966099422397E-2","-9.3947980274833766E-15","3.0002151904746102E+0","2.2626472691914716E+0","1.3153301105039529E+2","1.0000000002900800E+0","3.054200000000000E-6"
"45","1.0066501309961629E+0","-1.9457516894632313E-23","1.2301296136682035E-2","-2.1703688816970307E-15","-1.3901971990325137E-2","-1.6455742691956118E-14","3.0002151783405000E+0","2.3291781918004992E+0","1.3540061016665226E+2","1.4243375697180600E+0","3.054200000000000E-6"
"44","1.0063661451262262E+0","-2.2328131726307547E-23","1.2352353360566273E-2","-1.8027024676624192E-15","-1.3551413381060206E-2","-1.0071875684086658E-14","3.0002151687342802E+0","2.2641366250855888E+0","1.3161959081381940E+2","1.0000000000672900E+0","3.054200000000000E-6"
"43","1.0066436728228452E+0","-1.9655359463518669E-23","1.2302675013715349E-2","-9.4051877169594679E-16","-1.3894341740379443E-2","-1.1704094756947375E-14","3.0002151563846602E+0","2.3276885789366899E+0","1.3531401546497511E+2","1.4031986790113300E+0","3.054200000000000E-6"
"42","1.0063726995884879E+0","-2.2170225209193129E-23","1.2351382847935440E-2","-2.7177653671621905E-15","-1.3559841731320882E-2","-1.8092976278574890E-14","3.0002151479449202E+0","2.2656259887291115E+0","1.3170617102773474E+2","1.0000000000692599E+0","3.054200000000000E-6"
"41","1.0066372127931951E+0","-1.9759666736813235E-23","1.2304043520551873E-2","-2.1017792040497217E-15","-1.3886692921664903E-2","-1.6228108018780481E-14","3.0002151354842002E+0","2.3261989699995205E+0","1.3522742099156281E+2","1.3822246568707299E+0","3.054200000000000E-6"
"40","1.0063792513991725E+0","-2.1986032766292899E-23","1.2350403498464013E-2","-6.1336623223445782E-16","-1.3568251164229722E-2","-6.9262353166074922E-15","3.0002151281086502E+0","2.2671153600383227E+0","1.3179275168727457E+2","1.0000000001760401E+0","3.054200000000000E-6"
"39","1.0066307508876189E+0","-1.9781100448591496E-23","1.2305401698896250E-2","-2.1473325790855367E-16","-1.3879025531273379E-2","-6.7052692299641458E-15","3.0002151156363102E+0","2.3247093650858965E+0","1.3514082675204861E+2","1.3614154433889400E+0","3.054200000000000E-6"
"38","1.0063858005770574E+0","-2.1901819317586607E-23","1.2349415279816991E-2","-1.1062749780999214E-15","-1.3576641693536506E-2","-9.0942336387185684E-15","3.0002151092276002E+0","2.2686047389292909E+0","1.3187933278755980E+2","1.0000000001996900E+0","3.054200000000000E-6"
"37","1.0063901652422573E+0","-2.1928833873169900E-23","1.2348751524006994E-2","-2.3209515375942631E-15","-1.3582224884414268E-2","-1.6234062610515113E-14","3.0002150971719601E+0","2.2695976623604737E+0","1.3193705376352642E+2","1.0000000002373699E+0","3.054200000000000E-6"
"36","1.0066221320616151E+0","-1.9933473822110574E-23","1.2307196608399617E-2","-9.8207825736519934E-16","-1.3868773449246825E-2","-1.0603311763278775E-14","3.0002150908049399E+0","2.3227232316266262E+0","1.3502536813956277E+2","1.3339261498850901E+0","3.054200000000000E-6"
"35","1.0063967100738906E+0","-2.1955684285100633E-23","1.2347748450999924E-2","-7.4278873976382788E-16","-1.3590583937571234E-2","-7.1800241228107172E-15","3.0002150798876799E+0","2.2710870537005796E+0","1.3202363558750935E+2","1.0000000002819200E+0","3.054200000000000E-6"
"34","1.0066156657028835E+0","-2.0066720017212980E-23","1.2308530847630773E-2","-6.0970021546253793E-16","-1.3861062712064416E-2","-6.9940100180515935E-15","3.0002150734021900E+0","2.3212336364757795E+0","1.3493877446758182E+2","1.3135014336015800E+0","3.054200000000000E-6"
"33","1.0064032523228319E+0","-2.1777439464675917E-23","1.2346736421607179E-2","-1.0882604902272968E-15","-1.3598924122517854E-2","-1.0938782783701602E-14","3.0002150635643701E+0","2.2725764523975216E+0","1.3211021783916243E+2","1.0000000000000000E+0","3.054200000000000E-6"
"32","1.0066091974031670E+0","-2.0174202484680928E-23","1.2309854895485165E-2","-2.3200322782425559E-15","-1.3853333391511768E-2","-1.6896673733996837E-14","3.0002150570427499E+0","2.3197440456684810E+0","1.3485218104810156E+2","1.2932415545129601E+0","3.054200000000000E-6"
"31","1.0064097920078814E+0","-2.1937506021788349E-23","1.2345715402754366E-2","-3.9013065585704240E-15","-1.3607245452042976E-2","-2.5381300202981349E-14","3.0002150482041801E+0","2.2740658583665292E+0","1.3219680051355780E+2","1.0000000002434399E+0","3.054200000000000E-6"
"30","1.0066027271430198E+0","-2.0199142989890814E-23","1.2311168792533415E-2","-1.9047418535256891E-16","-1.3845585483500714E-2","-6.7414894320975590E-15","3.0002150417239002E+0","2.3182544592998404E+0","1.3476558788665093E+2","1.2731465912946200E+0","3.054200000000000E-6"
"29","1.0064163291478505E+0","-2.1602545695083385E-23","1.2344685361161680E-2","-2.8536984905888690E-15","-1.3615547938671365E-2","-1.7637232799413432E-14","3.0002150338093201E+0","2.2755552715225962E+0","1.3228338360575387E+2","1.0000000003121901E+0","3.054200000000000E-6"
"28","1.0065962549030263E+0","-2.0397826683926445E-23","1.2312472579090763E-2","5.1834861289988945E-17","-1.3837818983663085E-2","-2.7194085037133284E-15","3.0002150274429300E+0","2.3167648774645695E+0","1.3467899498873575E+2","1.2532166569483500E+0","3.054200000000000E-6"
"27","1.0064228637615613E+0","-2.1301790256059975E-23","1.2343646263342011E-2","-6.6065307251709623E-16","-1.3623831594661769E-2","-9.0943138728431874E-15","3.0002150203819999E+0","2.2770446917804672E+0","1.3236996711079451E+2","1.0000000002949601E+0","3.054200000000000E-6"
"26","1.0065897806638040E+0","-2.0620675199399957E-23","1.2313766295217016E-2","-2.9552591953206633E-15","-1.3830033887360873E-2","-1.8941576053216266E-14","3.0002150141971300E+0","2.3152753002569861E+0","1.3459240235983896E+2","1.2334518977192599E+0","3.054200000000000E-6"
"25","1.0064293958678401E+0","-2.1029016947754129E-23","1.2342598075602961E-2","-2.5537774849145671E-15","-1.3632096432007993E-2","-1.6238145348385429E-14","3.0002150079244498E+0","2.2785341190546475E+0","1.3245655102370972E+2","1.0000000003080001E+0","3.054200000000000E-6"
"24","1.0065833044059986E+0","-2.0404952230980381E-23","1.2315049980720531E-2","-1.9520323569280927E-15","-1.3822230189690253E-2","-1.3961569814251245E-14","3.0002150019838298E+0","2.3137857277710219E+0","1.3450581000542098E+2","1.2138524950052800E+0","3.054200000000000E-6"
"23","1.0064359254855271E+0","-2.1186096284255920E-23","1.2341540764039953E-2","-1.8120104806196664E-15","-1.3640342462446876E-2","-1.5136306580721809E-14","3.0002149964389000E+0","2.2800235532593769E+0","1.3254313533951407E+2","1.0000000002515901E+0","3.054200000000000E-6"
"22","1.0065768261102839E+0","-2.0387411559129927E-23","1.2316323675157987E-2","-1.3725664643604787E-15","-1.3814407885474516E-2","-1.0305676947590680E-14","3.0002149908003801E+0","2.3122961601002210E+0","1.3441921793091979E+2","1.1944186662773499E+0","3.054200000000000E-6"
"21","1.0064424526334743E+0","-2.1327150773535642E-23","1.2340474294539907E-2","-1.4238906198822474E-15","-1.3648569697443729E-2","-1.5350303756639110E-14","3.0002149859276201E+0","2.2815129943086507E+0","1.3262972005320788E+2","1.0000000003922800E+0","3.054200000000000E-6"
"20","1.0065703457573665E+0","-2.0661568698595538E-23","1.2317587417835884E-2","-1.6074564423633481E-15","-1.3806566969269376E-2","-1.2871684991519836E-14","3.0002149806441301E+0","2.3108065973377512E+0","1.3433262614175140E+2","1.1751506644364800E+0","3.054200000000000E-6"
"19","1.0064489773305423E+0","-2.1336946886121513E-23","1.2339398632776829E-2","-1.8290486416722122E-15","-1.3656778148207283E-2","-1.6232054941061750E-14","3.0002149763928698E+0","2.2830024421161923E+0","1.3271630515977569E+2","1.0000000005594001E+0","3.054200000000000E-6"
"18","1.0065638633279772E+0","-2.0665618329305296E-23","1.2318841247814592E-2","-3.6555606911321113E-15","-1.3798707435361789E-2","-2.3363896345857245E-14","3.0002149715124600E+0","2.3093170395764084E+0","1.3424603464331034E+2","1.1560487791517100E+0","3.054200000000000E-6"
"17","1.0064554995956057E+0","-2.1393462870562882E-23","1.2338313744211340E-2","-1.7715179051615173E-15","-1.3664967825680203E-2","-1.0010329381928625E-14","3.0002149678369401E+0","2.2844918965954610E+0","1.3280289065418674E+2","1.0000000003191101E+0","3.054200000000000E-6"
"16","1.0065573788028748E+0","-2.0630708803295774E-23","1.2320085203909715E-2","-2.6472103821508330E-15","-1.3790829277767317E-2","-1.6321655258602642E-14","3.0002149634027599E+0","2.3078274869086286E+0","1.3415944344097008E+2","1.1371133371553099E+0","3.054200000000000E-6"
"15","1.0064620194475531E+0","-2.1426342492118457E-23","1.2337219594089342E-2","-2.1037104731395547E-15","-1.3673138740531198E-2","-1.2315759279101003E-14","3.0002149602621500E+0","2.2859813576596504E+0","1.3288947653139471E+2","1.0000000000000000E+0","3.054200000000000E-6"
"14","1.0065508921628441E+0","-2.0746141373101327E-23","1.2321319324691455E-2","3.6533440437849846E-16","-1.3782932490238625E-2","-4.7188125572146933E-15","3.0002149563124600E+0","2.3063379394264754E+0","1.3407285254008247E+2","1.1183447031195499E+0","3.054200000000000E-6"
"13","1.0064685369052866E+0","-2.1593182398289801E-23","1.2336116147439862E-2","-1.6048602716834966E-15","-1.3681290903177316E-2","-1.1672803637433882E-14","3.0002149536707998E+0","2.2874708252216696E+0","1.3297606278633683E+2","1.0000000006446499E+0","3.054200000000000E-6"
"12","1.0065444033886961E+0","-2.0362635399520979E-23","1.2322543648488378E-2","-2.3337447634226610E-15","-1.3775017066253599E-2","-1.6539822787605359E-14","3.0002149502389801E+0","2.3048483972216656E+0","1.3398626194597927E+2","1.0997432801936999E+0","3.054200000000000E-6"
"11","1.0064750519877221E+0","-2.1695841651538702E-23","1.2335003369073699E-2","-3.5271432467815498E-15","-1.3689424323766804E-2","-2.2059797864880759E-14","3.0002149480652398E+0","2.2889602991941493E+0","1.3306264941393408E+2","1.0000000011397501E+0","3.054200000000000E-6"
"10","1.0065379124612652E+0","-2.0626201638308985E-23","1.2323758213389711E-2","-1.5245809782879240E-15","-1.3767082999032060E-2","-1.0550935313219012E-14","3.0002149451797799E+0","2.3033588603855608E+0","1.3389967166397150E+2","1.0813095116966700E+0","3.054200000000000E-6"
"9","1.0064815647137908E+0","-2.1627678414772322E-23","1.2333881223583009E-2","-2.9085166087331225E-15","-1.3697539012184052E-2","-1.8412529268182567E-14","3.0002149434478200E+0","2.2904497794894363E+0","1.3314923640909100E+2","1.0000000003724501E+0","3.054200000000000E-6"
"8","1.0065314193614117E+0","-2.0803145264856185E-23","1.2324963057244835E-2","-1.1576110802352404E-15","-1.3759130281521606E-2","-7.6131812066851167E-15","3.0002149411323100E+0","2.3018693290091772E+0","1.3381308169935022E+2","1.0630438763161201E+0","3.054200000000000E-6"
"7","1.0064880751024416E+0","-2.1619481571889987E-23","1.2332749675336690E-2","-1.4466765093750406E-15","-1.3705634978051433E-2","-1.3583494476580098E-14","3.0002149398208999E+0","2.2919392660195790E+0","1.3323582376669478E+2","1.0000000019674500E+0","3.054200000000000E-6"
"6","1.0065249240700165E+0","-2.0938371038873689E-23","1.2326158217668099E-2","-2.9701490845022013E-15","-1.3751158906396112E-2","-1.8815434506322307E-14","3.0002149380940701E+0","2.3003798031831990E+0","1.3372649205738705E+2","1.0449468975550800E+0","3.054200000000000E-6"
"5","1.0064945831726375E+0","-2.1696199665647415E-23","1.2331608688483682E-2","-1.7638691775354821E-15","-1.3713712230719474E-2","-1.3827641996901215E-14","3.0002149371868798E+0","2.2934287586963404E+0","1.3332241148161597E+2","1.0000000014767401E+0","3.054200000000000E-6"
"4","1.0065184265679854E+0","-2.0990818490236252E-23","1.2327343732036913E-2","-4.4746846115330837E-15","-1.3743168866076006E-2","-2.8580100210342639E-14","3.0002149360625601E+0","2.2988902829979656E+0","1.3363990274333364E+2","1.0270191367345900E+0","3.054200000000000E-6"
"3","1.0065010889433621E+0","-2.1526346366354087E-23","1.2330458226946736E-2","1.0706780549080802E-15","-1.3721770779281198E-2","1.8732514361741058E-15","3.0002149355481600E+0","2.2949182574311751E+0","1.3340899954870721E+2","1.0000000000000000E+0","3.054200000000000E-6"
"2","1.0065119268362446E+0","-2.1002503224182152E-23","1.2328519637495572E-2","-3.6593519044432325E-15","-1.3735160152713609E-2","-1.9949301608031755E-14","3.0002149350352898E+0","2.2974007685434898E+0","1.3355331376242268E+2","1.0092612024321199E+0","3.054200000000000E-6"
"1","1.0065075924336142E+0","-2.1016745594119651E-23","1.2329298254423008E-2","2.6228553664868397E-16","-1.3729810632559413E-2","-2.4057058092832893E-15","3.0002149349071501E+0","2.2964077621352326E+0","1.3349558796280343E+2","1.0000000000000000E+0","3.054200000000000E-6"