"Id ","x0 (LU) ","y0 (LU) ","z0 (LU) ","vx0 (LU/TU) ","vy0 (LU/TU) ","vz0 (LU/TU) ","Jacobi constant (LU2/TU2) ","Period (TU) ","Period (days) ","Stability index  ","Mass ratio"
"1304","1.0072792708552949E+0","-7.3002007854346210E-17","1.1476033344727908E-13","1.8996276709286109E-13","-1.2200763859419235E-2","-3.8957592625013929E-2","2.9993183582306902E+0","5.5414315772502212E+0","3.2213645971690460E+2","2.1623945712645099E+2","3.054200000000000E-6"
"1303","1.0072224070128875E+0","-7.3002015144988293E-17","9.9328366233652164E-14","1.5733933078924064E-13","-1.2199356160452014E-2","-4.0041484040396425E-2","2.9992369103161902E+0","5.6027378996192860E+0","3.2570034052476501E+2","2.2342409903107901E+2","3.054200000000000E-6"
"1302","1.0071012875626595E+0","-7.3002014558735921E-17","5.6360402911834289E-14","8.5647859718147294E-14","-1.2150938582765275E-2","-4.2303839312238876E-2","2.9990610379520102E+0","5.7095765606277809E+0","3.3191112334115218E+2","2.3781472469474301E+2","3.054200000000000E-6"
"1301","1.0069740923505568E+0","-7.3002014570269499E-17","4.0833040048508404E-14","5.8203231174622300E-14","-1.2064075170360162E-2","-4.4661207879555846E-2","2.9988684714828100E+0","5.7974145729825537E+0","3.3701735373199597E+2","2.5158736452983501E+2","3.054200000000000E-6"
"1300","1.0068446815689200E+0","-7.3002017861080307E-17","1.6702211739043298E-14","2.3694457376326988E-14","-1.1959308727762753E-2","-4.7083651388935915E-2","2.9986599563364198E+0","5.8692306600799293E+0","3.4119219189895017E+2","2.6428626034744002E+2","3.054200000000000E-6"
"1299","1.0067158596189527E+0","-7.3002021374005455E-17","4.9531929973245307E-15","4.7865937993156715E-15","-1.1850545490965557E-2","-4.9550117665768174E-2","2.9984360972115400E+0","5.9279829101147232E+0","3.4460759847083864E+2","2.7572980770359197E+2","3.054200000000000E-6"
"1298","1.0065894677544129E+0","-7.3002024377055693E-17","9.6455142911225933E-15","1.0695823952309877E-14","-1.1746616384651565E-2","-5.2046674646569993E-2","2.9981973233418899E+0","5.9762550897594426E+0","3.4741377388540269E+2","2.8590407833492100E+2","3.054200000000000E-6"
"1297","1.0064666218273282E+0","-7.3002023187942259E-17","-3.1449459427642719E-14","-4.5550478253954263E-14","-1.1652868087967796E-2","-5.4564328085733742E-2","2.9979439182873802E+0","6.0161647570936161E+0","3.4973381677762035E+2","2.9488303831258702E+2","3.054200000000000E-6"
"1296","1.0063479390242267E+0","-7.3002021920834762E-17","-8.8045043216903078E-14","-1.2333244103557051E-13","-1.1572386916297570E-2","-5.7097285635773667E-2","2.9976760613578799E+0","6.0493947345638137E+0","3.5166555357694648E+2","3.0277883413637500E+2","3.054200000000000E-6"
"1295","1.0062337100443901E+0","-7.3002020811778581E-17","-8.8221405529247407E-14","-1.2129030999870757E-13","-1.1506836226788516E-2","-5.9641772787641989E-2","2.9973938622725198E+0","6.0772650127917247E+0","3.5328571844490637E+2","3.0971408186168901E+2","3.054200000000000E-6"
"1294","1.0061240182201914E+0","-7.3002020955560190E-17","-1.5762179878641590E-13","-2.1292269486729483E-13","-1.1456999301926554E-2","-6.2195276940129919E-2","2.9970973859652599E+0","6.1008075591328748E+0","3.5465430207268122E+2","3.1580777785046502E+2","3.054200000000000E-6"
"1293","1.0060188184783387E+0","-7.3002021171485312E-17","-8.2225848931067949E-14","-1.1193519683708679E-13","-1.1423122844992023E-2","-6.4756077872946446E-2","2.9967866691957501E+0","6.1208308056604164E+0","3.5581830051938255E+2","3.2116893752790003E+2","3.054200000000000E-6"
"1292","1.0059179886365521E+0","-7.3002021066652464E-17","-7.4289745668083341E-14","-1.0019562744644868E-13","-1.1405132182526249E-2","-6.7322958452950388E-2","2.9964617313368600E+0","6.1379711805244019E+0","3.5681471085124934E+2","3.2589436987705699E+2","3.054200000000000E-6"
"1291","1.0058213624002179E+0","-7.3002021208563845E-17","-1.2381214651426139E-13","-1.6592744275374034E-13","-1.1402765636172400E-2","-6.9895025989427442E-2","2.9961225812808499E+0","6.1527329024320929E+0","3.5767284448844725E+2","3.3006854350246402E+2","3.054200000000000E-6"
"1290","1.0057287504563481E+0","-7.3002021244725229E-17","-2.2479958646077739E-13","-2.9946952085284424E-13","-1.1415658297838013E-2","-7.2471601042792336E-2","2.9957692218299798E+0","6.1655182607945971E+0","3.5841608746125911E+2","3.3376442798111202E+2","3.054200000000000E-6"
"1289","1.0056399538683010E+0","-7.3002021327771525E-17","-2.5370289500327422E-13","-3.3677202793103932E-13","-1.1443394116454548E-2","-7.5052147442201206E-2","2.9954016524751399E+0","6.1766505476390234E+0","3.5906323349611029E+2","3.3704472018534898E+2","3.054200000000000E-6"
"1288","1.0055547724912752E+0","-7.3002021262615571E-17","-3.0614590228081959E-13","-4.0438648075567097E-13","-1.1485538067115384E-2","-7.7636227655718260E-2","2.9950198711447600E+0","6.1863914376686724E+0","3.5962949435937264E+2","3.3996315434264602E+2","3.054200000000000E-6"
"1287","1.0054730101616316E+0","-7.3002021282150491E-17","-4.2092518429361202E-13","-5.5513158850729797E-13","-1.1541655747182083E-2","-8.0223473908617782E-2","2.9946238752960199E+0","6.1949542108609821E+0","3.6012726851810328E+2","3.4256575190116200E+2","3.054200000000000E-6"
"1286","1.0053944777921842E+0","-7.3002021268607278E-17","-4.3399268795908058E-13","-5.7259780163046320E-13","-1.1611325008106072E-2","-8.2813569191875602E-2","2.9942136625851399E+0","6.2025138675194400E+0","3.6056672915181906E+2","3.4489194931138002E+2","3.054200000000000E-6"
"1285","1.0053189951079282E+0","-7.3002021286013087E-17","-4.3335405989459442E-13","-5.7197442051307768E-13","-1.1694142535285350E-2","-8.5406234555303495E-2","2.9937892312681900E+0","6.2092149156223382E+0","3.6095627684940729E+2","3.4697558521871798E+2","3.054200000000000E-6"
"1284","1.0052463915014220E+0","-7.3002021299580188E-17","-3.8549558710631797E-13","-5.0791997436635270E-13","-1.1789727229535019E-2","-8.8001220443281472E-2","2.9933505804294600E+0","6.2151774069554824E+0","3.6130289050372670E+2","3.4884574878774600E+2","3.054200000000000E-6"
"1283","1.0051765063221743E+0","-7.3002021297954074E-17","-3.9108309722526116E-13","-5.1395164091550668E-13","-1.1897721577027313E-2","-9.0598300664029116E-2","2.9928977101000198E+0","6.2205016482763034E+0","3.6161240118266551E+2","3.5052750171713802E+2","3.054200000000000E-6"
"1282","1.0051091888072572E+0","-7.3002021287033244E-17","-6.9406409954564835E-13","-9.1282651738662547E-13","-1.2017791771484392E-2","-9.3197268097204772E-2","2.9924306213067702E+0","6.2252719036468971E+0","3.6188970735447452E+2","3.5204248783656999E+2","3.054200000000000E-6"
"1281","1.0050442977900818E+0","-7.3002021290609866E-17","-6.0621693179982980E-13","-7.9904960180160633E-13","-1.2149627082035987E-2","-9.5797931564964203E-2","2.9919493160784900E+0","6.2295593235285960E+0","3.6213894516292828E+2","3.5340944761260698E+2","3.054200000000000E-6"
"1280","1.0049817012780635E+0","-7.3002021287692140E-17","-5.8235106794992071E-13","-7.6886421270965396E-13","-1.2292938784313525E-2","-9.8400113493305325E-2","2.9914537974255500E+0","6.2334242772150521E+0","3.6236362401715002E+2","3.5464464984332000E+2","3.054200000000000E-6"
"1279","1.0049212759589363E+0","-7.3002021293222018E-17","-6.2079602763934923E-13","-8.1938108112881613E-13","-1.2447458860983822E-2","-1.0100364811891491E-1","2.9909440693047902E+0","6.2369182217771115E+0","3.6256673523777567E+2","3.5576225549270100E+2","3.054200000000000E-6"
"1278","1.0048629066751267E+0","-7.3002021291019112E-17","-7.3753682829876830E-13","-9.7082645829238364E-13","-1.2612938601749151E-2","-1.0360838007905658E-1","2.9904201365762400E+0","6.2400852086111369E+0","3.6275083963615378E+2","3.5677462344225398E+2","3.054200000000000E-6"
"1277","1.0048064858916588E+0","-7.3002021291856303E-17","-8.3341172194887602E-13","-1.0993825326067008E-12","-1.2789147185799876E-2","-1.0621416327560027E-1","2.9898820049565802E+0","6.2429631048307694E+0","3.6291813851672305E+2","3.5769256824982898E+2","3.054200000000000E-6"
"1276","1.0047519131738483E+0","-7.3002021295210749E-17","-7.5909351876172549E-13","-1.0007118906501291E-12","-1.2975870297254315E-2","-1.0882085993925755E-1","2.9893296809719900E+0","6.2455845889027390E+0","3.6307053155566547E+2","3.5852557771135798E+2","3.054200000000000E-6"
"1275","1.0046990946847938E+0","-7.3002021286488104E-17","-7.7271770430631787E-13","-1.0201015720174563E-12","-1.3172908803467552E-2","-1.1142833984317183E-1","2.9887631719122401E+0","6.2479779664981185E+0","3.6320966422825973E+2","3.5928199698454102E+2","3.054200000000000E-6"
"1274","1.0046479427084642E+0","-7.3002021287387800E-17","-8.1603446133291102E-13","-1.0776838557009838E-12","-1.3380077512579811E-2","-1.1403647963050777E-1","2.9881824857870001E+0","6.2501678423573832E+0","3.6333696686597870E+2","3.5996918422718102E+2","3.054200000000000E-6"
"1273","1.0045983752013754E+0","-7.3002021290464000E-17","-9.1207470511020435E-13","-1.2056679797644045E-12","-1.3597204017469611E-2","-1.1664516223098156E-1","2.9875876312848901E+0","6.2521756762142946E+0","3.6345368697365274E+2","3.6059364322881902E+2","3.054200000000000E-6"
"1272","1.0045503153740329E+0","-7.3002021293882172E-17","-9.0610862342482039E-13","-1.1972733888364764E-12","-1.3824127628157795E-2","-1.1925427634833666E-1","2.9869786177355500E+0","6.2540202448745692E+0","3.6356091609119073E+2","3.6116113613130500E+2","3.054200000000000E-6"
"1271","1.0045036913020216E+0","-7.3002021294502697E-17","-1.1985558603971802E-12","-1.5850663219393531E-12","-1.4060698390707470E-2","-1.2186371600565332E-1","2.9863554550747500E+0","6.2557180279571201E+0","3.6365961221762592E+2","3.6167678009711602E+2","3.054200000000000E-6"
"1270","1.0044584355659576E+0","-7.3002021290268005E-17","-1.5731739890773815E-12","-2.0801777862944704E-12","-1.4306776189156595E-2","-1.2447338013866707E-1","2.9857181538124000E+0","6.2572835312428357E+0","3.6375061860814168E+2","3.6214512914031502E+2","3.054200000000000E-6"
"1269","1.0044144849189505E+0","-7.3002021288109152E-17","-1.6855355974678103E-12","-2.2316274321996314E-12","-1.4562229925137593E-2","-1.2708317222967461E-1","2.9850667250034402E+0","6.2587295587965759E+0","3.6383467959316357E+2","3.6257024529271598E+2","3.054200000000000E-6"
"1268","1.0043717799800429E+0","-7.3002021287738116E-17","-1.5584422149973577E-12","-2.0657542815368576E-12","-1.4826936769805952E-2","-1.2969299997624173E-1","2.9844011802212900E+0","6.2600674428455374E+0","3.6391245394172961E+2","3.6295575926635598E+2","3.054200000000000E-6"
"1267","1.0043302649519141E+0","-7.3002021285839957E-17","-1.5446423487622582E-12","-2.0452674794512249E-12","-1.5100781482504360E-2","-1.3230277499015419E-1","2.9837215315337300E+0","6.2613072386765314E+0","3.6398452619132803E+2","3.6330492281491900E+2","3.054200000000000E-6"
"1266","1.0042898873611121E+0","-7.3002021283864045E-17","-1.8020919752170408E-12","-2.3882877425248524E-12","-1.5383655790519077E-2","-1.3491241252292241E-1","2.9830277914809500E+0","6.2624578904498653E+0","3.6405141628704820E+2","3.6362065427706398E+2","3.054200000000000E-6"
"1265","1.0042505978191174E+0","-7.3002021284892498E-17","-1.8120253187139476E-12","-2.4026887491732611E-12","-1.5675457824535305E-2","-1.3752183121482195E-1","2.9823199730556600E+0","6.2635273727398886E+0","3.6411358780966560E+2","3.6390557761139502E+2","3.054200000000000E-6"
"1264","1.0042123498026136E+0","-7.3002021282383402E-17","-1.6783655405945034E-12","-2.2286935322135540E-12","-1.5976091604449929E-2","-1.4013095286492963E-1","2.9815980896848999E+0","6.2645228117421867E+0","3.6417145502170177E+2","3.6416205655789997E+2","3.054200000000000E-6"
"1263","1.0041750994513556E+0","-7.3002021280795450E-17","-1.7710652680833719E-12","-2.3559972032171656E-12","-1.6285466571345712E-2","-1.4273970221999596E-1","2.9808621552136301E+0","6.2654505893874726E+0","3.6422538891980918E+2","3.6439222432122199E+2","3.054200000000000E-6"
"1262","1.0041388053822313E+0","-7.3002021279952712E-17","-1.2148992236743348E-12","-1.6193390760601650E-12","-1.6603497161288335E-2","-1.4534800678031473E-1","2.9801121838896099E+0","6.2663164330368577E+0","3.6427572244896913E+2","3.6459800948798602E+2","3.054200000000000E-6"
"1261","1.0041034285181341E+0","-7.3002021275942994E-17","-1.2239601822011509E-12","-1.6338007724369124E-12","-1.6930102416091792E-2","-1.4795579662098210E-1","2.9793481903497399E+0","6.2671254929746620E+0","3.6432275500733061E+2","3.6478115854015101E+2","3.054200000000000E-6"
"1260","1.0040689319303830E+0","-7.3002021276127711E-17","-1.2798200490797774E-12","-1.7099218716191924E-12","-1.7265205629228196E-2","-1.5056300422710622E-1","2.9785701896074501E+0","6.2678824095421408E+0","3.6436675634885211E+2","3.6494325571230002E+2","3.054200000000000E-6"
"1259","1.0040352806935411E+0","-7.3002021277361896E-17","-1.2698946874247785E-12","-1.6980359243687376E-12","-1.7608734021690119E-2","-1.5316956434175844E-1","2.9777781970412600E+0","6.2685913714497898E+0","3.6440796997313322E+2","3.6508574040002202E+2","3.054200000000000E-6"
"1258","1.0040024417515803E+0","-7.3002021277839255E-17","-1.3495420556165550E-12","-1.8067516709633080E-12","-1.7960618446163184E-2","-1.5577541382551180E-1","2.9769722283841800E+0","6.2692561665561897E+0","3.6444661607730819E+2","3.6520992241561800E+2","3.054200000000000E-6"
"1257","1.0039703837944269E+0","-7.3002021277516118E-17","-9.0759639886180254E-13","-1.2156353851093014E-12","-1.8320793116556426E-2","-1.5838049152656949E-1","2.9761522997139900E+0","6.2698802261946813E+0","3.6448289413285994E+2","3.6531699557787999E+2","3.054200000000000E-6"
"1256","1.0039390771439758E+0","-7.3002021277959507E-17","-1.4033600043553361E-12","-1.8833959205383149E-12","-1.8689195359839740E-2","-1.6098473816063832E-1","2.9753184274443298E+0","6.2704666639592457E+0","3.6451698514033478E+2","3.6540804933155800E+2","3.054200000000000E-6"
"1255","1.0039084936487865E+0","-7.3002021278825467E-17","-1.4015781154701025E-12","-1.8848395182462860E-12","-1.9065765389757419E-2","-1.6358809619963627E-1","2.9744706283163400E+0","6.2710183097195529E+0","3.6454905360671677E+2","3.6548407973249300E+2","3.054200000000000E-6"
"1254","1.0038786065867469E+0","-7.3002021279070174E-17","-1.3966430478979967E-12","-1.8801370978864009E-12","-1.9450446097961604E-2","-1.6619050976860147E-1","2.9736089193910402E+0","6.2715377395177025E+0","3.6457924928339605E+2","3.6554599827503802E+2","3.054200000000000E-6"
"1253","1.0038493905749795E+0","-7.3002021278783140E-17","-1.4190495267094243E-12","-1.9137762458586409E-12","-1.9843182863172510E-2","-1.6879192455008238E-1","2.9727333180421298E+0","6.2720273019015904E+0","3.6460770869698945E+2","3.6559464059326700E+2","3.054200000000000E-6"
"1252","1.0038208214864348E+0","-7.3002021279129240E-17","-1.4220070615672469E-12","-1.9195931693663234E-12","-2.0243923375476199E-2","-1.7139228769540263E-1","2.9718438419493700E+0","6.2724891411669024E+0","3.6463455650045177E+2","3.6563077343603800E+2","3.054200000000000E-6"
"1251","1.0037928763725819E+0","-7.3002021279262138E-17","-1.3571653287582282E-12","-1.8346914519013608E-12","-2.0652617474715810E-2","-1.7399154774227593E-1","2.9709405090923400E+0","6.2729252179120980E+0","3.6465990666798587E+2","3.6565510155156301E+2","3.054200000000000E-6"
"1250","1.0037655333917170E+0","-7.3002021279130966E-17","-1.3484771319400133E-12","-1.8244219647226484E-12","-2.1069217001710442E-2","-1.7658965453823586E-1","2.9700233377445602E+0","6.2733373272517436E+0","3.6468386355382648E+2","3.6566827343380800E+2","3.054200000000000E-6"
"1249","1.0037387717424064E+0","-7.3002021279157849E-17","-1.4013279495780261E-12","-1.8998186978450329E-12","-2.1493675661156970E-2","-1.7918655916945503E-1","2.9690923464680798E+0","6.2737271149855030E+0","3.6470652283218152E+2","3.6567088655863603E+2","3.054200000000000E-6"
"1248","1.0037125716016597E+0","-7.3002021279211553E-17","-1.8418884838951973E-12","-2.4972232984637208E-12","-2.1925948895089430E-2","-1.8178221389451360E-1","2.9681475541082301E+0","6.2740960919780928E+0","3.6472797233317289E+2","3.6566349189431600E+2","3.054200000000000E-6"
"1247","1.0036869140674645E+0","-7.3002021279085421E-17","-2.0016397832796799E-12","-2.7181516732759454E-12","-2.2365993766306897E-2","-1.8437657208270500E-1","2.9671889797887498E+0","6.2744456469706140E+0","3.6474829278758932E+2","3.6564659842666902E+2","3.054200000000000E-6"
"1246","1.0036617811052868E+0","-7.3002021278509614E-17","-1.9117199832900185E-12","-2.5990055654269642E-12","-2.2813768850124042E-2","-1.8696958815663917E-1","2.9662166429071601E+0","6.2747770580141635E+0","3.6476755849154898E+2","3.6562067656108701E+2","3.054200000000000E-6"
"1245","1.0036371554982786E+0","-7.3002021277631341E-17","-1.8355035253114408E-12","-2.4975935538718932E-12","-2.3269234134657681E-2","-1.8956121753866059E-1","2.9652305631303202E+0","6.2750915026904526E+0","3.6478583790064835E+2","3.6558616189938402E+2","3.054200000000000E-6"
"1244","1.0036130208008751E+0","-7.3002021277909402E-17","-2.9621832414382005E-12","-4.0333229612622524E-12","-2.3732350928256363E-2","-1.9215141660091914E-1","2.9642307603902300E+0","6.2753900672630696E+0","3.6480319416194635E+2","3.6554345808707802E+2","3.054200000000000E-6"
"1243","1.0035893612955153E+0","-7.3002021278758204E-17","-3.0164877474190508E-12","-4.1181617892284683E-12","-2.4203081774513739E-2","-1.9474014261871886E-1","2.9632172548799698E+0","6.2756737548838437E+0","3.6481968559101978E+2","3.6549293941980198E+2","3.054200000000000E-6"
"1242","1.0035661619522354E+0","-7.3002021279334147E-17","-3.0685545392832294E-12","-4.1955657554504643E-12","-2.4681390371805161E-2","-1.9732735372705171E-1","2.9621900670499000E+0","6.2759434929633953E+0","3.6483536610043080E+2","3.6543495343477900E+2","3.054200000000000E-6"
"1241","1.0035434083909620E+0","-7.3002021279614636E-17","-3.0489707551149849E-12","-4.1716464496398443E-12","-2.5167241500252961E-2","-1.9991300887987556E-1","2.9611492176038698E+0","6.2762001398004950E+0","3.6485028558510703E+2","3.6536982348487300E+2","3.054200000000000E-6"
"1240","1.0035210868462328E+0","-7.3002021280318251E-17","-3.1710836652137239E-12","-4.3407467582308795E-12","-2.5660600952972248E-2","-2.0249706781211044E-1","2.9600947274957199E+0","6.2764444905534580E+0","3.6486449026947264E+2","3.6529785016547402E+2","3.054200000000000E-6"
"1239","1.0034991841342262E+0","-7.3002021280162155E-17","-3.1311066151168085E-12","-4.2917736045012956E-12","-2.6161435472604438E-2","-2.0507949100404416E-1","2.9590266179257201E+0","6.2766772826262933E+0","3.6487802302055832E+2","3.6521931348075600E+2","3.054200000000000E-6"
"1238","1.0034776876218769E+0","-7.3002021280684541E-17","-3.1949467729293852E-12","-4.3862022255416479E-12","-2.6669712691839979E-2","-2.0766023964806055E-1","2.9579449103373401E+0","6.2768992005339888E+0","3.6489092363083137E+2","3.6513447476213400E+2","3.054200000000000E-6"
"1237","1.0034565851979629E+0","-7.3002021280163930E-17","-3.1957425106381272E-12","-4.3912212028462827E-12","-2.7185401078463907E-2","-2.1023927561744005E-1","2.9568496264138702E+0","6.2771108803024456E+0","3.6490322907397427E+2","3.6504357768971300E+2","3.054200000000000E-6"
"1236","1.0034358652459965E+0","-7.3002021280700294E-17","-3.1486370328663666E-12","-4.3335210310851167E-12","-2.7708469883852345E-2","-2.1281656143714170E-1","2.9557407880753899E+0","6.2773129134533301E+0","3.6491497373653380E+2","3.6494684993286597E+2","3.054200000000000E-6"
"1235","1.0034155166188068E+0","-7.3002021280447907E-17","-3.2645904888156172E-12","-4.4975313299987919E-12","-2.8238889095079257E-2","-2.1539206025640328E-1","2.9546184174755701E+0","6.2775058506171897E+0","3.6492618962795950E+2","3.6484450436227502E+2","3.054200000000000E-6"
"1234","1.0033955286146652E+0","-7.3002021280900245E-17","-3.3920182644918668E-12","-4.6828807328818486E-12","-2.8776629390301907E-2","-2.1796573582303813E-1","2.9534825369987501E+0","6.2776902048137355E+0","3.6493690657129474E+2","3.6473674057180199E+2","3.054200000000000E-6"
"1233","1.0033758909548809E+0","-7.3002021281204573E-17","-3.2824881581166272E-12","-4.5360610182193935E-12","-2.9321662096935958E-2","-2.2053755245932133E-1","2.9523331692569301E+0","6.2778664544333420E+0","3.6494715237649780E+2","3.6462374466848701E+2","3.054200000000000E-6"
"1232","1.0033565937627320E+0","-7.3002021280776480E-17","-3.2034737427403798E-12","-4.4310150675589997E-12","-2.9873959152653114E-2","-2.2310747503931530E-1","2.9511703370869702E+0","6.2780350459502907E+0","3.6495695299816947E+2","3.6450569210645000E+2","3.054200000000000E-6"
"1231","1.0033376275436545E+0","-7.3002021280744519E-17","-3.1616242043550785E-12","-4.3799018204395750E-12","-3.0433493068955975E-2","-2.2567546896760271E-1","2.9499940635476700E+0","6.2781963963946383E+0","3.6496633267924847E+2","3.6438274703688802E+2","3.054200000000000E-6"
"1230","1.0033189831666114E+0","-7.3002021280829186E-17","-3.2147040819259525E-12","-4.4595674274688852E-12","-3.1000236897106809E-2","-2.2824150015925523E-1","2.9488043719170398E+0","6.2783508956066623E+0","3.6497531408206771E+2","3.6425506364592002E+2","3.054200000000000E-6"
"1229","1.0033006518465211E+0","-7.3002021281029470E-17","-2.5799463750008810E-12","-3.5826355590578790E-12","-3.1574164196301081E-2","-2.3080553502101550E-1","2.9476012856895801E+0","6.2784989082952993E+0","3.6498391840801600E+2","3.6412278704896698E+2","3.054200000000000E-6"
"1228","1.0032826251277496E+0","-7.3002021281343252E-17","-2.4326666034253061E-12","-3.3828975428913579E-12","-3.2155249003374645E-2","-2.3336754043359098E-1","2.9463848285735499E+0","6.2786407759195360E+0","3.6499216550690784E+2","3.6398605363307900E+2","3.054200000000000E-6"
"1227","1.0032648948684892E+0","-7.3002021281565477E-17","-2.4367925136665537E-12","-3.3915532095440897E-12","-3.2743465805314738E-2","-2.3592748373495986E-1","2.9451550244883302E+0","6.2787768184099253E+0","3.6500007397705929E+2","3.6384499194856801E+2","3.054200000000000E-6"
"1226","1.0032474532260791E+0","-7.3002021281302848E-17","-2.5511523109206774E-12","-3.5551239484199257E-12","-3.3338789512757067E-2","-2.3848533270465050E-1","2.9439118975617999E+0","6.2789073357451262E+0","3.6500766125693588E+2","3.6369972314496300E+2","3.054200000000000E-6"
"1225","1.0032302926431138E+0","-7.3002021281925493E-17","-2.5950146133335704E-12","-3.6205631830830182E-12","-3.3941195435390412E-2","-2.4104105554894231E-1","2.9426554721277300E+0","6.2790326093973956E+0","3.6501494370918221E+2","3.6355036137839602E+2","3.054200000000000E-6"
"1224","1.0032134058343400E+0","-7.3002021282073861E-17","-2.6122716449984055E-12","-3.6500274116172877E-12","-3.4550659258803323E-2","-2.4359462088689407E-1","2.9413857727232200E+0","6.2791529036590408E+0","3.6502193669773231E+2","3.6339701452600599E+2","3.054200000000000E-6"
"1223","1.0031967857742730E+0","-7.3002021281707385E-17","-2.5654655493682927E-12","-3.5904995786922562E-12","-3.5167157022840928E-2","-2.4614599773715895E-1","2.9401028240861802E+0","6.2792684668607865E+0","3.6502865465863550E+2","3.6323978454002997E+2","3.054200000000000E-6"
"1222","1.0031804256854919E+0","-7.3002021281896650E-17","-2.5080367798690343E-12","-3.5149401186767927E-12","-3.5790665101169565E-2","-2.4869515550554916E-1","2.9388066511527899E+0","6.2793795324920163E+0","3.6503511116517933E+2","3.6307876756984598E+2","3.054200000000000E-6"
"1221","1.0031643190275623E+0","-7.3002021281373155E-17","-2.4399127521372285E-12","-3.4228671605575116E-12","-3.6421160182170308E-2","-2.5124206397328347E-1","2.9374972790550000E+0","6.2794863202315723E+0","3.6504131898781185E+2","3.6291405512711498E+2","3.054200000000000E-6"
"1220","1.0031484594865629E+0","-7.3002021281173881E-17","-1.4859346352488067E-12","-2.0876337773298287E-12","-3.7058619251067480E-2","-2.5378669328587034E-1","2.9361747331180501E+0","6.2795890368972191E+0","3.6504729014933645E+2","3.6274573334330898E+2","3.054200000000000E-6"
"1219","1.0031328409651536E+0","-7.3002021281079921E-17","-1.4213451597831930E-12","-1.9981198418327513E-12","-3.7703019572347236E-2","-2.5632901394265956E-1","2.9348390388580801E+0","6.2796878773208622E+0","3.6505303597579041E+2","3.6257388400714001E+2","3.054200000000000E-6"
"1218","1.0031174575731843E+0","-7.3002021280945691E-17","-1.4276968163037778E-12","-2.0121673697016525E-12","-3.8354338674784383E-2","-2.5886899678685010E-1","2.9334902219795498E+0","6.2797830251560587E+0","3.6505856714338722E+2","3.6239858490686203E+2","3.054200000000000E-6"
"1217","1.0031023036187783E+0","-7.3002021280500749E-17","-1.4068903768591899E-12","-1.9846206344999925E-12","-3.9012554335829376E-2","-2.6140661299613055E-1","2.9321283083729499E+0","6.2798746536236845E+0","3.6506389372186402E+2","3.6221990959152100E+2","3.054200000000000E-6"
"1216","1.0030873735998906E+0","-7.3002021280188631E-17","-1.4402538680268960E-12","-2.0344026488663387E-12","-3.9677644567604434E-2","-2.6394183407378030E-1","2.9307533241122998E+0","6.2799629262010139E+0","3.6506902521453964E+2","3.6203792838546900E+2","3.054200000000000E-6"
"1215","1.0030726621962811E+0","-7.3002021280479967E-17","-1.3804554470074792E-12","-1.9518127062446884E-12","-4.0349587603645300E-2","-2.6647463184024378E-1","2.9293652954527700E+0","6.2800479972590226E+0","3.6507397059536214E+2","3.6185270765051803E+2","3.054200000000000E-6"
"1214","1.0030581642619159E+0","-7.3002021280604595E-17","-1.3944705455430129E-12","-1.9745413423965600E-12","-4.1028361886298007E-2","-2.6900497842514060E-1","2.9279642488283302E+0","6.2801300126523127E+0","3.6507873834320282E+2","3.6166431080759702E+2","3.054200000000000E-6"
"1213","1.0030438748177382E+0","-7.3002021280827682E-17","-1.2988219969341737E-12","-1.8411233926616309E-12","-4.1713946055016417E-2","-2.7153284625969631E-1","2.9265502108492898E+0","6.2802091102655364E+0","3.6508333647362110E+2","3.6147279819365701E+2","3.054200000000000E-6"
"1212","1.0030297890448003E+0","-7.3002021280808109E-17","-1.3667553684456840E-12","-1.9388386509275767E-12","-4.2406318935078340E-2","-2.7405820806956654E-1","2.9251232083000200E+0","6.2802854205199541E+0","3.6508777256831166E+2","3.6127822714084300E+2","3.054200000000000E-6"
"1211","1.0030159022777398E+0","-7.3002021280867889E-17","-1.3182181708133955E-12","-1.8757461414698794E-12","-4.3105459527300882E-2","-2.7658103686800573E-1","2.9236832681365499E+0","6.2803590668433475E+0","3.6509205380242213E+2","3.6108065297287698E+2","3.054200000000000E-6"
"1210","1.0030022099985840E+0","-7.3002021280847995E-17","-1.2756127120949323E-12","-1.8153802849509137E-12","-4.3811346997924952E-2","-2.7910130594940269E-1","2.9222304174842000E+0","6.2804301661062736E+0","3.6509618696991288E+2","3.6088012757243303E+2","3.054200000000000E-6"
"1209","1.0029887078308299E+0","-7.3002021280798371E-17","-1.3129861703744471E-12","-1.8707330892088633E-12","-4.4523960669383696E-2","-2.8161898888313652E-1","2.9207646836353001E+0","6.2804988290273815E+0","3.6510017850711967E+2","3.6067670116564301E+2","3.054200000000000E-6"
"1208","1.0029753915338391E+0","-7.3002021280780770E-17","-1.3059809165075000E-12","-1.8654993912702207E-12","-4.5243280011513856E-2","-2.8413405950771808E-1","2.9192860940468002E+0","6.2805651605501600E+0","3.6510403451465447E+2","3.6047042141519699E+2","3.054200000000000E-6"
"1207","1.0029622569974830E+0","-7.3002021280760481E-17","-1.2257335963985601E-12","-1.7538954910949704E-12","-4.5969284633190957E-2","-2.8664649192523645E-1","2.9177946763379898E+0","6.2806292601934697E+0","3.6510776077778291E+2","3.6026133419282900E+2","3.054200000000000E-6"
"1206","1.0029493002370509E+0","-7.3002021280679068E-17","-1.2288184950189223E-12","-1.7593449488652145E-12","-4.6701954274468181E-2","-2.8915626049606602E-1","2.9162904582881701E+0","6.2806912223778610E+0","3.6511136278539368E+2","3.6004948342231199E+2","3.054200000000000E-6"
"1205","1.0029365173883908E+0","-7.3002021280531490E-17","-1.1904837149634801E-12","-1.7048320373638182E-12","-4.7441268799233022E-2","-2.9166333983383808E-1","2.9147734678343502E+0","6.2807511367295223E+0","3.6511484574766826E+2","3.5983491073261598E+2","3.054200000000000E-6"
"1204","1.0029239047032787E+0","-7.3002021280405321E-17","-1.1968547046720207E-12","-1.7159296601883837E-12","-4.8187208188144461E-2","-2.9416770480063559E-1","2.9132437330689300E+0","6.2808090883636165E+0","3.6511821461255118E+2","3.5961765650275601E+2","3.054200000000000E-6"
"1203","1.0029114585450112E+0","-7.3002021280439723E-17","-1.1530655429291280E-12","-1.6548118411822120E-12","-4.8939752532109575E-2","-2.9666933050242289E-1","2.9117012822374400E+0","6.2808651581485728E+0","3.6512147408111468E+2","3.5939775926469798E+2","3.054200000000000E-6"
"1202","1.0028991753841858E+0","-7.3002021280418867E-17","-1.0962095325361812E-12","-1.5742107053163649E-12","-4.9698882025984735E-2","-2.9916819228468966E-1","2.9101461437362102E+0","6.2809194229526906E+0","3.6512462862189392E+2","3.5917525622316600E+2","3.054200000000000E-6"
"1201","1.0028870517946846E+0","-7.3002021280294955E-17","-1.1177260492063441E-12","-1.6082075420748135E-12","-5.0464576962686393E-2","-3.0166426572829030E-1","2.9085783461101702E+0","6.2809719558745361E+0","3.6512768248428057E+2","3.5895018297321502E+2","3.054200000000000E-6"
"1200","1.0028750844498331E+0","-7.3002021280313826E-17","-1.6736717217105437E-12","-2.4134682783504293E-12","-5.1236817727588022E-2","-3.0415752664549056E-1","2.9069979180504899E+0","6.2810228264581101E+0","3.6513063971103105E+2","3.5872257360396401E+2","3.054200000000000E-6"
"1199","1.0028632701187408E+0","-7.3002021280148300E-17","-1.6125067325041564E-12","-2.3293741214538478E-12","-5.2015584793685739E-2","-3.0664795107611842E-1","2.9054048883923600E+0","6.2810721008941552E+0","3.6513350414996904E+2","3.5849246116579002E+2","3.054200000000000E-6"
"1198","1.0028516056627850E+0","-7.3002021279968637E-17","-1.6145554592696866E-12","-2.3331138401549433E-12","-5.2800858715923146E-2","-3.0913551528403183E-1","2.9037992861127502E+0","6.2811198422083319E+0","3.6513627946492454E+2","3.5825987745539601E+2","3.054200000000000E-6"
"1197","1.0028400880322783E+0","-7.3002021279987015E-17","-1.5781658915806055E-12","-2.2877657325151306E-12","-5.3592620127062569E-2","-3.1162019575357702E-1","2.9021811403281399E+0","6.2811661104375869E+0","3.6513896914598655E+2","3.5802485310221698E+2","3.054200000000000E-6"
"1196","1.0028287142632497E+0","-7.3002021280068157E-17","-1.6532074514630702E-12","-2.3957322552864443E-12","-5.4390849733041709E-2","-3.1410196918632316E-1","2.9005504802922601E+0","6.2812109627950665E+0","3.6514157651908982E+2","3.5778741778743699E+2","3.054200000000000E-6"
"1195","1.0028174814743995E+0","-7.3002021280064952E-17","-1.5289830519880809E-12","-2.2211475878867953E-12","-5.5195528308961558E-2","-3.1658081249785458E-1","2.8989073353938899E+0","6.2812544538248414E+0","3.6514410475500972E+2","3.5754759934005699E+2","3.054200000000000E-6"
"1194","1.0028063868641535E+0","-7.3002021280240745E-17","-1.4735715686539647E-12","-2.1422447426311050E-12","-5.6006636694950554E-2","-3.1905670281476484E-1","2.8972517351546099E+0","6.2812966355469388E+0","3.6514655687779276E+2","3.5730542595682198E+2","3.054200000000000E-6"
"1193","1.0027954277078672E+0","-7.3002021280192883E-17","-1.5250281959347875E-12","-2.2194246948543749E-12","-5.6824155792605482E-2","-3.2152961747171682E-1","2.8955837092265901E+0","6.2813375575933730E+0","3.6514893577266474E+2","3.5706092421345699E+2","3.054200000000000E-6"
"1192","1.0027846013551358E+0","-7.3002021280327421E-17","-1.4697016378394205E-12","-2.1439749693850781E-12","-5.7648066561479749E-2","-3.2399953400866732E-1","2.8939032873903399E+0","6.2813772673358219E+0","3.6515124419345290E+2","3.5681411934481400E+2","3.054200000000000E-6"
"1191","1.0027739052272235E+0","-7.3002021280544358E-17","-1.5322653839411086E-12","-2.2353489317147202E-12","-5.8478350015676410E-2","-3.2646643016818311E-1","2.8922104995525801E+0","6.2814158100055568E+0","3.6515348476955734E+2","3.5656503667652800E+2","3.054200000000000E-6"
"1190","1.0027633368146005E+0","-7.3002021280463179E-17","-1.4477533546352819E-12","-2.1152486420730485E-12","-5.9314987220892929E-2","-3.2893028389285506E-1","2.8905053757439498E+0","6.2814532288061153E+0","3.6515566001250147E+2","3.5631370012752700E+2","3.054200000000000E-6"
"1189","1.0027528936745702E+0","-7.3002021280564104E-17","-1.2764725761784050E-12","-1.8742033197347879E-12","-6.0157959291319639E-2","-3.3139107332285889E-1","2.8887879461168899E+0","6.2814895650192026E+0","3.6515777232208796E+2","3.5606013325222898E+2","3.054200000000000E-6"
"1188","1.0027425734290174E+0","-7.3002021280456634E-17","-1.2566070983120713E-12","-1.8463460973318763E-12","-6.1007247386918650E-2","-3.3384877679353775E-1","2.8870582409434098E+0","6.2815248581042349E+0","3.6515982399218547E+2","3.5580435863785101E+2","3.054200000000000E-6"
"1187","1.0027323737622320E+0","-7.3002021280347217E-17","-1.2270222561047452E-12","-1.8070555795232785E-12","-6.1862832710913737E-2","-3.3630337283314393E-1","2.8853162906129399E+0","6.2815591457921602E+0","3.6516181721618295E+2","3.5554639836504998E+2","3.054200000000000E-6"
"1186","1.0027222924188193E+0","-7.3002021280258026E-17","-1.2357869454775800E-12","-1.8226081041454352E-12","-6.2724696507233724E-2","-3.3875484016062823E-1","2.8835621256301600E+0","6.2815924641736185E+0","3.6516375409211417E+2","3.5528627361500600E+2","3.054200000000000E-6"
"1185","1.0027123272017033E+0","-7.3002021280339895E-17","-1.1837291357857196E-12","-1.7474886636592180E-12","-6.3592820058257324E-2","-3.4120315768352411E-1","2.8817957766128299E+0","6.2816248477820533E+0","3.6516563662748950E+2","3.5502400529466502E+2","3.054200000000000E-6"
"1184","1.0027024759702134E+0","-7.3002021280429591E-17","-1.2155763362507380E-12","-1.7972709947141861E-12","-6.4467184682570705E-2","-3.4364830449588890E-1","2.8800172742896200E+0","6.2816563296720185E+0","3.6516746674384791E+2","3.5475961388558602E+2","3.054200000000000E-6"
"1183","1.0026927366382321E+0","-7.3002021280434645E-17","-1.1856222772023236E-12","-1.7550530472696440E-12","-6.5347771733026902E-2","-3.4609025987635272E-1","2.8782266494980200E+0","6.2816869414929677E+0","3.6516924628104664E+2","3.5449311857260898E+2","3.054200000000000E-6"
"1182","1.0026831071724287E+0","-7.3002021280544099E-17","-1.2639723245483794E-12","-1.8695190284264868E-12","-6.6234562594703297E-2","-3.4852900328619757E-1","2.8764239331821599E+0","6.2817167135588994E+0","3.6517097700130984E+2","3.5422453904523002E+2","3.054200000000000E-6"
"1181","1.0026735855905640E+0","-7.3002021280433400E-17","-1.1119945915020159E-12","-1.6512888346224201E-12","-6.7127538683274257E-2","-3.5096451436752113E-1","2.8746091563906999E+0","6.2817456749139904E+0","3.6517266059304376E+2","3.5395389335018098E+2","3.054200000000000E-6"
"1180","1.0026641699598382E+0","-7.3002021280425523E-17","-1.0705285594725568E-12","-1.5912749448147646E-12","-6.8026681443055320E-2","-3.5339677294148131E-1","2.8727823502747101E+0","6.2817738533946379E+0","3.6517429867444372E+2","3.5368120024128802E+2","3.054200000000000E-6"
"1179","1.0026548583953394E+0","-7.3002021280504841E-17","-1.1393353195258122E-12","-1.6939535258925914E-12","-6.8931972345666115E-2","-3.5582575900654190E-1","2.8709435460855799E+0","6.2818012756879673E+0","3.6517589279689520E+2","3.5340647741392701E+2","3.054200000000000E-6"
"1178","1.0026456490585292E+0","-7.3002021280411016E-17","-1.1380134077214110E-12","-1.6938723944472435E-12","-6.9843392888475644E-2","-3.5825145273682074E-1","2.8690927751728599E+0","6.2818279673871666E+0","3.6517744444819039E+2","3.5312974197366799E+2","3.054200000000000E-6"
"1177","1.0026365401557695E+0","-7.3002021280397161E-17","-7.8948776400406257E-13","-1.1815036361189842E-12","-7.0760924593220975E-2","-3.6067383448049656E-1","2.8672300689822698E+0","6.2818539530437842E+0","3.6517895505556857E+2","3.5285101117714100E+2","3.054200000000000E-6"
"1176","1.0026275299369511E+0","-7.3002021280399047E-17","-8.3239677477134042E-13","-1.2457730979566523E-12","-7.1684549004431067E-2","-3.6309288475823481E-1","2.8653554590535402E+0","6.2818792562171293E+0","3.6518042598858784E+2","3.5257030141191501E+2","3.054200000000000E-6"
"1175","1.0026186166941373E+0","-7.3002021280363746E-17","-7.5073074778004070E-13","-1.1268077357094081E-12","-7.2614247688763206E-2","-3.6550858426163590E-1","2.8634689770183601E+0","6.2819038995209890E+0","3.6518185856184084E+2","3.5228762854092201E+2","3.054200000000000E-6"
"1174","1.0026097987602631E+0","-7.3002021280329418E-17","-8.3427442273275950E-13","-1.2536680172571413E-12","-7.3550002233392753E-2","-3.6792091385181303E-1","2.8615706545983501E+0","6.2819279046679259E+0","3.6518325403752999E+2","3.5200300919153801E+2","3.054200000000000E-6"
"1173","1.0026010745078930E+0","-7.3002021280294992E-17","-8.6087337088699009E-13","-1.2928028172599380E-12","-7.4491794245244464E-2","-3.7032985455793571E-1","2.8596605236029600E+0","6.2819512925111329E+0","3.6518461362790049E+2","3.5171645832193099E+2","3.054200000000000E-6"
"1172","1.0025924423480308E+0","-7.3002021280237392E-17","-8.3155099915796911E-13","-1.2514297637791081E-12","-7.5439605349866559E-2","-3.7273538757582803E-1","2.8577386159274800E+0","6.2819740830841138E+0","3.6518593849754700E+2","3.5142799125262502E+2","3.054200000000000E-6"
"1171","1.0025839007289414E+0","-7.3002021280182973E-17","-8.2688276943139083E-13","-1.2454160186076614E-12","-7.6393417190553106E-2","-3.7513749426663862E-1","2.8558049635509799E+0","6.2819962956382422E+0","3.6518722976559724E+2","3.5113762307202700E+2","3.054200000000000E-6"
"1170","1.0025754481350533E+0","-7.3002021280140547E-17","-8.4598884178316166E-13","-1.2759285098383825E-12","-7.7353211427529767E-2","-3.7753615615551028E-1","2.8538595985343100E+0","6.2820179486783569E+0","3.6518848850778096E+2","3.5084536819491899E+2","3.054200000000000E-6"
"1169","1.0025670830858719E+0","-7.3002021280141349E-17","-7.9201428305190454E-13","-1.1971248132290163E-12","-7.8318969737185259E-2","-3.7993135493029329E-1","2.8519025530180500E+0","6.2820390599965510E+0","3.6518971575839447E+2","3.5055124098598901E+2","3.054200000000000E-6"
"1168","1.0025588041349598E+0","-7.3002021280148880E-17","-3.2042881864083559E-13","-4.9061270695106264E-13","-7.9290673811431983E-2","-3.8232307244027008E-1","2.8499338592205801E+0","6.2820596467041749E+0","3.6519091251216088E+2","3.5025525593655101E+2","3.054200000000000E-6"
"1167","1.0025506098689239E+0","-7.3002021280186289E-17","-2.4089899084088307E-13","-3.7210407821779067E-13","-8.0268305356634068E-2","-3.8471129069499777E-1","2.8479535494360699E+0","6.2820797252621983E+0","3.6519207972599503E+2","3.4995742636849297E+2","3.054200000000000E-6"
"1166","1.0025424989064566E+0","-7.3002021280176132E-17","-2.6216295446615477E-13","-4.0305734188340958E-13","-8.1251846093614619E-2","-3.8709599186303684E-1","2.8459616560324501E+0","6.2820993115100929E+0","3.6519321832068266E+2","3.4965776618559499E+2","3.054200000000000E-6"
"1165","1.0025344698974097E+0","-7.3002021280412828E-17","-3.5991687229915469E-13","-5.5158050864823797E-13","-8.2241277756762710E-2","-3.8947715827081364E-1","2.8439582114495301E+0","6.2821184206931404E+0","3.6519432918246798E+2","3.4935628876254498E+2","3.054200000000000E-6"
"1164","1.0025265215218928E+0","-7.3002021280440130E-17","-3.3260825644346821E-13","-5.1282003277335432E-13","-8.3236582093606765E-2","-3.9185477240148525E-1","2.8419432481969999E+0","6.2821370674884829E+0","3.6519541316456775E+2","3.4905300707744198E+2","3.054200000000000E-6"
"1163","1.0025186524894092E+0","-7.3002021280423995E-17","-3.9181482942735244E-13","-6.0131732930208657E-13","-8.4237740864262708E-2","-3.9422881689381584E-1","2.8399167988524998E+0","6.2821552660297844E+0","3.6519647108860505E+2","3.4874793441069500E+2","3.054200000000000E-6"
"1162","1.0025108615380309E+0","-7.3002021280383591E-17","-3.0573881187250615E-13","-4.7137044648432073E-13","-8.5244735841202637E-2","-3.9659927454106819E-1","2.8378788960596899E+0","6.2821730299307408E+0","3.6519750374597623E+2","3.4844108308252299E+2","3.054200000000000E-6"
"1161","1.0025031474335753E+0","-7.3002021280347623E-17","-3.0321702477650118E-13","-4.6862756686277693E-13","-8.6257548808694323E-2","-3.9896612828994793E-1","2.8358295725263400E+0","6.2821903723073884E+0","3.6519851189914715E+2","3.4813246607234402E+2","3.054200000000000E-6"
"1160","1.0024955089688374E+0","-7.3002021280251197E-17","-3.2340255840923248E-13","-4.9856316724483306E-13","-8.7276161562632779E-2","-4.0132936123953805E-1","2.8337688610224401E+0","6.2822073057992922E+0","3.6519949628288566E+2","3.4782209554814801E+2","3.054200000000000E-6"
"1159","1.0024879449628348E+0","-7.3002021280270229E-17","-3.1665395663539864E-13","-4.8956588300700467E-13","-8.8300555910196726E-2","-4.0368895664026999E-1","2.8316967943782601E+0","6.2822238425897954E+0","3.6520045760543803E+2","3.4750998383070601E+2","3.054200000000000E-6"
"1158","1.0024804542600776E+0","-7.3002021280275492E-17","-3.9757647629959949E-13","-6.1397668809535868E-13","-8.9330713669578718E-2","-4.0604489789289638E-1","2.8296134054825202E+0","6.2822399944252050E+0","3.6520139654964487E+2","3.4719614294861901E+2","3.054200000000000E-6"
"1157","1.0024730357298726E+0","-7.3002021280213948E-17","-3.6727966801554585E-13","-5.6685055144341731E-13","-9.0366616669842970E-2","-4.0839716854750890E-1","2.8275187272805100E+0","6.2822557726330785E+0","3.6520231377400358E+2","3.4688058465770001E+2","3.054200000000000E-6"
"1156","1.0024656882656362E+0","-7.3002021280211483E-17","-3.5378029578582689E-13","-5.4631117009619665E-13","-9.1408246750634817E-2","-4.1074575230254418E-1","2.8254127927722199E+0","6.2822711881396511E+0","3.6520320991368209E+2","3.4656332084569698E+2","3.054200000000000E-6"
"1155","1.0024584107842469E+0","-7.3002021280105308E-17","-3.5164985954105271E-13","-5.4236803347429525E-13","-9.2455585762113421E-2","-4.1309063300382037E-1","2.8232956350105201E+0","6.2822862514864406E+0","3.6520408558148358E+2","3.4624436298191500E+2","3.054200000000000E-6"
"1154","1.0024512022254035E+0","-7.3002021280117732E-17","-4.3556852366154744E-13","-6.6871263415412187E-13","-9.3508615564802153E-2","-4.1543179464357760E-1","2.8211672870993199E+0","6.2823009728460182E+0","3.6520494136876351E+2","3.4592372263290798E+2","3.054200000000000E-6"
"1153","1.0024440615510128E+0","-7.3002021280179448E-17","-4.1952388272857962E-13","-6.4601137383319144E-13","-9.4567318029566139E-2","-4.1776922135956007E-1","2.8190277821917298E+0","6.2823153620371510E+0","3.6520577784631001E+2","3.4560141133192701E+2","3.054200000000000E-6"
"1152","1.0024369877445958E+0","-7.3002021280244702E-17","-4.5535665188751304E-13","-7.0027347126286483E-13","-9.5631675037395183E-2","-4.2010289743407103E-1","2.8168771534883099E+0","6.2823294285390583E+0","3.6520659556517234E+2","3.4527743970806398E+2","3.054200000000000E-6"
"1151","1.0024299798107137E+0","-7.3002021280268022E-17","-4.4665970174809513E-13","-6.9003361983524512E-13","-9.6701668479523287E-2","-4.2243280729306415E-1","2.8147154342352501E+0","6.2823431815052180E+0","3.6520739505746371E+2","3.4495181896769998E+2","3.054200000000000E-6"
"1150","1.0024230367744116E+0","-7.3002021280300686E-17","-4.3035651114651644E-13","-6.6609070153779342E-13","-9.7777280257335938E-2","-4.2475893550524968E-1","2.8125426577226000E+0","6.2823566297763502E+0","3.6520817683711607E+2","3.4462456038888399E+2","3.054200000000000E-6"
"1149","1.0024161576806820E+0","-7.3002021280340659E-17","-4.1156353336970599E-13","-6.3706263569201383E-13","-9.8858492282387897E-2","-4.2708126678119240E-1","2.8103588572824800E+0","6.2823697818929549E+0","3.6520894140060864E+2","3.4429567443177501E+2","3.054200000000000E-6"
"1148","1.0024093415939404E+0","-7.3002021280304581E-17","-4.1996822141061378E-13","-6.5030768650080536E-13","-9.9945286476437509E-2","-4.2939978597244605E-1","2.8081640662873899E+0","6.2823826461071537E+0","3.6520968922765684E+2","3.4396517210739199E+2","3.054200000000000E-6"
"1147","1.0024025875975184E+0","-7.3002021280289334E-17","-4.0532444105921214E-13","-6.2936939335041636E-13","-1.0103764477151654E-1","-4.3171447807068286E-1","2.8059583181484200E+0","6.2823952303941155E+0","3.6521042078187588E+2","3.4363306387573601E+2","3.054200000000000E-6"
"1146","1.0023958947931877E+0","-7.3002021280245663E-17","-4.0234019034293837E-13","-6.2548081177116910E-13","-1.0213554910997549E-1","-4.3402532820681394E-1","2.8037416463135401E+0","6.2824075424628543E+0","3.6521113651140894E+2","3.4329936008150298E+2","3.054200000000000E-6"
"1145","1.0023892623006678E+0","-7.3002021280203669E-17","-3.5237684938434140E-13","-5.4996664169551430E-13","-1.0323898144460780E-1","-4.3633232165016655E-1","2.8015140842659099E+0","6.2824195897666444E+0","3.6521183684953240E+2","3.4296407128216998E+2","3.054200000000000E-6"
"1144","1.0023826892571823E+0","-7.3002021280159381E-17","-3.5917176226501919E-13","-5.6089187599628161E-13","-1.0434792373869207E-1","-4.3863544380762082E-1","2.7992756655221900E+0","6.2824313795128717E+0","3.6521252221522855E+2","3.4262720814492502E+2","3.054200000000000E-6"
"1143","1.0023761748170104E+0","-7.3002021280207785E-17","-3.5126136399406099E-13","-5.4993318174778227E-13","-1.0546235796620559E-1","-4.4093468022278526E-1","2.7970264236308200E+0","6.2824429186725599E+0","3.6521319301373944E+2","3.4228878009115101E+2","3.054200000000000E-6"
"1142","1.0023697181510509E+0","-7.3002021280222922E-17","-3.7207629648024517E-13","-5.8104643892431737E-13","-1.0658226611188421E-1","-4.4323001657516742E-1","2.7947663921703900E+0","6.2824542139893689E+0","3.6521384963708982E+2","3.4194879782943701E+2","3.054200000000000E-6"
"1141","1.0023633184464136E+0","-7.3002021280235420E-17","-3.5539048777647567E-13","-5.5772506954798803E-13","-1.0770763017145578E-1","-4.4552143867934824E-1","2.7924956047479799E+0","6.2824652719882987E+0","3.6521449246459332E+2","3.4160727136814000E+2","3.054200000000000E-6"
"1140","1.0023569749060086E+0","-7.3002021280303484E-17","-3.3978913699667111E-13","-5.3407888839048371E-13","-1.0883843215172245E-1","-4.4780893248417847E-1","2.7902140949975101E+0","6.2824760989839366E+0","3.6521512186333183E+2","3.4126421054880802E+2","3.054200000000000E-6"
"1139","1.0023506867481551E+0","-7.3002021280257878E-17","-3.3836466623658460E-13","-5.3091610046713278E-13","-1.0997465407080133E-1","-4.5009248407196378E-1","2.7879218965781298E+0","6.2824867010883887E+0","3.6521573818861640E+2","3.4091962511213097E+2","3.054200000000000E-6"
"1138","1.0023444532061974E+0","-7.3002021280168256E-17","-3.2508166287177155E-13","-5.1339571811085340E-13","-1.1111627795830099E-1","-4.5237207965767484E-1","2.7856190431726100E+0","6.2824970842188721E+0","3.6521634178442878E+2","3.4057352518191902E+2","3.054200000000000E-6"
"1137","1.0023382735281479E+0","-7.3002021280169341E-17","-3.2799945297593917E-13","-5.1742614628043015E-13","-1.1226328585554098E-1","-4.5464770558812984E-1","2.7833055684857300E+0","6.2825072541049440E+0","3.6521693298384167E+2","3.4022592036835800E+2","3.054200000000000E-6"
"1136","1.0023321469763089E+0","-7.3002021280195336E-17","-3.0966484426449047E-13","-4.8903012921315252E-13","-1.1341565981574905E-1","-4.5691934834123904E-1","2.7809815062427101E+0","6.2825172162954939E+0","3.6521751210942500E+2","3.3987682031425101E+2","3.054200000000000E-6"
"1135","1.0023260728269459E+0","-7.3002021280097604E-17","-3.1480579638400494E-13","-4.9841237504310735E-13","-1.1457338190428433E-1","-4.5918699452518419E-1","2.7786468901876402E+0","6.2825269761653448E+0","3.6521807947362998E+2","3.3952623457692903E+2","3.054200000000000E-6"
"1134","1.0023200503699339E+0","-7.3002021280135420E-17","-3.1089440864821361E-13","-4.9268848221177460E-13","-1.1573643419890743E-1","-4.6145063087766464E-1","2.7763017540819401E+0","6.2825365389216623E+0","3.6521863537916130E+2","3.3917417265939798E+2","3.054200000000000E-6"
"1133","1.0023140789084404E+0","-7.3002021280165988E-17","-2.9751071027766884E-13","-4.7478638206073138E-13","-1.1690479879001059E-1","-4.6371024426510737E-1","2.7739461317028198E+0","6.2825459096100698E+0","3.6521918011933298E+2","3.3882064436216001E+2","3.054200000000000E-6"
"1132","1.0023081577586042E+0","-7.3002021280160281E-17","-2.9584625569163436E-13","-4.7150880322258004E-13","-1.1807845778083469E-1","-4.6596582168190520E-1","2.7715800568417102E+0","6.2825550931204805E+0","3.6521971397840713E+2","3.3846565847551102E+2","3.054200000000000E-6"
"1131","1.0023022862492252E+0","-7.3002021280090307E-17","-2.6894345942009719E-13","-4.2800000316685986E-13","-1.1925739328780813E-1","-4.6821735024964528E-1","2.7692035633028400E+0","6.2825640941927210E+0","3.6522023723192115E+2","3.3810922480087299E+2","3.054200000000000E-6"
"1130","1.0022964637214662E+0","-7.3002021280060823E-17","-2.6862092994413036E-13","-4.2991467541605772E-13","-1.2044158744073881E-1","-4.7046481721634215E-1","2.7668166849016700E+0","6.2825729174219038E+0","3.6522075014699959E+2","3.3775135262154703E+2","3.054200000000000E-6"
"1129","1.0022906895285617E+0","-7.3002021280084329E-17","-2.7550638436760560E-13","-4.4089918375242845E-13","-1.2163102238313236E-1","-4.7270820995569307E-1","2.7644194554634400E+0","6.2825815672635752E+0","3.6522125298265394E+2","3.3739205088253601E+2","3.054200000000000E-6"
"1128","1.0022849630355333E+0","-7.3002021280081297E-17","-2.5377802583013030E-13","-4.0827100543457118E-13","-1.2282568027248587E-1","-4.7494751596630852E-1","2.7620119088217101E+0","6.2825900480387267E+0","3.6522174599007354E+2","3.3703132900377699E+2","3.054200000000000E-6"
"1127","1.0022792836189205E+0","-7.3002021280037022E-17","-2.6178172449705592E-13","-4.2304441988184713E-13","-1.2402554328052352E-1","-4.7718272287096375E-1","2.7595940788169200E+0","6.2825983639384608E+0","3.6522222941289709E+2","3.3666919610045602E+2","3.054200000000000E-6"
"1126","1.0022736506665066E+0","-7.3002021280010472E-17","-2.4438092453080532E-13","-3.9417084551005325E-13","-1.2523059359355729E-1","-4.7941381841584929E-1","2.7571659992949100E+0","6.2826065190286027E+0","3.6522270348748060E+2","3.3630566110531998E+2","3.054200000000000E-6"
"1125","1.0022680635770671E+0","-7.3002021279911864E-17","-2.2547692115932515E-13","-3.6635225705058718E-13","-1.2644081341273347E-1","-4.8164079046982772E-1","2.7547277041055400E+0","6.2826145172540739E+0","3.6522316844315162E+2","3.3594073294277598E+2","3.054200000000000E-6"
"1124","1.0022625217601098E+0","-7.3002021279928184E-17","-1.7545049718641039E-13","-2.8770097345542593E-13","-1.2765618495436920E-1","-4.8386362702368846E-1","2.7522792271012801E+0","6.2826223624430515E+0","3.6522362450245106E+2","3.3557442113129099E+2","3.054200000000000E-6"
"1123","1.0022570246356315E+0","-7.3002021279896506E-17","-1.6811137815862614E-13","-2.7631033199113924E-13","-1.2887669045020114E-1","-4.8608231618940845E-1","2.7498206021358200E+0","6.2826300583110619E+0","3.6522407188137129E+2","3.3520673408626698E+2","3.054200000000000E-6"
"1122","1.0022515716338869E+0","-7.3002021279881591E-17","-1.9346947758385478E-13","-3.1783433547525699E-13","-1.3010231214778553E-1","-4.8829684619940750E-1","2.7473518630626699E+0","6.2826376084648130E+0","3.6522451078957863E+2","3.3483768082928202E+2","3.054200000000000E-6"
"1121","1.0022461621951462E+0","-7.3002021279889172E-17","-1.3215716255492617E-13","-2.2014584773071819E-13","-1.3133303231076571E-1","-4.9050720540583087E-1","2.7448730437338398E+0","6.2826450164059349E+0","3.6522494143063113E+2","3.3446726981926599E+2","3.054200000000000E-6"
"1120","1.0022407957694801E+0","-7.3002021279857433E-17","-1.2592485204510537E-13","-2.1281817912478364E-13","-1.3256883321916371E-1","-4.9271338227978539E-1","2.7423841779984399E+0","6.2826522855345299E+0","3.6522536400218473E+2","3.3409551065859199E+2","3.054200000000000E-6"
"1119","1.0022354718165309E+0","-7.3002021279880470E-17","-1.3439356557520405E-13","-2.2680709121192903E-13","-1.3380969716973248E-1","-4.9491536541064490E-1","2.7398852997013998E+0","6.2826594191526706E+0","3.6522577869619670E+2","3.3372241138156397E+2","3.054200000000000E-6"
"1118","1.0022301898053059E+0","-7.3002021279885560E-17","-2.2625266994523130E-13","-3.6726658645438924E-13","-1.3505560647626319E-1","-4.9711314350529517E-1","2.7373764426821401E+0","6.2826664204676428E+0","3.6522618569911407E+2","3.3334798111956297E+2","3.054200000000000E-6"
"1117","1.0022249492139694E+0","-7.3002021279839856E-17","-1.9382699029855423E-13","-3.1631706216384552E-13","-1.3630654346998514E-1","-4.9930670538741506E-1","2.7348576407732299E+0","6.2826732925951472E+0","3.6522658519205993E+2","3.3297222818115699E+2","3.054200000000000E-6"
"1116","1.0022197495296359E+0","-7.3002021279793880E-17","-1.8738866956484112E-13","-3.0533966414216061E-13","-1.3756249049972832E-1","-5.0149603999676118E-1","2.7323289277991600E+0","6.2826800385623525E+0","3.6522697735101065E+2","3.3259516144158300E+2","3.054200000000000E-6"
"1115","1.0022145902481803E+0","-7.3002021279760206E-17","-1.6547341310554811E-13","-2.7479974831579162E-13","-1.3882342993240299E-1","-5.0368113638842993E-1","2.7297903375750199E+0","6.2826866613108479E+0","3.6522736234696777E+2","3.3221678956385301E+2","3.054200000000000E-6"
"1114","1.0022094708740450E+0","-7.3002021279823302E-17","-1.4998509878545516E-13","-2.4948192623148550E-13","-1.4008934415323640E-1","-5.0586198373214319E-1","2.7272419039052900E+0","6.2826931636994621E+0","3.6522774034612172E+2","3.3183712064644999E+2","3.054200000000000E-6"
"1113","1.0022043909200480E+0","-7.3002021279854376E-17","-1.5710476511510957E-13","-2.6117595882761216E-13","-1.4136021556615411E-1","-5.0803857131153951E-1","2.7246836605825502E+0","6.2826995485069741E+0","3.6522811151000946E+2","3.3145616368977898E+2","3.054200000000000E-6"
"1112","1.0021993499072084E+0","-7.3002021279830426E-17","-1.5202570713144753E-13","-2.5479232459252590E-13","-1.4263602659409569E-1","-5.1021088852344421E-1","2.7221156413862602E+0","6.2827058184347404E+0","3.6522847599566722E+2","3.3107392703687299E+2","3.054200000000000E-6"
"1111","1.0021943473645651E+0","-7.3002021279817435E-17","-9.2602336480839033E-14","-1.6117459911556267E-13","-1.4391675967933218E-1","-5.1237892487716330E-1","2.7195378800815901E+0","6.2827119761092289E+0","3.6522883395577770E+2","3.3069041893197902E+2","3.054200000000000E-6"
"1110","1.0021893828290136E+0","-7.3002021279802286E-17","-5.6622999481765672E-14","-1.0739186691338679E-13","-1.4520239728379153E-1","-5.1454266999375275E-1","2.7169504104181601E+0","6.2827180240844163E+0","3.6522918553880970E+2","3.3030564825093097E+2","3.054200000000000E-6"
"1109","1.0021844558451285E+0","-7.3002021279788531E-17","-7.5271476994812321E-14","-1.3558344045678757E-13","-1.4649292188938659E-1","-5.1670211360533191E-1","2.7143532661289100E+0","6.2827239648441600E+0","3.6522953088915557E+2","3.2991962290860101E+2","3.054200000000000E-6"
"1108","1.0021795659650055E+0","-7.3002021279771804E-17","-3.4623298889005606E-14","-7.2390302439134017E-14","-1.4778831599841841E-1","-5.1885724555435087E-1","2.7117464809288800E+0","6.2827298008044270E+0","3.6522987014726124E+2","3.2953235122276197E+2","3.054200000000000E-6"
"1107","1.0021747127481015E+0","-7.3002021279826260E-17","-1.1471545423310076E-13","-1.9986270370150219E-13","-1.4908856213374438E-1","-5.2100805579290377E-1","2.7091300885141001E+0","6.2827355343154725E+0","3.6523020344975248E+2","3.2914384180709902E+2","3.054200000000000E-6"
"1106","1.0021698957610805E+0","-7.3002021279817928E-17","-1.1189226481740907E-13","-1.8518220339078563E-13","-1.5039364283933992E-1","-5.2315453438199089E-1","2.7065041225604101E+0","6.2827411676638967E+0","3.6523053092955485E+2","3.2875410279949898E+2","3.054200000000000E-6"
"1105","1.0021651145776609E+0","-7.3002021279840904E-17","-1.1068301888435648E-13","-1.8726699649443810E-13","-1.5170354068038275E-1","-5.2529667149085302E-1","2.7038686167223598E+0","6.2827467030747277E+0","3.6523085271601445E+2","3.2836314232510301E+2","3.054200000000000E-6"
"1104","1.0021603687784735E+0","-7.3002021279833372E-17","-8.2798429511776336E-14","-1.4427157819440805E-13","-1.5301823824373931E-1","-5.2743445739622419E-1","2.7012236046321001E+0","6.2827521427132833E+0","3.6523116893500622E+2","3.2797096885939601E+2","3.054200000000000E-6"
"1103","1.0021556579509121E+0","-7.3002021279804998E-17","-1.2157725651529158E-13","-2.0556056901021591E-13","-1.5433771813818925E-1","-5.2956788248166631E-1","2.6985691198982602E+0","6.2827574886871149E+0","3.6523147970904716E+2","3.2757759054513798E+2","3.054200000000000E-6"
"1102","1.0021509816890020E+0","-7.3002021279824165E-17","-1.0851733649870630E-13","-1.8372180108340534E-13","-1.5566196299486823E-1","-5.3169693723683709E-1","2.6959051961048801E+0","6.2827627430477540E+0","3.6523178515739761E+2","3.2718301508086302E+2","3.054200000000000E-6"
"1101","1.0021463395932495E+0","-7.3002021279863571E-17","-1.4612096177663286E-13","-2.4084172636686391E-13","-1.5699095546746056E-1","-5.3382161225682079E-1","2.6932318668103701E+0","6.2827679077924667E+0","3.6523208539616331E+2","3.2678725135679798E+2","3.054200000000000E-6"
"1100","1.0021417312705267E+0","-7.3002021279820319E-17","-1.5689506173308737E-13","-2.5908592401326338E-13","-1.5832467823262081E-1","-5.3594189824139937E-1","2.6905491655463800E+0","6.2827729848659617E+0","3.6523238053839481E+2","3.2639030674875499E+2","3.054200000000000E-6"
"1099","1.0021371563339327E+0","-7.3002021279805220E-17","-1.2004149129012229E-13","-1.9811064056457393E-13","-1.5966311399024688E-1","-5.3805778599437704E-1","2.6878571258168402E+0","6.2827779761619578E+0","3.6523267069417841E+2","3.2599218985661503E+2","3.054200000000000E-6"
"1098","1.0021326144026663E+0","-7.3002021279877672E-17","-1.2848986821522571E-13","-2.1162348117777053E-13","-1.6100624546375328E-1","-5.4016926642287522E-1","2.6851557810968898E+0","6.2827828835247939E+0","3.6523295597072990E+2","3.2559290848653501E+2","3.054200000000000E-6"
"1097","1.0021281051019064E+0","-7.3002021279857470E-17","-1.4296387583395734E-13","-2.3809294655561709E-13","-1.6235405540048428E-1","-5.4227633053664637E-1","2.6824451648318899E+0","6.2827877087509112E+0","3.6523323647248060E+2","3.2519247064481300E+2","3.054200000000000E-6"
"1096","1.0021236280626924E+0","-7.3002021279857728E-17","-1.3844884840237067E-13","-2.2809961331638964E-13","-1.6370652657196183E-1","-5.4437896944736697E-1","2.6797253104363898E+0","6.2827924535902948E+0","3.6523351230116128E+2","3.2479088427985499E+2","3.054200000000000E-6"
"1095","1.0021191829218032E+0","-7.3002021279882122E-17","-1.3556808664511861E-13","-2.2511931551357282E-13","-1.6506364177420180E-1","-5.4647717436796350E-1","2.6769962512931902E+0","6.2827971197479116E+0","3.6523378355588562E+2","3.2438815754012398E+2","3.054200000000000E-6"
"1094","1.0021147693216470E+0","-7.3002021279850653E-17","-1.3635273512748493E-13","-2.2766560532420230E-13","-1.6642538382802696E-1","-5.4857093661190937E-1","2.6742580207523199E+0","6.2828017088850405E+0","3.6523405033322780E+2","3.2398429833351798E+2","3.054200000000000E-6"
"1093","1.0021103869101489E+0","-7.3002021279842173E-17","-1.4562126148435444E-13","-2.4252725897166914E-13","-1.6779173557937030E-1","-5.5066024759254029E-1","2.6715106521301402E+0","6.2828062226205903E+0","3.6523431272729869E+2","3.2357931418813098E+2","3.054200000000000E-6"
"1092","1.0021060353406397E+0","-7.3002021279828541E-17","-1.2594530283601137E-13","-2.1061239485413013E-13","-1.6916267989960912E-1","-5.5274509882237699E-1","2.6687541787083502E+0","6.2828106625323574E+0","3.6523457082981935E+2","3.2317321340165000E+2","3.054200000000000E-6"
"1091","1.0021017142717537E+0","-7.3002021279827678E-17","-1.4275957202906943E-13","-2.3884083577737673E-13","-1.7053819968578784E-1","-5.5482548191242020E-1","2.6659886337330900E+0","6.2828150301582451E+0","3.6523482473019163E+2","3.2276600357868398E+2","3.054200000000000E-6"
"1090","1.0020974233673190E+0","-7.3002021279842605E-17","-1.2637123176428849E-13","-2.1247089107735749E-13","-1.7191827786101110E-1","-5.5690138857148730E-1","2.6632140504139898E+0","6.2828193269974602E+0","3.6523507451556810E+2","3.2235769292094199E+2","3.054200000000000E-6"
"1089","1.0020931622962668E+0","-7.3002021279833483E-17","-1.3352911891785540E-13","-2.2302740794072075E-13","-1.7330289737465429E-1","-5.5897281060551340E-1","2.6604304619233399E+0","6.2828235545116247E+0","3.6523532027091630E+2","3.2194828873020299E+2","3.054200000000000E-6"
"1088","1.0020889307325189E+0","-7.3002021279837465E-17","-1.1123096389097687E-13","-1.8924541787679591E-13","-1.7469204120270904E-1","-5.6103973991688183E-1","2.6576379013951099E+0","6.2828277141259115E+0","3.6523556207908467E+2","3.2153779912696598E+2","3.054200000000000E-6"
"1087","1.0020847283549053E+0","-7.3002021279843393E-17","-1.0667974779083286E-13","-1.8077619422116568E-13","-1.7608569234804142E-1","-5.6310216850373818E-1","2.6548364019241601E+0","6.2828318072300773E+0","3.6523580002086322E+2","3.2112623189325001E+2","3.054200000000000E-6"
"1086","1.0020805548470557E+0","-7.3002021279852404E-17","-1.8360452002922048E-13","-3.0051509252255445E-13","-1.7748383384065949E-1","-5.6516008845932086E-1","2.6520259965653099E+0","6.2828358351794993E+0","3.6523603417504319E+2","3.2071359455836301E+2","3.054200000000000E-6"
"1085","1.0020764098973198E+0","-7.3002021279855263E-17","-1.6902024439995132E-13","-2.8063307118383460E-13","-1.7888644873811499E-1","-5.6721349197126825E-1","2.6492067183325401E+0","6.2828397992962026E+0","3.6523626461847698E+2","3.2029989506948300E+2","3.054200000000000E-6"
"1084","1.0020722931986752E+0","-7.3002021279867836E-17","-1.5410696879401132E-13","-2.5513739410472873E-13","-1.8029352012560168E-1","-5.6926237132095647E-1","2.6463786001981400E+0","6.2828437008697282E+0","3.6523649142612862E+2","3.1988514079899102E+2","3.054200000000000E-6"
"1083","1.0020682044486293E+0","-7.3002021279847005E-17","-1.4544974856511243E-13","-2.4053952579324953E-13","-1.8170503111632827E-1","-5.7130671888283235E-1","2.6435416750918801E+0","6.2828475411581932E+0","3.6523671467113547E+2","3.1946933953013098E+2","3.054200000000000E-6"
"1082","1.0020641433491486E+0","-7.3002021279851393E-17","-2.3309926475714129E-13","-3.8013450301287880E-13","-1.8312096485177756E-1","-5.7334652712372380E-1","2.6406959759002300E+0","6.2828513213890966E+0","3.6523693442485495E+2","3.1905249915044300E+2","3.054200000000000E-6"
"1081","1.0020601096065642E+0","-7.3002021279884352E-17","-2.4577994212661146E-13","-4.0036662017851906E-13","-1.8454130450205589E-1","-5.7538178860218481E-1","2.6378415354655198E+0","6.2828550427602199E+0","3.6523715075691683E+2","3.1863462704443998E+2","3.054200000000000E-6"
"1080","1.0020561029314945E+0","-7.3002021279906132E-17","-2.4740779058013251E-13","-4.0482347011199743E-13","-1.8596603326598840E-1","-5.7741249596782140E-1","2.6349783865851899E+0","6.2828587064404626E+0","3.6523736373527203E+2","3.1821573089698097E+2","3.054200000000000E-6"
"1079","1.0020521230387673E+0","-7.3002021279952059E-17","-7.1164915840721617E-13","-1.1648834035857041E-12","-1.8739513437132690E-1","-5.7943864196064898E-1","2.6321065620110500E+0","6.2828623135706767E+0","3.6523757342624106E+2","3.1779581802982801E+2","3.054200000000000E-6"
"1078","1.0020481696473300E+0","-7.3002021279978991E-17","-7.3521535766109966E-13","-1.2066435804539726E-12","-1.8882859107566394E-1","-5.8146021941033177E-1","2.6292260944484100E+0","6.2828658652644211E+0","3.6523777989455755E+2","3.1737489637012999E+2","3.054200000000000E-6"
"1077","1.0020442424801936E+0","-7.3002021280020961E-17","-7.5799210982029882E-13","-1.2453286075479200E-12","-1.9026638666567555E-1","-5.8347722123565415E-1","2.6263370165555000E+0","6.2828693626087437E+0","3.6523798320341422E+2","3.1695297305208800E+2","3.054200000000000E-6"
"1076","1.0020403412643357E+0","-7.3002021280070684E-17","-7.4495045063407910E-13","-1.2259896751034821E-12","-1.9170850445805218E-1","-5.8548964044378760E-1","2.6234393609426001E+0","6.2828728066649422E+0","3.6523818341450686E+2","3.1653005595318302E+2","3.054200000000000E-6"
"1075","1.0020364657306455E+0","-7.3002021280054944E-17","-7.4092037911776068E-13","-1.2177656857586252E-12","-1.9315492779951479E-1","-5.8749747012963871E-1","2.6205331601714001E+0","6.2828761984692019E+0","3.6523838058807132E+2","3.1610615224612400E+2","3.054200000000000E-6"
"1074","1.0020326156138426E+0","-7.3002021280023093E-17","-7.5234137025905318E-13","-1.2382001516546601E-12","-1.9460564006715192E-1","-5.8950070347518202E-1","2.6176184467542800E+0","6.2828795390334005E+0","3.6523857478293041E+2","3.1568126964844600E+2","3.054200000000000E-6"
"1073","1.0020287906524092E+0","-7.3002021280002189E-17","-3.9882985419553645E-13","-6.5539430409833597E-13","-1.9606062466874316E-1","-5.9149933374880459E-1","2.6146952531535499E+0","6.2828828293456827E+0","3.6523876605652737E+2","3.1525541527949503E+2","3.054200000000000E-6"
"1072","1.0020249905885277E+0","-7.3002021279944207E-17","-3.7368948666800772E-13","-6.1494604377692160E-13","-1.9751986504247140E-1","-5.9349335430471128E-1","2.6117636117809200E+0","6.2828860703711644E+0","3.6523895446496658E+2","3.1482859683528000E+2","3.054200000000000E-6"
"1071","1.0020212151680015E+0","-7.3002021279970622E-17","-7.8436445005939388E-13","-1.2955464880414542E-12","-1.9898334465776035E-1","-5.9548275858220356E-1","2.6088235549966998E+0","6.2828892630525255E+0","3.6523914006304830E+2","3.1440082158937702E+2","3.054200000000000E-6"
"1070","1.0020174641402004E+0","-7.3002021280008832E-17","-7.5197787116500103E-13","-1.2408374567705750E-12","-2.0045104701567992E-1","-5.9746754010497971E-1","2.6058751151091002E+0","6.2828924083106390E+0","3.6523932290430497E+2","3.1397209694659199E+2","3.054200000000000E-6"
"1069","1.0020137372579936E+0","-7.3002021279983231E-17","-7.4276940134643338E-13","-1.2268511627083146E-12","-2.0192295564828944E-1","-5.9944769248063468E-1","2.6029183243737499E+0","6.2828955070451915E+0","3.6523950304103761E+2","3.1354243047094400E+2","3.054200000000000E-6"
"1068","1.0020100342776850E+0","-7.3002021279962770E-17","-7.5036282835993460E-13","-1.2442412971901982E-12","-2.0339905411948975E-1","-6.0142320939991800E-1","2.5999532149929800E+0","6.2828985601352185E+0","3.6523968052434657E+2","3.1311182915854300E+2","3.054200000000000E-6"
"1067","1.0020063549589591E+0","-7.3002021280016462E-17","-5.6177269689357287E-13","-9.2890966116353658E-13","-2.0487932602523232E-1","-6.0339408463607591E-1","2.5969798191151501E+0","6.2829015684395806E+0","3.6523985540415936E+2","3.1268030025626501E+2","3.054200000000000E-6"
"1066","1.0020026990648181E+0","-7.3002021280035358E-17","-5.5208230335978866E-13","-9.1104841321791031E-13","-2.0636375499335449E-1","-6.0536031204427410E-1","2.5939981688341600E+0","6.2829045327976782E+0","3.6524002772927241E+2","3.1224785136878302E+2","3.054200000000000E-6"
"1065","1.0019990663615119E+0","-7.3002021280068046E-17","-5.6522657320215237E-13","-9.3533576518652603E-13","-2.0785232468424389E-1","-6.0732188556090339E-1","2.5910082961887402E+0","6.2829074540298526E+0","3.6524019754737401E+2","3.1181448950625401E+2","3.054200000000000E-6"
"1064","1.0019954566185012E+0","-7.3002021280085759E-17","-5.5296574466103987E-13","-9.1540341417245405E-13","-2.0934501879080319E-1","-6.0927879920295447E-1","2.5880102331619201E+0","6.2829103329379041E+0","3.6524036490507478E+2","3.1138022191326797E+2","3.054200000000000E-6"
"1063","1.0019918696083856E+0","-7.3002021280094658E-17","-5.5342611119705197E-13","-9.1678337094223520E-13","-2.1084182103866472E-1","-6.1123104706739007E-1","2.5850040116804300E+0","6.2829131703056076E+0","3.6524052984793724E+2","3.1094505615280400E+2","3.054200000000000E-6"
"1062","1.0019883051068583E+0","-7.3002021280089185E-17","-7.0346191818300718E-13","-1.1682957940370676E-12","-2.1234271518635003E-1","-6.1317862333051609E-1","2.5819896636141801E+0","6.2829159668991839E+0","3.6524069242050382E+2","3.1050899904607701E+2","3.054200000000000E-6"
"1061","1.0019847628926402E+0","-7.3002021280102152E-17","-5.1467700523158201E-13","-8.4947660023426557E-13","-2.1384768502579521E-1","-6.1512152224729877E-1","2.5789672207756298E+0","6.2829187234676995E+0","3.6524085266631943E+2","3.1007205793963197E+2","3.054200000000000E-6"
"1060","1.0019812427474497E+0","-7.3002021280077562E-17","-5.1018250710637224E-13","-8.4424079770235752E-13","-2.1535671438186427E-1","-6.1705973815083048E-1","2.5759367149193699E+0","6.2829214407436131E+0","3.6524101062796359E+2","3.0963423991114900E+2","3.054200000000000E-6"
"1059","1.0019777444559272E+0","-7.3002021280106170E-17","-5.1990749021152614E-13","-8.6252948083673187E-13","-2.1686978711321439E-1","-6.1899326545161359E-1","2.5728981777414699E+0","6.2829241194431535E+0","3.6524116634707241E+2","3.0919555208048399E+2","3.054200000000000E-6"
"1058","1.0019742678056043E+0","-7.3002021280119408E-17","-6.9952919511778746E-13","-1.1645592312239903E-12","-2.1838688711208792E-1","-6.2092209863697789E-1","2.5698516408790200E+0","6.2829267602667418E+0","3.6524131986436294E+2","3.0875600174284398E+2","3.054200000000000E-6"
"1057","1.0019708125868290E+0","-7.3002021280105764E-17","-4.6980079677114040E-13","-7.7838812491945420E-13","-2.1990799830489893E-1","-6.2284623227041147E-1","2.5667971359095900E+0","6.2829293638994148E+0","3.6524147121965797E+2","3.0831559580532502E+2","3.054200000000000E-6"
"1056","1.0019673785927541E+0","-7.3002021280145207E-17","-4.3772073655856148E-13","-7.3107686815581407E-13","-2.2143310465164684E-1","-6.2476566099103470E-1","2.5637346943508201E+0","6.2829319310111860E+0","3.6524162045190712E+2","3.0787434144062598E+2","3.054200000000000E-6"
"1055","1.0019639656192578E+0","-7.3002021280161538E-17","-6.7838377642761775E-13","-1.1370194835022513E-12","-2.2296219014676172E-1","-6.2668037951289024E-1","2.5606643476598601E+0","6.2829344622574856E+0","3.6524176759921198E+2","3.0743224576061999E+2","3.054200000000000E-6"
"1054","1.0019605734649117E+0","-7.3002021280134483E-17","-6.4568208577937327E-13","-1.0839768582641880E-12","-2.2449523881934486E-1","-6.2859038262432343E-1","2.5575861272328200E+0","6.2829369582794738E+0","3.6524191269884471E+2","3.0698931554215102E+2","3.054200000000000E-6"
"1053","1.0019572019309340E+0","-7.3002021280140572E-17","-6.4586471301699872E-13","-1.0839557834129533E-12","-2.2603223473270309E-1","-6.3049566518745059E-1","2.5545000644044800E+0","6.2829394197044603E+0","3.6524205578727236E+2","3.0654555809062703E+2","3.054200000000000E-6"
"1052","1.0019538508211441E+0","-7.3002021280125152E-17","-6.3724542357092606E-13","-1.0689505448859675E-12","-2.2757316198500196E-1","-6.3239622213747204E-1","2.5514061904477199E+0","6.2829418471462244E+0","3.6524219690017520E+2","3.0610098033385202E+2","3.054200000000000E-6"
"1051","1.0019505199419219E+0","-7.3002021280166802E-17","-6.3782802939149106E-13","-1.0712854462207293E-12","-2.2911800470925728E-1","-6.3429204848209442E-1","2.5483045365731001E+0","6.2829442412053336E+0","3.6524233607246578E+2","3.0565558889288599E+2","3.054200000000000E-6"
"1050","1.0019472091021588E+0","-7.3002021280158482E-17","-4.8105698024459685E-13","-8.0523839175495052E-13","-2.3066674707361032E-1","-6.3618313930090020E-1","2.5451951339284302E+0","6.2829466024695311E+0","3.6524247333831102E+2","3.0520939114942200E+2","3.054200000000000E-6"
"1049","1.0019439181132250E+0","-7.3002021280147166E-17","-4.6737662513437105E-13","-7.8338449131673666E-13","-2.3221937328115108E-1","-6.3806948974479039E-1","2.5420780135983798E+0","6.2829489315140190E+0","3.6524260873114861E+2","3.0476239399577400E+2","3.054200000000000E-6"
"1048","1.0019406467889223E+0","-7.3002021280176625E-17","-6.2697137884928083E-13","-1.0559644002916757E-12","-2.3377586757044014E-1","-6.3995109503532532E-1","2.5389532066040199E+0","6.2829512289017773E+0","3.6524274228370609E+2","3.0431460425150499E+2","3.054200000000000E-6"
"1047","1.0019373949454424E+0","-7.3002021280169661E-17","-5.9810356176827704E-13","-1.0097598153656067E-12","-2.3533621421563797E-1","-6.4182795046413976E-1","2.5358207439023501E+0","6.2829534951838841E+0","3.6524287402801878E+2","3.0386602867208802E+2","3.054200000000000E-6"
"1046","1.0019341624013336E+0","-7.3002021280187928E-17","-4.8396411526284670E-13","-8.1584597287867492E-13","-2.3690039752633310E-1","-6.4370005139235731E-1","2.5326806563861002E+0","6.2829557308997694E+0","3.6524300399544518E+2","3.0341667424978698E+2","3.054200000000000E-6"
"1045","1.0019309489774590E+0","-7.3002021280209782E-17","-4.8258545246671465E-13","-8.1228498892875852E-13","-2.3846840184779325E-1","-6.4556739325002443E-1","2.5295329748831898E+0","6.2829579365775725E+0","3.6524313221668706E+2","3.0296654794066598E+2","3.054200000000000E-6"
"1044","1.0019277544969627E+0","-7.3002021280225066E-17","-4.9973863834546963E-13","-8.4206139785276863E-13","-2.4004021156127028E-1","-6.4742997153544768E-1","2.5263777301563999E+0","6.2829601127343420E+0","3.6524325872180179E+2","3.0251565626478998E+2","3.054200000000000E-6"
"1043","1.0019245787852238E+0","-7.3002021280232031E-17","-5.4030206070790463E-13","-9.1131218474832041E-13","-2.4161581108397781E-1","-6.4928778181465585E-1","2.5232149529030101E+0","6.2829622598763626E+0","3.6524338354022086E+2","3.0206400632677401E+2","3.054200000000000E-6"
"1042","1.0019214216698320E+0","-7.3002021280232795E-17","-5.9280281304220817E-13","-1.0027091642884208E-12","-2.4319518486924882E-1","-6.5114081972078253E-1","2.5200446737544300E+0","6.2829643784993987E+0","3.6524350670076427E+2","3.0161160479811599E+2","3.054200000000000E-6"
"1041","1.0019182829805335E+0","-7.3002021280233547E-17","-4.4826330894123560E-13","-7.5527035907286670E-13","-2.4477831740671252E-1","-6.5298908095350572E-1","2.5168669232758498E+0","6.2829664690889384E+0","3.6524362823165455E+2","3.0115845828411199E+2","3.054200000000000E-6"
"1040","1.0019151625492277E+0","-7.3002021280247771E-17","-4.3411323673040967E-13","-7.3393943014968063E-13","-2.4636519322214603E-1","-6.5483256127846812E-1","2.5136817319659901E+0","6.2829685321204760E+0","3.6524374816053336E+2","3.0070457402600198E+2","3.054200000000000E-6"
"1039","1.0019120602099070E+0","-7.3002021280248683E-17","-6.1521702512350495E-13","-1.0418529874908353E-12","-2.4795579687788272E-1","-6.5667125652666258E-1","2.5104891302566599E+0","6.2829705680597261E+0","3.6524386651447367E+2","3.0024995824883302E+2","3.054200000000000E-6"
"1038","1.0019089757986190E+0","-7.3002021280240560E-17","-5.9374455703800844E-13","-1.0069497912525654E-12","-2.4955011297301563E-1","-6.5850516259387049E-1","2.5072891485124500E+0","6.2829725773628420E+0","3.6524398331999282E+2","2.9979461786243797E+2","3.054200000000000E-6"
"1037","1.0019059091534566E+0","-7.3002021280202251E-17","-4.8583229043413471E-13","-8.2269347661622397E-13","-2.5114812614310317E-1","-6.6033427544010126E-1","2.5040818170304999E+0","6.2829745604767080E+0","3.6524409860306923E+2","2.9933855944791401E+2","3.054200000000000E-6"
"1036","1.0019028601145226E+0","-7.3002021280226546E-17","-6.1253780438480887E-13","-1.0388026909390065E-12","-2.5274982106038840E-1","-6.6215859108902164E-1","2.5008671660401900E+0","6.2829765178390975E+0","3.6524421238915170E+2","2.9888178978346900E+2","3.054200000000000E-6"
"1035","1.0018998285238681E+0","-7.3002021280248535E-17","-6.0973488462176333E-13","-1.0343857642491049E-12","-2.5435518243426775E-1","-6.6397810562735549E-1","2.4976452257027399E+0","6.2829784498789127E+0","3.6524432470317339E+2","2.9842431535993501E+2","3.054200000000000E-6"
"1034","1.0018968142255005E+0","-7.3002021280269908E-17","-6.0375784051556882E-13","-1.0251380906349468E-12","-2.5596419501091616E-1","-6.6579281520434086E-1","2.4944160261110699E+0","6.2829803570164113E+0","3.6524443556956470E+2","2.9796614315131501E+2","3.054200000000000E-6"
"1033","1.0018938170653318E+0","-7.3002021280299823E-17","-5.9928961048376770E-13","-1.0201626545292227E-12","-2.5757684357360122E-1","-6.6760271603116639E-1","2.4911795972894302E+0","6.2829822396633919E+0","3.6524454501226467E+2","2.9750727941714001E+2","3.054200000000000E-6"
"1032","1.0018908368911519E+0","-7.3002021280312938E-17","-5.9236547703678064E-13","-1.0065011416426553E-12","-2.5919311294274128E-1","-6.6940780438039693E-1","2.4879359691931802E+0","6.2829840982233929E+0","3.6524465305473177E+2","2.9704773080577002E+2","3.054200000000000E-6"
"1031","1.0018878735526004E+0","-7.3002021280350606E-17","-5.6979848667076819E-13","-9.7180205678718084E-13","-2.6081298797598956E-1","-6.7120807658543080E-1","2.4846851717085201E+0","6.2829859330918989E+0","3.6524475971995651E+2","2.9658750394957400E+2","3.054200000000000E-6"
"1030","1.0018849269011438E+0","-7.3002021280337984E-17","-5.7076296674986625E-13","-9.7392962247222476E-13","-2.6243645356829981E-1","-6.7300352903991489E-1","2.4814272346522599E+0","6.2829877446564826E+0","3.6524486503046938E+2","2.9612660539650602E+2","3.054200000000000E-6"
"1029","1.0018819967900350E+0","-7.3002021280374346E-17","-5.5936776913543799E-13","-9.5485103923328317E-13","-2.6406349465202211E-1","-6.7479415819723199E-1","2.4781621877715301E+0","6.2829895332970889E+0","3.6524496900835749E+2","2.9566504157579197E+2","3.054200000000000E-6"
"1028","1.0018790830742963E+0","-7.3002021280381754E-17","-5.7067333270576996E-13","-9.7604504413566249E-13","-2.6569409619695961E-1","-6.7657996056991876E-1","2.4748900607436202E+0","6.2829912993861123E+0","3.6524507167526906E+2","2.9520281903809001E+2","3.054200000000000E-6"
"1027","1.0018761856106875E+0","-7.3002021280404310E-17","-5.5470809058459868E-13","-9.4766955880650032E-13","-2.6732824321047255E-1","-6.7836093272912623E-1","2.4716108831756900E+0","6.2829930432886290E+0","3.6524517305242676E+2","2.9473994419344200E+2","3.054200000000000E-6"
"1026","1.0018733042576804E+0","-7.3002021280399306E-17","-5.7473142273625913E-13","-9.8303213752520329E-13","-2.6896592073748204E-1","-6.8013707130407919E-1","2.4683246846046201E+0","6.2829947653625471E+0","3.6524527316063666E+2","2.9427642386392699E+2","3.054200000000000E-6"
"1025","1.0018704388754329E+0","-7.3002021280412557E-17","-5.7390364644222126E-13","-9.8302975387125268E-13","-2.7060711386062986E-1","-6.8190837298152895E-1","2.4650314944967300E+0","6.2829964659587692E+0","3.6524537202029745E+2","2.9381226422423100E+2","3.054200000000000E-6"
"1024","1.0018675893257649E+0","-7.3002021280403719E-17","-5.6884266920739145E-13","-9.7468405235231865E-13","-2.7225180770022522E-1","-6.8367483450521738E-1","2.4617313422476501E+0","6.2829981454213399E+0","3.6524546965140945E+2","2.9334747110615598E+2","3.054200000000000E-6"
"1023","1.0018647554721338E+0","-7.3002021280428161E-17","-5.1073490200713143E-13","-8.7988223660874920E-13","-2.7389998741444771E-1","-6.8543645267532183E-1","2.4584242571820600E+0","6.2829998040876420E+0","3.6524556607358539E+2","2.9288205214761098E+2","3.054200000000000E-6"
"1022","1.0018619371795996E+0","-7.3002021280441424E-17","-5.2994046042128818E-13","-9.1330389693911224E-13","-2.7555163819917394E-1","-6.8719322434796337E-1","2.4551102685536201E+0","6.2830014422885236E+0","3.6524566130605825E+2","2.9241601301013998E+2","3.054200000000000E-6"
"1021","1.0018591343148149E+0","-7.3002021280486722E-17","-5.3905381185388449E-13","-9.2567815631827340E-13","-2.7720674528830530E-1","-6.8894514643463345E-1","2.4517894055446399E+0","6.2830030603484319E+0","3.6524575536768890E+2","2.9194935991667001E+2","3.054200000000000E-6"
"1020","1.0018563467459960E+0","-7.3002021280485341E-17","-5.7186798850360062E-13","-9.8172852730380853E-13","-2.7886529395363324E-1","-6.9069221590168228E-1","2.4484616972660200E+0","6.2830046585855817E+0","3.6524584827697601E+2","2.9148209948220199E+2","3.054200000000000E-6"
"1019","1.0018535743428960E+0","-7.3002021280464584E-17","-1.6446572962054198E-13","-2.8399224362685113E-13","-2.8052726950516899E-1","-6.9243442976974656E-1","2.4451271727569801E+0","6.2830062373121001E+0","3.6524594005206416E+2","2.9101423788952701E+2","3.054200000000000E-6"
"1018","1.0018508169767861E+0","-7.3002021280452480E-17","-1.9322064472254819E-13","-3.3077601975024428E-13","-2.8219265729029791E-1","-6.9417178511340083E-1","2.4417858609851901E+0","6.2830077968341245E+0","3.6524603071074984E+2","2.9054578171882298E+2","3.054200000000000E-6"
"1017","1.0018480745204354E+0","-7.3002021280441806E-17","-1.9313082382561197E-13","-3.3226452470860173E-13","-2.8386144269514563E-1","-6.9590427906037788E-1","2.4384377908462098E+0","6.2830093374519809E+0","3.6524612027049182E+2","2.9007673663818900E+2","3.054200000000000E-6"
"1016","1.0018453468480752E+0","-7.3002021280415022E-17","-1.9761283919880386E-13","-3.3930363738707536E-13","-2.8553361114368708E-1","-6.9763190879123815E-1","2.4350829911636400E+0","6.2830108594602958E+0","3.6524620874841730E+2","2.8960710946907000E+2","3.054200000000000E-6"
"1015","1.0018426338353981E+0","-7.3002021280379276E-17","-1.8126969869930695E-13","-3.1138110538880079E-13","-2.8720914809807929E-1","-6.9935467153877939E-1","2.4317214906888700E+0","6.2830123631481296E+0","3.6524629616133012E+2","2.8913690660591197E+2","3.054200000000000E-6"
"1014","1.0018399353595164E+0","-7.3002021280408538E-17","-1.7166293453421960E-13","-2.9671070708785682E-13","-2.8888803905861177E-1","-7.0107256458756628E-1","2.4283533181010402E+0","6.2830138487990661E+0","3.6524638252571560E+2","2.8866613372650102E+2","3.054200000000000E-6"
"1013","1.0018372512989577E+0","-7.3002021280403768E-17","-1.6763048750559555E-13","-2.8828449246604553E-13","-2.9057026956380594E-1","-7.0278558527338431E-1","2.4249785020068200E+0","6.2830153166913956E+0","3.6524646785775150E+2","2.8819479710436298E+2","3.054200000000000E-6"
"1012","1.0018345815336371E+0","-7.3002021280418152E-17","-1.7177312057371471E-13","-2.9432198347193903E-13","-2.9225582519039428E-1","-7.0449373098275592E-1","2.4215970709403800E+0","6.2830167670981760E+0","3.6524655217331133E+2","2.8772290333144599E+2","3.054200000000000E-6"
"1011","1.0018319259448309E+0","-7.3002021280439230E-17","-1.8007445804278923E-13","-3.0940984720083904E-13","-2.9394469155337738E-1","-7.0619699915243550E-1","2.4182090533632401E+0","6.2830182002873745E+0","3.6524663548797253E+2","2.8725045824002399E+2","3.054200000000000E-6"
"1010","1.0018292844151719E+0","-7.3002021280467506E-17","-1.7449570683248195E-13","-3.0179594251853251E-13","-2.9563685430602538E-1","-7.0789538726889922E-1","2.4148144776641498E+0","6.2830196165219663E+0","3.6524671781702250E+2","2.8677746806481099E+2","3.054200000000000E-6"
"1009","1.0018266568286125E+0","-7.3002021280438145E-17","-1.8118248707933061E-13","-3.1363108275500137E-13","-2.9733229913986808E-1","-7.0958889286786742E-1","2.4114133721591000E+0","6.2830210160600677E+0","3.6524679917546626E+2","2.8630393889620001E+2","3.054200000000000E-6"
"1008","1.0018240430704231E+0","-7.3002021280473360E-17","-1.8195697477180744E-13","-3.1498256868748264E-13","-2.9903101178477182E-1","-7.1127751353378266E-1","2.4080057650910902E+0","6.2830223991550032E+0","3.6524687957803008E+2","2.8582987697075703E+2","3.054200000000000E-6"
"1007","1.0018214430271570E+0","-7.3002021280449584E-17","-1.8001597906302971E-13","-3.1277203461056381E-13","-3.0073297800889620E-1","-7.1296124689934437E-1","2.4045916846301800E+0","6.2830237660554342E+0","3.6524695903916927E+2","2.8535528815597598E+2","3.054200000000000E-6"
"1006","1.0018188565866504E+0","-7.3002021280444616E-17","-2.3607453509804942E-13","-4.0574615492339911E-13","-3.0243818361870739E-1","-7.1464009064500245E-1","2.4011711588733502E+0","6.2830251170054812E+0","3.6524703757307503E+2","2.8488017871957902E+2","3.054200000000000E-6"
"1005","1.0018162836379738E+0","-7.3002021280428149E-17","-2.2745923362976412E-13","-3.9155821034497804E-13","-3.0414661445906921E-1","-7.1631404249849140E-1","2.3977442158444102E+0","6.2830264522447568E+0","3.6524711519367668E+2","2.8440455424283198E+2","3.054200000000000E-6"
"1004","1.0018137240714546E+0","-7.3002021280386906E-17","-2.3376576229869254E-13","-4.0065829988017307E-13","-3.0585825641310654E-1","-7.1798310023432033E-1","2.3943108834940299E+0","6.2830277720085279E+0","3.6524719191465084E+2","2.8392842133051602E+2","3.054200000000000E-6"
"1003","1.0018111777786278E+0","-7.3002021280419952E-17","-2.3399507539384712E-13","-4.0430442149604069E-13","-3.0757309540231281E-1","-7.1964726167331927E-1","2.3908711896995700E+0","6.2830290765277761E+0","3.6524726774942502E+2","2.8345178576397700E+2","3.054200000000000E-6"
"1002","1.0018086446522299E+0","-7.3002021280448215E-17","-2.3026776880831216E-13","-3.9691123669235247E-13","-3.0929111738651099E-1","-7.2130652468215306E-1","2.3874251622651399E+0","6.2830303660292985E+0","3.6524734271118342E+2","2.8297465348668999E+2","3.054200000000000E-6"
"1001","1.0018061245861882E+0","-7.3002021280474273E-17","-1.9025503581670144E-13","-3.2967077724840958E-13","-3.1101230836387261E-1","-7.2296088717283091E-1","2.3839728289214799E+0","6.2830316407357856E+0","3.6524741681287162E+2","2.8249703045310099E+2","3.054200000000000E-6"
"1000","1.0018023687461177E+0","-7.3002021280445935E-17","-1.8767498161055684E-13","-3.2430597515926110E-13","-3.1360000615737521E-1","-7.2543323798027648E-1","2.3787825658064801E+0","6.2830335255321241E+0","3.6524752638051882E+2","2.8177968877581202E+2","3.054200000000000E-6"
"999","1.0017998808744990E+0","-7.3002021280445122E-17","-1.9288900260757357E-13","-3.3646013423835136E-13","-3.1532905861111621E-1","-7.2707534033422838E-1","2.3753145885298901E+0","6.2830347641992059E+0","3.6524759838715158E+2","2.8130086480732200E+2","3.054200000000000E-6"
"998","1.0017974057010599E+0","-7.3002021280429862E-17","-2.0335250822637364E-13","-3.5463200089632170E-13","-3.1706123135328856E-1","-7.2871253521252388E-1","2.3718404018236301E+0","6.2830359888196501E+0","3.6524766957722017E+2","2.8082157091436198E+2","3.054200000000000E-6"
"997","1.0017949431248470E+0","-7.3002021280415059E-17","-1.7557411456508945E-13","-3.0646683949169703E-13","-3.1879651055444796E-1","-7.3034482072551477E-1","2.3683600330880301E+0","6.2830371995987546E+0","3.6524773996265918E+2","2.8034181315146498E+2","3.054200000000000E-6"
"996","1.0017924930460123E+0","-7.3002021280426004E-17","-1.9241977211521122E-13","-3.3571123107907471E-13","-3.2053488242335165E-1","-7.3197219502636224E-1","2.3648735096499700E+0","6.2830383967381689E+0","3.6524780955519088E+2","2.7986159667856901E+2","3.054200000000000E-6"
"995","1.0017900553657852E+0","-7.3002021280420593E-17","-1.8745630110208819E-13","-3.2626847168748229E-13","-3.2227633320709842E-1","-7.3359465631056431E-1","2.3613808587627800E+0","6.2830395804359842E+0","3.6524787836633078E+2","2.7938092801105000E+2","3.054200000000000E-6"
"994","1.0017876299864630E+0","-7.3002021280396570E-17","-1.7647766174799199E-13","-3.0708263543578401E-13","-3.2402084919094892E-1","-7.3521220281552524E-1","2.3578821076063701E+0","6.2830407508867667E+0","3.6524794640738952E+2","2.7889981244974803E+2","3.054200000000000E-6"
"993","1.0017852168113923E+0","-7.3002021280406159E-17","-1.8399424408249905E-13","-3.2145878695189690E-13","-3.2576841669838896E-1","-7.3682483282009792E-1","2.3543772832871501E+0","6.2830419082816977E+0","3.6524801368948090E+2","2.7841825599433798E+2","3.054200000000000E-6"
"992","1.0017828157449609E+0","-7.3002021280393229E-17","-1.8442557167894007E-13","-3.2237410607866130E-13","-3.2751902209110162E-1","-7.3843254464413088E-1","2.3508664128380201E+0","6.2830430528085781E+0","3.6524808022352215E+2","2.7793626478690300E+2","3.054200000000000E-6"
"991","1.0017804266925785E+0","-7.3002021280396755E-17","-1.8513915436634329E-13","-3.2343928820921960E-13","-3.2927265176889497E-1","-7.4003533664803489E-1","2.3473495232184800E+0","6.2830441846519367E+0","3.6524814602024048E+2","2.7745384411109302E+2","3.054200000000000E-6"
"990","1.0017780495606639E+0","-7.3002021280392502E-17","-1.8152384629610902E-13","-3.1789274396986277E-13","-3.3102929216972049E-1","-7.4163320723233972E-1","2.3438266413145601E+0","6.2830453039930791E+0","3.6524821109017552E+2","2.7697099989852802E+2","3.054200000000000E-6"
"989","1.0017756842566328E+0","-7.3002021280393439E-17","-2.0506463750616391E-13","-3.5791943174902445E-13","-3.3278892976959507E-1","-7.4322615483725585E-1","2.3402977939388698E+0","6.2830464110101625E+0","3.6524827544368401E+2","2.7648773761457198E+2","3.054200000000000E-6"
"988","1.0017733306888830E+0","-7.3002021280394598E-17","-1.7701042901965020E-13","-3.0881155642081493E-13","-3.3455155108264589E-1","-7.4481417794222660E-1","2.3367630078306401E+0","6.2830475058782644E+0","3.6524833909094366E+2","2.7600406331009498E+2","3.054200000000000E-6"
"987","1.0017709887667801E+0","-7.3002021280401500E-17","-1.7288374758322176E-13","-3.0147162847163135E-13","-3.3631714266094098E-1","-7.4639727506553011E-1","2.3332223096557598E+0","6.2830485887694287E+0","3.6524840204195567E+2","2.7551998239863002E+2","3.054200000000000E-6"
"986","1.0017686584006484E+0","-7.3002021280406689E-17","-1.7419319094415779E-13","-3.0529418266456437E-13","-3.3808569109457565E-1","-7.4797544476381406E-1","2.3296757260068000E+0","6.2830496598527388E+0","3.6524846430654935E+2","2.7503550058888698E+2","3.054200000000000E-6"
"985","1.0017663395017544E+0","-7.3002021280427656E-17","-1.8194288972163419E-13","-3.1991160112170282E-13","-3.3985718301158924E-1","-7.4954868563168331E-1","2.3261232834030601E+0","6.2830507192943807E+0","3.6524852589438547E+2","2.7455062397900298E+2","3.054200000000000E-6"
"984","1.0017640319822927E+0","-7.3002021280428137E-17","-1.7447173739639089E-13","-3.0478840784247424E-13","-3.4163160507790963E-1","-7.5111699630128537E-1","2.3225650082906002E+0","6.2830517672576907E+0","3.6524858681495908E+2","2.7406535733610502E+2","3.054200000000000E-6"
"983","1.0017617357553845E+0","-7.3002021280434719E-17","-1.6657953511290132E-13","-2.9244250419319294E-13","-3.4340894399732169E-1","-7.5268037544187316E-1","2.3190009270423300E+0","6.2830528039032183E+0","3.6524864707760344E+2","2.7357970679823700E+2","3.054200000000000E-6"
"982","1.0017594507350478E+0","-7.3002021280432414E-17","-1.7356901377263537E-13","-3.0444686415014731E-13","-3.4518918651140923E-1","-7.5423882175939982E-1","2.3154310659580601E+0","6.2830538293887814E+0","3.6524870669149277E+2","2.7309367774939500E+2","3.054200000000000E-6"
"981","1.0017571768362012E+0","-7.3002021280418325E-17","-1.7271262627709720E-13","-3.0336251920863668E-13","-3.4697231939953416E-1","-7.5579233399609880E-1","2.3118554512645000E+0","6.2830548438695271E+0","3.6524876566564615E+2","2.7260727596711303E+2","3.054200000000000E-6"
"980","1.0017549139746404E+0","-7.3002021280434632E-17","-1.6886230070719705E-13","-2.9697620522114630E-13","-3.4875832947875818E-1","-7.5734091093007494E-1","2.3082741091154100E+0","6.2830558474979679E+0","3.6524882400892955E+2","2.7212050684091201E+2","3.054200000000000E-6"
"979","1.0017526620670409E+0","-7.3002021280449115E-17","-1.6743475417113098E-13","-2.9212995842805992E-13","-3.5054720360380809E-1","-7.5888455137488586E-1","2.3046870655916298E+0","6.2830568404240648E+0","3.6524888173006048E+2","2.7163337588271298E+2","3.054200000000000E-6"
"978","1.0017504210309283E+0","-7.3002021280441905E-17","-1.8362821927633444E-13","-3.2095688361264573E-13","-3.5233892866700051E-1","-7.6042325417915269E-1","2.3010943467011402E+0","6.2830578227952385E+0","3.6524893883760888E+2","2.7114588881912101E+2","3.054200000000000E-6"
"977","1.0017481907846801E+0","-7.3002021280428001E-17","-1.7857914720973147E-13","-3.1327984697342305E-13","-3.5413349159822688E-1","-7.6195701822614259E-1","2.2974959783791600E+0","6.2830587947564345E+0","3.6524899534000082E+2","2.7065805059884298E+2","3.054200000000000E-6"
"976","1.0017459712475132E+0","-7.3002021280441855E-17","-1.6529431628812356E-13","-2.9029503385266094E-13","-3.5593087936485795E-1","-7.6348584243336914E-1","2.2938919864882301E+0","6.2830597564502018E+0","3.6524905124552288E+2","2.7016986707615200E+2","3.054200000000000E-6"
"975","1.0017437623394674E+0","-7.3002021280452677E-17","-1.8222704509215205E-13","-3.2180651664573969E-13","-3.5773107897168410E-1","-7.6500972575220172E-1","2.2902823968182902E+0","6.2830607080166923E+0","3.6524910656232254E+2","2.6968134376616098E+2","3.054200000000000E-6"
"974","1.0017415639814009E+0","-7.3002021280462489E-17","-1.8299118622121501E-13","-3.2105528723980157E-13","-3.5953407746090876E-1","-7.6652866716746093E-1","2.2866672350867701E+0","6.2830616495937317E+0","3.6524916129841193E+2","2.6919248614966398E+2","3.054200000000000E-6"
"973","1.0017393760949742E+0","-7.3002021280455882E-17","-1.7619014328344314E-13","-3.0937782169648408E-13","-3.6133986191200873E-1","-7.6804266569703961E-1","2.2830465269386799E+0","6.2830625813168863E+0","3.6524921546167178E+2","2.6870329898739300E+2","3.054200000000000E-6"
"972","1.0017371986026467E+0","-7.3002021280452086E-17","-1.5636411174518485E-13","-2.7476216758944563E-13","-3.6314841944173915E-1","-7.6955172039149100E-1","2.2794202979467202E+0","6.2830635033194460E+0","3.6524926905985058E+2","2.6821378822551901E+2","3.054200000000000E-6"
"971","1.0017350314276565E+0","-7.3002021280470193E-17","-1.7588998495672084E-13","-3.0840001256154068E-13","-3.6495973720399733E-1","-7.7105583033367076E-1","2.2757885736113899E+0","6.2830644157325333E+0","3.6524932210057074E+2","2.6772395929356998E+2","3.054200000000000E-6"
"970","1.0017328744940222E+0","-7.3002021280443495E-17","-1.6990481233893072E-13","-2.9922920054809184E-13","-3.6677380238984320E-1","-7.7255499463833111E-1","2.2721513793610399E+0","6.2830653186851082E+0","3.6524937459132911E+2","2.6723381704900800E+2","3.054200000000000E-6"
"969","1.0017307277265224E+0","-7.3002021280427508E-17","-1.7245725307665445E-13","-3.0323635884057604E-13","-3.6859060222735651E-1","-7.7404921245174474E-1","2.2685087405520501E+0","6.2830662123040204E+0","3.6524942653949961E+2","2.6674336737407401E+2","3.054200000000000E-6"
"968","1.0017285910506943E+0","-7.3002021280422824E-17","-1.8652001212311339E-13","-3.2806523735789241E-13","-3.7041012398159512E-1","-7.7553848295133365E-1","2.2648606824688802E+0","6.2830670967140509E+0","3.6524947795233624E+2","2.6625261530807802E+2","3.054200000000000E-6"
"967","1.0017264643928168E+0","-7.3002021280412483E-17","-1.7748772242650246E-13","-3.1248740714186956E-13","-3.7223235495453438E-1","-7.7702280534528034E-1","2.2612072303242501E+0","6.2830679720379470E+0","3.6524952883697449E+2","2.6576156606435501E+2","3.054200000000000E-6"
"966","1.0017243476799043E+0","-7.3002021280411201E-17","-1.7932755410337011E-13","-3.1791533609680457E-13","-3.7405728248496523E-1","-7.7850217887217432E-1","2.2575484092592100E+0","6.2830688383964688E+0","3.6524957920043437E+2","2.6527022500428501E+2","3.054200000000000E-6"
"965","1.0017222408397046E+0","-7.3002021280381717E-17","-1.9042643716081053E-13","-3.3640961371380920E-13","-3.7588489394844821E-1","-7.7997660280060932E-1","2.2538842443432698E+0","6.2830696959084111E+0","3.6524962904962177E+2","2.6477859761975100E+2","3.054200000000000E-6"
"964","1.0017201438006762E+0","-7.3002021280393464E-17","-1.8017978114904090E-13","-3.1874245045733805E-13","-3.7771517675723176E-1","-7.8144607642885544E-1","2.2502147605745302E+0","6.2830705446906574E+0","3.6524967839133143E+2","2.6428668882914701E+2","3.054200000000000E-6"
"963","1.0017180564919872E+0","-7.3002021280376725E-17","-1.7946314780794434E-13","-3.1701558064752329E-13","-3.7954811836014168E-1","-7.8291059908446492E-1","2.2465399828798298E+0","6.2830713848582267E+0","3.6524972723224960E+2","2.6379450355259598E+2","3.054200000000000E-6"
"962","1.0017159788435064E+0","-7.3002021280390493E-17","-1.9374046659204907E-13","-3.4048112628414269E-13","-3.8138370624254248E-1","-7.8437017012392451E-1","2.2428599361148400E+0","6.2830722165242587E+0","3.6524977557895340E+2","2.6330204758698898E+2","3.054200000000000E-6"
"961","1.0017139107857922E+0","-7.3002021280373286E-17","-1.8227725051153412E-13","-3.2276118431486891E-13","-3.8322192792626653E-1","-7.8582478893228636E-1","2.2391746450642400E+0","6.2830730398001169E+0","3.6524982343791669E+2","2.6280932589629498E+2","3.054200000000000E-6"
"960","1.0017118522500854E+0","-7.3002021280414701E-17","-1.7812527168857262E-13","-3.1447611172838899E-13","-3.8506277096947067E-1","-7.8727445492282289E-1","2.2354841344418301E+0","6.2830738547953597E+0","3.6524987081550836E+2","2.6231634350840199E+2","3.054200000000000E-6"
"959","1.0017098031683032E+0","-7.3002021280452160E-17","-1.9637164035176142E-13","-3.4686601211149601E-13","-3.8690622296660104E-1","-7.8871916753665461E-1","2.2317884288906802E+0","6.2830746616178264E+0","3.6524991771799716E+2","2.6182310586312900E+2","3.054200000000000E-6"
"958","1.0017077634730243E+0","-7.3002021280445837E-17","-1.9136644672717887E-13","-3.4014886456060457E-13","-3.8875227154832559E-1","-7.9015892624242001E-1","2.2280875529832600E+0","6.2830754603736363E+0","3.6524996415155238E+2","2.6132961773287298E+2","3.054200000000000E-6"
"957","1.0017057330974850E+0","-7.3002021280457805E-17","-1.8822732769589218E-13","-3.3472175144194546E-13","-3.9060090438139755E-1","-7.9159373053591053E-1","2.2243815312216300E+0","6.2830762511672180E+0","3.6525001012224448E+2","2.6083588423215099E+2","3.054200000000000E-6"
"956","1.0017037119755732E+0","-7.3002021280470538E-17","-1.8008813135865152E-13","-3.1997973458099858E-13","-3.9245210916860096E-1","-7.9302357993973327E-1","2.2206703880375298E+0","6.2830770341013684E+0","3.6525005563604930E+2","2.6034191071315598E+2","3.054200000000000E-6"
"955","1.0017017000418160E+0","-7.3002021280465287E-17","-1.6742926915183222E-13","-2.9701033733213354E-13","-3.9430587364864839E-1","-7.9444847400296159E-1","2.2169541477925900E+0","6.2830778092772714E+0","3.6525010069884900E+2","2.5984770185346201E+2","3.054200000000000E-6"
"954","1.0016996972313752E+0","-7.3002021280465164E-17","-2.2284222531684340E-13","-3.9393216119174273E-13","-3.9616218559606575E-1","-7.9586841230080563E-1","2.2132328347784802E+0","6.2830785767945176E+0","3.6525014531643291E+2","2.5935326316767402E+2","3.054200000000000E-6"
"953","1.0016977034800341E+0","-7.3002021280502684E-17","-1.8768525679853471E-13","-3.3452556186225592E-13","-3.9802103282126156E-1","-7.9728339443423879E-1","2.2095064732169698E+0","6.2830793367511237E+0","3.6525018949449901E+2","2.5885859930344202E+2","3.054200000000000E-6"
"952","1.0016957187241999E+0","-7.3002021280495165E-17","-1.6920899112195876E-13","-3.0028558583936263E-13","-3.9988240317015494E-1","-7.9869342002971455E-1","2.2057750872602502E+0","6.2830800892435823E+0","3.6525023323865668E+2","2.5836371549462399E+2","3.054200000000000E-6"
"951","1.0016937429008870E+0","-7.3002021280501229E-17","-1.6511577738863315E-13","-2.9299712838562815E-13","-4.0174628452429872E-1","-8.0009848873879907E-1","2.2020387009910101E+0","6.2830808343668902E+0","3.6525027655442830E+2","2.5786861653225202E+2","3.054200000000000E-6"
"950","1.0016917759477113E+0","-7.3002021280506037E-17","-1.7998667538406626E-13","-3.2150417389654417E-13","-4.0361266480072483E-1","-8.0149860023784592E-1","2.1982973384225701E+0","6.2830815722145816E+0","3.6525031944725117E+2","2.5737330771924098E+2","3.054200000000000E-6"
"949","1.0016898178028855E+0","-7.3002021280475209E-17","-1.6521308359476375E-13","-2.9485321214698657E-13","-4.0548153195186409E-1","-8.0289375422766773E-1","2.1945510234991201E+0","6.2830823028787419E+0","3.6525036192247848E+2","2.5687779357421499E+2","3.054200000000000E-6"
"948","1.0016878684052135E+0","-7.3002021280496126E-17","-1.6663691224712057E-13","-2.9615027722379234E-13","-4.0735287396539299E-1","-8.0428395043321477E-1","2.1907997800958601E+0","6.2830830264500239E+0","3.6525040398538005E+2","2.5638207914140997E+2","3.054200000000000E-6"
"947","1.0016859276940757E+0","-7.3002021280503423E-17","-1.7196298752456600E-13","-3.0713298664458835E-13","-4.0922667886419778E-1","-8.0566918860325654E-1","2.1870436320191802E+0","6.2830837430176825E+0","3.6525044564114455E+2","2.5588616958538600E+2","3.054200000000000E-6"
"946","1.0016839956094312E+0","-7.3002021280481323E-17","-1.9791328498566067E-13","-3.5477021645949986E-13","-4.1110293470625436E-1","-8.0704946851004056E-1","2.1832826030068300E+0","6.2830844526696152E+0","3.6525048689488159E+2","2.5539006984672801E+2","3.054200000000000E-6"
"945","1.0016820720918045E+0","-7.3002021280487831E-17","-1.6146062684157466E-13","-2.8663987682452436E-13","-4.1298162958456064E-1","-8.0842478994899869E-1","2.1795167167280902E+0","6.2830851554923743E+0","3.6525052775162271E+2","2.5489378427384301E+2","3.054200000000000E-6"
"944","1.0016801570822795E+0","-7.3002021280466063E-17","-1.7417830546687221E-13","-3.1193658279751440E-13","-4.1486275162691466E-1","-8.0979515273842428E-1","2.1757459967839998E+0","6.2830858515711805E+0","3.6525056821632199E+2","2.5439731786563900E+2","3.054200000000000E-6"
"943","1.0016782505224981E+0","-7.3002021280441338E-17","-1.8454623162186444E-13","-3.2810293300217035E-13","-4.1674628899599758E-1","-8.1116055671914489E-1","2.1719704667074802E+0","6.2830865409899639E+0","3.6525060829385848E+2","2.5390067624144299E+2","3.054200000000000E-6"
"942","1.0016763523546479E+0","-7.3002021280445454E-17","-1.7793001390637515E-13","-3.1751821172298208E-13","-4.1863222988913812E-1","-8.1252100175422837E-1","2.1681901499635501E+0","6.2830872238313891E+0","3.6525064798903765E+2","2.5340386307183201E+2","3.054200000000000E-6"
"941","1.0016744625214553E+0","-7.3002021280424291E-17","-1.8039319033181372E-13","-3.2313744365071012E-13","-4.2052056253824144E-1","-8.1387648772867294E-1","2.1644050699495301E+0","6.2830879001768434E+0","3.6525068730659069E+2","2.5290688369936200E+2","3.054200000000000E-6"
"940","1.0016725809661842E+0","-7.3002021280427754E-17","-1.8234429760367045E-13","-3.2687669744313644E-13","-4.2241127520970978E-1","-8.1522701454909352E-1","2.1606152499951699E+0","6.2830885701065196E+0","3.6525072625117951E+2","2.5240974325207901E+2","3.054200000000000E-6"
"939","1.0016707076326286E+0","-7.3002021280415046E-17","-1.7788207342522074E-13","-3.1908171833185442E-13","-4.2430435620431578E-1","-8.1657258214341921E-1","2.1568207133629298E+0","6.2830892336993767E+0","3.6525076482739411E+2","2.5191244591755401E+2","3.054200000000000E-6"
"938","1.0016688424650986E+0","-7.3002021280409228E-17","-2.0086972737929370E-13","-3.6172476488296842E-13","-4.2619979385707635E-1","-8.1791319046060629E-1","2.1530214832481200E+0","6.2830898910332014E+0","3.6525080303975642E+2","2.5141499686902600E+2","3.054200000000000E-6"
"937","1.0016669854084266E+0","-7.3002021280430614E-17","-1.8758578324384399E-13","-3.3347385148818233E-13","-4.2809757653722963E-1","-8.1924883947031579E-1","2.1492175827790700E+0","6.2830905421846008E+0","3.6525084089271979E+2","2.5091740060238200E+2","3.054200000000000E-6"
"936","1.0016651364079485E+0","-7.3002021280414356E-17","-1.8209825054054052E-13","-3.2606985214932791E-13","-4.2999769264799381E-1","-8.2057952916265342E-1","2.1454090350174000E+0","6.2830911872290631E+0","3.6525087839067254E+2","2.5041966168068501E+2","3.054200000000000E-6"
"935","1.0016632954095128E+0","-7.3002021280409327E-17","-1.8646869964163672E-13","-3.3402780214923716E-13","-4.3190013062657479E-1","-8.2190525954783011E-1","2.1415958629581899E+0","6.2830918262409154E+0","3.6525091553793550E+2","2.4992178509151000E+2","3.054200000000000E-6"
"934","1.0016614623594577E+0","-7.3002021280402104E-17","-1.8214657379118663E-13","-3.2561497150145420E-13","-4.3380487894400954E-1","-8.2322603065590749E-1","2.1377780895301499E+0","6.2830924592934201E+0","3.6525095233876749E+2","2.4942377536832899E+2","3.054200000000000E-6"
"933","1.0016596372046200E+0","-7.3002021280390086E-17","-1.7892524183195701E-13","-3.1873198975763159E-13","-4.3571192610506637E-1","-8.2454184253649421E-1","2.1339557375958398E+0","6.2830930864587327E+0","3.6525098879736316E+2","2.4892563739721800E+2","3.054200000000000E-6"
"932","1.0016578198923189E+0","-7.3002021280375973E-17","-1.8426081547673856E-13","-3.3107683154496842E-13","-4.3762126064810225E-1","-8.2585269525845861E-1","2.1301288299519401E+0","6.2830937078079447E+0","3.6525102491785526E+2","2.4842737564130800E+2","3.054200000000000E-6"
"931","1.0016560103703600E+0","-7.3002021280368319E-17","-1.8079389661047200E-13","-3.2321654521395250E-13","-4.3953287114501183E-1","-8.2715858890965066E-1","2.1262973893293502E+0","6.2830943234111007E+0","3.6525106070431559E+2","2.4792899446472600E+2","3.054200000000000E-6"
"930","1.0016542085870173E+0","-7.3002021280344973E-17","-1.9146037090217301E-13","-3.4322571386643537E-13","-4.4144674620104851E-1","-8.2845952359661779E-1","2.1224614383934699E+0","6.2830949333372041E+0","3.6525109616075548E+2","2.4743049868294500E+2","3.054200000000000E-6"
"929","1.0016524144910419E+0","-7.3002021280338995E-17","-1.9428472334983426E-13","-3.4677871634648817E-13","-4.4336287445477573E-1","-8.2975549944431615E-1","2.1186209997444001E+0","6.2830955376542779E+0","3.6525113129112930E+2","2.4693189330389399E+2","3.054200000000000E-6"
"928","1.0016506280316444E+0","-7.3002021280326928E-17","-1.8889745681581247E-13","-3.3879841640423042E-13","-4.4528124457789159E-1","-8.3104651659585560E-1","2.1147760959171400E+0","6.2830961364293056E+0","3.6525116609933093E+2","2.4643318211247700E+2","3.054200000000000E-6"
"927","1.0016488491584998E+0","-7.3002021280336493E-17","-1.9246715375814086E-13","-3.4616822905789294E-13","-4.4720184527515877E-1","-8.3233257521219484E-1","2.1109267493818100E+0","6.2830967297283449E+0","3.6525120058920044E+2","2.4593437029603700E+2","3.054200000000000E-6"
"926","1.0016470778217319E+0","-7.3002021280343642E-17","-1.9801362182767453E-13","-3.5713161812551377E-13","-4.4912466528427197E-1","-8.3361367547189702E-1","2.1070729825438699E+0","6.2830973176164431E+0","3.6525123476451921E+2","2.4543546204535400E+2","3.054200000000000E-6"
"925","1.0016453139719184E+0","-7.3002021280348572E-17","-1.9338753744018979E-13","-3.4696888215608684E-13","-4.5104969337574108E-1","-8.3488981757084435E-1","2.1032148177443100E+0","6.2830979001577330E+0","3.6525126862901544E+2","2.4493646208936801E+2","3.054200000000000E-6"
"924","1.0016435575600744E+0","-7.3002021280330860E-17","-1.8691104076544850E-13","-3.3467366996955127E-13","-4.5297691835277965E-1","-8.3616100172197028E-1","2.0993522772599502E+0","6.2830984774154128E+0","3.6525130218636303E+2","2.4443737479997199E+2","3.054200000000000E-6"
"923","1.0016418085376633E+0","-7.3002021280316772E-17","-1.9698446584872877E-13","-3.5378301967775880E-13","-4.5490632905117273E-1","-8.3742722815499859E-1","2.0954853833035401E+0","6.2830990494517680E+0","3.6525133544018263E+2","2.4393820476438901E+2","3.054200000000000E-6"
"922","1.0016400668565755E+0","-7.3002021280308562E-17","-1.8522705746194720E-13","-3.3358244599531743E-13","-4.5683791433919702E-1","-8.3868849711617055E-1","2.0916141580240799E+0","6.2830996163281947E+0","3.6525136839404354E+2","2.4343895617956699E+2","3.054200000000000E-6"
"921","1.0016383324691316E+0","-7.3002021280308217E-17","-1.7974661233660662E-13","-3.2467315132615204E-13","-4.5877166311745132E-1","-8.3994480886799827E-1","2.0877386235070099E+0","6.2831001781051841E+0","3.6525140105146210E+2","2.4293963403841099E+2","3.054200000000000E-6"
"920","1.0016366053280792E+0","-7.3002021280321690E-17","-2.1782522155286022E-13","-3.9310562182301629E-13","-4.6070756431874865E-1","-8.4119616368899641E-1","2.0838588017744200E+0","6.2831007348423835E+0","3.6525143341590581E+2","2.4244024218286501E+2","3.054200000000000E-6"
"919","1.0016348853865840E+0","-7.3002021280351568E-17","-2.2141319232519633E-13","-3.9791433174485852E-13","-4.6264560690808121E-1","-8.4244256187341915E-1","2.0799747147852701E+0","6.2831012865985869E+0","3.6525146549079250E+2","2.4194078510659901E+2","3.054200000000000E-6"
"918","1.0016331725982228E+0","-7.3002021280358593E-17","-2.2120052173325821E-13","-3.9663214371127839E-13","-4.6458577988236682E-1","-8.4368400373101671E-1","2.0760863844356701E+0","6.2831018334317275E+0","3.6525149727948997E+2","2.4144126761234901E+2","3.054200000000000E-6"
"917","1.0016314669169883E+0","-7.3002021280343790E-17","-2.1422512909219237E-13","-3.8637806654675598E-13","-4.6652807227039900E-1","-8.4492048958678023E-1","2.0721938325590701E+0","6.2831023753989452E+0","3.6525152878531986E+2","2.4094169357594200E+2","3.054200000000000E-6"
"916","1.0016297682972772E+0","-7.3002021280352061E-17","-2.0292705706944636E-13","-3.6504930775462891E-13","-4.6847247313273860E-1","-8.4615201978068055E-1","2.0682970809264698E+0","6.2831029125565561E+0","3.6525156001155608E+2","2.4044206783868799E+2","3.054200000000000E-6"
"915","1.0016280766938879E+0","-7.3002021280362550E-17","-2.0942704728518721E-13","-3.7505167712684343E-13","-4.7041897156154022E-1","-8.4737859466743182E-1","2.0643961512467199E+0","6.2831034449600764E+0","3.6525159096142573E+2","2.3994239435081801E+2","3.054200000000000E-6"
"914","1.0016263920620068E+0","-7.3002021280367764E-17","-2.1628538609481201E-13","-3.8849572384357799E-13","-4.7236755668048569E-1","-8.4860021461625901E-1","2.0604910651666599E+0","6.2831039726642341E+0","3.6525162163811041E+2","2.3944267768793799E+2","3.054200000000000E-6"
"913","1.0016247143572292E+0","-7.3002021280361761E-17","-2.2266248567425967E-13","-3.9981263642029781E-13","-4.7431821764463244E-1","-8.4981688001060041E-1","2.0565818442714399E+0","6.2831044957230073E+0","3.6525165204474791E+2","2.3894292196733801E+2","3.054200000000000E-6"
"912","1.0016230435355264E+0","-7.3002021280381064E-17","-2.2047149127812480E-13","-3.9716253432707017E-13","-4.7627094364029243E-1","-8.5102859124792818E-1","2.0526685100846800E+0","6.2831050141896032E+0","3.6525168218443139E+2","2.3844313150575800E+2","3.054200000000000E-6"
"911","1.0016213795532547E+0","-7.3002021280358507E-17","-2.0681177936389216E-13","-3.7137852346072738E-13","-4.7822572388491302E-1","-8.5223534873947204E-1","2.0487510840687602E+0","6.2831055281164740E+0","3.6525171206020997E+2","2.3794331095584201E+2","3.054200000000000E-6"
"910","1.0016197223671537E+0","-7.3002021280336518E-17","-1.6798768163692708E-13","-3.0307518640334506E-13","-4.8018254762695517E-1","-8.5343715290998345E-1","2.0448295876250500E+0","6.2831060375553580E+0","3.6525174167509130E+2","2.3744346394255999E+2","3.054200000000000E-6"
"909","1.0016180719343348E+0","-7.3002021280355648E-17","-1.7152746102504526E-13","-3.0822972931735625E-13","-4.8214140414570655E-1","-8.5463400419753166E-1","2.0409040420941298E+0","6.2831065425572614E+0","3.6525177103204049E+2","2.3694359528150000E+2","3.054200000000000E-6"
"908","1.0016164282122832E+0","-7.3002021280349127E-17","-1.6494936189118465E-13","-2.9708872903408762E-13","-4.8410228275128647E-1","-8.5582590305321671E-1","2.0369744687560298E+0","6.2831070431724889E+0","3.6525180013398193E+2","2.3644370874923899E+2","3.054200000000000E-6"
"907","1.0016147911588533E+0","-7.3002021280348548E-17","-1.7345497141988138E-13","-3.1471869151800215E-13","-4.8606517278440869E-1","-8.5701284994097593E-1","2.0330408888304898E+0","6.2831075394506488E+0","3.6525182898379933E+2","2.3594380880767801E+2","3.054200000000000E-6"
"906","1.0016131607322551E+0","-7.3002021280332364E-17","-1.6524711475552597E-13","-2.9887696098799987E-13","-4.8803006361632539E-1","-8.5819484533734836E-1","2.0291033234771398E+0","6.2831080314406416E+0","3.6525185758433560E+2","2.3544389954743201E+2","3.054200000000000E-6"
"905","1.0016115368910665E+0","-7.3002021280341867E-17","-1.7083809867623119E-13","-3.0824363706109858E-13","-4.8999694464862809E-1","-8.5937188973122713E-1","2.0251617937958502E+0","6.2831085191907290E+0","3.6525188593839607E+2","2.3494398557954699E+2","3.054200000000000E-6"
"904","1.0016099195942170E+0","-7.3002021280345306E-17","-1.7190153967566357E-13","-3.1062607139949516E-13","-4.9196580531318745E-1","-8.6054398362366757E-1","2.0212163208268699E+0","6.2831090027484757E+0","3.6525191404874602E+2","2.3444407011761999E+2","3.054200000000000E-6"
"903","1.0016083088009857E+0","-7.3002021280337356E-17","-1.6113096075263295E-13","-2.9141390566628716E-13","-4.9393663507200480E-1","-8.6171112752763046E-1","2.0172669255511302E+0","6.2831094821608229E+0","3.6525194191811408E+2","2.3394415824368500E+2","3.054200000000000E-6"
"902","1.0016067044710051E+0","-7.3002021280335248E-17","-1.6063150128931987E-13","-2.9070913632412907E-13","-4.9590942341704941E-1","-8.6287332196778466E-1","2.0133136288904598E+0","6.2831099574740339E+0","3.6525196954918971E+2","2.3344425357536201E+2","3.054200000000000E-6"
"901","1.0016051065642473E+0","-7.3002021280357238E-17","-1.6564457104675411E-13","-2.9861108339886679E-13","-4.9788415987019796E-1","-8.6403056748026608E-1","2.0093564517078399E+0","6.2831104287337762E+0","3.6525199694462765E+2","2.3294436044232901E+2","3.054200000000000E-6"
"900","1.0016035150410261E+0","-7.3002021280349817E-17","-1.5741170387254580E-13","-2.8555808362929976E-13","-4.9986083398304476E-1","-8.6518286461247795E-1","2.0053954148076700E+0","6.2831108959850654E+0","3.6525202410704480E+2","2.3244448247954699E+2","3.054200000000000E-6"
"899","1.0016019298619925E+0","-7.3002021280347204E-17","-1.7308133752775727E-13","-3.1556025035761724E-13","-5.0183943533680209E-1","-8.6633021392285769E-1","2.0014305389360101E+0","6.2831113592723344E+0","3.6525205103902420E+2","2.3194462453158999E+2","3.054200000000000E-6"
"898","1.0016003509881302E+0","-7.3002021280333276E-17","-1.5443775162351831E-13","-2.8068004619771851E-13","-5.0381995354220710E-1","-8.6747261598068059E-1","1.9974618447807300E+0","6.2831118186393784E+0","3.6525207774311156E+2","2.3144478990531499E+2","3.054200000000000E-6"
"897","1.0015987783807532E+0","-7.3002021280317474E-17","-1.5927194794290577E-13","-2.8807326968838665E-13","-5.0580237823928198E-1","-8.6861007136583634E-1","1.9934893529719500E+0","6.2831122741294374E+0","3.6525210422182073E+2","2.3094498338681700E+2","3.054200000000000E-6"
"896","1.0015972120015031E+0","-7.3002021280304162E-17","-1.4066707099995724E-13","-2.5642666208935712E-13","-5.0778669909735574E-1","-8.6974258066861088E-1","1.9895130840821000E+0","6.2831127257851449E+0","3.6525213047763003E+2","2.3044520827377599E+2","3.054200000000000E-6"
"895","1.0015956518123386E+0","-7.3002021280295472E-17","-1.3383065677984975E-13","-2.4334737544822907E-13","-5.0977290581477575E-1","-8.7087014448951094E-1","1.9855330586263100E+0","6.2831131736485606E+0","3.6525215651298447E+2","2.2994546906419200E+2","3.054200000000000E-6"
"894","1.0015940977755469E+0","-7.3002021280306319E-17","-1.3525399876384400E-13","-2.4639882695691533E-13","-5.1176098811890625E-1","-8.7199276343900656E-1","1.9815492970625801E+0","6.2831136177611864E+0","3.6525218233029665E+2","2.2944576953557799E+2","3.054200000000000E-6"
"893","1.0015925498537210E+0","-7.3002021280298344E-17","-1.6017311735048424E-13","-2.9137450033916977E-13","-5.1375093576592668E-1","-8.7311043813738554E-1","1.9775618197920399E+0","6.2831140581639691E+0","3.6525220793194688E+2","2.2894611371715001E+2","3.054200000000000E-6"
"892","1.0015910080097759E+0","-7.3002021280277439E-17","-1.4381303683628811E-13","-2.6072673774375704E-13","-5.1574273854078889E-1","-8.7422316921447296E-1","1.9735706471592200E+0","6.2831144948973030E+0","3.6525223332028349E+2","2.2844650564990999E+2","3.054200000000000E-6"
"891","1.0015894722069287E+0","-7.3002021280271461E-17","-1.2975891513325829E-13","-2.3477339531459073E-13","-5.1773638625692597E-1","-8.7533095730952282E-1","1.9695757994523000E+0","6.2831149280010488E+0","3.6525225849762359E+2","2.2794694895050600E+2","3.054200000000000E-6"
"890","1.0015879424087077E+0","-7.3002021280241497E-17","-1.3831498995223874E-13","-2.5223831548624003E-13","-5.1973186875624666E-1","-8.7643380307095031E-1","1.9655772969033900E+0","6.2831153575145260E+0","3.6525228346625289E+2","2.2744744792389699E+2","3.054200000000000E-6"
"889","1.0015864185789385E+0","-7.3002021280220235E-17","-1.3087178291963039E-13","-2.3617312708892128E-13","-5.2172917590902079E-1","-8.7753170715615170E-1","1.9615751596887001E+0","6.2831157834765587E+0","3.6525230822842838E+2","2.2694800628368500E+2","3.054200000000000E-6"
"888","1.0015849006817559E+0","-7.3002021280230034E-17","-1.3606980390067818E-13","-2.4513188136307117E-13","-5.2372829761364492E-1","-8.7862467023131852E-1","1.9575694079288899E+0","6.2831162059254222E+0","3.6525233278637506E+2","2.2644862846138699E+2","3.054200000000000E-6"
"887","1.0015833886815797E+0","-7.3002021280240536E-17","-1.3617633244298163E-13","-2.4670861421497939E-13","-5.2572922379659892E-1","-8.7971269297124544E-1","1.9535600616892499E+0","6.2831166248989039E+0","3.6525235714228967E+2","2.2594931734925299E+2","3.054200000000000E-6"
"886","1.0015818825431331E+0","-7.3002021280247241E-17","-1.3956903116018959E-13","-2.5434158887282478E-13","-5.2773194441227045E-1","-8.8079577605911241E-1","1.9495471409800200E+0","6.2831170404343109E+0","3.6525238129834082E+2","2.2545007765377301E+2","3.054200000000000E-6"
"885","1.0015803822314260E+0","-7.3002021280259961E-17","-1.3570746121591018E-13","-2.4522182751972021E-13","-5.2973644944284382E-1","-8.8187392018631772E-1","1.9455306657565901E+0","6.2831174525684244E+0","3.6525240525666686E+2","2.2495091274787200E+2","3.054200000000000E-6"
"884","1.0015788877117526E+0","-7.3002021280233288E-17","-1.4165604635780546E-13","-2.5702735652110042E-13","-5.3174272889813989E-1","-8.8294712605230075E-1","1.9415106559197799E+0","6.2831178613375673E+0","3.6525242901937918E+2","2.2445182675965100E+2","3.054200000000000E-6"
"883","1.0015773989496974E+0","-7.3002021280216783E-17","-1.4297602514453635E-13","-2.5945675575352127E-13","-5.3375077281552386E-1","-8.8401539436431087E-1","1.9374871313161199E+0","6.2831182667775751E+0","3.6525245258856108E+2","2.2395282320459901E+2","3.054200000000000E-6"
"882","1.0015759159111253E+0","-7.3002021280232129E-17","-1.4969003309063618E-13","-2.7204984008601539E-13","-5.3576057125974430E-1","-8.8507872583726577E-1","1.9334601117380401E+0","6.2831186689238354E+0","3.6525247596626969E+2","2.2345390630167000E+2","3.054200000000000E-6"
"881","1.0015744385621759E+0","-7.3002021280233843E-17","-1.4509457298617736E-13","-2.6308011974211186E-13","-5.3777211432281036E-1","-8.8613712119354560E-1","1.9294296169242100E+0","6.2831190678112439E+0","3.6525249915453350E+2","2.2295507943947200E+2","3.054200000000000E-6"
"880","1.0015729668692692E+0","-7.3002021280226213E-17","-1.4205142951220754E-13","-2.5876841589315658E-13","-5.3978539212385312E-1","-8.8719058116281424E-1","1.9253956665597300E+0","6.2831194634742733E+0","3.6525252215535664E+2","2.2245634650224599E+2","3.054200000000000E-6"
"879","1.0015715007990988E+0","-7.3002021280228148E-17","-1.4602461605159246E-13","-2.6514811047795266E-13","-5.4180039480899789E-1","-8.8823910648184290E-1","1.9213582802764400E+0","6.2831198559469383E+0","3.6525254497071637E+2","2.2195771144781199E+2","3.054200000000000E-6"
"878","1.0015700403186227E+0","-7.3002021280240116E-17","-1.4996611806049656E-13","-2.7212042872225212E-13","-5.4381711255122678E-1","-8.8928269789433545E-1","1.9173174776531201E+0","6.2831202452627952E+0","3.6525256760256343E+2","2.2145917787380401E+2","3.054200000000000E-6"
"877","1.0015685853950751E+0","-7.3002021280261477E-17","-1.3879368670267091E-13","-2.5233125861556743E-13","-5.4583553555026110E-1","-8.9032135615073271E-1","1.9132732782158099E+0","6.2831206314550068E+0","3.6525259005282561E+2","2.2096074931493200E+2","3.054200000000000E-6"
"876","1.0015671359959475E+0","-7.3002021280255795E-17","-1.4979035856634272E-13","-2.7240523608181810E-13","-5.4785565403239289E-1","-8.9135508200805935E-1","1.9092257014380600E+0","6.2831210145562713E+0","3.6525261232340375E+2","2.2046242996354701E+2","3.054200000000000E-6"
"875","1.0015656920889984E+0","-7.3002021280238292E-17","-1.4825708076203210E-13","-2.6815283907538693E-13","-5.4987745825039824E-1","-8.9238387622974147E-1","1.9051747667411001E+0","6.2831213945988846E+0","3.6525263441617534E+2","2.1996422268229000E+2","3.054200000000000E-6"
"874","1.0015642536422427E+0","-7.3002021280217363E-17","-1.4993609170916618E-13","-2.7299951468132240E-13","-5.5190093848336341E-1","-8.9340773958542741E-1","1.9011204934942501E+0","6.2831217716147405E+0","3.6525265633299438E+2","2.1946613219644499E+2","3.054200000000000E-6"
"873","1.0015628206239560E+0","-7.3002021280212716E-17","-1.4576984850648245E-13","-2.6562854578832698E-13","-5.5392608503658747E-1","-8.9442667285082567E-1","1.8970629010150499E+0","6.2831221456352893E+0","3.6525267807568918E+2","2.1896816160370301E+2","3.054200000000000E-6"
"872","1.0015613930026628E+0","-7.3002021280191934E-17","-1.5479756997450354E-13","-2.8162464446917596E-13","-5.5595288824139444E-1","-8.9544067680753936E-1","1.8930020085696100E+0","6.2831225166916180E+0","3.6525269964606684E+2","2.1847031449048100E+2","3.054200000000000E-6"
"871","1.0015599707471485E+0","-7.3002021280181654E-17","-1.6680862403448897E-13","-3.0503142576171756E-13","-5.5798133845506892E-1","-8.9644975224288403E-1","1.8889378353727899E+0","6.2831228848143947E+0","3.6525272104591028E+2","2.1797259463031801E+2","3.054200000000000E-6"
"870","1.0015585538264360E+0","-7.3002021280183811E-17","-1.4899925931447203E-13","-2.7156946222453342E-13","-5.6001142606068477E-1","-8.9745389994974034E-1","1.8848704005885200E+0","6.2831232500339231E+0","3.6525274227698100E+2","2.1747500546872800E+2","3.054200000000000E-6"
"869","1.0015571422098031E+0","-7.3002021280184452E-17","-1.4890918576434809E-13","-2.7157217720701361E-13","-5.6204314146694456E-1","-8.9845312072637873E-1","1.8807997233300600E+0","6.2831236123800895E+0","3.6525276334101648E+2","2.1697755101425599E+2","3.054200000000000E-6"
"868","1.0015557358667704E+0","-7.3002021280191108E-17","-1.6071653759482251E-13","-2.9402110619508046E-13","-5.6407647510808778E-1","-8.9944741537629469E-1","1.8767258226602299E+0","6.2831239718824126E+0","3.6525278423973265E+2","2.1648023453361401E+2","3.054200000000000E-6"
"867","1.0015543347671025E+0","-7.3002021280213369E-17","-1.4715857408899731E-13","-2.6905075443421727E-13","-5.6611141744377991E-1","-9.0043678470805499E-1","1.8726487175916700E+0","6.2831243285700769E+0","3.6525280497482601E+2","2.1598305962982701E+2","3.054200000000000E-6"
"866","1.0015529388807958E+0","-7.3002021280243592E-17","-1.7808439595457189E-13","-3.2440065258757841E-13","-5.6814795895886494E-1","-9.0142122953513781E-1","1.8685684270871701E+0","6.2831246824718310E+0","3.6525282554796792E+2","2.1548602983982701E+2","3.054200000000000E-6"
"865","1.0015515481780917E+0","-7.3002021280227692E-17","-1.5770899297444622E-13","-2.8896364571724905E-13","-5.7018609016342403E-1","-9.0240075067576264E-1","1.8644849700598001E+0","6.2831250336161304E+0","3.6525284596081252E+2","2.1498914901165799E+2","3.054200000000000E-6"
"864","1.0015501626294652E+0","-7.3002021280214639E-17","-1.4092984569609443E-13","-2.5660549619250438E-13","-5.7222580159242342E-1","-9.0337534895275140E-1","1.8603983653733001E+0","6.2831253820310282E+0","3.6525286621499055E+2","2.1449242039699001E+2","3.054200000000000E-6"
"863","1.0015487822056230E+0","-7.3002021280199342E-17","-1.4082227951906581E-13","-2.5645620635375511E-13","-5.7426708380570191E-1","-9.0434502519336768E-1","1.8563086318423201E+0","6.2831257277442578E+0","3.6525288631211424E+2","2.1399584734169699E+2","3.054200000000000E-6"
"862","1.0015474068774970E+0","-7.3002021280192588E-17","-1.4767832849955278E-13","-2.7100983065792511E-13","-5.7630992738785558E-1","-9.0530978022915454E-1","1.8522157882326000E+0","6.2831260707831769E+0","3.6525290625377392E+2","2.1349943380998101E+2","3.054200000000000E-6"
"861","1.0015460366162572E+0","-7.3002021280195164E-17","-1.4010458788467440E-13","-2.5566902295392049E-13","-5.7835432294805078E-1","-9.0626961489578473E-1","1.8481198532613099E+0","6.2831264111748322E+0","3.6525292604154203E+2","2.1300318283268001E+2","3.054200000000000E-6"
"860","1.0015446713932910E+0","-7.3002021280226324E-17","-1.3812509247206107E-13","-2.5076913800783554E-13","-5.8040026111988874E-1","-9.0722453003291970E-1","1.8440208455972900E+0","6.2831267489459064E+0","3.6525294567696955E+2","2.1250709822838201E+2","3.054200000000000E-6"
"859","1.0015433111802123E+0","-7.3002021280215514E-17","-1.3807783868195036E-13","-2.5063645028460138E-13","-5.8244773256131177E-1","-9.0817452648405295E-1","1.8399187838613100E+0","6.2831270841227767E+0","3.6525296516158983E+2","2.1201118300352999E+2","3.054200000000000E-6"
"858","1.0015419559488561E+0","-7.3002021280216697E-17","-1.3947098206859071E-13","-2.5562847562567410E-13","-5.8449672795443197E-1","-9.0911960509635337E-1","1.8358136866263499E+0","6.2831274167314941E+0","3.6525298449691741E+2","2.1151544128229401E+2","3.054200000000000E-6"
"857","1.0015406056712768E+0","-7.3002021280220000E-17","-1.4114996939501922E-13","-2.5812514019503098E-13","-5.8654723800541186E-1","-9.1005976672055033E-1","1.8317055724178100E+0","6.2831277467977582E+0","3.6525300368444618E+2","2.1101987590623500E+2","3.054200000000000E-6"
"856","1.0015392603197102E+0","-7.3001970781391150E-17","-1.6193933861668647E-13","-2.6901477002743188E-13","-5.8859925344438535E-1","-9.1099501221067769E-1","1.8275944597140099E+0","6.2831280743465516E+0","3.6525302272562845E+2","2.1052449606853199E+2","3.054200000000000E-6"
"855","1.0015379198667138E+0","-7.3001950582174402E-17","-1.6962818550886448E-13","-2.8205396561583292E-13","-5.9065276502510156E-1","-9.1192534242423573E-1","1.8234803669457500E+0","6.2831283994038447E+0","3.6525304162197392E+2","2.1002929423801200E+2","3.054200000000000E-6"
"854","1.0015365842849515E+0","-7.3001938641606764E-17","-1.5974572341701800E-13","-2.6657801794188334E-13","-5.9270776352513588E-1","-9.1285075822162476E-1","1.8193633124975399E+0","6.2831287219939691E+0","3.6525306037489713E+2","2.0953427901037000E+2","3.054200000000000E-6"
"853","1.0015352535473347E+0","-7.3001995406358709E-17","-1.8769844180861115E-13","-3.1661333175332860E-13","-5.9476423974547887E-1","-9.1377126046628265E-1","1.8152433147072899E+0","6.2831290421414270E+0","3.6525307898582230E+2","2.0903945401996799E+2","3.054200000000000E-6"
"852","1.0015339276269786E+0","-7.3001998466220700E-17","-1.9151103484131525E-13","-3.2284363927993611E-13","-5.9682218451055946E-1","-9.1468685002446848E-1","1.8111203918666301E+0","6.2831293598703821E+0","3.6525309745615431E+2","2.0854482243083800E+2","3.054200000000000E-6"
"851","1.0015326064972105E+0","-7.3001984882029540E-17","-1.8574597018235975E-13","-3.1331339387469586E-13","-5.9888158866801966E-1","-9.1559752776513936E-1","1.8069945622212200E+0","6.2831296752047416E+0","3.6525311578728275E+2","2.0805038773944599E+2","3.054200000000000E-6"
"850","1.0015312901315652E+0","-7.3001936458095121E-17","-1.8534914108855211E-13","-3.1250777650680423E-13","-6.0094244308859512E-1","-9.1650329455979651E-1","1.8028658439710601E+0","6.2831299881680991E+0","3.6525313398057932E+2","2.0755615289967500E+2","3.054200000000000E-6"
"849","1.0015299785037695E+0","-7.3001966436548095E-17","-1.8944698160068082E-13","-3.1968648519606401E-13","-6.0300473866602544E-1","-9.1740415128236474E-1","1.7987342552706900E+0","6.2831302987837701E+0","3.6525315203739933E+2","2.0706212192245400E+2","3.054200000000000E-6"
"848","1.0015286715877618E+0","-7.3002026793865503E-17","-1.8821904630947590E-13","-3.1763774120810625E-13","-6.0506846631688227E-1","-9.1830009880905672E-1","1.7945998142294499E+0","6.2831306070747850E+0","3.6525316995908162E+2","2.0656829739867899E+2","3.054200000000000E-6"
"847","1.0015273693576758E+0","-7.3002043297503276E-17","-1.9652680869814227E-13","-3.3469832280368100E-13","-6.0713361698044332E-1","-9.1919113801822216E-1","1.7904625389117901E+0","6.2831309130639017E+0","3.6525318774694915E+2","2.0607468329875900E+2","3.054200000000000E-6"
"846","1.0015260717878383E+0","-7.3001996217548950E-17","-1.8619512799589396E-13","-3.1503352997309747E-13","-6.0920018161858713E-1","-9.2007726979024340E-1","1.7863224473374699E+0","6.2831312167736026E+0","3.6525320540230888E+2","2.0558128234437200E+2","3.054200000000000E-6"
"845","1.0015247788527786E+0","-7.3001935609509520E-17","-1.8791324631125562E-13","-3.1805399438343024E-13","-6.1126815121559208E-1","-9.2095849500738070E-1","1.7821795574819099E+0","6.2831315182260985E+0","3.6525322292645188E+2","2.0508809801087401E+2","3.054200000000000E-6"
"844","1.0015234905272146E+0","-7.3001977508804888E-17","-1.4654484370309253E-13","-2.4108289099532728E-13","-6.1333751677810300E-1","-9.2183481455365723E-1","1.7780338872763399E+0","6.2831318174433370E+0","3.6525324032065424E+2","2.0459513326394500E+2","3.054200000000000E-6"
"843","1.0015222067860579E+0","-7.3001988995858389E-17","-1.9033873940573813E-13","-3.1905876938880043E-13","-6.1540826933480552E-1","-9.2270622931474833E-1","1.7738854546082301E+0","6.2831321144470031E+0","3.6525325758617635E+2","2.0410239189631301E+2","3.054200000000000E-6"
"842","1.0015209276044079E+0","-7.3001937033559932E-17","-2.5424005998247148E-13","-4.3637705356801017E-13","-6.1748039993655712E-1","-9.2357274017781232E-1","1.7697342773213500E+0","6.2831324092585081E+0","3.6525327472426301E+2","2.0360987684669300E+2","3.054200000000000E-6"
"841","1.0015196529575539E+0","-7.3001956517647608E-17","-2.4050785977854482E-13","-4.1334384658170508E-13","-6.1955389965618635E-1","-9.2443434803137248E-1","1.7655803732160600E+0","6.2831327018990333E+0","3.6525329173614546E+2","2.0311759083085099E+2","3.054200000000000E-6"
"840","1.0015183828209695E+0","-7.3001956601736926E-17","-2.1590137804545041E-13","-3.6763733280529520E-13","-6.2162875958813035E-1","-9.2529105376523579E-1","1.7614237600497999E+0","6.2831329923895050E+0","3.6525330862304025E+2","2.0262553786503000E+2","3.054200000000000E-6"
"839","1.0015171171703143E+0","-7.3001938910013186E-17","-2.2161445279575452E-13","-3.7882800534779523E-13","-6.2370497084850329E-1","-9.2614285827035259E-1","1.7572644555371499E+0","6.2831332807505778E+0","3.6525332538614811E+2","2.0213372056870000E+2","3.054200000000000E-6"
"838","1.0015158559814326E+0","-7.3001957636817492E-17","-2.1790026981677404E-13","-3.7058290495002704E-13","-6.2578252457499361E-1","-9.2698976243865583E-1","1.7531024773500601E+0","6.2831335670026949E+0","3.6525334202665744E+2","2.0164214241506099E+2","3.054200000000000E-6"
"837","1.0015145992303442E+0","-7.3001936531187608E-17","-2.1435349678135937E-13","-3.6566010759537119E-13","-6.2786141192660538E-1","-9.2783176716300353E-1","1.7489378431182501E+0","6.2831338511660224E+0","3.6525335854574041E+2","2.0115080628419199E+2","3.054200000000000E-6"
"836","1.0015133468932520E+0","-7.3001860384733258E-17","-2.2038747192916542E-13","-3.7583746010191323E-13","-6.2994162408360754E-1","-9.2866887333699877E-1","1.7447705704294001E+0","6.2831341332605275E+0","3.6525337494455795E+2","2.0065971576347201E+2","3.054200000000000E-6"
"835","1.0015120989465383E+0","-7.3001825726860747E-17","-2.1271368175993838E-13","-3.6209094926636771E-13","-6.3202315224738936E-1","-9.2950108185491687E-1","1.7406006768293700E+0","6.2831344133059073E+0","3.6525339122425498E+2","2.0016887337895099E+2","3.054200000000000E-6"
"834","1.0015108553667564E+0","-7.3001827832338145E-17","-2.1914980098140049E-13","-3.7332534427033056E-13","-6.3410598764028558E-1","-9.3032839361156350E-1","1.7364281798226000E+0","6.2831346913216581E+0","3.6525340738596492E+2","1.9967828257023399E+2","3.054200000000000E-6"
"833","1.0015096161306412E+0","-7.3001863597326387E-17","-2.2123654312905047E-13","-3.7984783346023720E-13","-6.3619012150549414E-1","-9.3115080950217410E-1","1.7322530968721901E+0","6.2831349673270278E+0","3.6525342343080666E+2","1.9918794616919101E+2","3.054200000000000E-6"
"832","1.0015083812150900E+0","-7.3001837418580882E-17","-2.1064107697851421E-13","-3.5897793472394377E-13","-6.3827554510693751E-1","-9.3196833042229033E-1","1.7280754454003000E+0","6.2831352413410402E+0","3.6525343935988604E+2","1.9869786796413101E+2","3.054200000000000E-6"
"831","1.0015071505971829E+0","-7.3001785378615396E-17","-2.1047391037105508E-13","-3.5746500204867862E-13","-6.4036224972906786E-1","-9.3278095726765764E-1","1.7238952427883600E+0","6.2831355133825175E+0","3.6525345517429741E+2","1.9820805004819101E+2","3.054200000000000E-6"
"830","1.0015059242541597E+0","-7.3001796345691749E-17","-2.1818852694945812E-13","-3.7260427494636381E-13","-6.4245022667681340E-1","-9.3358869093409957E-1","1.7197125063773300E+0","6.2831357834700396E+0","3.6525347087512080E+2","1.9771849625531800E+2","3.054200000000000E-6"
"829","1.0015047021634347E+0","-7.3001720498302629E-17","-2.1209256114552746E-13","-3.6209159630039885E-13","-6.4453946727543321E-1","-9.3439153231741090E-1","1.7155272534679400E+0","6.2831360516219821E+0","3.6525348646342428E+2","1.9722920927489000E+2","3.054200000000000E-6"
"828","1.0015034843025883E+0","-7.3001776493893301E-17","-2.1526563823908778E-13","-3.6650343175088054E-13","-6.4662996287033359E-1","-9.3518948231325238E-1","1.7113395013210100E+0","6.2831363178565116E+0","3.6525350194026407E+2","1.9674019204807001E+2","3.054200000000000E-6"
"827","1.0015022706493606E+0","-7.3001733029880778E-17","-1.2959788463905059E-13","-2.1655470318786925E-13","-6.4872170482703029E-1","-9.3598254181701490E-1","1.7071492671576700E+0","6.2831365821915757E+0","3.6525351730668348E+2","1.9625144778026601E+2","3.054200000000000E-6"
"826","1.0015010611816637E+0","-7.3001722047138670E-17","-8.9285873879687266E-14","-1.4072219928281703E-13","-6.5081468453088154E-1","-9.3677071172381965E-1","1.7029565681595200E+0","6.2831368446449094E+0","3.6525353256371346E+2","1.9576297949932700E+2","3.054200000000000E-6"
"825","1.0014998558775645E+0","-7.3001774640007927E-17","-1.1444536433896322E-13","-1.8382066582596437E-13","-6.5290889338696134E-1","-9.3755399292825792E-1","1.6987614214692499E+0","6.2831371052340748E+0","3.6525354771237500E+2","1.9527478987590700E+2","3.054200000000000E-6"
"824","1.0014986547152891E+0","-7.3001712752297380E-17","-9.1730407004500483E-14","-1.4672439218878176E-13","-6.5500432282019139E-1","-9.3833238632434579E-1","1.6945638441904300E+0","6.2831373639763886E+0","3.6525356275367466E+2","1.9478688265222399E+2","3.054200000000000E-6"
"823","1.0014974576732327E+0","-7.3001595569405249E-17","-9.0116850573202210E-14","-1.4423562079418296E-13","-6.5710096427488773E-1","-9.3910589280547996E-1","1.6903638533880101E+0","6.2831376208890131E+0","3.6525357768861016E+2","1.9429925984650899E+2","3.054200000000000E-6"
"822","1.0014962647299384E+0","-7.3001591675402808E-17","-8.4518981460797866E-14","-1.3264759823795906E-13","-6.5919880921479157E-1","-9.3987451326426696E-1","1.6861614660885700E+0","6.2831378759888770E+0","3.6525359251816565E+2","1.9381192506522601E+2","3.054200000000000E-6"
"821","1.0014950758641117E+0","-7.3001592071441329E-17","-8.9675472177004885E-14","-1.4063474700666582E-13","-6.6129784912288414E-1","-9.4063824859242795E-1","1.6819566992806101E+0","6.2831381292927428E+0","3.6525360724331551E+2","1.9332488077489700E+2","3.054200000000000E-6"
"820","1.0014938910546063E+0","-7.3001563416401575E-17","-1.0814122806500379E-13","-1.7585889444448147E-13","-6.6339807550129459E-1","-9.4139709968072660E-1","1.6777495699147100E+0","6.2831383808171619E+0","3.6525362186502201E+2","1.9283813066418301E+2","3.054200000000000E-6"
"819","1.0014927102804378E+0","-7.3001604116818987E-17","-1.0071455297158720E-13","-1.6247432271326130E-13","-6.6549947987115410E-1","-9.4215106741884547E-1","1.6735400949038199E+0","6.2831386305785140E+0","3.6525363638423721E+2","1.9235167657017800E+2","3.054200000000000E-6"
"818","1.0014915335207670E+0","-7.3001582793384386E-17","-1.0758378528626876E-13","-1.7481793591970115E-13","-6.6760205377242299E-1","-9.4290015269529859E-1","1.6693282911235900E+0","6.2831388785929878E+0","3.6525365080190232E+2","1.9186552204399200E+2","3.054200000000000E-6"
"817","1.0014903607549055E+0","-7.3001633014305329E-17","-9.9414078789857067E-14","-1.5919498911565297E-13","-6.6970578876384512E-1","-9.4364435639732192E-1","1.6651141754125500E+0","6.2831391248765858E+0","3.6525366511894754E+2","1.9137967000358100E+2","3.054200000000000E-6"
"816","1.0014891919623219E+0","-7.3001598903661820E-17","-1.0465012099794799E-13","-1.6939452595055082E-13","-6.7181067642271708E-1","-9.4438367941079226E-1","1.6608977645723999E+0","6.2831393694451156E+0","3.6525367933629178E+2","1.9089412320415400E+2","3.054200000000000E-6"
"815","1.0014880271226243E+0","-7.3001628726237531E-17","-1.0717672013625934E-13","-1.7263976693493428E-13","-6.7391670834484363E-1","-9.4511812262011963E-1","1.6566790753682501E+0","6.2831396123142493E+0","3.6525369345484614E+2","1.9040888469555199E+2","3.054200000000000E-6"
"814","1.0014868662155691E+0","-7.3001697703079537E-17","-1.1021277765782497E-13","-1.7927577750160801E-13","-6.7602387614436465E-1","-9.4584768690815924E-1","1.6524581245289001E+0","6.2831398534994412E+0","3.6525370747550897E+2","1.8992395679494800E+2","3.054200000000000E-6"
"813","1.0014857092210614E+0","-7.3001638663179723E-17","-1.2049796880699633E-13","-1.9851911057980890E-13","-6.7813217145362270E-1","-9.4657237315611320E-1","1.6482349287470699E+0","6.2831400930159900E+0","3.6525372139916965E+2","1.8943934304136801E+2","3.054200000000000E-6"
"812","1.0014845561191477E+0","-7.3001598999118932E-17","-1.1405953031551909E-13","-1.8826870450727810E-13","-6.8024158592306694E-1","-9.4729218224343525E-1","1.6440095046796901E+0","6.2831403308790197E+0","3.6525373522670742E+2","1.8895504547838800E+2","3.054200000000000E-6"
"811","1.0014834068900209E+0","-7.3001633505843931E-17","-1.1369624224643070E-13","-1.8579648383153725E-13","-6.8235211122107775E-1","-9.4800711504774549E-1","1.6397818689481001E+0","6.2831405671034926E+0","3.6525374895899199E+2","1.8847106749955901E+2","3.054200000000000E-6"
"810","1.0014822615140058E+0","-7.3001582777180628E-17","-9.1989390907272717E-14","-1.4690980767838662E-13","-6.8446373903388569E-1","-9.4871717244473697E-1","1.6355520381384001E+0","6.2831408017041879E+0","3.6525376259688255E+2","1.8798741200286801E+2","3.054200000000000E-6"
"809","1.0014811199715816E+0","-7.3001537341791083E-17","-9.5095882202578398E-14","-1.5193298622693670E-13","-6.8657646106535231E-1","-9.4942235530809338E-1","1.6313200288016201E+0","6.2831410346957330E+0","3.6525377614122942E+2","1.8750408099427401E+2","3.054200000000000E-6"
"808","1.0014799822433562E+0","-7.3001549850676169E-17","-9.6189794843503739E-14","-1.5543769122772358E-13","-6.8869026903697206E-1","-9.5012266450938243E-1","1.6270858574540099E+0","6.2831412660925903E+0","3.6525378959287332E+2","1.8702107830156800E+2","3.054200000000000E-6"
"807","1.0014788483100789E+0","-7.3001547882184480E-17","-9.4910006638335941E-14","-1.5211145903801001E-13","-6.9080515468764647E-1","-9.5081810091797925E-1","1.6228495405772900E+0","6.2831414959090646E+0","3.6525380295264586E+2","1.8653840585867701E+2","3.054200000000000E-6"
"806","1.0014777181526358E+0","-7.3001514112732741E-17","-9.8787661588163520E-14","-1.5805648823292032E-13","-6.9292110977357435E-1","-9.5150866540098267E-1","1.6186110946189201E+0","6.2831417241592984E+0","3.6525381622136916E+2","1.8605606680787901E+2","3.054200000000000E-6"
"805","1.0014765917520445E+0","-7.3001449172587327E-17","-1.0313489020495807E-13","-1.6630682122473255E-13","-6.9503812606815396E-1","-9.5219435882312808E-1","1.6143705359923000E+0","6.2831419508572726E+0","3.6525382939985593E+2","1.8557406388830000E+2","3.054200000000000E-6"
"804","1.0014754690894641E+0","-7.3001478062071489E-17","-1.0278206135421297E-13","-1.6578188294327494E-13","-6.9715619536181861E-1","-9.5287518204668642E-1","1.6101278810771200E+0","6.2831421760168222E+0","3.6525384248891049E+2","1.8509239948000700E+2","3.054200000000000E-6"
"803","1.0014743501461796E+0","-7.3001531290567885E-17","-1.0247130443675452E-13","-1.6679133283818862E-13","-6.9927530946191396E-1","-9.5355113593140906E-1","1.6058831462195200E+0","6.2831423996516511E+0","3.6525385548932945E+2","1.8461107693160901E+2","3.054200000000000E-6"
"802","1.0014732349036146E+0","-7.3001538901931908E-17","-9.6856428685793025E-14","-1.5554741242343606E-13","-7.0139546019258825E-1","-9.5422222133441159E-1","1.6016363477324200E+0","6.2831426217752560E+0","3.6525386840189736E+2","1.8413009820199801E+2","3.054200000000000E-6"
"801","1.0014721233433179E+0","-7.3001550029324593E-17","-1.0559795041877210E-13","-1.7351448720035387E-13","-7.0351663939464104E-1","-9.5488843911011656E-1","1.5973875018957300E+0","6.2831428424010358E+0","3.6525388122739321E+2","1.8364946653404800E+2","3.054200000000000E-6"
"800","1.0014710154469699E+0","-7.3001508596874508E-17","-1.0591945032061317E-13","-1.7345087101811367E-13","-7.0563883892541424E-1","-9.5554979011016872E-1","1.5931366249565899E+0","6.2831430615422388E+0","3.6525389396658710E+2","1.8316918443517801E+2","3.054200000000000E-6"
"799","1.0014699111963781E+0","-7.3001544889351592E-17","-1.0429890349034892E-13","-1.7087098293635439E-13","-7.0776205065865749E-1","-9.5620627518334345E-1","1.5888837331296599E+0","6.2831432792119335E+0","3.6525390662023881E+2","1.8268925435889400E+2","3.054200000000000E-6"
"798","1.0014688105734821E+0","-7.3001522210404071E-17","-1.0697454159437387E-13","-1.7208365800107272E-13","-7.0988626648438291E-1","-9.5685789517546804E-1","1.5846288425973700E+0","6.2831434954230883E+0","3.6525391918910208E+2","1.8220967944136601E+2","3.054200000000000E-6"
"797","1.0014677135603420E+0","-7.3001509019738478E-17","-1.0113581522221090E-13","-1.6453863750310753E-13","-7.1201147830877598E-1","-9.5750465092935888E-1","1.5803719695101499E+0","6.2831437101885061E+0","3.6525393167392127E+2","1.8173046195373701E+2","3.054200000000000E-6"
"796","1.0014666201391484E+0","-7.3001561934516294E-17","-9.3001052971827733E-14","-1.5101409578688174E-13","-7.1413767805402562E-1","-9.5814654328472315E-1","1.5761131299866800E+0","6.2831439235208508E+0","3.6525394407543257E+2","1.8125160424358799E+2","3.054200000000000E-6"
"795","1.0014655302922106E+0","-7.3001548523331513E-17","-1.0255285032464868E-13","-1.6656715268450778E-13","-7.1626485765820680E-1","-9.5878357307809559E-1","1.5718523401142099E+0","6.2831441354326687E+0","3.6525395639436528E+2","1.8077310993390500E+2","3.054200000000000E-6"
"794","1.0014644440019642E+0","-7.3001562086569492E-17","-1.0159910314747091E-13","-1.6528490526981448E-13","-7.1839300907520565E-1","-9.5941574114276229E-1","1.5675896159486800E+0","6.2831443459363490E+0","3.6525396863143965E+2","1.8029498086833499E+2","3.054200000000000E-6"
"793","1.0014633612509680E+0","-7.3001566503083814E-17","-1.1017880703253502E-13","-1.7915057866461504E-13","-7.2052212427449813E-1","-9.6004304830866716E-1","1.5633249735151300E+0","6.2831445550441600E+0","3.6525398078736890E+2","1.7981721967299200E+2","3.054200000000000E-6"
"792","1.0014622820219004E+0","-7.3001566796213199E-17","-1.1711993305875872E-13","-1.9322359612283750E-13","-7.2265219524110713E-1","-9.6066549540236634E-1","1.5590584288078000E+0","6.2831447627682326E+0","3.6525399286285813E+2","1.7933982889488399E+2","3.054200000000000E-6"
"791","1.0014612062975552E+0","-7.3001531521843143E-17","-1.1757255966832298E-13","-1.9465777890070072E-13","-7.2478321397543299E-1","-9.6128308324693490E-1","1.5547899977904900E+0","6.2831449691205732E+0","3.6525400485860536E+2","1.7886281134637900E+2","3.054200000000000E-6"
"790","1.0014601340608538E+0","-7.3001523023757678E-17","-1.2175745441892363E-13","-2.0147570300048035E-13","-7.2691517249313653E-1","-9.6189581266188762E-1","1.5505196963967700E+0","6.2831451741130442E+0","3.6525401677530016E+2","1.7838616953269999E+2","3.054200000000000E-6"
"789","1.0014590652948301E+0","-7.3001571249384581E-17","-1.2432341497661543E-13","-2.0823974694513684E-13","-7.2904806282500878E-1","-9.6250368446314261E-1","1.5462475405302101E+0","6.2831453777574007E+0","3.6525402861362585E+2","1.7790990585930001E+2","3.054200000000000E-6"
"788","1.0014579999826325E+0","-7.3001596604882636E-17","-1.2181457022227759E-13","-2.0318853236943235E-13","-7.3118187701686321E-1","-9.6310669946289129E-1","1.5419735460646999E+0","6.2831455800652645E+0","3.6525404037425812E+2","1.7743402341417399E+2","3.054200000000000E-6"
"787","1.0014569381075347E+0","-7.3001637311042845E-17","-1.2266115875141012E-13","-2.0406036736210168E-13","-7.3331660712936197E-1","-9.6370485846959664E-1","1.5376977288446101E+0","6.2831457810481348E+0","3.6525405205786541E+2","1.7695852376730201E+2","3.054200000000000E-6"
"786","1.0014558796529136E+0","-7.3001682631121238E-17","-1.1347691124399610E-13","-1.8890595936914498E-13","-7.3545224523796826E-1","-9.6429816228786913E-1","1.5334201046850899E+0","6.2831459807173875E+0","3.6525406366510902E+2","1.7648341001792599E+2","3.054200000000000E-6"
"785","1.0014548246022692E+0","-7.3001716753378715E-17","-1.1875087599251526E-13","-1.9712342537111067E-13","-7.3758878343272172E-1","-9.6488661171842827E-1","1.5291406893723301E+0","6.2831461790842642E+0","3.6525407519664242E+2","1.7600868461581601E+2","3.054200000000000E-6"
"784","1.0014537729392108E+0","-7.3001734802334394E-17","-1.2037671817476133E-13","-1.9966003388345638E-13","-7.3972621381821135E-1","-9.6547020755801294E-1","1.5248594986637800E+0","6.2831463761599160E+0","3.6525408665311392E+2","1.7553434996380400E+2","3.054200000000000E-6"
"783","1.0014527246474569E+0","-7.3001759946066227E-17","-8.1294977908487440E-14","-1.2922431896252016E-13","-7.4186452851343188E-1","-9.6604895059932705E-1","1.5205765482883500E+0","6.2831465719553501E+0","3.6525409803516328E+2","1.7506040886520699E+2","3.054200000000000E-6"
"782","1.0014516797108468E+0","-7.3001787668416887E-17","-8.2279549557275050E-14","-1.3032842668596593E-13","-7.4400371965150847E-1","-9.6662284163099188E-1","1.5162918539468599E+0","6.2831467664814813E+0","3.6525410934342511E+2","1.7458686354220501E+2","3.054200000000000E-6"
"781","1.0014506381133161E+0","-7.3001773946612442E-17","-8.7224540693149266E-14","-1.4138811495791374E-13","-7.4614377937980780E-1","-9.6719188143744883E-1","1.5120054313120199E+0","6.2831469597490770E+0","3.6525412057852532E+2","1.7411371657871300E+2","3.054200000000000E-6"
"780","1.0014495998389221E+0","-7.3001743318939885E-17","-8.8709740261035201E-14","-1.4245698068538509E-13","-7.4828469985967216E-1","-9.6775607079890058E-1","1.5077172960288101E+0","6.2831471517688282E+0","3.6525413174108536E+2","1.7364096997543200E+2","3.054200000000000E-6"
"779","1.0014485648718230E+0","-7.3001769318760299E-17","-8.5882728119143919E-14","-1.3619382542404852E-13","-7.5042647326631007E-1","-9.6831541049125525E-1","1.5034274637148000E+0","6.2831473425512909E+0","3.6525414283171898E+2","1.7316862672108101E+2","3.054200000000000E-6"
"778","1.0014475331962875E+0","-7.3001762832112210E-17","-9.1009729286522586E-14","-1.4596538969686006E-13","-7.5256909178869047E-1","-9.6886990128606443E-1","1.4991359499602399E+0","6.2831475321069146E+0","3.6525415385103349E+2","1.7269668911361799E+2","3.054200000000000E-6"
"777","1.0014465047966896E+0","-7.3001738428191661E-17","-9.4821291177068900E-14","-1.5478989427616677E-13","-7.5471254762941842E-1","-9.6941954395046248E-1","1.4948427703283900E+0","6.2831477204460375E+0","3.6525416479962996E+2","1.7222515925890701E+2","3.054200000000000E-6"
"776","1.0014454796575141E+0","-7.3001737816063160E-17","-8.4430965365794987E-14","-1.3483278446600800E-13","-7.5685683300461204E-1","-9.6996433924707592E-1","1.4905479403557800E+0","6.2831479075789058E+0","3.6525417567810405E+2","1.7175403971200600E+2","3.054200000000000E-6"
"775","1.0014444577633397E+0","-7.3001701334218080E-17","-8.7570388153217114E-14","-1.4028705561738984E-13","-7.5900194014372191E-1","-9.7050428793401800E-1","1.4862514755524801E+0","6.2831480935156296E+0","3.6525418648704346E+2","1.7128333309653101E+2","3.054200000000000E-6"
"774","1.0014434390988596E+0","-7.3001732507767912E-17","-9.0355377769789592E-14","-1.4579817788324420E-13","-7.6114786128950929E-1","-9.7103939076477552E-1","1.4819533914022300E+0","6.2831482782662453E+0","3.6525419722703151E+2","1.7081304188369799E+2","3.054200000000000E-6"
"773","1.0014424236488635E+0","-7.3001728845591687E-17","-9.0147143685457664E-14","-1.4503814748585632E-13","-7.6329458869785205E-1","-9.7156964848818106E-1","1.4776537033627599E+0","6.2831484618406632E+0","3.6525420789864449E+2","1.7034316786586001E+2","3.054200000000000E-6"
"772","1.0014414113982479E+0","-7.3001702322012979E-17","-7.5900713602464258E-14","-1.2014211638641692E-13","-7.6544211463763634E-1","-9.7209506184832750E-1","1.4733524268660700E+0","6.2831486442487074E+0","3.6525421850245340E+2","1.6987371349238799E+2","3.054200000000000E-6"
"771","1.0014404023320052E+0","-7.3001716838833577E-17","-8.1524186585563896E-14","-1.2876079804054702E-13","-7.6759043139061567E-1","-9.7261563158455100E-1","1.4690495773186401E+0","6.2831488255000822E+0","3.6525422903902245E+2","1.6940468190877900E+2","3.054200000000000E-6"
"770","1.0014393964352393E+0","-7.3001725712147030E-17","-8.1167697882265773E-14","-1.2690583938249708E-13","-7.6973953125133254E-1","-9.7313135843131437E-1","1.4647451701016501E+0","6.2831490056044164E+0","3.6525423950891127E+2","1.6893607466724899E+2","3.054200000000000E-6"
"769","1.0014383936931377E+0","-7.3001754865459472E-17","-8.5264606554037371E-14","-1.3635170075445162E-13","-7.7188940652695970E-1","-9.7364224311822245E-1","1.4604392205712400E+0","6.2831491845712106E+0","3.6525424991267221E+2","1.6846789438286100E+2","3.054200000000000E-6"
"768","1.0014373940909997E+0","-7.3001749696561000E-17","-8.6015249276553883E-14","-1.3823856728747759E-13","-7.7404004953719074E-1","-9.7414828636989648E-1","1.4561317440587700E+0","6.2831493624098878E+0","3.6525426025085306E+2","1.6800014305350999E+2","3.054200000000000E-6"
"767","1.0014363976142171E+0","-7.3001716302879037E-17","-8.3632151608265656E-14","-1.3371964013649732E-13","-7.7619145261411027E-1","-9.7464948890596614E-1","1.4518227558710499E+0","6.2831495391297683E+0","3.6525427052399567E+2","1.6753282365269700E+2","3.054200000000000E-6"
"766","1.0014354042482820E+0","-7.3001683840211984E-17","-8.5155463042505722E-14","-1.3666763826273836E-13","-7.7834360810206082E-1","-9.7514585144099442E-1","1.4475122712906101E+0","6.2831497147400848E+0","3.6525428073263669E+2","1.6706593780706601E+2","3.054200000000000E-6"
"765","1.0014344139787792E+0","-7.3001697222475608E-17","-8.8784860404954397E-14","-1.4382426845645719E-13","-7.8049650835755047E-1","-9.7563737468442946E-1","1.4432003055759000E+0","6.2831498892499535E+0","3.6525429087730600E+2","1.6659948828313199E+2","3.054200000000000E-6"
"764","1.0014334267913925E+0","-7.3001701358733634E-17","-6.5603836826606255E-14","-1.0087860983782531E-13","-7.8265014574914249E-1","-9.7612405934054214E-1","1.4388868739614999E+0","6.2831500626684313E+0","3.6525430095853028E+2","1.6613347683925599E+2","3.054200000000000E-6"
"763","1.0014324426719019E+0","-7.3001692913151349E-17","-7.0609302529593654E-14","-1.1041580128928924E-13","-7.8480451265720685E-1","-9.7660590610839615E-1","1.4345719916585600E+0","6.2831502350044488E+0","3.6525431097682861E+2","1.6566790643870300E+2","3.054200000000000E-6"
"762","1.0014314616061759E+0","-7.3001654503499390E-17","-7.0361715825885988E-14","-1.0920769058924992E-13","-7.8695960147399491E-1","-9.7708291568177630E-1","1.4302556738547600E+0","6.2831504062668708E+0","3.6525432093271627E+2","1.6520277864114200E+2","3.054200000000000E-6"
"761","1.0014304835801817E+0","-7.3001631537861944E-17","-6.6859619902754552E-14","-1.0145024395439197E-13","-7.8911540460337959E-1","-9.7755508874913455E-1","1.4259379357147299E+0","6.2831505764644664E+0","3.6525433082670310E+2","1.6473809613961100E+2","3.054200000000000E-6"
"760","1.0014295085799747E+0","-7.3001648121594526E-17","-6.6617465188320996E-14","-1.0225005182121361E-13","-7.9127191446076450E-1","-9.7802242599356159E-1","1.4216187923802801E+0","6.2831507456058997E+0","3.6525434065929267E+2","1.6427386089404101E+2","3.054200000000000E-6"
"759","1.0014285365917110E+0","-7.3001609035969594E-17","-6.7306313196494568E-14","-1.0332317862110441E-13","-7.9342912347299155E-1","-9.7848492809270260E-1","1.4172982589705700E+0","6.2831509136997701E+0","3.6525435043098497E+2","1.6381007541820500E+2","3.054200000000000E-6"
"758","1.0014275676016247E+0","-7.3001662516760668E-17","-7.2656491218494248E-14","-1.1401763379775233E-13","-7.9558702407816839E-1","-9.7894259571875253E-1","1.4129763505824400E+0","6.2831510807545801E+0","3.6525436014227427E+2","1.6334674140387401E+2","3.054200000000000E-6"
"757","1.0014266015960509E+0","-7.3001712080087026E-17","-7.5511002129782734E-14","-1.1891493725969322E-13","-7.9774560872561795E-1","-9.7939542953836234E-1","1.4086530822905601E+0","6.2831512467787416E+0","3.6525436979364952E+2","1.6288386200523399E+2","3.054200000000000E-6"
"756","1.0014256385614122E+0","-7.3001744264254736E-17","-6.8244714771600923E-14","-1.0291529840571533E-13","-7.9990486987568721E-1","-9.7984343021261755E-1","1.4043284691477300E+0","6.2831514117805991E+0","3.6525437938559583E+2","1.6242143831723200E+2","3.054200000000000E-6"
"755","1.0014246784842165E+0","-7.3001824026070879E-17","-6.5814998089658127E-14","-1.0072534736344825E-13","-8.0206479999964864E-1","-9.8028659839699872E-1","1.4000025261851301E+0","6.2831515757683878E+0","3.6525438891859193E+2","1.6195947329553400E+2","3.054200000000000E-6"
"754","1.0014237213510648E+0","-7.3001812346630412E-17","-7.0172237313033046E-14","-1.0824572177276996E-13","-8.0422539157960604E-1","-9.8072493474129918E-1","1.3956752684125000E+0","6.2831517387502824E+0","3.6525439839311309E+2","1.6149796902166500E+2","3.054200000000000E-6"
"753","1.0014227671486418E+0","-7.3001815738387917E-17","-7.2448461570786091E-14","-1.1390314123037382E-13","-8.0638663710833869E-1","-9.8115843988962437E-1","1.3913467108184401E+0","6.2831519007343664E+0","3.6525440780962913E+2","1.6103692718583201E+2","3.054200000000000E-6"
"752","1.0014218158637249E+0","-7.3001829408170510E-17","-7.5480604334166341E-14","-1.1836878238792760E-13","-8.0854852908921093E-1","-9.8158711448029912E-1","1.3870168683705899E+0","6.2831520617286438E+0","3.6525441716860541E+2","1.6057635014172999E+2","3.054200000000000E-6"
"751","1.0014208674831675E+0","-7.3001812900123375E-17","-7.3358607844126501E-14","-1.1494995438598510E-13","-8.1071106003602644E-1","-9.8201095914587366E-1","1.3826857560159400E+0","6.2831522217410427E+0","3.6525442647050272E+2","1.6011624044607700E+2","3.054200000000000E-6"
"750","1.0014199219939182E+0","-7.3001780148969901E-17","-6.9502750183724144E-14","-1.0714434634709275E-13","-8.1287422247292684E-1","-9.8242997451302916E-1","1.3783533886810000E+0","6.2831523807794074E+0","3.6525443571577722E+2","1.5965659964632800E+2","3.054200000000000E-6"
"749","1.0014189793830068E+0","-7.3001764717909916E-17","-7.2095013132472817E-14","-1.1177340122618291E-13","-8.1503800893424116E-1","-9.8284416120257179E-1","1.3740197812721200E+0","6.2831525388515006E+0","3.6525444490487996E+2","1.5919743028220299E+2","3.054200000000000E-6"
"748","1.0014180396375503E+0","-7.3001774555810264E-17","-7.7906344818297352E-14","-1.2066016194272650E-13","-8.1720241196441445E-1","-9.8325351982936482E-1","1.3696849486756200E+0","6.2831526959650272E+0","3.6525445403825904E+2","1.5873873431067301E+2","3.054200000000000E-6"
"747","1.0014171027447405E+0","-7.3001801455412661E-17","-7.6653669947837856E-14","-1.2083538663870357E-13","-8.1936742411784846E-1","-9.8365805100231685E-1","1.3653489057581101E+0","6.2831528521275910E+0","3.6525446311635648E+2","1.5828051369834100E+2","3.054200000000000E-6"
"746","1.0014161686918630E+0","-7.3001775748737114E-17","-7.3185657004128400E-14","-1.1376166119354245E-13","-8.2153303795880550E-1","-9.8405775532429851E-1","1.3610116673667001E+0","6.2831530073467388E+0","3.6525447213961081E+2","1.5782277068939001E+2","3.054200000000000E-6"
"745","1.0014152374662801E+0","-7.3001767713553515E-17","-7.4736129370415749E-14","-1.1839348068662558E-13","-8.2369924606125355E-1","-9.8445263339213551E-1","1.3566732483292601E+0","6.2831531616299374E+0","3.6525448110845628E+2","1.5736550735649899E+2","3.054200000000000E-6"
"744","1.0014143090554355E+0","-7.3001773178717598E-17","-7.6889467440416994E-14","-1.2159215495847536E-13","-8.2586604100879846E-1","-9.8484268579655032E-1","1.3523336634546299E+0","6.2831533149845757E+0","3.6525449002332238E+2","1.5690872592691099E+2","3.054200000000000E-6"
"743","1.0014133834468548E+0","-7.3001822156509619E-17","-7.8604077199987011E-14","-1.2438214101251230E-13","-8.2803341539453235E-1","-9.8522791312213298E-1","1.3479929275328399E+0","6.2831534674179732E+0","3.6525449888463453E+2","1.5645242824385099E+2","3.054200000000000E-6"
"742","1.0014124606281456E+0","-7.3001784340404951E-17","-7.9446967614236852E-14","-1.2621897280280388E-13","-8.3020136182090687E-1","-9.8560831594729448E-1","1.3436510553354000E+0","6.2831536189373862E+0","3.6525450769281457E+2","1.5599661641950900E+2","3.054200000000000E-6"
"741","1.0014115405869912E+0","-7.3001823210711199E-17","-7.6877923556356900E-14","-1.2037586003977593E-13","-8.3236987289964637E-1","-9.8598389484423343E-1","1.3393080616155000E+0","6.2831537695499815E+0","3.6525451644827922E+2","1.5554129230182500E+2","3.054200000000000E-6"
"740","1.0014106233111582E+0","-7.3001803936471605E-17","-7.6918362116925248E-14","-1.2070451580584571E-13","-8.3453894125159378E-1","-9.8635465037888481E-1","1.3349639611082600E+0","6.2831539192628760E+0","3.6525452515144218E+2","1.5508645834807800E+2","3.054200000000000E-6"
"739","1.0014097087884892E+0","-7.3001778755975834E-17","-9.0090239419115260E-14","-1.4463463539751876E-13","-8.3670855950660783E-1","-9.8672058311090460E-1","1.3306187685309501E+0","6.2831540680831086E+0","3.6525453380271256E+2","1.5463211616495300E+2","3.054200000000000E-6"
"738","1.0014087970069050E+0","-7.3001793171619696E-17","-9.6752811008413280E-14","-1.5623236785211555E-13","-8.3887872030345678E-1","-9.8708169359360509E-1","1.3262724985832799E+0","6.2831542160176381E+0","3.6525454240249485E+2","1.5417826835302299E+2","3.054200000000000E-6"
"737","1.0014078879544059E+0","-7.3001812274756346E-17","-9.6494497988416668E-14","-1.5498637764198146E-13","-8.4104941628970886E-1","-9.8743798237395264E-1","1.3219251659474700E+0","6.2831543630733808E+0","3.6525455095119133E+2","1.5372491615109601E+2","3.054200000000000E-6"
"736","1.0014069816190638E+0","-7.3001821701041449E-17","-9.7096388574976926E-14","-1.5665330997920544E-13","-8.4322064012155384E-1","-9.8778944999250251E-1","1.3175767852887199E+0","6.2831545092571703E+0","3.6525455944919906E+2","1.5327206209395300E+2","3.054200000000000E-6"
"735","1.0014060779890335E+0","-7.3001865437692768E-17","-9.3625669889155903E-14","-1.5009628378351960E-13","-8.4539238446374443E-1","-9.8813609698336813E-1","1.3132273712553000E+0","6.2831546545757719E+0","3.6525456789691140E+2","1.5281970768384801E+2","3.054200000000000E-6"
"734","1.0014051770525387E+0","-7.3001909603767596E-17","-8.5253385098318454E-14","-1.3396436749562888E-13","-8.4756464198946679E-1","-9.8847792387419608E-1","1.3088769384788099E+0","6.2831547990358967E+0","3.6525457629471845E+2","1.5236785536402300E+2","3.054200000000000E-6"
"733","1.0014042787978819E+0","-7.3001949829436695E-17","-7.2190422508347855E-14","-1.1445244166618947E-13","-8.4973740538019515E-1","-9.8881493118613895E-1","1.3045255015744199E+0","6.2831549426441828E+0","3.6525458464300607E+2","1.5191650681485501E+2","3.054200000000000E-6"
"732","1.0014033832134415E+0","-7.3001933329226745E-17","-7.1311702350426628E-14","-1.1164385648421772E-13","-8.5191066732557363E-1","-9.8914711943379152E-1","1.3001730751411500E+0","6.2831550854071940E+0","3.6525459294215597E+2","1.5146566419770599E+2","3.054200000000000E-6"
"731","1.0014024902876653E+0","-7.3001916827195636E-17","-9.4171195166407630E-14","-1.5382613669325889E-13","-8.5408442052333944E-1","-9.8947448912519387E-1","1.2958196737620300E+0","6.2831552273314504E+0","3.6525460119254700E+2","1.5101532952228499E+2","3.054200000000000E-6"
"730","1.0014016000090746E+0","-7.3001924635245806E-17","-9.5329835036322722E-14","-1.5521854932803762E-13","-8.5625865767924658E-1","-9.8979704076176345E-1","1.2914653120042801E+0","6.2831553684234169E+0","3.6525460939455508E+2","1.5056550439342399E+2","3.054200000000000E-6"
"729","1.0014007123662676E+0","-7.3001888812557097E-17","-9.3630541357858821E-14","-1.5272585688076192E-13","-8.5843337150680776E-1","-9.9011477483828891E-1","1.2871100044197099E+0","6.2831555086894593E+0","3.6525461754855024E+2","1.5011619100296099E+2","3.054200000000000E-6"
"728","1.0013998273479130E+0","-7.3001855358732884E-17","-1.0154378028279710E-13","-1.6614331567667507E-13","-8.6060855472726250E-1","-9.9042769184289825E-1","1.2827537655448700E+0","6.2831556481359216E+0","3.6525462565490130E+2","1.4966739109200401E+2","3.054200000000000E-6"
"727","1.0013989449427478E+0","-7.3001899109350357E-17","-1.0000401923440193E-13","-1.6236482182207358E-13","-8.6278420006949219E-1","-9.9073579225700203E-1","1.2783966099012600E+0","6.2831557867690746E+0","3.6525463371397274E+2","1.4921910677559001E+2","3.054200000000000E-6"
"726","1.0013980651395842E+0","-7.3001914848909486E-17","-8.8617963293330935E-14","-1.4056902324889102E-13","-8.6496030026984594E-1","-9.9103907655530288E-1","1.2740385519955499E+0","6.2831559245951016E+0","3.6525464172612408E+2","1.4877133970695999E+2","3.054200000000000E-6"
"725","1.0013971879272994E+0","-7.3001933771586833E-17","-1.1018026530250626E-13","-1.7998123294436168E-13","-8.6713684807198654E-1","-9.9133754520573658E-1","1.2696796063199700E+0","6.2831560616201703E+0","3.6525464969171384E+2","1.4832409224172000E+2","3.054200000000000E-6"
"724","1.0013963132948487E+0","-7.3001918683613968E-17","-6.8140840200583613E-14","-1.0435549976679592E-13","-8.6931383622699332E-1","-9.9163119866941629E-1","1.2653197873521900E+0","6.2831561978503645E+0","3.6525465761109564E+2","1.4787736567498700E+2","3.054200000000000E-6"
"723","1.0013954412312511E+0","-7.3001906211842199E-17","-6.9026403260650417E-14","-1.0489093801006124E-13","-8.7149125749283418E-1","-9.9192003740070311E-1","1.2609591095560699E+0","6.2831563332917231E+0","3.6525466548462060E+2","1.4743116218753201E+2","3.054200000000000E-6"
"722","1.0013945717255954E+0","-7.3001904414809957E-17","-7.4908354235390452E-14","-1.1516639257701123E-13","-8.7366910463468617E-1","-9.9220406184706034E-1","1.2565975873813899E+0","6.2831564679502163E+0","3.6525467331263570E+2","1.4698548362039099E+2","3.054200000000000E-6"
"721","1.0013937047670403E+0","-7.3001987673844362E-17","-6.8311610477322090E-14","-1.0274441460344026E-13","-8.7584737042457761E-1","-9.9248327244909029E-1","1.2522352352643700E+0","6.2831566018317622E+0","3.6525468109548513E+2","1.4654033172556399E+2","3.054200000000000E-6"
"720","1.0013928403448091E+0","-7.3001999531881015E-17","-7.3854785933173717E-14","-1.1275271934100173E-13","-8.7802604764131387E-1","-9.9275766964049184E-1","1.2478720676277999E+0","6.2831567349422155E+0","3.6525468883350902E+2","1.4609570866889001E+2","3.054200000000000E-6"
"719","1.0013919784481979E+0","-7.3002019447575237E-17","-6.9655358459870257E-14","-1.0474259610600953E-13","-8.8020512907037085E-1","-9.9302725384804269E-1","1.2435080988813301E+0","6.2831568672874196E+0","3.6525469652704720E+2","1.4565161588117300E+2","3.054200000000000E-6"
"718","1.0013911190665636E+0","-7.3002014584034702E-17","-6.8165975332533296E-14","-9.9741478340223224E-14","-8.8238460750379277E-1","-9.9329202549155537E-1","1.2391433434216399E+0","6.2831569988731015E+0","3.6525470417643265E+2","1.4520805533919199E+2","3.054200000000000E-6"
"717","1.0013902621893342E+0","-7.3002013356865779E-17","-1.1463189049805781E-13","-1.8717721954391853E-13","-8.8456447573996955E-1","-9.9355198498389419E-1","1.2347778156327900E+0","6.2831571297049758E+0","3.6525471178199740E+2","1.4476502886144300E+2","3.054200000000000E-6"
"716","1.0013894078060017E+0","-7.3001947130338656E-17","-1.2405385419408150E-13","-2.0467443099831021E-13","-8.8674472658382120E-1","-9.9380713273084709E-1","1.2304115298861400E+0","6.2831572597886742E+0","3.6525471934406892E+2","1.4432253843639299E+2","3.054200000000000E-6"
"715","1.0013885559061229E+0","-7.3001987942529585E-17","-6.8727959811788127E-14","-1.1128860057406958E-13","-8.8892535284637508E-1","-9.9405746913120852E-1","1.2260445005409100E+0","6.2831573891298103E+0","3.6525472686297360E+2","1.4388058532224699E+2","3.054200000000000E-6"
"714","1.0013877064793184E+0","-7.3002015084977253E-17","-5.8274850322110712E-14","-8.8046100969259999E-14","-8.9110634734457650E-1","-9.9430299457676752E-1","1.2216767419445000E+0","6.2831575177338905E+0","3.6525473433903147E+2","1.4343917187562599E+2","3.054200000000000E-6"
"713","1.0013868595152793E+0","-7.3002087226606433E-17","-6.7818135330961351E-14","-1.0589667356070490E-13","-8.9328770290153348E-1","-9.9454370945217030E-1","1.2173082684323100E+0","6.2831576456064351E+0","3.6525474177256342E+2","1.4299829984305799E+2","3.054200000000000E-6"
"712","1.0013860150037532E+0","-7.3002102121496668E-17","-6.8948721155570308E-14","-1.1003628574990079E-13","-8.9546941234619370E-1","-9.9477961413498206E-1","1.2129390943281699E+0","6.2831577727528671E+0","3.6525474916388481E+2","1.4255797063789001E+2","3.054200000000000E-6"
"711","1.0013851729345533E+0","-7.3002046452901710E-17","-6.8949498532935635E-14","-1.0897523898981045E-13","-8.9765146851322164E-1","-9.9501070899563926E-1","1.2085692339446501E+0","6.2831578991785930E+0","3.6525475651330976E+2","1.4211818642697099E+2","3.054200000000000E-6"
"710","1.0013843332975592E+0","-7.3001997980237097E-17","-7.5387391020782475E-14","-1.2187742072965049E-13","-8.9983386424290723E-1","-9.9523699439743407E-1","1.2041987015832001E+0","6.2831580248889383E+0","3.6525476382114800E+2","1.4167894859579599E+2","3.054200000000000E-6"
"709","1.0013834960827110E+0","-7.3001874762598176E-17","-6.1237117300140137E-14","-9.4567585604875653E-14","-9.0201659238109233E-1","-9.9545847069647675E-1","1.1998275115343799E+0","6.2831581498891946E+0","3.6525477108770707E+2","1.4124025911332399E+2","3.054200000000000E-6"
"708","1.0013826612800090E+0","-7.3001870218276332E-17","-5.9158223341389561E-14","-8.9463797125384653E-14","-9.0419964577893708E-1","-9.9567513824171472E-1","1.1954556780781700E+0","6.2831582741846095E+0","3.6525477831329209E+2","1.4080211970257901E+2","3.054200000000000E-6"
"707","1.0013818288795184E+0","-7.3001899884076329E-17","-6.5019998681312214E-14","-1.0186357246879340E-13","-9.0638301729294923E-1","-9.9588699737485620E-1","1.1910832154840800E+0","6.2831583977803671E+0","3.6525478549820440E+2","1.4036453218168799E+2","3.054200000000000E-6"
"706","1.0013809988713627E+0","-7.3001901782180437E-17","-5.7822469783152396E-14","-8.7593958955704989E-14","-9.0856669978480820E-1","-9.9609404843038829E-1","1.1867101380114400E+0","6.2831585206816234E+0","3.6525479264274367E+2","1.3992749801409201E+2","3.054200000000000E-6"
"705","1.0013801712457286E+0","-7.3001872235749973E-17","-5.9151076869592376E-14","-9.1675316990441099E-14","-9.1075068612120391E-1","-9.9629629173554668E-1","1.1823364599096500E+0","6.2831586428934649E+0","3.6525479974720565E+2","1.3949101903679500E+2","3.054200000000000E-6"
"704","1.0013793459928608E+0","-7.3001816320430780E-17","-5.6066393818461535E-14","-8.4744321526656691E-14","-9.1293496917379868E-1","-9.9649372761029587E-1","1.1779621954183701E+0","6.2831587644209472E+0","3.6525480681188424E+2","1.3905509705955299E+2","3.054200000000000E-6"
"703","1.0013785231030663E+0","-7.3001767378489985E-17","-5.8977936117715854E-14","-8.8964939361055888E-14","-9.1511954181906829E-1","-9.9668635636730563E-1","1.1735873587677601E+0","6.2831588852690796E+0","3.6525481383707057E+2","1.3861973347070401E+2","3.054200000000000E-6"
"702","1.0013777025667081E+0","-7.3001811220356231E-17","-6.1832085703270668E-14","-9.7205817490642111E-14","-9.1730439693818544E-1","-9.9687417831193970E-1","1.1692119641787300E+0","6.2831590054428146E+0","3.6525482082305263E+2","1.3818493048701299E+2","3.054200000000000E-6"
"701","1.0013768843742124E+0","-7.3001804521606667E-17","-7.1150322355953034E-14","-1.1199075640039608E-13","-9.1948952741693180E-1","-9.9705719374224333E-1","1.1648360258631201E+0","6.2831591249470664E+0","3.6525482777011609E+2","1.3775068899214401E+2","3.054200000000000E-6"
"700","1.0013760685160622E+0","-7.3001804816911410E-17","-7.2657992068122631E-14","-1.1636229704472668E-13","-9.2167492614559254E-1","-9.9723540294888979E-1","1.1604595580239501E+0","6.2831592437867032E+0","3.6525483467854383E+2","1.3731701135814600E+2","3.054200000000000E-6"
"699","1.0013752549827954E+0","-7.3001844568424840E-17","-7.6240411562981346E-14","-1.2383131922318040E-13","-9.2386058601877563E-1","-9.9740880621521766E-1","1.1560825748556900E+0","6.2831593619665558E+0","3.6525484154861681E+2","1.3688389917302700E+2","3.054200000000000E-6"
"698","1.0013744437650149E+0","-7.3001709186556824E-17","-7.4684563296388354E-14","-1.2027773820415178E-13","-9.2604649993536581E-1","-9.9757740381717774E-1","1.1517050905444199E+0","6.2831594794914043E+0","3.6525484838061283E+2","1.3645135384148600E+2","3.054200000000000E-6"
"697","1.0013736348533746E+0","-7.3001784692646001E-17","-9.0760887722332296E-14","-1.5036687652168263E-13","-9.2823266079834466E-1","-9.9774119602333444E-1","1.1473271192681600E+0","6.2831595963659836E+0","3.6525485517480723E+2","1.3601937703109800E+2","3.054200000000000E-6"
"696","1.0013728282385854E+0","-7.3001865967693220E-17","-6.1613208903749262E-14","-9.4878753075670099E-14","-9.3041906151485465E-1","-9.9790018309480044E-1","1.1429486751968301E+0","6.2831597125949852E+0","3.6525486193147265E+2","1.3558797043921300E+2","3.054200000000000E-6"
"695","1.0013720239114203E+0","-7.3001976993205277E-17","-5.9890248598407634E-14","-9.4475924373330020E-14","-9.3260569499572044E-1","-9.9805436528533853E-1","1.1385697724929600E+0","6.2831598281830718E+0","3.6525486865088016E+2","1.3515713570412200E+2","3.054200000000000E-6"
"694","1.0013712218627038E+0","-7.3001953099028563E-17","-6.4200365886512215E-14","-1.0111844476439692E-13","-9.3479255415572127E-1","-9.9820374284120938E-1","1.1341904253114501E+0","6.2831599431348542E+0","3.6525487533329783E+2","1.3472687439076600E+2","3.054200000000000E-6"
"693","1.0013704220833153E+0","-7.3002006848077162E-17","-5.4493724580359069E-14","-8.1623033922710772E-14","-9.3697963191331346E-1","-9.9834831600123586E-1","1.1298106477999701E+0","6.2831600574548876E+0","3.6525488197899040E+2","1.3429718833085499E+2","3.054200000000000E-6"
"692","1.0013696245641925E+0","-7.3001964256011063E-17","-4.8231630193738909E-14","-7.0455329422613624E-14","-9.3916692119045198E-1","-9.9848808499678543E-1","1.1254304540992801E+0","6.2831601711477001E+0","3.6525488858822121E+2","1.3386807868043601E+2","3.054200000000000E-6"
"691","1.0013688292963285E+0","-7.3001908689675515E-17","-5.2479045749472805E-14","-7.8394681595241879E-14","-9.4135441491258798E-1","-9.9862305005172192E-1","1.1210498583433299E+0","6.2831602842177983E+0","3.6525489516125214E+2","1.3343954759552099E+2","3.054200000000000E-6"
"690","1.0013680362707655E+0","-7.3001882428675569E-17","-5.0659892661538549E-14","-7.5711299113626073E-14","-9.4354210600850641E-1","-9.9875321138243434E-1","1.1166688746595199E+0","6.2831603966696132E+0","3.6525490169834080E+2","1.3301159631426600E+2","3.054200000000000E-6"
"689","1.0013672454786087E+0","-7.3001825447839141E-17","-4.9743300795777635E-14","-7.5369438832108568E-14","-9.4572998741022296E-1","-9.9887856919778273E-1","1.1122875171689399E+0","6.2831605085075637E+0","3.6525490819974408E+2","1.3258422622051299E+2","3.054200000000000E-6"
"688","1.0013664569110090E+0","-7.3001814531816103E-17","-5.5445137765360888E-14","-8.4719354999407585E-14","-9.4791805205284219E-1","-9.9899912369912325E-1","1.1079057999866300E+0","6.2831606197360115E+0","3.6525491466571549E+2","1.3215743941275301E+2","3.054200000000000E-6"
"687","1.0013656705591727E+0","-7.3001776286010049E-17","-5.0922920601402724E-14","-7.5757019843757077E-14","-9.5010629287451431E-1","-9.9911487508027819E-1","1.1035237372216700E+0","6.2831607303592758E+0","3.6525492109650622E+2","1.3173123695669699E+2","3.054200000000000E-6"
"686","1.0013648864143627E+0","-7.3001738782050517E-17","-5.1033538318493981E-14","-7.5344669700226522E-14","-9.5229470281621542E-1","-9.9922582352752498E-1","1.0991413429776300E+0","6.2831608403816652E+0","3.6525492749236668E+2","1.3130562062107799E+2","3.054200000000000E-6"
"685","1.0013641044678905E+0","-7.3001796508026985E-17","-5.0027689347848300E-14","-7.5362378478684137E-14","-9.5448327482173212E-1","-9.9933196921958678E-1","1.0947586313525901E+0","6.2831609498074297E+0","3.6525493385354389E+2","1.3088059196900801E+2","3.054200000000000E-6"
"684","1.0013633247111207E+0","-7.3001693443291318E-17","-5.4574354336114080E-14","-8.2741280986821036E-14","-9.5667200183748680E-1","-9.9943331232762400E-1","1.0903756164394900E+0","6.2831610586407667E+0","3.6525494018028195E+2","1.3045615274490299E+2","3.054200000000000E-6"
"683","1.0013625471354721E+0","-7.3001666780242347E-17","-3.9984185352174015E-14","-5.7395999224194504E-14","-9.5886087681249144E-1","-9.9952985301522224E-1","1.0859923123262301E+0","6.2831611668858773E+0","3.6525494647282500E+2","1.3003230382684899E+2","3.054200000000000E-6"
"682","1.0013617717324128E+0","-7.3001542937958463E-17","-4.3096880024871144E-14","-6.1382871481288513E-14","-9.6104989269811703E-1","-9.9962159143839269E-1","1.0816087330961000E+0","6.2831612745468970E+0","3.6525495273141343E+2","1.2960904748259401E+2","3.054200000000000E-6"
"681","1.0013609984934639E+0","-7.3001579503165272E-17","-4.5359599318658878E-14","-6.6464633635242532E-14","-9.6323904244809577E-1","-9.9970852774554098E-1","1.0772248928278201E+0","6.2831613816279148E+0","3.6525495895628501E+2","1.2918638478504400E+2","3.054200000000000E-6"
"680","1.0013602274101934E+0","-7.3001608170449848E-17","-4.9177837065456809E-14","-7.3404994801954108E-14","-9.6542831901836712E-1","-9.9979066207748557E-1","1.0728408055958301E+0","6.2831614881330120E+0","3.6525496514767696E+2","1.2876431750605499E+2","3.054200000000000E-6"
"679","1.0013594584742249E+0","-7.3001596491885312E-17","-4.7030602299982959E-14","-7.0805931066478606E-14","-9.6761771536695496E-1","-9.9986799456742836E-1","1.0684564854705101E+0","6.2831615940662164E+0","3.6525497130582346E+2","1.2834284663716201E+2","3.054200000000000E-6"
"678","1.0013586916772261E+0","-7.3001649983175053E-17","-4.6442012198545599E-14","-6.8556493043880931E-14","-9.6980722445386269E-1","-9.9994052534095879E-1","1.0640719465184201E+0","6.2831616994315320E+0","3.6525497743095724E+2","1.2792197419171600E+2","3.054200000000000E-6"
"677","1.0013579270109214E+0","-7.3001677936021871E-17","-4.9632869849297313E-14","-7.4112450060672895E-14","-9.7199683924094771E-1","-1.0000082545160365E+0","1.0596872028025399E+0","6.2831618042329094E+0","3.6525498352330800E+2","1.2750170150916900E+2","3.054200000000000E-6"
"676","1.0013571644670822E+0","-7.3001756934996811E-17","-5.1243787457962594E-14","-7.8701035616510642E-14","-9.7418655269182242E-1","-1.0000711822029953E+0","1.0553022683824700E+0","6.2831619084742849E+0","3.6525498958310448E+2","1.2708202998874300E+2","3.054200000000000E-6"
"675","1.0013564040375238E+0","-7.3001783828343603E-17","-4.8113479142260987E-14","-7.3201989375345997E-14","-9.7637635777176845E-1","-1.0001293085045413E+0","1.0509171573145899E+0","6.2831620121595533E+0","3.6525499561057319E+2","1.2666296110352000E+2","3.054200000000000E-6"
"674","1.0013556457141202E+0","-7.3001810485948731E-17","-3.9673088976638139E-14","-5.5940598802337066E-14","-9.7856624744755594E-1","-1.0001826335157167E+0","1.0465318836524300E+0","6.2831621152925612E+0","3.6525500160593765E+2","1.2624449628370201E+2","3.054200000000000E-6"
"673","1.0013548894887832E+0","-7.3001717938085881E-17","-3.4723713886270425E-14","-4.7695934893095818E-14","-9.8075621468735996E-1","-1.0002311573239473E+0","1.0421464614468201E+0","6.2831622178771358E+0","3.6525500756942040E+2","1.2582663690329800E+2","3.054200000000000E-6"
"672","1.0013541353534809E+0","-7.3001719923357887E-17","-3.4099452802105563E-14","-4.5436986132852892E-14","-9.8294625246068412E-1","-1.0002748800089776E+0","1.0377609047460801E+0","6.2831623199170767E+0","3.6525501350124233E+2","1.2540938473667100E+2","3.054200000000000E-6"
"671","1.0013533833002237E+0","-7.3001684747893522E-17","-3.8247219895437714E-14","-5.3629082602931169E-14","-9.8513635373819730E-1","-1.0003138016429090E+0","1.0333752275963100E+0","6.2831624214161499E+0","3.6525501940162235E+2","1.2499274113250900E+2","3.054200000000000E-6"
"670","1.0013526333210729E+0","-7.3001653524187310E-17","-3.6103443579238150E-14","-5.0524331576205669E-14","-9.8732651149167538E-1","-1.0003479222901761E+0","1.0289894440415299E+0","6.2831625223780581E+0","3.6525502527077566E+2","1.2457670700801400E+2","3.054200000000000E-6"
"669","1.0013518854081360E+0","-7.3001631439934156E-17","-3.7899080416974630E-14","-5.2717928912363791E-14","-9.8951671869381097E-1","-1.0003772420075494E+0","1.0246035681240400E+0","6.2831626228065209E+0","3.6525503110891862E+2","1.2416128430940900E+2","3.054200000000000E-6"
"668","1.0013511395535653E+0","-7.3001465076140150E-17","-3.4332865733041126E-14","-4.6006479627281947E-14","-9.9170696831818705E-1","-1.0004017608441345E+0","1.0202176138844801E+0","6.2831627227051881E+0","3.6525503691626324E+2","1.2374647441740200E+2","3.054200000000000E-6"
"667","1.0013503957495631E+0","-7.3001489969961612E-17","-4.0986300093768508E-14","-5.8927420137665636E-14","-9.9389725333906798E-1","-1.0004214788413655E+0","1.0158315953622301E+0","6.2831628220776858E+0","3.6525504269302041E+2","1.2333227842209200E+2","3.054200000000000E-6"
"666","1.0013496539883771E+0","-7.3001444702270892E-17","-3.5887702926435138E-14","-4.8516612965195541E-14","-9.9608756673141163E-1","-1.0004363960329896E+0","1.0114455265954401E+0","6.2831629209276230E+0","3.6525504843939990E+2","1.2291869799559400E+2","3.054200000000000E-6"
"665","1.0013489142622953E+0","-7.3001460745531979E-17","-3.4998857802294386E-14","-4.8491508858037491E-14","-9.9827790147061402E-1","-1.0004465124450970E+0","1.0070594216214801E+0","6.2831630192585646E+0","3.6525505415560900E+2","1.2250573451020900E+2","3.054200000000000E-6"
"664","1.0013481765636596E+0","-7.3001430962781135E-17","-4.8342992721968230E-14","-7.1030080968814138E-14","-1.0004682505324858E+0","-1.0004518280960966E+0","1.0026732944769901E+0","6.2831631170740474E+0","3.6525505984185321E+2","1.2209338930649400E+2","3.054200000000000E-6"
"663","1.0013474408848531E+0","-7.3001378197316458E-17","-4.3546949965853854E-14","-6.3789588234428632E-14","-1.0026586068931749E+0","-1.0004523429967054E+0","9.9828715919809297E-1","6.2831632143775797E+0","3.6525506549833653E+2","1.2168166342154400E+2","3.054200000000000E-6"
"662","1.0013467072183024E+0","-7.3001374168479570E-17","-4.5574055533025101E-14","-6.7384268315344093E-14","-1.0048489635289333E+0","-1.0004480571499716E+0","9.9390102982080897E-1","6.2831633111726344E+0","3.6525507112526088E+2","1.2127055867943200E+2","3.054200000000000E-6"
"661","1.0013459755564802E+0","-7.3001403062510725E-17","-5.0343698870397196E-14","-7.7928176837140546E-14","-1.0070393134160822E+0","-1.0004389705512708E+0","9.8951492038111100E-1","6.2831634074626681E+0","3.6525507672282714E+2","1.2086007645742001E+2","3.054200000000000E-6"
"660","1.0013452458919045E+0","-7.3001438012528135E-17","-5.2911246727634143E-14","-8.0269665539861263E-14","-1.0092296495309196E+0","-1.0004250831882873E+0","9.8512884491515895E-1","6.2831635032510942E+0","3.6525508229123380E+2","1.2045021765644699E+2","3.054200000000000E-6"
"659","1.0013445182171374E+0","-7.3001390353129121E-17","-4.9143812885039112E-14","-7.5939775848994875E-14","-1.0114199648495559E+0","-1.0004063950410251E+0","9.8074281745960501E-1","6.2831635985413037E+0","3.6525508783067795E+2","1.2004098377807701E+2","3.054200000000000E-6"
"658","1.0013437925247832E+0","-7.3001398071089096E-17","-4.4316678385974608E-14","-6.5362834018233649E-14","-1.0136102523478250E+0","-1.0003829060818195E+0","9.7635685205175604E-1","6.2831636933366530E+0","3.6525509334135472E+2","1.1963237649453400E+2","3.054200000000000E-6"
"657","1.0013430688074885E+0","-7.3001507839634636E-17","-4.7560176927324057E-14","-7.0948006503360616E-14","-1.0158005050011305E+0","-1.0003546162753352E+0","9.7197096272988703E-1","6.2831637876404764E+0","3.6525509882345796E+2","1.1922439684111799E+2","3.054200000000000E-6"
"656","1.0013423470579490E+0","-7.3001569824468776E-17","-4.3318945943833374E-14","-6.1148208729352726E-14","-1.0179907157844277E+0","-1.0003215255785480E+0","9.6758516353329205E-1","6.2831638814560780E+0","3.6525510427717967E+2","1.1881704608352400E+2","3.054200000000000E-6"
"655","1.0013416272688922E+0","-7.3001611321494768E-17","-4.2775213997766715E-14","-6.3789606564728174E-14","-1.0201808776720134E+0","-1.0002836339407730E+0","9.6319946850270999E-1","6.2831639747867332E+0","3.6525510970271029E+2","1.1841032558207000E+2","3.054200000000000E-6"
"654","1.0013409094331016E+0","-7.3001602042138460E-17","-4.5405195149535551E-14","-6.7270364389735731E-14","-1.0223709836374606E+0","-1.0002409413036519E+0","9.5881389168040398E-1","6.2831640676356866E+0","3.6525511510023847E+2","1.1800423686643100E+2","3.054200000000000E-6"
"653","1.0013401935433939E+0","-7.3001591332685195E-17","-4.3312979542431115E-14","-6.4464163381625270E-14","-1.0245610266535068E+0","-1.0001934476011605E+0","9.5442844711045005E-1","6.2831641600061570E+0","3.6525512046995135E+2","1.1759878086487100E+2","3.054200000000000E-6"
"652","1.0013394795926325E+0","-7.3001565518576752E-17","-4.2002903152914778E-14","-6.1664219399004587E-14","-1.0267509996919304E+0","-1.0001411527596049E+0","9.5004314883895002E-1","6.2831642519013524E+0","3.6525512581203532E+2","1.1719395921782299E+2","3.054200000000000E-6"
"651","1.0013387675737184E+0","-7.3001526525257494E-17","-4.3295074931707635E-14","-6.4327099088773156E-14","-1.0289408957234183E+0","-1.0000840566976477E+0","9.4565801091428903E-1","6.2831643433244180E+0","3.6525513112667329E+2","1.1678977295969200E+2","3.054200000000000E-6"
"650","1.0013380574795954E+0","-7.3001455937937670E-17","-4.1773784709345747E-14","-6.2835747074062581E-14","-1.0311307077175023E+0","-1.0000221593262966E+0","9.4127304738726703E-1","6.2831644342785067E+0","3.6525513641404854E+2","1.1638622346286600E+2","3.054200000000000E-6"
"649","1.0013373493032525E+0","-7.3001492575973782E-17","-4.3020097306681356E-14","-6.2771880683372263E-14","-1.0333204286423918E+0","-9.9995546054889639E-1","9.3688827231145400E-1","6.2831645247667307E+0","3.6525514167434198E+2","1.1598331185696100E+2","3.054200000000000E-6"
"648","1.0013366430377135E+0","-7.3001493104998240E-17","-4.4232255156922252E-14","-6.4285017587637512E-14","-1.0355100514649027E+0","-9.9988396026116433E-1","9.3250369974330305E-1","6.2831646147921756E+0","3.6525514690773298E+2","1.1558103963211100E+2","3.054200000000000E-6"
"647","1.0013359386760445E+0","-7.3001476910274934E-17","-4.4065093353907869E-14","-6.6740230915987428E-14","-1.0376995691503317E+0","-9.9980765835117147E-1","9.2811934374242799E-1","6.2831647043579029E+0","3.6525515211439949E+2","1.1517940781503900E+2","3.054200000000000E-6"
"646","1.0013352362113577E+0","-7.3001417252588131E-17","-4.7867318565772946E-14","-7.3488147416857286E-14","-1.0398889746623123E+0","-9.9972655469935767E-1","9.2373521837186001E-1","6.2831647934669501E+0","3.6525515729451814E+2","1.1477841795062500E+2","3.054200000000000E-6"
"645","1.0013345356368004E+0","-7.3001422406769811E-17","-4.7077658529088661E-14","-7.1161327014117433E-14","-1.0420782609627692E+0","-9.9964064917853812E-1","9.1935133769816602E-1","6.2831648821223265E+0","3.6525516244826383E+2","1.1437807111343901E+2","3.054200000000000E-6"
"644","1.0013338369455564E+0","-7.3001308201283295E-17","-4.5222547528926438E-14","-6.7298338550724583E-14","-1.0442674210117351E+0","-9.9954994165392175E-1","9.1496771579179803E-1","6.2831649703270118E+0","3.6525516757580976E+2","1.1397836821178301E+2","3.054200000000000E-6"
"643","1.0013331401308596E+0","-7.3001305611282709E-17","-4.4174472845345131E-14","-6.5983438091748448E-14","-1.0464564477672862E+0","-9.9945443198309192E-1","9.1058436672721998E-1","6.2831650580839717E+0","3.6525517267732840E+2","1.1357931095862000E+2","3.054200000000000E-6"
"642","1.0013324451859706E+0","-7.3001286094075053E-17","-4.2899281875817651E-14","-6.3642587371443212E-14","-1.0486453341853874E+0","-9.9935412001604451E-1","9.0620130458324200E-1","6.2831651453961452E+0","3.6525517775299056E+2","1.1318090025895800E+2","3.054200000000000E-6"
"641","1.0013317521041984E+0","-7.3001251906607018E-17","-5.7179064298947177E-14","-9.0910884210383933E-14","-1.0508340732198018E+0","-9.9924900559517937E-1","9.0181854344315604E-1","6.2831652322664402E+0","3.6525518280296524E+2","1.1278313764212700E+2","3.054200000000000E-6"
"640","1.0013310608788892E+0","-7.3001234923632079E-17","-4.9477889096789771E-14","-7.7720376096784982E-14","-1.0530226578220592E+0","-9.9913908855528233E-1","8.9743609739488195E-1","6.2831653186977423E+0","3.6525518782742023E+2","1.1238602393022900E+2","3.054200000000000E-6"
"639","1.0013303715034232E+0","-7.3001241544712889E-17","-4.9039425548301383E-14","-7.5731923274068741E-14","-1.0552110809411444E+0","-9.9902436872361722E-1","8.9305398053145602E-1","6.2831654046929213E+0","3.6525519282652243E+2","1.1198956033528700E+2","3.054200000000000E-6"
"638","1.0013296839712247E+0","-7.3001230557948922E-17","-3.4740477640414841E-14","-4.7488466099193958E-14","-1.0573993355235947E+0","-9.9890484591983264E-1","8.8867220695098104E-1","6.2831654902548140E+0","3.6525519780043658E+2","1.1159374857213500E+2","3.054200000000000E-6"
"637","1.0013289982757509E+0","-7.3001234222652263E-17","-3.6957425333085477E-14","-5.2361667285308415E-14","-1.0595874145132078E+0","-9.9878051995606920E-1","8.8429079075707795E-1","6.2831655753862323E+0","3.6525520274932632E+2","1.1119858927526700E+2","3.054200000000000E-6"
"636","1.0013283144105039E+0","-7.3001232073438987E-17","-3.7246895133020152E-14","-5.2252496010215866E-14","-1.0617753108510737E+0","-9.9865139063688702E-1","8.7990974605892602E-1","6.2831656600899768E+0","3.6525520767335433E+2","1.1080408360182700E+2","3.054200000000000E-6"
"635","1.0013276323690155E+0","-7.3001321364297883E-17","-3.6960732360452095E-14","-5.2719911974989176E-14","-1.0639630174754044E+0","-9.9851745775931988E-1","8.7552908697157505E-1","6.2831657443688069E+0","3.6525521257268110E+2","1.1041023316262300E+2","3.054200000000000E-6"
"634","1.0013269521448611E+0","-7.3001333928798477E-17","-3.5983025395643121E-14","-5.3427427729863186E-14","-1.0661505273214014E+0","-9.9837872111289305E-1","8.7114882761615298E-1","6.2831658282254912E+0","3.6525521744746749E+2","1.1001703861974900E+2","3.054200000000000E-6"
"633","1.0013262737316484E+0","-7.3001386841045417E-17","-3.5275008760151636E-14","-5.1439462810319211E-14","-1.0683378333211562E+0","-9.9823518047960713E-1","8.6676898212015496E-1","6.2831659116627332E+0","3.6525522229787072E+2","1.0962450148799699E+2","3.054200000000000E-6"
"632","1.0013255971230273E+0","-7.3001349866294123E-17","-3.5468452762783720E-14","-5.0230810025198941E-14","-1.0705249284035463E+0","-9.9808683563397305E-1","8.6238956461756999E-1","6.2831659946832543E+0","3.6525522712404904E+2","1.0923262259825900E+2","3.054200000000000E-6"
"631","1.0013249223126797E+0","-7.3001304359160008E-17","-3.7603736041058470E-14","-5.4310866807763079E-14","-1.0727118054941227E+0","-9.9793368634301138E-1","8.5801058924916795E-1","6.2831660772897155E+0","3.6525523192615708E+2","1.0884140346226100E+2","3.054200000000000E-6"
"630","1.0013242492943248E+0","-7.3001277027045009E-17","-3.3256503718814733E-14","-4.7271241441066856E-14","-1.0748984575149787E+0","-9.9777573236628858E-1","8.5363207016269804E-1","6.2831661594847956E+0","3.6525523670435052E+2","1.0845084474072200E+2","3.054200000000000E-6"
"629","1.0013235780617207E+0","-7.3001317473550061E-17","-3.8267080956963352E-14","-5.6198859856181033E-14","-1.0770848773846431E+0","-9.9761297345588795E-1","8.4925402151318297E-1","6.2831662412711200E+0","3.6525524145878205E+2","1.0806094834777500E+2","3.054200000000000E-6"
"628","1.0013229086086599E+0","-7.3001332426692411E-17","-3.8765792153874213E-14","-5.6915693814720180E-14","-1.0792710580179850E+0","-9.9744540935646830E-1","8.4487645746302698E-1","6.2831663226513061E+0","3.6525524618960378E+2","1.0767171448051100E+2","3.054200000000000E-6"
"627","1.0013222409289702E+0","-7.3001276447030579E-17","-3.8202968429396251E-14","-5.5675694434558047E-14","-1.0814569923260700E+0","-9.9727303980525828E-1","8.4049939218235004E-1","6.2831664036279431E+0","3.6525525089696629E+2","1.0728314462399500E+2","3.054200000000000E-6"
"626","1.0013215750165143E+0","-7.3001213422190644E-17","-3.9645072995429079E-14","-5.6730782186333817E-14","-1.0836426732160704E+0","-9.9709586453207000E-1","8.3612283984916103E-1","6.2831664842036208E+0","3.6525525558102004E+2","1.0689523997998199E+2","3.054200000000000E-6"
"625","1.0013209108651933E+0","-7.3001250432728293E-17","-3.9266149575527659E-14","-5.7611140600117064E-14","-1.0858280935911422E+0","-9.9691388325931574E-1","8.3174681464959799E-1","6.2831665643808767E+0","3.6525526024191265E+2","1.0650800152638701E+2","3.054200000000000E-6"
"624","1.0013202484689392E+0","-7.3001211842962208E-17","-4.1694582210599954E-14","-5.9879663872208487E-14","-1.0880132463503116E+0","-9.9672709570202889E-1","8.2737133077816305E-1","6.2831666441622449E+0","3.6525526487979135E+2","1.0612143045171800E+2","3.054200000000000E-6"
"623","1.0013195878217231E+0","-7.3001220946450889E-17","-3.2965896408225659E-14","-4.3894087617245148E-14","-1.0901981243883805E+0","-9.9653550156787363E-1","8.2299640243789296E-1","6.2831667235502433E+0","3.6525526949480252E+2","1.0573552777408200E+2","3.054200000000000E-6"
"622","1.0013189289175473E+0","-7.3001261325863827E-17","-3.4913378225751005E-14","-4.9791886572402089E-14","-1.0923827205957333E+0","-9.9633910055718133E-1","8.1862204384075099E-1","6.2831668025473544E+0","3.6525527408709053E+2","1.0535029454325201E+2","3.054200000000000E-6"
"621","1.0013182717504505E+0","-7.3001328281009753E-17","-3.5693241670823093E-14","-4.9660713154594527E-14","-1.0945670278583286E+0","-9.9613789236293926E-1","8.1424826920765803E-1","6.2831668811560570E+0","3.6525527865679942E+2","1.0496573199096400E+2","3.054200000000000E-6"
"620","1.0013176163145061E+0","-7.3001399069387407E-17","-3.4930279912988449E-14","-4.9136622237120325E-14","-1.0967510390575557E+0","-9.9593187667082761E-1","8.0987509276875702E-1","6.2831669593788018E+0","3.6525528320407165E+2","1.0458184082705900E+2","3.054200000000000E-6"
"619","1.0013169626038196E+0","-7.3001447768236868E-17","-3.6143818857077998E-14","-5.1640617304256076E-14","-1.0989347470700614E+0","-9.9572105315922499E-1","8.0550252876379802E-1","6.2831670372180266E+0","3.6525528772904903E+2","1.0419862240933600E+2","3.054200000000000E-6"
"618","1.0013163106125329E+0","-7.3001446662926987E-17","-3.1926017417868943E-14","-4.4823061795707287E-14","-1.1011181447677114E+0","-9.9550542149924859E-1","8.0113059144214904E-1","6.2831671146761225E+0","3.6525529223187044E+2","1.0381607764349400E+2","3.054200000000000E-6"
"617","1.0013156603348183E+0","-7.3001468508231904E-17","-3.2813770052193288E-14","-4.5907162730305322E-14","-1.1033012250174274E+0","-9.9528498135474153E-1","7.9675929506320498E-1","6.2831671917555090E+0","3.6525529671267657E+2","1.0343420762845800E+2","3.054200000000000E-6"
"616","1.0013150117648828E+0","-7.3001442963973203E-17","-3.7410840420764689E-14","-5.2084002354529909E-14","-1.1054839806810699E+0","-9.9505973238233247E-1","7.9238865389654300E-1","6.2831672684585289E+0","3.6525530117160366E+2","1.0305301350596200E+2","3.054200000000000E-6"
"615","1.0013143648969705E+0","-7.3001428708813034E-17","-3.6731151637089418E-14","-5.1882587397014745E-14","-1.1076664046153923E+0","-9.9482967423141666E-1","7.8801868222204996E-1","6.2831673447875671E+0","3.6525530560879031E+2","1.0267249610001700E+2","3.054200000000000E-6"
"614","1.0013137197253519E+0","-7.3001480989341000E-17","-2.7882566076182796E-14","-3.4227850889905277E-14","-1.1098484896718572E+0","-9.9459480654419496E-1","7.8364939433032099E-1","6.2831674207449426E+0","3.6525531002437128E+2","1.0229265648200000E+2","3.054200000000000E-6"
"613","1.0013130762443345E+0","-7.3001586326779364E-17","-2.8740637053328958E-14","-3.4793746982891914E-14","-1.1120302286964785E+0","-9.9435512895572031E-1","7.7928080452288395E-1","6.2831674963329753E+0","3.6525531441848153E+2","1.0191349581080000E+2","3.054200000000000E-6"
"612","1.0013124344482582E+0","-7.3001548471560482E-17","-2.7162853526169039E-14","-3.4612654875220751E-14","-1.1142116145298493E+0","-9.9411064109386149E-1","7.7491292711225301E-1","6.2831675715539728E+0","3.6525531879125515E+2","1.0153501489254000E+2","3.054200000000000E-6"
"611","1.0013117943314920E+0","-7.3001665122853351E-17","-2.7980979829263917E-14","-3.5664196090795377E-14","-1.1163926400069091E+0","-9.9386134257937886E-1","7.7054577642231803E-1","6.2831676464102015E+0","3.6525532314282395E+2","1.0115721476632601E+2","3.054200000000000E-6"
"610","1.0013111558884433E+0","-7.3001622286312785E-17","-3.0065675705642492E-14","-3.8744666431232612E-14","-1.1185732979568810E+0","-9.9360723302591181E-1","7.6617936678849397E-1","6.2831677209039309E+0","3.6525532747331977E+2","1.0078009642921000E+2","3.054200000000000E-6"
"609","1.0013105191135476E+0","-7.3001674110750539E-17","-2.8728954583518152E-14","-3.6134331439589706E-14","-1.1207535812031317E+0","-9.9334831204002416E-1","7.6181371255800301E-1","6.2831677950374090E+0","3.6525533178287327E+2","1.0040366101722400E+2","3.054200000000000E-6"
"608","1.0013098840012693E+0","-7.3001688181996391E-17","-3.0405599239860968E-14","-3.9559526125535299E-14","-1.1229334825630723E+0","-9.9308457922121773E-1","7.5744882809008296E-1","6.2831678688128543E+0","3.6525533607161356E+2","1.0002790942818700E+2","3.054200000000000E-6"
"607","1.0013092505461105E+0","-7.3001638585492183E-17","-3.1116751084939388E-14","-4.1233316751192552E-14","-1.1251129948480394E+0","-9.9281603416195940E-1","7.5308472775618895E-1","6.2831679422324838E+0","3.6525534033966943E+2","9.9652842598371095E+1","3.054200000000000E-6"
"606","1.0013086187425995E+0","-7.3001620089953409E-17","-2.9646821563898617E-14","-3.9825744396197351E-14","-1.1272921108631724E+0","-9.9254267644771244E-1","7.4872142594026203E-1","6.2831680152984877E+0","3.6525534458716822E+2","9.9278461401139594E+1","3.054200000000000E-6"
"605","1.0013079885853005E+0","-7.3001671457882288E-17","-2.8166384275237971E-14","-3.7050045143533067E-14","-1.1294708234073076E+0","-9.9226450565693558E-1","7.4435893703896305E-1","6.2831680880130438E+0","3.6525534881423653E+2","9.8904767045140005E+1","3.054200000000000E-6"
"604","1.0013073600688081E+0","-7.3001681329619666E-17","-2.7688298540952098E-14","-3.6735939531232308E-14","-1.1316491252728507E+0","-9.9198152136113971E-1","7.3999727546188399E-1","6.2831681603782927E+0","3.6525535302099877E+2","9.8531760207337499E+1","3.054200000000000E-6"
"603","1.0013067331877423E+0","-7.3001683045502637E-17","-2.8946160042709159E-14","-4.0092327021761706E-14","-1.1338270092456932E+0","-9.9169372312490955E-1","7.3563645563172997E-1","6.2831682323963971E+0","3.6525535720758063E+2","9.8159442004656697E+1","3.054200000000000E-6"
"602","1.0013061079367613E+0","-7.3001634001542553E-17","-2.6384082750848103E-14","-3.2823226261742520E-14","-1.1360044681050419E+0","-9.9140111050590152E-1","7.3127649198469002E-1","6.2831683040694672E+0","3.6525536137410489E+2","9.7787813494339701E+1","3.054200000000000E-6"
"601","1.0013054843105478E+0","-7.3001710721584496E-17","-3.0499314920441497E-14","-4.0283149006273281E-14","-1.1381814946233515E+0","-9.9110368305491892E-1","7.2691739897051100E-1","6.2831683753996090E+0","3.6525536552069389E+2","9.7416875246110493E+1","3.054200000000000E-6"
"600","1.0013048623038201E+0","-7.3001717948184460E-17","-2.6377247309498766E-14","-3.3940534884825232E-14","-1.1403580815662024E+0","-9.9080144031588258E-1","7.2255919105281297E-1","6.2831684463889257E+0","3.6525536964746999E+2","9.7046628409098503E+1","3.054200000000000E-6"
"599","1.0013042419113207E+0","-7.3001615000990435E-17","-2.8667807596300201E-14","-3.6646147831860198E-14","-1.1425342216921539E+0","-9.9049438182591432E-1","7.1820188270932395E-1","6.2831685170394804E+0","3.6525537375455298E+2","9.6677074155279200E+1","3.054200000000000E-6"
"598","1.0013036231278301E+0","-7.3001667731380630E-17","-3.3083242459957770E-14","-4.4163268204101007E-14","-1.1447099077526635E+0","-9.9018250711532563E-1","7.1384548843205997E-1","6.2831685873533356E+0","3.6525537784206290E+2","9.6308212924781500E+1","3.054200000000000E-6"
"597","1.0013030059481502E+0","-7.3001616820607444E-17","-3.0344880663514194E-14","-4.2842277601009903E-14","-1.1468851324919449E+0","-9.8986581570767096E-1","7.0949002272762995E-1","6.2831686573325332E+0","3.6525538191011833E+2","9.5940045773964897E+1","3.054200000000000E-6"
"596","1.0013023903671159E+0","-7.3001609935642986E-17","-2.9483274509307554E-14","-3.9007911347331550E-14","-1.1490598886468857E+0","-9.8954430711976127E-1","7.0513550011737602E-1","6.2831687269791008E+0","3.6525538595883722E+2","9.5572573824125698E+1","3.054200000000000E-6"
"595","1.0013017763795955E+0","-7.3001558791825436E-17","-3.0647193083143378E-14","-4.1708070459262898E-14","-1.1512341689468648E+0","-9.8921798086170343E-1","7.0078193513773901E-1","6.2831687962950458E+0","3.6525538998833622E+2","9.5205797810522895E+1","3.054200000000000E-6"
"594","1.0013011639804792E+0","-7.3001619271087366E-17","-3.0139294996120501E-14","-4.0197226483485499E-14","-1.1534079661137313E+0","-9.8888683643694031E-1","6.9642934234029696E-1","6.2831688652823541E+0","3.6525539399873088E+2","9.4839718546609603E+1","3.054200000000000E-6"
"593","1.0013005531646941E+0","-7.3001660172547768E-17","-3.1068607318497099E-14","-4.2064546990403622E-14","-1.1555812728615891E+0","-9.8855087334224812E-1","6.9207773629223501E-1","6.2831689339430188E+0","3.6525539799013688E+2","9.4474337089883406E+1","3.054200000000000E-6"
"592","1.0012999439271901E+0","-7.3001645015494303E-17","-3.0345213534921577E-14","-4.0363435802719820E-14","-1.1577540818967713E+0","-9.8821009106781377E-1","6.8772713157633203E-1","6.2831690022790045E+0","3.6525540196266860E+2","9.4109654150208002E+1","3.054200000000000E-6"
"591","1.0012993362629465E+0","-7.3001705055433543E-17","-3.1992857915183948E-14","-4.2951437919304738E-14","-1.1599263859176461E+0","-9.8786448909723468E-1","6.8337754279140805E-1","6.2831690702922476E+0","3.6525540591643846E+2","9.3745670622146704E+1","3.054200000000000E-6"
"590","1.0012987301669760E+0","-7.3001790178092586E-17","-3.0784665633560133E-14","-4.1907292472319836E-14","-1.1620981776145467E+0","-9.8751406690755772E-1","6.7902898455242700E-1","6.2831691379846948E+0","3.6525540985155976E+2","9.3382387320741699E+1","3.054200000000000E-6"
"589","1.0012981256343172E+0","-7.3001785964669727E-17","-3.1912258510545266E-14","-4.4133264520579803E-14","-1.1642694496696420E+0","-9.8715882396932197E-1","6.7468147149076596E-1","6.2831692053582566E+0","3.6525541376814346E+2","9.3019805399787600E+1","3.054200000000000E-6"
"588","1.0012975226600345E+0","-7.3001891056155362E-17","-2.9400589259122172E-14","-3.9174560202998900E-14","-1.1664401947568286E+0","-9.8679875974658959E-1","6.7033501825443398E-1","6.2831692724148471E+0","3.6525541766630090E+2","9.2657925433036795E+1","3.054200000000000E-6"
"587","1.0012969212392213E+0","-7.3001820765952035E-17","-2.9626897985642087E-14","-4.0424400883040216E-14","-1.1686104055415836E+0","-9.8643387369697932E-1","6.6598963950836199E-1","6.2831693391563430E+0","3.6525542154614112E+2","9.2296748310906295E+1","3.054200000000000E-6"
"586","1.0012963213670019E+0","-7.3001780739537516E-17","-3.4137424453280249E-14","-4.8749134649635114E-14","-1.1707800746808605E+0","-9.8606416527169760E-1","6.6164534993461699E-1","6.2831694055846166E+0","3.6525542540777303E+2","9.1936274909568297E+1","3.054200000000000E-6"
"585","1.0012957230385271E+0","-7.3001613500624153E-17","-3.1832871792795487E-14","-4.5378067380812302E-14","-1.1729491948230244E+0","-9.8568963391556552E-1","6.5730216423253596E-1","6.2831694717015427E+0","3.6525542925130554E+2","9.1576506104721801E+1","3.054200000000000E-6"
"584","1.0012951262489747E+0","-7.3001598251361353E-17","-3.2419949509116848E-14","-4.4761178687664528E-14","-1.1751177586076360E+0","-9.8531027906708935E-1","6.5296009711912595E-1","6.2831695375089627E+0","3.6525543307684575E+2","9.1217442585579604E+1","3.054200000000000E-6"
"583","1.0012945309935501E+0","-7.3001602139653538E-17","-2.8812842115057608E-14","-3.8776506268576478E-14","-1.1772857586654459E+0","-9.8492610015846038E-1","6.4861916332910796E-1","6.2831696030087105E+0","3.6525543688450028E+2","9.0859085295599201E+1","3.054200000000000E-6"
"582","1.0012939372674867E+0","-7.3001512460692332E-17","-3.2525958167207737E-14","-4.4503132738246293E-14","-1.1794531876181289E+0","-9.8453709661561739E-1","6.4427937761544496E-1","6.2831696682025981E+0","3.6525544067437437E+2","9.0501435049251100E+1","3.054200000000000E-6"
"581","1.0012933450660435E+0","-7.3001516693577240E-17","-3.2364796645847954E-14","-4.3200729099063035E-14","-1.1816200380783461E+0","-9.8414326785827233E-1","6.3994075474918999E-1","6.2831697330924285E+0","3.6525544444657294E+2","9.0144492443971700E+1","3.054200000000000E-6"
"580","1.0012927543845065E+0","-7.3001517621262541E-17","-2.3083215036619235E-14","-2.6571462552459622E-14","-1.1837863026495128E+0","-9.8374461329993057E-1","6.3560330952001698E-1","6.2831697976800012E+0","3.6525544820120052E+2","8.9788258468468399E+1","3.054200000000000E-6"
"579","1.0012921652181919E+0","-7.3001550878570335E-17","-2.5811171027608816E-14","-3.2215375610919204E-14","-1.1859519739256346E+0","-9.8334113234798803E-1","6.3126705673644201E-1","6.2831698619670835E+0","3.6525545193835995E+2","8.9432734059992299E+1","3.054200000000000E-6"
"578","1.0012915775624434E+0","-7.3001469154119498E-17","-2.1797108698525482E-14","-2.5447644613593095E-14","-1.1881170444913458E+0","-9.8293282440369867E-1","6.2693201122584197E-1","6.2831699259554528E+0","3.6525545565815446E+2","8.9077919578427995E+1","3.054200000000000E-6"
"577","1.0012909914126202E+0","-7.3001479816200902E-17","-2.7503217091986998E-14","-3.2791612310658958E-14","-1.1902815069216626E+0","-9.8251968886227248E-1","6.2259818783491705E-1","6.2831699896468463E+0","3.6525545936068505E+2","8.8723816230942006E+1","3.054200000000000E-6"
"576","1.0012904067641242E+0","-7.3001402534176003E-17","-2.7761853265952739E-14","-3.3330502739867367E-14","-1.1924453537819175E+0","-9.8210172511287541E-1","6.1826560142979503E-1","6.2831700530430066E+0","3.6525546304605308E+2","8.8370424635051194E+1","3.054200000000000E-6"
"575","1.0012898236123682E+0","-7.3001465572426042E-17","-2.6177145729061157E-14","-3.3979240768714857E-14","-1.1946085776276185E+0","-9.8167893253871108E-1","6.1393426689634600E-1","6.2831701161456488E+0","3.6525546671435819E+2","8.8017745447318802E+1","3.054200000000000E-6"
"574","1.0012892419528061E+0","-7.3001453104007610E-17","-2.4829795860080557E-14","-3.2531079234451546E-14","-1.1967711710043458E+0","-9.8125131051700853E-1","6.0960419914038300E-1","6.2831701789564907E+0","3.6525547036570021E+2","8.7665779490850497E+1","3.054200000000000E-6"
"573","1.0012886617809056E+0","-7.3001475814093000E-17","-2.7980714271586655E-14","-3.9452894098784629E-14","-1.1989331264476220E+0","-9.8081885841913197E-1","6.0527541308789901E-1","6.2831702414772312E+0","3.6525547400017803E+2","8.7314527642681895E+1","3.054200000000000E-6"
"572","1.0012880830921673E+0","-7.3001457770174197E-17","-2.7964003931329226E-14","-3.8405890806636143E-14","-1.2010944364828093E+0","-9.8038157561056360E-1","6.0094792368530303E-1","6.2831703037095590E+0","3.6525547761788971E+2","8.6963990449878395E+1","3.054200000000000E-6"
"571","1.0012875058821094E+0","-7.3001333701524556E-17","-2.7996985788406475E-14","-4.0028172866772773E-14","-1.2032550936249642E+0","-9.7993946145098665E-1","5.9662174589970995E-1","6.2831703656551294E+0","3.6525548121893155E+2","8.6614169119162895E+1","3.054200000000000E-6"
"570","1.0012869301462894E+0","-7.3001372599010551E-17","-2.4685675237455282E-14","-3.0020316219196250E-14","-1.2054150903787670E+0","-9.7949251529430081E-1","5.9229689471903002E-1","6.2831704273156195E+0","3.6525548480340092E+2","8.6265063698228900E+1","3.054200000000000E-6"
"569","1.0012863558802783E+0","-7.3001268425739436E-17","-2.0058969571815241E-14","-2.4079043109748650E-14","-1.2075744192383129E+0","-9.7904073648870849E-1","5.8797338515244602E-1","6.2831704886926731E+0","3.6525548837139354E+2","8.5916675241285702E+1","3.054200000000000E-6"
"568","1.0012857830796731E+0","-7.3001320949155481E-17","-2.4564222070875346E-14","-3.0241383338667986E-14","-1.2097330726870761E+0","-9.7858412437672027E-1","5.8365123223047299E-1","6.2831705497879051E+0","3.6525549192300315E+2","8.5569004589488500E+1","3.054200000000000E-6"
"567","1.0012852117401063E+0","-7.3001264462500362E-17","-2.4036619849517607E-14","-2.8514428328267989E-14","-1.2118910431977850E+0","-9.7812267829520494E-1","5.7933045100517400E-1","6.2831706106029710E+0","3.6525549545832604E+2","8.5222052304790907E+1","3.054200000000000E-6"
"566","1.0012846418572225E+0","-7.3001199411195622E-17","-2.3574768311540575E-14","-2.8086621494889014E-14","-1.2140483232322450E+0","-9.7765639757546574E-1","5.7501105655056595E-1","6.2831706711394535E+0","3.6525549897745424E+2","8.4875819249996795E+1","3.054200000000000E-6"
"565","1.0012840734267017E+0","-7.3001157657633284E-17","-2.3446570984232427E-14","-2.8286985970346957E-14","-1.2162049052412613E+0","-9.7718528154325890E-1","5.7069306396272301E-1","6.2831707313989629E+0","3.6525550248048137E+2","8.4530305965419302E+1","3.054200000000000E-6"
"564","1.0012835064442380E+0","-7.3001109131034153E-17","-2.8093434990290646E-14","-3.6488934924349236E-14","-1.2183607816645363E+0","-9.7670932951886358E-1","5.6637648836001298E-1","6.2831707913830881E+0","3.6525550596749974E+2","8.4185513386892296E+1","3.054200000000000E-6"
"563","1.0012829409055615E+0","-7.3000986658694485E-17","-2.4388412860557449E-14","-3.1701668330126111E-14","-1.2205159449305027E+0","-9.7622854081710175E-1","5.6206134488342496E-1","6.2831708510934039E+0","3.6525550943860094E+2","8.3841441860461799E+1","3.054200000000000E-6"
"562","1.0012823768064210E+0","-7.3001049430280425E-17","-2.6543982482518194E-14","-3.4677906419128067E-14","-1.2226703874562015E+0","-9.7574291474742370E-1","5.5774764869680904E-1","6.2831709105314513E+0","3.6525551289387454E+2","8.3498092370911493E+1","3.054200000000000E-6"
"561","1.0012818141425874E+0","-7.3000988182680385E-17","-2.4591405158021984E-14","-3.1334412472563918E-14","-1.2248241016472321E+0","-9.7525245061393551E-1","5.5343541498697102E-1","6.2831709696988138E+0","3.6525551633341257E+2","8.3155465528735405E+1","3.054200000000000E-6"
"560","1.0012812529098558E+0","-7.3001073271114660E-17","-2.3185477110440704E-14","-3.2241029148862844E-14","-1.2269770798975552E+0","-9.7475714771545952E-1","5.4912465896408402E-1","6.2831710285970050E+0","3.6525551975730303E+2","8.2813561870585602E+1","3.054200000000000E-6"
"559","1.0012806931040565E+0","-7.3001059867576407E-17","-2.0882377907470067E-14","-2.3314134913058470E-14","-1.2291293145894153E+0","-9.7425700534555382E-1","5.4481539586183103E-1","6.2831710872275739E+0","3.6525552316563596E+2","8.2472382240176202E+1","3.054200000000000E-6"
"558","1.0012801347210294E+0","-7.3001038540439262E-17","-2.2018256455910806E-14","-2.4643987065225037E-14","-1.2312807980931719E+0","-9.7375202279263473E-1","5.4050764093773496E-1","6.2831711455920196E+0","3.6525552655849856E+2","8.2131927342288094E+1","3.054200000000000E-6"
"557","1.0012795777566468E+0","-7.3001052894299857E-17","-2.3004761980426134E-14","-3.1473899131574718E-14","-1.2334315227672223E+0","-9.7324219933996692E-1","5.3620140947332096E-1","6.2831712036918566E+0","3.6525552993597887E+2","8.1792197524236698E+1","3.054200000000000E-6"
"556","1.0012790222067989E+0","-7.3001151637050701E-17","-2.4640517711701383E-14","-3.2000577576917601E-14","-1.2355814809579215E+0","-9.7272753426572467E-1","5.3189671677429895E-1","6.2831712615285777E+0","3.6525553329816353E+2","8.1453193603944797E+1","3.054200000000000E-6"
"555","1.0012784680674078E+0","-7.3001238423078823E-17","-2.3527339654754426E-14","-3.1230557127031979E-14","-1.2377306649993514E+0","-9.7220802684307284E-1","5.2759357817097396E-1","6.2831713191036629E+0","3.6525553664513876E+2","8.1114916493075199E+1","3.054200000000000E-6"
"554","1.0012779153344089E+0","-7.3001247523579546E-17","-2.3819547783982649E-14","-2.6700792702709613E-14","-1.2398790672132745E+0","-9.7168367634021025E-1","5.2329200901839101E-1","6.2831713764185926E+0","3.6525553997699058E+2","8.0777366361257904E+1","3.054200000000000E-6"
"553","1.0012773640037700E+0","-7.3001203250550377E-17","-2.2826097597949354E-14","-3.0193140723344396E-14","-1.2420266799089894E+0","-9.7115448202041177E-1","5.1899202469658701E-1","6.2831714334748243E+0","3.6525554329380361E+2","8.0440544396260194E+1","3.054200000000000E-6"
"552","1.0012768140714772E+0","-7.3001148856778924E-17","-2.0840116411194562E-14","-2.6352869800800969E-14","-1.2441734953832300E+0","-9.7062044314210594E-1","5.1469364061080303E-1","6.2831714902738032E+0","3.6525554659566188E+2","8.0104450623309305E+1","3.054200000000000E-6"
"551","1.0012762655335388E+0","-7.3001106555556953E-17","-1.9834810910894337E-14","-2.3664350027617768E-14","-1.2463195059200050E+0","-9.7008155895891912E-1","5.1039687219182295E-1","6.2831715468169769E+0","3.6525554988264963E+2","7.9769086157388301E+1","3.054200000000000E-6"
"550","1.0012757183859919E+0","-7.3001046894025106E-17","-1.9796266182153620E-14","-2.6851332902110607E-14","-1.2484647037905101E+0","-9.6953782871973049E-1","5.0610173489611798E-1","6.2831716031057763E+0","3.6525555315485002E+2","7.9434451259470407E+1","3.054200000000000E-6"
"549","1.0012751726248887E+0","-7.3001027189242017E-17","-2.3851138040570757E-14","-3.1718774282743818E-14","-1.2506090812529835E+0","-9.6898925166874394E-1","5.0180824420617098E-1","6.2831716591416100E+0","3.6525555641234496E+2","7.9100546782493694E+1","3.054200000000000E-6"
"548","1.0012746282463096E+0","-7.3001042654161109E-17","-2.5556601875607055E-14","-3.4246793226989256E-14","-1.2527526305526362E+0","-9.6843582704552444E-1","4.9751641563058302E-1","6.2831717149258983E+0","3.6525555965521693E+2","7.8767373369807601E+1","3.054200000000000E-6"
"547","1.0012740852463562E+0","-7.3001007619998951E-17","-2.0526045564090428E-14","-2.8451155562903754E-14","-1.2548953439214285E+0","-9.6787755408509490E-1","4.9322626470452302E-1","6.2831717704600312E+0","3.6525556288354676E+2","7.8434931239759095E+1","3.054200000000000E-6"
"546","1.0012735436211544E+0","-7.3000972037494734E-17","-2.3063401356606000E-14","-3.0694062829215338E-14","-1.2570372135780490E+0","-9.6731443201794942E-1","4.8893780698980499E-1","6.2831718257453950E+0","3.6525556609741506E+2","7.8103221399600102E+1","3.054200000000000E-6"
"545","1.0012730033668462E+0","-7.3001066888986093E-17","-2.0851002052568527E-14","-2.6609978777221702E-14","-1.2591782317277407E+0","-9.6674646007015885E-1","4.8465105807519698E-1","6.2831718807833798E+0","3.6525556929690265E+2","7.7772244259987403E+1","3.054200000000000E-6"
"544","1.0012724644796056E+0","-7.3001132591458101E-17","-2.0825352193151370E-14","-2.1992066927092206E-14","-1.2613183905621577E+0","-9.6617363746340434E-1","4.8036603357672197E-1","6.2831719355753410E+0","3.6525557248208833E+2","7.7442000416230300E+1","3.054200000000000E-6"
"543","1.0012719269556212E+0","-7.3001257929534552E-17","-2.0997757749089816E-14","-2.3931464934183716E-14","-1.2634576822592978E+0","-9.6559596341505638E-1","4.7608274913778997E-1","6.2831719901226482E+0","3.6525557565305166E+2","7.7112490458121897E+1","3.054200000000000E-6"
"542","1.0012713907911035E+0","-7.3001199649826502E-17","-1.9238556894268641E-14","-2.4601546585960298E-14","-1.2655960989833606E+0","-9.6501343713823140E-1","4.7180122042948403E-1","6.2831720444266290E+0","3.6525557880986992E+2","7.6783714902991804E+1","3.054200000000000E-6"
"541","1.0012708559822894E+0","-7.3001347854462526E-17","-1.8898677311913171E-14","-2.4183039920125981E-14","-1.2677336328845759E+0","-9.6442605784185187E-1","4.6752146315091198E-1","6.2831720984886452E+0","3.6525558195262209E+2","7.6455674277190894E+1","3.054200000000000E-6"
"540","1.0012703225254378E+0","-7.3001292127151455E-17","-2.2093047569911347E-14","-3.0049182434735260E-14","-1.2698702760991623E+0","-9.6383382473070300E-1","4.6324349302928702E-1","6.2831721523100148E+0","3.6525558508138499E+2","7.6128369648555804E+1","3.054200000000000E-6"
"539","1.0012697904168257E+0","-7.3001164856936441E-17","-1.8265811333321921E-14","-2.4740158062850795E-14","-1.2720060207491626E+0","-9.6323673700553980E-1","4.5896732582020500E-1","6.2831722058920594E+0","3.6525558819623541E+2","7.5801800616951198E+1","3.054200000000000E-6"
"538","1.0012692596527502E+0","-7.3001171970423525E-17","-1.9736404227908634E-14","-3.0718501793454157E-14","-1.2741408589422762E+0","-9.6263479386310979E-1","4.5469297730808600E-1","6.2831722592360792E+0","3.6525559129724877E+2","7.5475968609868502E+1","3.054200000000000E-6"
"537","1.0012687302295391E+0","-7.3001127611878248E-17","-1.7000549139750883E-14","-2.4835233262279191E-14","-1.2762747827718157E+0","-9.6202799449623178E-1","4.5042046330614899E-1","6.2831723123433871E+0","3.6525559438450159E+2","7.5150873426077396E+1","3.054200000000000E-6"
"536","1.0012682021435306E+0","-7.3001078986676655E-17","-2.1806157589421083E-14","-3.7467923384986859E-14","-1.2784077843165123E+0","-9.6141633809388038E-1","4.4614979965689200E-1","6.2831723652152629E+0","3.6525559745806817E+2","7.4826516262561697E+1","3.054200000000000E-6"
"535","1.0012676753910912E+0","-7.3001178419567466E-17","-1.8947825969044001E-14","-2.5287115657563976E-14","-1.2805398556404857E+0","-9.6079982384122642E-1","4.4188100223208099E-1","6.2831724178529855E+0","3.6525560051802285E+2","7.4502897380525198E+1","3.054200000000000E-6"
"534","1.0012671499686066E+0","-7.3001162671057933E-17","-2.0878872608120250E-14","-3.2859041260222279E-14","-1.2826709887929713E+0","-9.6017845091974818E-1","4.3761408693333398E-1","6.2831724702578509E+0","3.6525560356444106E+2","7.4180017197499893E+1","3.054200000000000E-6"
"533","1.0012666258724809E+0","-7.3001068341905326E-17","-1.7037969730519506E-14","-2.6663897376271407E-14","-1.2848011758083560E+0","-9.5955221850726324E-1","4.3334906969204001E-1","6.2831725224310784E+0","3.6525560659739352E+2","7.3857876168377700E+1","3.054200000000000E-6"
"532","1.0012661030991459E+0","-7.3001090159439923E-17","-2.0709450664488709E-14","-3.2395883650289424E-14","-1.2869304087059246E+0","-9.5892112577800348E-1","4.2908596646989300E-1","6.2831725743739630E+0","3.6525560961695567E+2","7.3536475343605304E+1","3.054200000000000E-6"
"531","1.0012655816450466E+0","-7.3000952894644398E-17","-1.7383576637994789E-14","-2.8868681125009530E-14","-1.2890586794898427E+0","-9.5828517190271922E-1","4.2482479325885603E-1","6.2831726260877314E+0","3.6525561262319872E+2","7.3215814564140302E+1","3.054200000000000E-6"
"530","1.0012650615066532E+0","-7.3000990643977809E-17","-2.0328444124020984E-14","-3.7220875983972818E-14","-1.2911859801489340E+0","-9.5764435604871623E-1","4.2056556608169299E-1","6.2831726775736199E+0","3.6525561561619463E+2","7.2895894673933000E+1","3.054200000000000E-6"
"529","1.0012645426804576E+0","-7.3000936853579191E-17","-1.7869149182566366E-14","-2.8580213603799541E-14","-1.2933123026566502E+0","-9.5699867737994482E-1","4.1630830099195099E-1","6.2831727288328532E+0","3.6525561859601447E+2","7.2576715998212705E+1","3.054200000000000E-6"
"528","1.0012640251629701E+0","-7.3000867165261439E-17","-1.7484199403073945E-14","-2.6751450423471424E-14","-1.2954376389708118E+0","-9.5634813505708749E-1","4.1205301407454598E-1","6.2831727798666526E+0","3.6525562156272935E+2","7.2258279284306994E+1","3.054200000000000E-6"
"527","1.0012635089507191E+0","-7.3000824352780145E-17","-1.9070317914419460E-14","-2.8766315434410890E-14","-1.2975619810336425E+0","-9.5569272823761486E-1","4.0779972144564203E-1","6.2831728306762225E+0","3.6525562451640923E+2","7.1940584815341794E+1","3.054200000000000E-6"
"526","1.0012629940402595E+0","-7.3000808156698544E-17","-1.5190280989038168E-14","-2.6200550676442247E-14","-1.2996853207715602E+0","-9.5503245607585718E-1","4.0354843925309197E-1","6.2831728812627743E+0","3.6525562745712455E+2","7.1623633051009804E+1","3.054200000000000E-6"
"525","1.0012624804281616E+0","-7.3000761276809193E-17","-1.7786970462855461E-14","-3.0742180432119698E-14","-1.3018076500950289E+0","-9.5436731772310823E-1","3.9929918367673600E-1","6.2831729316274991E+0","3.6525563038494454E+2","7.1307424482521895E+1","3.054200000000000E-6"
"524","1.0012619681110153E+0","-7.3000855677852630E-17","-1.7345770105885244E-14","-2.8666152664141615E-14","-1.3039289608985027E+0","-9.5369731232767874E-1","3.9505197092851002E-1","6.2831729817715658E+0","3.6525563329993719E+2","7.0991959637235993E+1","3.054200000000000E-6"
"523","1.0012614570854363E+0","-7.3000864632676332E-17","-1.4443749348982759E-14","-2.2462831758652516E-14","-1.3060492450601993E+0","-9.5302243903499362E-1","3.9080681725289101E-1","6.2831730316961600E+0","3.6525563620217133E+2","7.0677238905839900E+1","3.054200000000000E-6"
"522","1.0012609473480543E+0","-7.3000839916306172E-17","-1.5359202797875830E-14","-2.3797939518172940E-14","-1.3081684944420928E+0","-9.5234269698765472E-1","3.8656373892692802E-1","6.2831730814024365E+0","3.6525563909171416E+2","7.0363262902320301E+1","3.054200000000000E-6"
"521","1.0012604388955213E+0","-7.3000832645513222E-17","-1.3764357655711054E-14","-2.0391789206698478E-14","-1.3102867008896983E+0","-9.5165808532554219E-1","3.8232275226064200E-1","6.2831731308915737E+0","3.6525564196863417E+2","7.0050031809183096E+1","3.054200000000000E-6"
"520","1.0012599317245121E+0","-7.3000676925449089E-17","-1.2789996345932858E-14","-2.0555814271866584E-14","-1.3124038562319953E+0","-9.5096860318586962E-1","3.7808387359721402E-1","6.2831731801647077E+0","3.6525564483299746E+2","6.9737545939819995E+1","3.054200000000000E-6"
"519","1.0012594258317133E+0","-7.3000706823325024E-17","-1.3537935644987643E-14","-2.1703057882929883E-14","-1.3145199522812672E+0","-9.5027424970328978E-1","3.7384711931330700E-1","6.2831732292229798E+0","3.6525564768487027E+2","6.9425806623947295E+1","3.054200000000000E-6"
"518","1.0012589212138425E+0","-7.3000727775920922E-17","-1.4331673889416023E-14","-2.0360683986103203E-14","-1.3166349808329936E+0","-9.4957502400996296E-1","3.6961250581923699E-1","6.2831732780675331E+0","3.6525565052431909E+2","6.9114813345604603E+1","3.054200000000000E-6"
"517","1.0012584178676234E+0","-7.3000766943303953E-17","-1.3831492136287960E-14","-1.9296202417365971E-14","-1.3187489336657432E+0","-9.4887092523566041E-1","3.6538004955922798E-1","6.2831733266994885E+0","3.6525565335140914E+2","6.8804566980489199E+1","3.054200000000000E-6"
"516","1.0012579157898094E+0","-7.3000811111081686E-17","-1.2865390966037700E-14","-1.9104695834880472E-14","-1.3208618025409908E+0","-9.4816195250783397E-1","3.6114976701175500E-1","6.2831733751199605E+0","3.6525565616620514E+2","6.8495067712459004E+1","3.054200000000000E-6"
"515","1.0012574149771731E+0","-7.3000871172031990E-17","-1.0529214350281259E-14","-1.4436672510941983E-14","-1.3229735792030330E+0","-9.4744810495168952E-1","3.5692167468974900E-1","6.2831734233300542E+0","3.6525565896877134E+2","6.8186315986682203E+1","3.054200000000000E-6"
"514","1.0012569154264965E+0","-7.3000746483854565E-17","-1.3897735774184027E-14","-1.9740089495671826E-14","-1.3250842553788573E+0","-9.4672938169031817E-1","3.5269578914081401E-1","6.2831734713308895E+0","3.6525566175917288E+2","6.7878312382856095E+1","3.054200000000000E-6"
"513","1.0012564171345912E+0","-7.3000756155144569E-17","-1.2293702640526424E-14","-1.5021859598041538E-14","-1.3271938227780176E+0","-9.4600578184473338E-1","3.4847212694749402E-1","6.2831735191235447E+0","3.6525566453747240E+2","6.7571057184396196E+1","3.054200000000000E-6"
"512","1.0012559200982865E+0","-7.3000674830611070E-17","-7.9090424285876108E-15","-1.1971693511567700E-14","-1.3293022730924668E+0","-9.4527730453399050E-1","3.4425070472761998E-1","6.2831735667091069E+0","3.6525566730373311E+2","6.7264550832091800E+1","3.054200000000000E-6"
"511","1.0012554243144236E+0","-7.3000677784192988E-17","-9.6900588550448236E-15","-1.3367111944638382E-14","-1.3314095979965090E+0","-9.4454394887528048E-1","3.4003153913437301E-1","6.2831736140886623E+0","3.6525567005801821E+2","6.6958793534969502E+1","3.054200000000000E-6"
"510","1.0012549297798732E+0","-7.3000612607338039E-17","-7.9593649081195015E-15","-1.4128625120419444E-14","-1.3335157891465781E+0","-9.4380571398398783E-1","3.3581464685677498E-1","6.2831736612632838E+0","3.6525567280038996E+2","6.6653786057557298E+1","3.054200000000000E-6"
"509","1.0012544364915146E+0","-7.3000548692287124E-17","-1.0353829946853737E-14","-1.4679012977704580E-14","-1.3356208381811725E+0","-9.4306259897382350E-1","3.3160004461978998E-1","6.2831737082340258E+0","3.6525567553090974E+2","6.6349528442025502E+1","3.054200000000000E-6"
"508","1.0012539444462483E+0","-7.3000574430136975E-17","-1.0719221488914856E-14","-1.4723289312675648E-14","-1.3377247367207226E+0","-9.4231460295690384E-1","3.2738774918456398E-1","6.2831737550019380E+0","3.6525567824963855E+2","6.6046021207770593E+1","3.054200000000000E-6"
"507","1.0012534536409996E+0","-7.3000551442676049E-17","-8.8536485183615620E-15","-1.3636398845245184E-14","-1.3398274763674338E+0","-9.4156172504382085E-1","3.2317777734878800E-1","6.2831738015680987E+0","3.6525568095663908E+2","6.5743264531108295E+1","3.054200000000000E-6"
"506","1.0012529640727066E+0","-7.3000570801450705E-17","-9.3226851013295676E-15","-1.5275879836246091E-14","-1.3419290487051903E+0","-9.4080396434376834E-1","3.1897014594686401E-1","6.2831738479335177E+0","3.6525568365197000E+2","6.5441259009176704E+1","3.054200000000000E-6"
"505","1.0012524757383292E+0","-7.3000609241961065E-17","-7.3328519157048808E-15","-1.3031582455450278E-14","-1.3440294452993795E+0","-9.4004131996461870E-1","3.1476487185027802E-1","6.2831738940992379E+0","3.6525568633569196E+2","6.5140004983915205E+1","3.054200000000000E-6"
"504","1.0012519886348441E+0","-7.3000741305458443E-17","-8.6811762246358518E-15","-1.4724166300410924E-14","-1.3461286576968461E+0","-9.3927379101303832E-1","3.1056197196763002E-1","6.2831739400662929E+0","3.6525568900786510E+2","6.4839502661414897E+1","3.054200000000000E-6"
"503","1.0012515027592424E+0","-7.3000720467405851E-17","-8.7705375990282728E-15","-1.6284983498171752E-14","-1.3482266774256639E+0","-9.3850137659457022E-1","3.0636146324519198E-1","6.2831739858357070E+0","3.6525569166854882E+2","6.4539752505531993E+1","3.054200000000000E-6"
"502","1.0012510181085401E+0","-7.3000620758044746E-17","-9.1599877566616459E-15","-1.4854903727503031E-14","-1.3503234959950912E+0","-9.3772407581373085E-1","3.0216336266689903E-1","6.2831740314084765E+0","3.6525569431780116E+2","6.4240754854903997E+1","3.054200000000000E-6"
"501","1.0012505346797689E+0","-7.3000708547065777E-17","-6.6289487094487014E-15","-8.9018366629859167E-15","-1.3524191048954144E+0","-9.3694188777411558E-1","2.9796768725471501E-1","6.2831740767856221E+0","3.6525569695568146E+2","6.3942509914259098E+1","3.054200000000000E-6"
"500","1.0012500524699759E+0","-7.3000631641688705E-17","-7.9733103506089061E-15","-1.0980932904928339E-14","-1.3545134955977534E+0","-9.3615481157852520E-1","2.9377445406901498E-1","6.2831741219681279E+0","3.6525569958224685E+2","6.3645018184037497E+1","3.054200000000000E-6"
"499","1.0012495714762324E+0","-7.3000581015870974E-17","-5.4626329293472117E-15","-2.8503209322508000E-15","-1.3566066595540636E+0","-9.3536284632900690E-1","2.8958368020857200E-1","6.2831741669569938E+0","3.6525570219755554E+2","6.3348279530079999E+1","3.054200000000000E-6"
"498","1.0012490916956207E+0","-7.3000593625145007E-17","-6.2507062337856339E-15","-6.3068359399309633E-15","-1.3586985881968767E+0","-9.3456599112702354E-1","2.8539538281108900E-1","6.2831742117532077E+0","3.6525570480166488E+2","6.3052295200808501E+1","3.054200000000000E-6"
"497","1.0012486131252423E+0","-7.3000599926080781E-17","-9.6594358380058864E-15","-1.1343421569999478E-14","-1.3607892729392879E+0","-9.3376424507352074E-1","2.8120957905319299E-1","6.2831742563577411E+0","3.6525570739463137E+2","6.2757064692066699E+1","3.054200000000000E-6"
"496","1.0012481357622223E+0","-7.3000617682607966E-17","-6.1609089011980687E-15","-6.1825324774749433E-15","-1.3628787051747262E+0","-9.3295760726903210E-1","2.7702628615093300E-1","6.2831743007715577E+0","3.6525570997651107E+2","6.2462588476970197E+1","3.054200000000000E-6"
"495","1.0012476596036985E+0","-7.3000695955129588E-17","-5.1909390162712991E-15","-7.6867956665950470E-15","-1.3649668762768812E+0","-9.3214607681379791E-1","2.7284552135991502E-1","6.2831743449956390E+0","3.6525571254736099E+2","6.2168867123721697E+1","3.054200000000000E-6"
"494","1.0012471846468247E+0","-7.3000654465731511E-17","-5.7066679817827662E-15","-6.9471840209003438E-15","-1.3670537775995746E+0","-9.3132965280787794E-1","2.6866730197553501E-1","6.2831743890309264E+0","3.6525571510723591E+2","6.1875900632049301E+1","3.054200000000000E-6"
"493","1.0012467108887753E+0","-7.3000554027134320E-17","-6.4872032052178585E-15","-9.0883182891347794E-15","-1.3691394004765833E+0","-9.3050833435124103E-1","2.6449164533337899E-1","6.2831744328783810E+0","3.6525571765619162E+2","6.1583689451244098E+1","3.054200000000000E-6"
"492","1.0012462383267442E+0","-7.3000524669882463E-17","-4.4511248505186417E-15","-9.1398765115483268E-15","-1.3712237362215884E+0","-9.2968212054388455E-1","2.6031856880926202E-1","6.2831744765389406E+0","3.6525572019428267E+2","6.1292233788421498E+1","3.054200000000000E-6"
"491","1.0012457669579375E+0","-7.3000564705693622E-17","-4.7228248963026496E-15","-1.2013502079972372E-14","-1.3733067761279640E+0","-9.2885101048595542E-1","2.5614808981971299E-1","6.2831745200135511E+0","3.6525572272156415E+2","6.1001533809676900E+1","3.054200000000000E-6"
"490","1.0012452967795831E+0","-7.3000693808140677E-17","-1.8294368296869206E-15","-5.1365295443521755E-15","-1.3753885114686986E+0","-9.2801500327783981E-1","2.5198022582210300E-1","6.2831745633031435E+0","3.6525572523809001E+2","6.0711590037909403E+1","3.054200000000000E-6"
"489","1.0012448277889225E+0","-7.3000746529988766E-17","3.8761173204595581E-16","-8.0478680590651682E-15","-1.3774689334962562E+0","-9.2717409802030104E-1","2.4781499431491100E-1","6.2831746064086200E+0","3.6525572774391281E+2","6.0422402668132399E+1","3.054200000000000E-6"
"488","1.0012443599832130E+0","-7.3000816963908560E-17","-4.7658607865976433E-15","-2.2482467128644269E-15","-1.3795480334424690E+0","-9.2632829381456561E-1","2.4365241283796801E-1","6.2831746493309213E+0","3.6525573023908720E+2","6.0133971870043197E+1","3.054200000000000E-6"
"487","1.0012438933597398E+0","-7.3000777289300502E-17","-5.4088503394715699E-15","-6.3103637482835684E-15","-1.3816258025182895E+0","-9.2547758976247663E-1","2.3949249897292499E-1","6.2831746920709586E+0","3.6525573272366614E+2","5.9846297819862599E+1","3.054200000000000E-6"
"486","1.0012434279157929E+0","-7.3000668985246796E-17","-2.4576693452774985E-15","-4.3352757678837186E-15","-1.3837022319138406E+0","-9.2462198496657411E-1","2.3533527034317100E-1","6.2831747346296272E+0","3.6525573519770177E+2","5.9559381016412999E+1","3.054200000000000E-6"
"485","1.0012429636486835E+0","-7.3000837645489222E-17","-4.8691989467249435E-15","-1.7568039988325357E-15","-1.3857773127981718E+0","-9.2376147853022883E-1","2.3118074461431601E-1","6.2831747770078428E+0","3.6525573766124717E+2","5.9273221579317500E+1","3.054200000000000E-6"
"484","1.0012425005557393E+0","-7.3000833352181575E-17","-1.5172000847444066E-15","1.0926074463646212E-15","-1.3878510363191385E+0","-9.2289606955776315E-1","2.2702893949443601E-1","6.2831748192064785E+0","3.6525574011435316E+2","5.8987819695427604E+1","3.054200000000000E-6"
"483","1.0012420386343082E+0","-7.3000834213009349E-17","-2.0848385980932952E-15","-1.0114175941013230E-15","-1.3899233936033086E+0","-9.2202575715456225E-1","2.2287987273424101E-1","6.2831748612264340E+0","3.6525574255707210E+2","5.8703175599810400E+1","3.054200000000000E-6"
"482","1.0012415778817503E+0","-7.3000913487866610E-17","-2.6569307050593683E-15","2.3364510139014119E-15","-1.3919943757558082E+0","-9.2115054042720945E-1","2.1873356212740000E-1","6.2831749030685859E+0","3.6525574498945485E+2","5.8419289621607199E+1","3.054200000000000E-6"
"481","1.0012411182954351E+0","-7.3000956063553431E-17","6.6983067774898694E-15","-1.6916222689070251E-14","-1.3940639738602054E+0","-9.2027041848375557E-1","2.1459002551050499E-1","6.2831749447333944E+0","3.6525574741152820E+2","5.8136160382311601E+1","3.054200000000000E-6"
"480","1.0012406598727779E+0","-7.3000956063509279E-17","7.4572840484612042E-15","-1.6767127008020892E-14","-1.3961321789782901E+0","-9.1938539043320888E-1","2.1044928076461000E-1","6.2831749862225532E+0","3.6525574982339066E+2","5.7853791127790203E+1","3.054200000000000E-6"
"479","1.0012402026111795E+0","-7.3000956063543743E-17","6.5770704081142258E-15","-1.9486070060486483E-14","-1.3981989821501222E+0","-9.1849545538662447E-1","2.0631134581345101E-1","6.2831750275365241E+0","3.6525575222506905E+2","5.7572180730977600E+1","3.054200000000000E-6"
"478","1.0012397465080669E+0","-7.3000956063577713E-17","1.1000415621893826E-14","-2.1828331415740931E-14","-1.4002643743937506E+0","-9.1760061245658664E-1","2.0217623862515499E-1","6.2831750686761421E+0","3.6525575461661185E+2","5.7291329164333803E+1","3.054200000000000E-6"
"477","1.0012392915608848E+0","-7.3000956063569011E-17","9.4050986295155526E-15","-2.5479120498413439E-14","-1.4023283467051957E+0","-9.1670086075747148E-1","1.9804397721196901E-1","6.2831751096422819E+0","3.6525575699806996E+2","5.7011236583589003E+1","3.054200000000000E-6"
"476","1.0012388377670989E+0","-7.3000956063615233E-17","1.1962623794884715E-14","-1.5128296125649328E-14","-1.4043908900581894E+0","-9.1579619940561718E-1","1.9391457963079300E-1","6.2831751504357793E+0","3.6525575936949201E+2","5.6731903315016297E+1","3.054200000000000E-6"
"475","1.0012383851241795E+0","-7.3000956063609329E-17","1.2635002487141263E-14","-2.2276605200598777E-14","-1.4064519954041068E+0","-9.1488662751946070E-1","1.8978806398331999E-1","6.2831751910574649E+0","3.6525576173092617E+2","5.6453329612226099E+1","3.054200000000000E-6"
"474","1.0012379336296258E+0","-7.3000956063591802E-17","1.3659206255650314E-14","-1.9103497443724153E-14","-1.4085116536719144E+0","-9.1397214421959649E-1","1.8566444841611901E-1","6.2831752315081939E+0","3.6525576408242227E+2","5.6175515636974197E+1","3.054200000000000E-6"
"473","1.0012374832809463E+0","-7.3000956063578946E-17","1.3071428218419110E-14","-1.9218993614125969E-14","-1.4105698557679240E+0","-9.1305274862898556E-1","1.8154375112114801E-1","6.2831752717887621E+0","3.6525576642402649E+2","5.5898461457733802E+1","3.054200000000000E-6"
"472","1.0012370340756631E+0","-7.3000956063509267E-17","1.3583415456941395E-14","-1.7092491868566255E-14","-1.4126265925756929E+0","-9.1212843987306924E-1","1.7742599033595499E-1","6.2831753119000320E+0","3.6525576875578901E+2","5.5622167008051299E+1","3.054200000000000E-6"
"471","1.0012365860113215E+0","-7.3000956063492393E-17","1.3831904424336856E-14","-1.9805501974408407E-14","-1.4146818549559201E+0","-9.1119921707987805E-1","1.7331118434387499E-1","6.2831753518427833E+0","3.6525577107775518E+2","5.5346633307842900E+1","3.054200000000000E-6"
"470","1.0012361390854825E+0","-7.3000956063522678E-17","1.4732141185753226E-14","-2.6873664162584807E-14","-1.4167356337463033E+0","-9.1026507938019530E-1","1.6919935147430401E-1","6.2831753916178474E+0","3.6525577338997329E+2","5.5071859629956400E+1","3.054200000000000E-6"
"469","1.0012356932957105E+0","-7.3000956063511942E-17","1.2817744124909185E-14","-2.1481438615381207E-14","-1.4187879197614484E+0","-9.0932602590768596E-1","1.6509051010290901E-1","6.2831754312260326E+0","3.6525577569249032E+2","5.4797846525335800E+1","3.054200000000000E-6"
"468","1.0012352486396023E+0","-7.3000956063583075E-17","1.5489058649577129E-14","-1.8744591942425259E-14","-1.4208387037926316E+0","-9.0838205579903641E-1","1.6098467865208599E-1","6.2831754706681240E+0","3.6525577798535187E+2","5.4524593965722403E+1","3.054200000000000E-6"
"467","1.0012348051147593E+0","-7.3000956063590643E-17","1.5128698554246669E-14","-2.0843800810682287E-14","-1.4228879766077707E+0","-9.0743316819410147E-1","1.5688187559102301E-1","6.2831755099449316E+0","3.6525578026860518E+2","5.4252102008609100E+1","3.054200000000000E-6"
"466","1.0012343627188049E+0","-7.3000956063583445E-17","1.8111209684386995E-14","-2.2748593507629542E-14","-1.4249357289512539E+0","-9.0647936223602643E-1","1.5278211943604800E-1","6.2831755490572281E+0","3.6525578254229504E+2","5.3980371413150500E+1","3.054200000000000E-6"
"465","1.0012339214493737E+0","-7.3000956063627633E-17","1.3419158180706455E-14","-1.4086153602639673E-14","-1.4269819515438780E+0","-9.0552063707141117E-1","1.4868542875069901E-1","6.2831755880058129E+0","3.6525578480646789E+2","5.3709401660622802E+1","3.054200000000000E-6"
"464","1.0012334813041184E+0","-7.3000956063752113E-17","1.5146472897531974E-14","-1.3999007296012908E-14","-1.4290266350825100E+0","-9.0455699185046590E-1","1.4459182214652799E-1","6.2831756267914507E+0","3.6525578706116829E+2","5.3439193074531801E+1","3.054200000000000E-6"
"463","1.0012330422807088E+0","-7.3000956063680401E-17","1.3710436085988861E-14","-1.6239241081446067E-14","-1.4310697702402324E+0","-9.0358842572711584E-1","1.4050131828265700E-1","6.2831756654149364E+0","3.6525578930644247E+2","5.3169745687269000E+1","3.054200000000000E-6"
"462","1.0012326043768249E+0","-7.3000956063662355E-17","1.7753741922003771E-14","-1.4513231731872724E-14","-1.4331113476660420E+0","-9.0261493785918412E-1","1.3641393586649100E-1","6.2831757038770082E+0","3.6525579154233321E+2","5.2901059919418302E+1","3.054200000000000E-6"
"461","1.0012321675901679E+0","-7.3000956063715382E-17","1.8840399217122462E-14","-1.2796069880146748E-14","-1.4351513579847897E+0","-9.0163652740851374E-1","1.3232969365377900E-1","6.2831757421784564E+0","3.6525579376888652E+2","5.2633135270210801E+1","3.054200000000000E-6"
"460","1.0012317319184503E+0","-7.3000956063729889E-17","1.6208609053143479E-14","-9.0689934073627789E-15","-1.4371897917969907E+0","-9.0065319354115236E-1","1.2824861044902700E-1","6.2831757803200201E+0","3.6525579598614542E+2","5.2365972789083401E+1","3.054200000000000E-6"
"459","1.0012312973594024E+0","-7.3000956063736434E-17","1.8862944397494260E-14","-1.5287768113832425E-14","-1.4392266396787032E+0","-8.9966493542748904E-1","1.2417070510573100E-1","6.2831758183024693E+0","3.6525579819415452E+2","5.2099571776057402E+1","3.054200000000000E-6"
"458","1.0012308639107683E+0","-7.3000956063740305E-17","1.8897214959932363E-14","-1.2586256923643745E-14","-1.4412618921815075E+0","-8.9867175224237150E-1","1.2009599652640800E-1","6.2831758561265278E+0","3.6525580039295608E+2","5.1833932594639499E+1","3.054200000000000E-6"
"457","1.0012304315703078E+0","-7.3000956063747047E-17","1.7196013344256637E-14","-1.3441494821292072E-14","-1.4432955398322103E+0","-8.9767364316533205E-1","1.1602450366319200E-1","6.2831758937929605E+0","3.6525580258259447E+2","5.1569055391486202E+1","3.054200000000000E-6"
"456","1.0012300003357957E+0","-7.3000956063757955E-17","1.9320751607684247E-14","-8.5763867010573153E-15","-1.4453275731328294E+0","-8.9667060738068205E-1","1.1195624551788200E-1","6.2831759313024849E+0","3.6525580476311143E+2","5.1304940097374100E+1","3.054200000000000E-6"
"455","1.0012295702050202E+0","-7.3000956063763206E-17","2.3083260678333340E-14","-1.1394153499995260E-14","-1.4473579825604130E+0","-8.9566264407770602E-1","1.0789124114228700E-1","6.2831759686558541E+0","3.6525580693455066E+2","5.1041586906515299E+1","3.054200000000000E-6"
"454","1.0012291411757892E+0","-7.3000956063762553E-17","2.2159550021549227E-14","-1.2808948840997542E-14","-1.4493867585669757E+0","-8.9464975245078548E-1","1.0382950963833600E-1","6.2831760058537807E+0","3.6525580909695367E+2","5.0778995772611999E+1","3.054200000000000E-6"
"453","1.0012287132459199E+0","-7.3000956063770466E-17","2.0631033483280219E-14","-9.2925445772155404E-15","-1.4514138915792822E+0","-8.9363193169960120E-1","9.9771070158552896E-2","6.2831760428969883E+0","3.6525581125036251E+2","5.0517166833283397E+1","3.054200000000000E-6"
"452","1.0012282864132518E+0","-7.3000956063778256E-17","2.2507476233862732E-14","-1.0309913899220811E-14","-1.4534393719987300E+0","-8.9260918102926856E-1","9.5715941906276095E-2","6.2831760797862000E+0","3.6525581339481926E+2","5.0256100173305398E+1","3.054200000000000E-6"
"451","1.0012278606756282E+0","-7.3000956063786256E-17","2.0018914294197703E-14","-9.7469054152738930E-15","-1.4554631902013202E+0","-8.9158149965051281E-1","9.1664144135682496E-2","6.2831761165221298E+0","3.6525581553036528E+2","4.9995795788881701E+1","3.054200000000000E-6"
"450","1.0012274360309179E+0","-7.3000956063794083E-17","1.8125407318846749E-14","-8.1199358136937449E-15","-1.4574853365373930E+0","-8.9054888677982413E-1","8.7615696152368902E-2","6.2831761531054822E+0","3.6525581765704169E+2","4.9736253793711001E+1","3.054200000000000E-6"
"449","1.0012270124769995E+0","-7.3000956063788191E-17","1.8984198966924488E-14","-2.8147502877933803E-15","-1.4595058013315940E+0","-8.8951134163962864E-1","8.3570617313385900E-2","6.2831761895369613E+0","3.6525581977488929E+2","4.9477474249469601E+1","3.054200000000000E-6"
"448","1.0012265900117672E+0","-7.3000956063787969E-17","1.9731462975816513E-14","-4.7557219297266553E-15","-1.4615245748827035E+0","-8.8846886345846998E-1","7.9528927027577204E-2","6.2831762258172628E+0","3.6525582188394861E+2","4.9219457159219999E+1","3.054200000000000E-6"
"447","1.0012261686331270E+0","-7.3000956063790989E-17","2.2711192868774798E-14","-7.6089185797573031E-15","-1.4635416474635057E+0","-8.8742145147116225E-1","7.5490644755879896E-2","6.2831762619470766E+0","3.6525582398425973E+2","4.8962202447996603E+1","3.054200000000000E-6"
"446","1.0012257483390057E+0","-7.3000956063791125E-17","2.3198640228466087E-14","-8.9166029892771281E-15","-1.4655570093207126E+0","-8.8636910491894216E-1","7.1455790011433207E-2","6.2831762979271009E+0","3.6525582607586318E+2","4.8705710388423803E+1","3.054200000000000E-6"
"445","1.0012253291273407E+0","-7.3000956063799173E-17","2.3441410342035634E-14","-6.7951637336712781E-15","-1.4675706506747699E+0","-8.8531182304970368E-1","6.7424382359955501E-2","6.2831763337580249E+0","3.6525582815879915E+2","4.8449980563512298E+1","3.054200000000000E-6"
"444","1.0012249109960825E+0","-7.3000956063803327E-17","2.1356180650595276E-14","-3.4971084253528607E-15","-1.4695825617197451E+0","-8.8424960511811546E-1","6.3396441420047106E-2","6.2831763694405094E+0","3.6525583023310594E+2","4.8195013459507202E+1","3.054200000000000E-6"
"443","1.0012244939431987E+0","-7.3000956063800542E-17","3.0640329920568964E-14","-7.8090028090113632E-15","-1.4715927326231752E+0","-8.8318245038583476E-1","5.9371986863433299E-2","6.2831764049752481E+0","3.6525583229882398E+2","4.7940808786244197E+1","3.054200000000000E-6"
"442","1.0012240779666703E+0","-7.3000956063801774E-17","2.4858398828504588E-14","-7.7546853133487057E-15","-1.4736011535261040E+0","-8.8211035812163074E-1","5.5351038414844803E-2","6.2831764403629009E+0","3.6525583435599151E+2","4.7687366769466401E+1","3.054200000000000E-6"
"441","1.0012236630644931E+0","-7.3000956063809552E-17","2.4903024248513795E-14","-8.2361931378577177E-15","-1.4756078145426845E+0","-8.8103332760163855E-1","5.1333615852933799E-2","6.2831764756041339E+0","3.6525583640464731E+2","4.7434687351244399E+1","3.054200000000000E-6"
"440","1.0012232492346766E+0","-7.3000956063801565E-17","2.2552254892243273E-14","-8.2088096468729414E-15","-1.4776127057602417E+0","-8.7995135810949443E-1","4.7319739010049003E-2","6.2831765106996160E+0","3.6525583844483026E+2","4.7182770330450602E+1","3.054200000000000E-6"
"439","1.0012228364752431E+0","-7.3000956063801109E-17","2.8381555853977740E-14","-9.1821790485389403E-15","-1.4796158172390883E+0","-8.7886444893652493E-1","4.3309427772658102E-2","6.2831765456499999E+0","3.6525584047657838E+2","4.6931615968590101E+1","3.054200000000000E-6"
"438","1.0012224247842361E+0","-7.3000956063801146E-17","2.6673541412761025E-14","-9.7722320737485545E-15","-1.4816171390124464E+0","-8.7777259938191354E-1","3.9302702081448898E-2","6.2831765804559412E+0","3.6525584249992966E+2","4.6681223945618100E+1","3.054200000000000E-6"
"437","1.0012220141597017E+0","-7.3000956063791408E-17","2.6564274560971860E-14","-5.7962394210766687E-15","-1.4836166610862200E+0","-8.7667580875293505E-1","3.5299581931873401E-2","6.2831766151180819E+0","3.6525584451492148E+2","4.6431594480333899E+1","3.054200000000000E-6"
"436","1.0012216045997124E+0","-7.3000956063780105E-17","2.7180041880532424E-14","-6.8604712721401834E-15","-1.4856143734389502E+0","-8.7557407636511353E-1","3.1300087374115403E-2","6.2831766496370687E+0","3.6525584652159142E+2","4.6182727322076900E+1","3.054200000000000E-6"
"435","1.0012211961023443E+0","-7.3000956063789658E-17","2.7550280141794529E-14","-5.7419280943327721E-15","-1.4876102660216759E+0","-8.7446740154239699E-1","2.7304238513502499E-2","6.2831766840135526E+0","3.6525584851997729E+2","4.5934622683212297E+1","3.054200000000000E-6"
"434","1.0012207886656939E+0","-7.3000956063796474E-17","2.5430601128442936E-14","-7.2095345176020398E-15","-1.4896043287577867E+0","-8.7335578361737565E-1","2.3312055510701899E-2","6.2831767182481535E+0","3.6525585051011529E+2","4.5687280584020201E+1","3.054200000000000E-6"
"433","1.0012203822878689E+0","-7.3000956063788327E-17","2.1643739551526790E-14","-6.3211342578789355E-15","-1.4915965515429213E+0","-8.7223922193146652E-1","1.9323558581952800E-2","6.2831767523415092E+0","3.6525585249204227E+2","4.5440700571780503E+1","3.054200000000000E-6"
"432","1.0012199769669925E+0","-7.3000956063785048E-17","2.3789486408586647E-14","-2.1594301377025835E-15","-1.4935869242447970E+0","-8.7111771583511122E-1","1.5338767999431700E-2","6.2831767862942538E+0","3.6525585446579527E+2","4.5194882913277603E+1","3.054200000000000E-6"
"431","1.0012195727012032E+0","-7.3000956063784333E-17","3.0036619052199810E-14","-7.6036834474887259E-15","-1.4955754367031453E+0","-8.6999126468795307E-1","1.1357704091353400E-2","6.2831768201069957E+0","3.6525585643140948E+2","4.4949827438816499E+1","3.054200000000000E-6"
"430","1.0012191694886470E+0","-7.3000956063779834E-17","3.0706949504098309E-14","-8.1022735419541149E-15","-1.4975620787295849E+0","-8.6885986785906055E-1","7.3803872422168997E-3","6.2831768537803629E+0","3.6525585838892158E+2","4.4705534082867402E+1","3.054200000000000E-6"
"429","1.0012187673274888E+0","-7.3000956063777048E-17","3.7220277572357076E-14","-3.3389657280384152E-15","-1.4995468401074064E+0","-8.6772352472711745E-1","3.4068378932954300E-3","6.2831768873149603E+0","3.6525586033836669E+2","4.4462002966153499E+1","3.054200000000000E-6"
"428","1.0012183662159122E+0","-7.3000956063767902E-17","4.5088973108096697E-14","-2.5630312797629764E-15","-1.5015297105915661E+0","-8.6658223468061557E-1","-5.6292345745168103E-4","6.2831769207114103E+0","3.6525586227978090E+2","4.4219233752241202E+1","3.054200000000000E-6"
"427","1.0012179661521021E+0","-7.3000956063758313E-17","4.2555158661594428E-14","-2.7638388913506693E-15","-1.5035106799085332E+0","-8.6543599711807184E-1","-4.5288762549957600E-3","6.2831769539703277E+0","3.6525586421320003E+2","4.3977226545499200E+1","3.054200000000000E-6"
"426","1.0012175671342634E+0","-7.3000956063747811E-17","4.4585636647193849E-14","2.1308045495432667E-15","-1.5054897377560816E+0","-8.6428481144824110E-1","-8.4909998868255600E-3","6.2831769870922836E+0","3.6525586613865727E+2","4.3735981038295897E+1","3.054200000000000E-6"
"425","1.0012171691606186E+0","-7.3000956063756070E-17","4.2775993110556550E-14","-1.7636778673973797E-15","-1.5074668738032442E+0","-8.6312867709029939E-1","-1.2449273682887200E-2","6.2831770200779129E+0","3.6525586805618957E+2","4.3495497333538999E+1","3.054200000000000E-6"
"424","1.0012167722293990E+0","-7.3000956063751706E-17","4.2365855121691951E-14","2.5264975059653464E-15","-1.5094420776901880E+0","-8.6196759347406049E-1","-1.6403676915301001E-2","6.2831770529277806E+0","3.6525586996582967E+2","4.3255775271616500E+1","3.054200000000000E-6"
"423","1.0012163763388491E+0","-7.3000956063744520E-17","4.9886194946177711E-14","8.6865384325063677E-16","-1.5114153390280691E+0","-8.6080156004021247E-1","-2.0354188798118299E-2","6.2831770856424942E+0","3.6525587186761294E+2","4.3016814761619699E+1","3.054200000000000E-6"
"422","1.0012159814872279E+0","-7.3000956063744952E-17","5.1558685912067852E-14","4.9087218022756407E-15","-1.5133866473989588E+0","-8.5963057624048123E-1","-2.4300788487137900E-2","6.2831771182226266E+0","3.6525587376157273E+2","4.2778615550585201E+1","3.054200000000000E-6"
"421","1.0012155876728102E+0","-7.3000956063753235E-17","5.0955560395429891E-14","6.3924130325615555E-15","-1.5153559923556337E+0","-8.5845464153788897E-1","-2.8243455079479101E-2","6.2831771506687764E+0","3.6525587564774378E+2","4.2541177845530001E+1","3.054200000000000E-6"
"420","1.0012151948938814E+0","-7.3000956063767483E-17","5.3360902793829682E-14","8.6548163284634366E-15","-1.5173233634215215E+0","-8.5727375540696138E-1","-3.2182167613504099E-2","6.2831771829815093E+0","3.6525587752615900E+2","4.2304500865299602E+1","3.054200000000000E-6"
"419","1.0012148031487385E+0","-7.3000956063777887E-17","5.5026665947971481E-14","8.7993198869637205E-15","-1.5192887500905825E+0","-8.5608791733393563E-1","-3.6116905068566699E-2","6.2831772151614036E+0","3.6525587939685204E+2","4.2068585781410498E+1","3.054200000000000E-6"
"418","1.0012144124357003E+0","-7.3000956063770627E-17","5.1871573316942588E-14","1.2134943896584467E-14","-1.5212521418271474E+0","-8.5489712681696761E-1","-4.0047646364668801E-2","6.2831772472090286E+0","3.6525588125985587E+2","4.1833431286742098E+1","3.054200000000000E-6"
"417","1.0012140227530879E+0","-7.3000956063777726E-17","4.7247647017841833E-14","1.4800921643612897E-14","-1.5232135280658397E+0","-8.5370138336639745E-1","-4.3974370362337097E-2","6.2831772791249572E+0","3.6525588311520391E+2","4.1599037550768500E+1","3.054200000000000E-6"
"416","1.0012136340992395E+0","-7.3000956063780044E-17","5.1024320171129778E-14","9.7584498363917840E-15","-1.5251728982114134E+0","-8.5250068650494404E-1","-4.7897055862269798E-2","6.2831773109097302E+0","3.6525588496292761E+2","4.1365404508615597E+1","3.054200000000000E-6"
"415","1.0012132464725141E+0","-7.3000956063788536E-17","5.1201434992701092E-14","1.1307054617283521E-14","-1.5271302416386838E+0","-8.5129503576791987E-1","-5.1815681605239500E-2","6.2831773425639508E+0","3.6525588680306191E+2","4.1132531948095902E+1","3.054200000000000E-6"
"414","1.0012128598712728E+0","-7.3000956063797238E-17","5.9296455828659845E-14","8.2406681014891211E-15","-1.5290855476923708E+0","-8.5008443070349171E-1","-5.5730226271722000E-2","6.2831773740881385E+0","3.6525588863563718E+2","4.0900419753270903E+1","3.054200000000000E-6"
"413","1.0012124742938942E+0","-7.3000956063802169E-17","6.2265215513606263E-14","1.1220082015831081E-14","-1.5310388056870274E+0","-8.4886887087288110E-1","-5.9640668481814402E-2","6.2831774054828626E+0","3.6525589046068637E+2","4.0669067775886298E+1","3.054200000000000E-6"
"412","1.0012120897387711E+0","-7.3000956063787871E-17","5.8143533366646488E-14","1.1588687729282656E-14","-1.5329900049068570E+0","-8.4764835585060982E-1","-6.3546986794809704E-2","6.2831774367486641E+0","3.6525589227824099E+2","4.0438475841143898E+1","3.054200000000000E-6"
"411","1.0012117062043073E+0","-7.3000956063797707E-17","6.6510686738883552E-14","1.1185218411904864E-14","-1.5349391346056220E+0","-8.4642288522474940E-1","-6.7449159709054907E-2","6.2831774678860883E+0","3.6525589408833275E+2","4.0208643845924797E+1","3.054200000000000E-6"
"410","1.0012113236889220E+0","-7.3000956063811524E-17","6.5755157440351620E-14","1.1293066544492656E-14","-1.5368861840065704E+0","-8.4519245859711667E-1","-7.1347165661793305E-2","6.2831774988956779E+0","3.6525589589099320E+2","3.9979571355918203E+1","3.054200000000000E-6"
"409","1.0012109421910467E+0","-7.3000956063817206E-17","6.1677382907433162E-14","8.8221127121162113E-15","-1.5388311423022720E+0","-8.4395707558355204E-1","-7.5240983028850600E-2","6.2831775297779675E+0","3.6525589768625332E+2","3.9751258535725398E+1","3.054200000000000E-6"
"408","1.0012105617091245E+0","-7.3000956063821730E-17","8.1954070088461252E-14","6.9391363254411752E-15","-1.5407739986544604E+0","-8.4271673581415363E-1","-7.9130590124250305E-2","6.2831775605334936E+0","3.6525589947414448E+2","3.9523704995206302E+1","3.054200000000000E-6"
"407","1.0012101822416126E+0","-7.3000956063825871E-17","7.9843865778159441E-14","4.5755576297276956E-15","-1.5427147421941139E+0","-8.4147143893347109E-1","-8.3015965200520903E-2","6.2831775911627847E+0","3.6525590125469722E+2","3.9296910576113902E+1","3.054200000000000E-6"
"406","1.0012098037869803E+0","-7.3000956063835683E-17","7.5578830913648957E-14","6.1559639852850683E-15","-1.5446533620210818E+0","-8.4022118460082140E-1","-8.6897086447776398E-2","6.2831776216663702E+0","3.6525590302794245E+2","3.9070875074290498E+1","3.054200000000000E-6"
"405","1.0012094263437099E+0","-7.3000956063846604E-17","7.8767990716324966E-14","8.7295291973279741E-15","-1.5465898472041288E+0","-8.3896597249049853E-1","-9.0773931993920601E-2","6.2831776520447837E+0","3.6525590479391116E+2","3.8845598454290197E+1","3.054200000000000E-6"
"404","1.0012090499102950E+0","-7.3000956063845285E-17","7.4229667145467636E-14","-3.1846598848740867E-16","-1.5485241867807937E+0","-8.3770580229201952E-1","-9.4646479904319097E-2","6.2831776822985059E+0","3.6525590655263119E+2","3.8621080178664798E+1","3.054200000000000E-6"
"403","1.0012086744852446E+0","-7.3000956063840687E-17","6.4901758644574692E-14","3.5913510115391008E-15","-1.5504563697572773E+0","-8.3644067371037545E-1","-9.8514708181597105E-2","6.2831777124280963E+0","3.6525590830413523E+2","3.8397320286940896E+1","3.054200000000000E-6"
"402","1.0012083000670795E+0","-7.3000956063838814E-17","6.7505436866843790E-14","4.1777738371996930E-15","-1.5523863851082813E+0","-8.3517058646630593E-1","-1.0237859476528000E-1","6.2831777424340611E+0","3.6525591004845256E+2","3.8174318331273398E+1","3.054200000000000E-6"
"401","1.0012079266543337E+0","-7.3000956063829446E-17","7.0351142131866337E-14","1.5330898485836995E-15","-1.5543142217769952E+0","-8.3389554029651469E-1","-1.0623811753181700E-1","6.2831777723168925E+0","3.6525591178561183E+2","3.7952074487167998E+1","3.054200000000000E-6"
"400","1.0012075542455510E+0","-7.3000956063829877E-17","7.0712619580491297E-14","4.0659861712240001E-15","-1.5562398686749224E+0","-8.3261553495396101E-1","-1.1009325429420801E-1","6.2831778020770956E+0","3.6525591351564253E+2","3.7730588059164099E+1","3.054200000000000E-6"
"399","1.0012071828392948E+0","-7.3000956063845987E-17","7.5756834211001346E-14","4.8939111295551799E-15","-1.5581633146817544E+0","-8.3133057020810042E-1","-1.1394398280174001E-1","6.2831778317152089E+0","3.6525591523857582E+2","3.7509859249254497E+1","3.054200000000000E-6"
"398","1.0012068124341309E+0","-7.3000956063852964E-17","7.7020214912943458E-14","2.8688008077121182E-15","-1.5600845486453216E+0","-8.3004064584516002E-1","-1.1779028073990901E-1","6.2831778612316738E+0","3.6525591695443740E+2","3.7289887227538401E+1","3.054200000000000E-6"
"397","1.0012064430286443E+0","-7.3000956063847467E-17","7.4467716081878958E-14","2.3429361886652971E-15","-1.5620035593814576E+0","-8.2874576166838554E-1","-1.2163212573016099E-1","6.2831778906270399E+0","3.6525591866325919E+2","3.7070672284622198E+1","3.054200000000000E-6"
"396","1.0012060746214286E+0","-7.3000956063839282E-17","7.2754280413115783E-14","2.9652943869656644E-15","-1.5639203356738540E+0","-8.2744591749831919E-1","-1.2546949532953400E-1","6.2831779199017754E+0","3.6525592036506845E+2","3.6852213832146703E+1","3.054200000000000E-6"
"395","1.0012057072110994E+0","-7.3000956063846345E-17","8.1518777033334033E-14","6.3493772298889406E-15","-1.5658348662739785E+0","-8.2614111317305361E-1","-1.2930236703055301E-1","6.2831779490563777E+0","3.6525592205989409E+2","3.6634512060399601E+1","3.054200000000000E-6"
"394","1.0012053407962702E+0","-7.3000956063840330E-17","8.3683331675152831E-14","9.1845653323202278E-15","-1.5677471399010745E+0","-8.2483134854851403E-1","-1.3313071826127201E-1","6.2831779780913157E+0","3.6525592374776340E+2","3.6417566251522899E+1","3.054200000000000E-6"
"393","1.0012049753755792E+0","-7.3000956063832121E-17","1.0001068280280487E-13","7.6715478601913076E-15","-1.5696571452418491E+0","-8.2351662349873789E-1","-1.3695452638453301E-1","6.2831780070070833E+0","3.6525592542870504E+2","3.6201376123288703E+1","3.054200000000000E-6"
"392","1.0012046109476678E+0","-7.3000956063827770E-17","8.6139446939182741E-14","1.1123995007123585E-14","-1.5715648709506087E+0","-8.2219693791610426E-1","-1.4077376869835401E-1","6.2831780358041600E+0","3.6525592710274685E+2","3.5985941751657002E+1","3.054200000000000E-6"
"391","1.0012042475111993E+0","-7.3000956063840576E-17","8.7574486753158739E-14","1.1938374360464942E-14","-1.5734703056488886E+0","-8.2087229171168175E-1","-1.4458842243507100E-1","6.2831780644830237E+0","3.6525592876991669E+2","3.5771262518351200E+1","3.054200000000000E-6"
"390","1.0012038850648401E+0","-7.3000956063831295E-17","1.1236478548006100E-13","7.6774492034498342E-15","-1.5753734379255584E+0","-8.1954268481546266E-1","-1.4839846476163801E-1","6.2831780930441594E+0","3.6525593043024276E+2","3.5557338288136599E+1","3.054200000000000E-6"
"389","1.0012035236072714E+0","-7.3000956063830888E-17","1.0037136266896945E-13","-1.6998958374671237E-15","-1.5772742563367532E+0","-8.1820811717660824E-1","-1.5220387277951400E-1","6.2831781214880058E+0","3.6525593208375051E+2","3.5344168679937702E+1","3.054200000000000E-6"
"388","1.0012031631371923E+0","-7.3000956063812498E-17","1.0470259576621596E-13","-1.0906227318020027E-15","-1.5791727494055026E+0","-8.1686858876381940E-1","-1.5600462352377101E-1","6.2831781498150550E+0","3.6525593373046854E+2","3.5131753495673202E+1","3.054200000000000E-6"
"387","1.0012028036533049E+0","-7.3000956063809638E-17","1.0318898145229923E-13","-3.7604593947020517E-15","-1.5810689056219425E+0","-8.1552409956556093E-1","-1.5980069396370700E-1","6.2831781780257669E+0","3.6525593537042363E+2","3.4920092473762601E+1","3.054200000000000E-6"
"386","1.0012024451543342E+0","-7.3000956063803820E-17","1.1221953320489808E-13","5.1751052468181002E-15","-1.5829627134429816E+0","-8.1417464959035823E-1","-1.6359206100200899E-1","6.2831782061206116E+0","3.6525593700364306E+2","3.4709185173233898E+1","3.054200000000000E-6"
"385","1.0012020876390058E+0","-7.3000956063777677E-17","9.5529001606659098E-14","9.5008415363616036E-15","-1.5848541612924512E+0","-8.1282023886708843E-1","-1.6737870147524700E-1","6.2831782341000233E+0","3.6525593863015212E+2","3.4499031245450901E+1","3.054200000000000E-6"
"384","1.0012017311060666E+0","-7.3000956063757364E-17","1.0114413162742324E-13","6.6188611142509121E-15","-1.5867432375606831E+0","-8.1146086744530810E-1","-1.7116059215279600E-1","6.2831782619644745E+0","3.6525594024997827E+2","3.4289630417033500E+1","3.054200000000000E-6"
"383","1.0012013755542692E+0","-7.3000956063747996E-17","9.5387318870966849E-14","8.3339080641552027E-15","-1.5886299306047260E+0","-8.1009653539547133E-1","-1.7493770973743700E-1","6.2831782897144119E+0","3.6525594186314737E+2","3.4080982380184501E+1","3.054200000000000E-6"
"382","1.0012010209823834E+0","-7.3000956063749463E-17","9.4915751045410408E-14","8.8148431579030859E-15","-1.5905142287480563E+0","-8.0872724280930763E-1","-1.7871003086473800E-1","6.2831783173502842E+0","3.6525594346968569E+2","3.3873086788022299E+1","3.054200000000000E-6"
"381","1.0012006673891860E+0","-7.3000956063766066E-17","9.2284670033316503E-14","6.7637554430457006E-15","-1.5923961202805723E+0","-8.0735298980006676E-1","-1.8247753210300699E-1","6.2831783448725345E+0","3.6525594506961886E+2","3.3665943348206802E+1","3.054200000000000E-6"
"380","1.0012003147734698E+0","-7.3000956063732946E-17","9.0738307923558938E-14","8.8673330084362504E-15","-1.5942755934584827E+0","-8.0597377650284385E-1","-1.8624018995312600E-1","6.2831783722816015E+0","3.6525594666297246E+2","3.3459551609900501E+1","3.054200000000000E-6"
"379","1.0011999631340398E+0","-7.3000956063749438E-17","9.2432691864227886E-14","7.1447191127575730E-15","-1.5961526365041994E+0","-8.0458960307487570E-1","-1.8999798084828601E-1","6.2831783995779320E+0","3.6525594824977242E+2","3.3253911378189500E+1","3.054200000000000E-6"
"378","1.0011996124697082E+0","-7.3000956063747824E-17","9.1252654137806255E-14","8.3450553309156616E-15","-1.5980272376062741E+0","-8.0320046969585457E-1","-1.9375088115388600E-1","6.2831784267619657E+0","3.6525594983004424E+2","3.3049022039238501E+1","3.054200000000000E-6"
"377","1.0011992627793020E+0","-7.3000956063717194E-17","1.2314416064592065E-13","5.9305504437833880E-15","-1.5998993849192424E+0","-8.0180637656824472E-1","-1.9749886716718101E-1","6.2831784538341227E+0","3.6525595140381245E+2","3.2844883543988203E+1","3.054200000000000E-6"
"376","1.0011989140616615E+0","-7.3000956063716392E-17","1.3029468912076355E-13","3.9652786563182464E-15","-1.6017690665637101E+0","-8.0040732391753555E-1","-2.0124191511756501E-1","6.2831784807948488E+0","3.6525595297110294E+2","3.2641495218370700E+1","3.054200000000000E-6"
"375","1.0011985663156375E+0","-7.3000956063727905E-17","1.2233791620422885E-13","2.9033181367055918E-15","-1.6036362706260923E+0","-7.9900331199263208E-1","-2.0498000116595499E-1","6.2831785076445694E+0","3.6525595453194035E+2","3.2438856849451703E+1","3.054200000000000E-6"
"374","1.0011982195400919E+0","-7.3000956063735892E-17","1.1914907306929042E-13","2.0244410448193367E-15","-1.6055009851585087E+0","-7.9759434106614835E-1","-2.0871310140451901E-1","6.2831785343836986E+0","3.6525595608634887E+2","3.2236968041153801E+1","3.054200000000000E-6"
"373","1.0011978737338956E+0","-7.3000956063715813E-17","1.1958034640696459E-13","6.0637295177493220E-16","-1.6073631981788712E+0","-7.9618041143469753E-1","-2.1244119185700600E-1","6.2831785610126705E+0","3.6525595763435371E+2","3.2035828362930403E+1","3.054200000000000E-6"
"372","1.0011975288959414E+0","-7.3000956063716035E-17","1.1522593239595651E-13","1.6619866109887549E-15","-1.6092228976706697E+0","-7.9476152341922746E-1","-2.1616424847823601E-1","6.2831785875318911E+0","3.6525595917597838E+2","3.1835437385922599E+1","3.054200000000000E-6"
"371","1.0011971850251209E+0","-7.3000956063734376E-17","1.2513511482400416E-13","-8.2523990012887147E-16","-1.6110800715829086E+0","-7.9333767736536798E-1","-2.1988224715393601E-1","6.2831786139417991E+0","3.6525596071124852E+2","3.1635795034596200E+1","3.054200000000000E-6"
"370","1.0011968421203479E+0","-7.3000956063734869E-17","1.2888111793556358E-13","-5.3455785950286158E-16","-1.6129347078301099E+0","-7.9190887364370610E-1","-2.2359516370086599E-1","6.2831786402427872E+0","3.6525596224018688E+2","3.1436900436737201E+1","3.054200000000000E-6"
"369","1.0011965001805383E+0","-7.3000956063754936E-17","1.3072463229908819E-13","-1.8948906885084535E-15","-1.6147867942921177E+0","-7.9047511265016523E-1","-2.2730297386628301E-1","6.2831786664352771E+0","3.6525596376281794E+2","3.1238753344381699E+1","3.054200000000000E-6"
"368","1.0011961592046270E+0","-7.3000956063728657E-17","1.1940776795727998E-13","1.4791541931966565E-15","-1.6166363188141148E+0","-7.8903639480629995E-1","-2.3100565332809900E-1","6.2831786925196687E+0","3.6525596527916503E+2","3.1041353451447499E+1","3.054200000000000E-6"
"367","1.0011958191915598E+0","-7.3000956063717231E-17","1.1955190881777927E-13","2.0071206565540600E-15","-1.6184832692064486E+0","-7.8759272055965146E-1","-2.3470317769441801E-1","6.2831787184963748E+0","3.6525596678925206E+2","3.0844700037119200E+1","3.054200000000000E-6"
"366","1.0011954801402896E+0","-7.3000956063707111E-17","1.2389066938890173E-13","-2.2501356906762233E-15","-1.6203276332446577E+0","-7.8614409038407251E-1","-2.3839552250368001E-1","6.2831787443657916E+0","3.6525596829310217E+2","3.0648793091246500E+1","3.054200000000000E-6"
"365","1.0011951420497851E+0","-7.3000956063704707E-17","1.1721708209055286E-13","-1.6151202368411785E-15","-1.6221693986693688E+0","-7.8469050478005542E-1","-2.4208266322443900E-1","6.2831787701283304E+0","3.6525596979073919E+2","3.0453632132119200E+1","3.054200000000000E-6"
"364","1.0011948049190209E+0","-7.3000956063699777E-17","1.0998694063455868E-13","9.7077959576741379E-16","-1.6240085531862030E+0","-7.8323196427509700E-1","-2.4576457525514200E-1","6.2831787957843774E+0","3.6525597128218556E+2","3.0259216373287099E+1","3.054200000000000E-6"
"363","1.0011944687469942E+0","-7.3000956063709169E-17","1.0596443018610146E-13","3.5195007540994896E-15","-1.6258450844656920E+0","-7.8176846942401312E-1","-2.4944123392397399E-1","6.2831788213343343E+0","3.6525597276746470E+2","3.0065545328355199E+1","3.054200000000000E-6"
"362","1.0011941335327015E+0","-7.3000956063714038E-17","1.1324500831610876E-13","-1.4128981885332560E-16","-1.6276789801432474E+0","-7.8030002080931626E-1","-2.5311261448879202E-1","6.2831788467785890E+0","3.6525597424659912E+2","2.9872619387706600E+1","3.054200000000000E-6"
"361","1.0011937992751541E+0","-7.3000956063725686E-17","1.1161524385174675E-13","-4.2897760198217040E-15","-1.6295102278191378E+0","-7.7882661904152506E-1","-2.5677869213714499E-1","6.2831788721175332E+0","3.6525597571961157E+2","2.9680437063320799E+1","3.054200000000000E-6"
"360","1.0011934659733812E+0","-7.3000956063718611E-17","1.1398803916613924E-13","-9.1311002470160898E-16","-1.6313388150582764E+0","-7.7734826475954610E-1","-2.6043944198572200E-1","6.2831788973515446E+0","3.6525597718652409E+2","2.9488998385300999E+1","3.054200000000000E-6"
"359","1.0011931336264153E+0","-7.3000956063686292E-17","1.1396160464784286E-13","1.1294053522361765E-15","-1.6331647293903162E+0","-7.7586495863101046E-1","-2.6409483908065601E-1","6.2831789224810208E+0","3.6525597864735965E+2","2.9298302859900499E+1","3.054200000000000E-6"
"358","1.0011928022332985E+0","-7.3000956063682077E-17","1.0921634659632293E-13","-4.6736304813567714E-15","-1.6349879583094982E+0","-7.7437670135264514E-1","-2.6774485839716200E-1","6.2831789475063315E+0","3.6525598010213986E+2","2.9108349846925499E+1","3.054200000000000E-6"
"357","1.0011924717931007E+0","-7.3000956063686058E-17","1.2858716895474042E-13","-9.0553731932220516E-15","-1.6368084892745871E+0","-7.7288349365060238E-1","-2.7138947483943299E-1","6.2831789724278639E+0","3.6525598155088716E+2","2.8919139029775000E+1","3.054200000000000E-6"
"356","1.0011921423048828E+0","-7.3000956063708171E-17","1.1769472207687036E-13","-2.3661788408049414E-15","-1.6386263097089240E+0","-7.7138533628083739E-1","-2.7502866324075598E-1","6.2831789972459964E+0","3.6525598299362366E+2","2.8730669853453801E+1","3.054200000000000E-6"
"355","1.0011918137677267E+0","-7.3000956063703019E-17","1.0924067271756588E-13","-4.6592687824802149E-15","-1.6404414070001825E+0","-7.6988223002949097E-1","-2.7866239836294698E-1","6.2831790219610948E+0","3.6525598443037052E+2","2.8542941748616698E+1","3.054200000000000E-6"
"354","1.0011914861807250E+0","-7.3000956063691063E-17","1.3854295714105164E-13","-1.0415061386614893E-14","-1.6422537685004379E+0","-7.6837417571322786E-1","-2.8229065489656502E-1","6.2831790465735304E+0","3.6525598586114927E+2","2.8355954444602499E+1","3.054200000000000E-6"
"353","1.0011911595429810E+0","-7.3000956063671156E-17","1.2335445132920068E-13","-9.8558527428313517E-15","-1.6440633815262071E+0","-7.6686117417958355E-1","-2.8591340746107102E-1","6.2831790710836799E+0","3.6525598728598197E+2","2.8169707154772599E+1","3.054200000000000E-6"
"352","1.0011908338536077E+0","-7.3000956063680327E-17","1.1890561035449606E-13","-8.5002225524876581E-15","-1.6458702333581279E+0","-7.6534322630740914E-1","-2.8953063060395701E-1","6.2831790954919011E+0","3.6525598870488932E+2","2.7984199556648498E+1","3.054200000000000E-6"
"351","1.0011905091117292E+0","-7.3000956063679513E-17","1.1729184607658325E-13","-8.5336644673363771E-15","-1.6476743112411281E+0","-7.6382033300716656E-1","-2.9314229880125098E-1","6.2831791197985600E+0","3.6525599011789262E+2","2.7799430988304401E+1","3.054200000000000E-6"
"350","1.0011901853164840E+0","-7.3000956063690853E-17","1.1180893319641010E-13","-7.6608667841640157E-15","-1.6494756023843316E+0","-7.6229249522135101E-1","-2.9674838645735302E-1","6.2831791440040172E+0","3.6525599152501280E+2","2.7615401101395701E+1","3.054200000000000E-6"
"349","1.0011898624670206E+0","-7.3000956063701737E-17","1.0752737105916752E-13","-7.1066646273515890E-15","-1.6512740939609634E+0","-7.6075971392484709E-1","-3.0034886790473198E-1","6.2831791681086333E+0","3.6525599292627089E+2","2.7432109305808499E+1","3.054200000000000E-6"
"348","1.0011895405624944E+0","-7.3000956063707801E-17","1.1768168236437341E-13","-1.1028304948157510E-14","-1.6530697731083435E+0","-7.5922199012533020E-1","-3.0394371740398102E-1","6.2831791921127671E+0","3.6525599432168764E+2","2.7249554768418900E+1","3.054200000000000E-6"
"347","1.0011892196020786E+0","-7.3000956063708960E-17","1.1587562814359817E-13","-1.1515817226602958E-14","-1.6548626269278517E+0","-7.5767932486361045E-1","-3.0753290914373799E-1","6.2831792160167748E+0","3.6525599571128390E+2","2.7067737640481699E+1","3.054200000000000E-6"
"346","1.0011888995849487E+0","-7.3000956063704843E-17","1.1105348579311111E-13","-8.7971219497929904E-15","-1.6566526424848713E+0","-7.5613171921407996E-1","-3.1111641724058298E-1","6.2831792398209876E+0","3.6525599709507878E+2","2.6886656631286399E+1","3.054200000000000E-6"
"345","1.0011885805102989E+0","-7.3000956063708997E-17","1.1118553479178059E-13","-1.0974730162385531E-14","-1.6584398068087389E+0","-7.5457917428504806E-1","-3.1469421573891199E-1","6.2831792635257777E+0","3.6525599847309405E+2","2.6706311499092500E+1","3.054200000000000E-6"
"344","1.0011882623773332E+0","-7.3000956063733267E-17","1.2041112792438503E-13","-1.4049104033836227E-14","-1.6602241068927077E+0","-7.5302169121915608E-1","-3.1826627861085399E-1","6.2831792871314827E+0","3.6525599984534921E+2","2.6526701733154901E+1","3.054200000000000E-6"
"343","1.0011879451852599E+0","-7.3000956063736792E-17","1.2084402491256359E-13","-1.2451861044985954E-14","-1.6620055296939833E+0","-7.5145927119375722E-1","-3.2183257975639701E-1","6.2831793106384435E+0","3.6525600121186415E+2","2.6347826861218000E+1","3.054200000000000E-6"
"342","1.0011876289333070E+0","-7.3000956063729211E-17","2.2771348064599476E-13","-4.2251040538791214E-14","-1.6637840621334792E+0","-7.4989191542137990E-1","-3.2539309300278002E-1","6.2831793340470075E+0","3.6525600257265910E+2","2.6169686118892798E+1","3.054200000000000E-6"
"341","1.0011873136207088E+0","-7.3000956063719770E-17","1.2168477340347364E-13","-1.3347358408763071E-14","-1.6655596910964054E+0","-7.4831962514990946E-1","-3.2894779210610697E-1","6.2831793573575130E+0","3.6525600392775362E+2","2.5992278791389399E+1","3.054200000000000E-6"
"340","1.0011869992467115E+0","-7.3000956063730050E-17","1.3039665135220962E-13","-1.9014192258651400E-14","-1.6673324034310919E+0","-7.4674240166337391E-1","-3.3249665074807100E-1","6.2831793805703029E+0","3.6525600527716773E+2","2.5815604520989300E+1","3.054200000000000E-6"
"339","1.0011866858105676E+0","-7.3000956063701268E-17","1.2456125741828187E-13","-1.4987990132256406E-14","-1.6691021859501467E+0","-7.4516024628197497E-1","-3.3603964253925700E-1","6.2831794036856978E+0","3.6525600662092006E+2","2.5639662706281801E+1","3.054200000000000E-6"
"338","1.0011863733115520E+0","-7.3000956063710057E-17","1.1877989501992706E-13","-1.5215530263203640E-14","-1.6708690254297738E+0","-7.4357316036268561E-1","-3.3957674101725499E-1","6.2831794267040468E+0","3.6525600795903085E+2","2.5464452683825499E+1","3.054200000000000E-6"
"337","1.0011860617489352E+0","-7.3000956063704017E-17","1.1248650500942913E-13","-1.3029487487227676E-14","-1.6726329086099363E+0","-7.4198114529962100E-1","-3.4310791964706400E-1","6.2831794496256608E+0","3.6525600929151824E+2","2.5289973819915300E+1","3.054200000000000E-6"
"336","1.0011857511220086E+0","-7.3000956063687032E-17","1.0814866445623255E-13","-2.3923228579220088E-14","-1.6743938221943302E+0","-7.4038420252445103E-1","-3.4663315182113102E-1","6.2831794724508816E+0","3.6525601061840206E+2","2.5116225676198098E+1","3.054200000000000E-6"
"335","1.0011854414300738E+0","-7.3000956063669948E-17","1.2033093009401480E-13","-2.1181672153258937E-14","-1.6761517528503109E+0","-7.3878233350680400E-1","-3.5015241085907001E-1","6.2831794951800415E+0","3.6525601193970158E+2","2.4943207296065101E+1","3.054200000000000E-6"
"334","1.0011851326724397E+0","-7.3000956063670047E-17","1.0884969027201406E-13","-2.3395833063754800E-14","-1.6779066872089872E+0","-7.3717553975468753E-1","-3.5366567000798599E-1","6.2831795178134398E+0","3.6525601325543431E+2","2.4770918584222201E+1","3.054200000000000E-6"
"333","1.0011848248484283E+0","-7.3000956063657992E-17","1.1745045283835395E-13","-2.4555218511468694E-14","-1.6796586118650987E+0","-7.3556382281493815E-1","-3.5717290244215100E-1","6.2831795403514166E+0","3.6525601456561998E+2","2.4599358516792801E+1","3.054200000000000E-6"
"332","1.0011845179573637E+0","-7.3000956063637580E-17","1.9371781179210147E-13","-4.9231894039217982E-14","-1.6814075133770079E+0","-7.3394718427362582E-1","-3.6067408126291101E-1","6.2831795627942819E+0","3.6525601587027654E+2","2.4428526478182000E+1","3.054200000000000E-6"
"331","1.0011842119985974E+0","-7.3000956063641685E-17","1.9077325051987293E-13","-4.7906474635759537E-14","-1.6831533782669477E+0","-7.3232562575639792E-1","-3.6416917949951999E-1","6.2831795851423644E+0","3.6525601716942316E+2","2.4258422126034802E+1","3.054200000000000E-6"
"330","1.0011839069714776E+0","-7.3000956063648994E-17","1.3938802307300968E-13","-3.5284170419681186E-14","-1.6848961930206376E+0","-7.3069914892905929E-1","-3.6765817010794599E-1","6.2831796073959731E+0","3.6525601846307785E+2","2.4089044227393000E+1","3.054200000000000E-6"
"329","1.0011836028753667E+0","-7.3000956063632539E-17","1.5895471928936275E-13","-3.9903133330814150E-14","-1.6866359440873853E+0","-7.2906775549792913E-1","-3.7114102597117798E-1","6.2831796295554190E+0","3.6525601975125858E+2","2.3920392808753700E+1","3.054200000000000E-6"
"328","1.0011832997096404E+0","-7.3000956063651052E-17","1.4101154556409322E-13","-3.8236969599038927E-14","-1.6883726178803329E+0","-7.2743144721021802E-1","-3.7461771989997400E-1","6.2831796516210030E+0","3.6525602103398290E+2","2.3752466774937101E+1","3.054200000000000E-6"
"327","1.0011829974736817E+0","-7.3000956063711659E-17","1.4901654606041928E-13","-4.1313546724473480E-14","-1.6901062007761645E+0","-7.2579022585456499E-1","-3.7808822463198899E-1","6.2831796735930476E+0","3.6525602231126953E+2","2.3585265600700300E+1","3.054200000000000E-6"
"326","1.0011826961668828E+0","-7.3000956063719646E-17","1.4609728944476312E-13","-3.8181087915777815E-14","-1.6918366791153177E+0","-7.2414409326139551E-1","-3.8155251283237102E-1","6.2831796954718495E+0","3.6525602358313580E+2","2.3418788549822501E+1","3.054200000000000E-6"
"325","1.0011823957886525E+0","-7.3000956063738419E-17","1.4178497416843135E-13","-3.6281657863664567E-14","-1.6935640392018505E+0","-7.2249305130340791E-1","-3.8501055709339699E-1","6.2831797172577115E+0","3.6525602484959921E+2","2.3253035008349499E+1","3.054200000000000E-6"
"324","1.0011820963384033E+0","-7.3000956063751780E-17","1.3639436159415615E-13","-3.5902302798722650E-14","-1.6952882673035286E+0","-7.2083710189600014E-1","-3.8846232993467500E-1","6.2831797389509507E+0","3.6525602611067831E+2","2.3088004379591499E+1","3.054200000000000E-6"
"323","1.0011817978155615E+0","-7.3000956063772093E-17","1.3882936606382831E-13","-3.6303019802644943E-14","-1.6970093496518293E+0","-7.1917624699772587E-1","-3.9190780380319201E-1","6.2831797605518442E+0","3.6525602736638905E+2","2.2923695789584801E+1","3.054200000000000E-6"
"322","1.0011815002195641E+0","-7.3000956063734043E-17","2.0949568451161761E-13","-6.0013022356268530E-14","-1.6987272724418783E+0","-7.1751048861073774E-1","-3.9534695107305401E-1","6.2831797820606985E+0","3.6525602861674940E+2","2.2760108609146101E+1","3.054200000000000E-6"
"321","1.0011812035498571E+0","-7.3000956063766263E-17","2.0530086803676863E-13","-5.9449581468647908E-14","-1.7004420218327507E+0","-7.1583982878120134E-1","-3.9877974404642302E-1","6.2831798034778270E+0","3.6525602986177751E+2","2.2597242228487300E+1","3.054200000000000E-6"
"320","1.0011809078058949E+0","-7.3000956063769850E-17","2.1367218658734747E-13","-7.4068602655826310E-14","-1.7021535839470852E+0","-7.1416426959983847E-1","-4.0220615495229300E-1","6.2831798248034847E+0","3.6525603110148813E+2","2.2435095781857001E+1","3.054200000000000E-6"
"319","1.0011806129871479E+0","-7.3000956063807062E-17","2.1554999946235585E-13","-7.7032082266703186E-14","-1.7038619448713610E+0","-7.1248381320228149E-1","-4.0562615594728901E-1","6.2831798460380019E+0","3.6525603233590061E+2","2.2273668773880900E+1","3.054200000000000E-6"
"318","1.0011803190930897E+0","-7.3000956063787316E-17","2.1668174842140420E-13","-8.0183115664384580E-14","-1.7055670906559148E+0","-7.1079846176961958E-1","-4.0903971911574999E-1","6.2831798671816408E+0","3.6525603356503012E+2","2.2112960195550400E+1","3.054200000000000E-6"
"317","1.0011800261232131E+0","-7.3000956063746320E-17","2.1716717058737764E-13","-7.9824290492747707E-14","-1.7072690073149133E+0","-7.0910821752879338E-1","-4.1244681646956299E-1","6.2831798882347014E+0","3.6525603478889406E+2","2.1952969497602599E+1","3.054200000000000E-6"
"316","1.0011797340770088E+0","-7.3000956063747170E-17","2.2333243129346887E-13","-8.2342254342736654E-14","-1.7089676808264131E+0","-7.0741308275310721E-1","-4.1584741994829699E-1","6.2831799091974663E+0","3.6525603600750895E+2","2.1793696134779999E+1","3.054200000000000E-6"
"315","1.0011794429539884E+0","-7.3000956063746739E-17","2.2273440448521536E-13","-8.3312528224568151E-14","-1.7106630971324106E+0","-7.0571305976266163E-1","-4.1924150141936800E-1","6.2831799300702107E+0","3.6525603722089068E+2","2.1635138833227401E+1","3.054200000000000E-6"
"314","1.0011791527536682E+0","-7.3000956063779218E-17","2.2639136048530351E-13","-8.3218144579093871E-14","-1.7123552421388608E+0","-7.0400815092483982E-1","-4.2262903267800300E-1","6.2831799508532296E+0","3.6525603842905650E+2","2.1477297386138702E+1","3.054200000000000E-6"
"313","1.0011788634755756E+0","-7.3000956063782620E-17","2.1856999677785075E-13","-8.1722346674503335E-14","-1.7140441017157397E+0","-7.0229835865477075E-1","-4.2600998544740498E-1","6.2831799715467849E+0","3.6525603963202155E+2","2.1320170817588799E+1","3.054200000000000E-6"
"312","1.0011785751192537E+0","-7.3000956063782928E-17","2.1823006295491723E-13","-8.3698626806792856E-14","-1.7157296616970581E+0","-7.0058368541581095E-1","-4.2938433137875598E-1","6.2831799921511688E+0","3.6525604082980288E+2","2.1163758374661001E+1","3.054200000000000E-6"
"311","1.0011782876842414E+0","-7.3000956063789867E-17","2.2021100126190398E-13","-8.6462407160179324E-14","-1.7174119078809766E+0","-6.9886413372002765E-1","-4.3275204205147699E-1","6.2831800126666391E+0","3.6525604202241544E+2","2.1008059187757599E+1","3.054200000000000E-6"
"310","1.0011780011701050E+0","-7.3000956063794403E-17","2.2534031610669198E-13","-8.9502248472487920E-14","-1.7190908260297979E+0","-6.9713970612864584E-1","-4.3611308897319800E-1","6.2831800330934984E+0","3.6525604320987691E+2","2.0853072743869902E+1","3.054200000000000E-6"
"309","1.0011777155764083E+0","-7.3000956063823394E-17","2.2165953679690314E-13","-9.1749290656294435E-14","-1.7207664018700635E+0","-6.9541040525257103E-1","-4.3946744357994999E-1","6.2831800534319937E+0","3.6525604439220143E+2","2.0698798113851399E+1","3.054200000000000E-6"
"308","1.0011774309027286E+0","-7.3000956063801503E-17","2.2234300640327036E-13","-9.4584453210156343E-14","-1.7224386210925968E+0","-6.9367623375284682E-1","-4.4281507723625302E-1","6.2831800736823906E+0","3.6525604556940471E+2","2.0545234312189699E+1","3.054200000000000E-6"
"307","1.0011771471486595E+0","-7.3000956063772488E-17","2.2284010151435671E-13","-9.4259356406510535E-14","-1.7241074693525569E+0","-6.9193719434114342E-1","-4.4615596123522000E-1","6.2831800938449707E+0","3.6525604674150293E+2","2.0392381022168301E+1","3.054200000000000E-6"
"306","1.0011768643137915E+0","-7.3000956063793158E-17","2.2454651232122394E-13","-9.7497962233912785E-14","-1.7257729322695392E+0","-6.9019328978025873E-1","-4.4949006679874498E-1","6.2831801139199985E+0","3.6525604790851156E+2","2.0240237117298900E+1","3.054200000000000E-6"
"305","1.0011765823977370E+0","-7.3000956063799901E-17","2.2594078795296688E-13","-9.9076047641949058E-14","-1.7274349954276247E+0","-6.8844452288459645E-1","-4.5281736507765602E-1","6.2831801339077265E+0","3.6525604907044521E+2","2.0088801767646999E+1","3.054200000000000E-6"
"304","1.0011763014001114E+0","-7.3000956063778762E-17","2.2501929968880498E-13","-9.9293673851258655E-14","-1.7290936443754521E+0","-6.8669089652067206E-1","-4.5613782715179002E-1","6.2831801538084289E+0","3.6525605022731986E+2","1.9938074363549099E+1","3.054200000000000E-6"
"303","1.0011760213205416E+0","-7.3000956063756217E-17","2.2193807143225840E-13","-9.7732679383131132E-14","-1.7307488646263107E+0","-6.8493241360759272E-1","-4.5945142403021999E-1","6.2831801736223438E+0","3.6525605137914943E+2","1.9788053954414600E+1","3.054200000000000E-6"
"302","1.0011757421586691E+0","-7.3000956063778910E-17","2.2537792199632893E-13","-9.9662483966395367E-14","-1.7324006416582065E+0","-6.8316907711756980E-1","-4.6275812665138699E-1","6.2831801933497591E+0","3.6525605252595051E+2","1.9638739773758999E+1","3.054200000000000E-6"
"301","1.0011754639141375E+0","-7.3000956063779822E-17","2.2832335989560231E-13","-1.0325798900308454E-13","-1.7340489609139647E+0","-6.8140089007641214E-1","-4.6605790588327600E-1","6.2831802129909047E+0","3.6525605366773647E+2","1.9490130964850199E+1","3.054200000000000E-6"
"300","1.0011751865866010E+0","-7.3000956063803315E-17","2.3396528171158558E-13","-1.0775838931536947E-13","-1.7356938078013251E+0","-6.7962785556403738E-1","-4.6935073252365600E-1","6.2831802325460497E+0","3.6525605480452310E+2","1.9342226693954299E+1","3.054200000000000E-6"
"299","1.0011749101757326E+0","-7.3000956063789793E-17","2.2662784682835877E-13","-1.0612880425138755E-13","-1.7373351676929876E+0","-6.7784997671496239E-1","-4.7263657730011999E-1","6.2831802520154287E+0","3.6525605593632395E+2","1.9195026207994999E+1","3.054200000000000E-6"
"298","1.0011746346812018E+0","-7.3000956063753789E-17","2.2065869651438381E-13","-1.1083212893324162E-13","-1.7389730259267868E+0","-6.7606725671882695E-1","-4.7591541087047201E-1","6.2831802713993126E+0","3.6525605706315469E+2","1.9048528508611600E+1","3.054200000000000E-6"
"297","1.0011743601026977E+0","-7.3000956063764648E-17","2.2108525075864312E-13","-1.1105800721988535E-13","-1.7406073678057046E+0","-6.7427969882088690E-1","-4.7918720382269903E-1","6.2831802906979393E+0","3.6525605818502930E+2","1.8902732812031498E+1","3.054200000000000E-6"
"296","1.0011740864399163E+0","-7.3000956063747663E-17","2.2098315670136262E-13","-1.1047024911322785E-13","-1.7422381785980552E+0","-6.7248730632254439E-1","-4.8245192667543202E-1","6.2831803099115628E+0","3.6525605930196247E+2","1.8757638280035099E+1","3.054200000000000E-6"
"295","1.0011738136925594E+0","-7.3000956063724749E-17","2.2430785473149277E-13","-1.1353277033990476E-13","-1.7438654435375500E+0","-6.7069008258185103E-1","-4.8570954987798698E-1","6.2831803290404107E+0","3.6525606041396742E+2","1.8613244104301799E+1","3.054200000000000E-6"
"294","1.0011735418603458E+0","-7.3000956063752286E-17","2.2100344107697975E-13","-1.1508513262452642E-13","-1.7454891478234298E+0","-6.6888803101401983E-1","-4.8896004381070302E-1","6.2831803480847492E+0","3.6525606152105962E+2","1.8469549283637900E+1","3.054200000000000E-6"
"293","1.0011732709429972E+0","-7.3000956063783347E-17","2.2044601125732545E-13","-1.1609683537836195E-13","-1.7471092766205483E+0","-6.6708115509195809E-1","-4.9220337878501902E-1","6.2831803670448014E+0","3.6525606262325209E+2","1.8326553110169598E+1","3.054200000000000E-6"
"292","1.0011730009402471E+0","-7.3000956063766374E-17","2.0988776265315978E-13","-1.1859609932816989E-13","-1.7487258150595513E+0","-6.6526945834677575E-1","-4.9543952504393601E-1","6.2831803859208097E+0","3.6525606372055887E+2","1.8184254426950901E+1","3.054200000000000E-6"
"291","1.0011727318518364E+0","-7.3000956063749241E-17","2.1803141112701409E-13","-1.2421336509784044E-13","-1.7503387482369348E+0","-6.6345294436832092E-1","-4.9866845276203797E-1","6.2831804047130273E+0","3.6525606481299474E+2","1.8042652635411201E+1","3.054200000000000E-6"
"290","1.0011724636775234E+0","-7.3000956063783162E-17","2.1200105773263752E-13","-1.2053259286196418E-13","-1.7519480612152383E+0","-6.6163161680568394E-1","-5.0189013204598198E-1","6.2831804234216682E+0","3.6525606590057208E+2","1.7901746640725701E+1","3.054200000000000E-6"
"289","1.0011721964170655E+0","-7.3000956063793417E-17","2.2058267899235255E-13","-1.2723020156289256E-13","-1.7535537390231177E+0","-6.5980547936774780E-1","-5.0510453293451296E-1","6.2831804420469739E+0","3.6525606698330489E+2","1.7761535685568600E+1","3.054200000000000E-6"
"288","1.0011719300702362E+0","-7.3000956063781646E-17","2.1304760715171748E-13","-1.2613188601759212E-13","-1.7551557666555597E+0","-6.5797453582370136E-1","-5.0831162539905494E-1","6.2831804605891808E+0","3.6525606806120703E+2","1.7622018685916501E+1","3.054200000000000E-6"
"287","1.0011716646368130E+0","-7.3000956063790890E-17","2.1303652465476926E-13","-1.2863797625093118E-13","-1.7567541290739239E+0","-6.5613879000357944E-1","-5.1151137934360402E-1","6.2831804790485180E+0","3.6525606913429175E+2","1.7483194897209501E+1","3.054200000000000E-6"
"286","1.0011714001165888E+0","-7.3000956063781498E-17","2.1829963987129920E-13","-1.3502569302671317E-13","-1.7583488112061831E+0","-6.5429824579879348E-1","-5.1470376460540201E-1","6.2831804974252128E+0","3.6525607020257229E+2","1.7345063397091199E+1","3.054200000000000E-6"
"285","1.0011711365093643E+0","-7.3000956063802206E-17","2.1629862450225940E-13","-1.3540279767469953E-13","-1.7599397979470213E+0","-6.5245290716265769E-1","-5.1788875095499998E-1","6.2831805157194882E+0","3.6525607126606155E+2","1.7207623123553802E+1","3.054200000000000E-6"
"284","1.0011708738149430E+0","-7.3000956063824479E-17","2.0967183274981234E-13","-1.3495589561712104E-13","-1.7615270741580134E+0","-6.5060277811094980E-1","-5.2106630809667598E-1","6.2831805339315689E+0","3.6525607232477267E+2","1.7070873139496499E+1","3.054200000000000E-6"
"283","1.0011706120331481E+0","-7.3000956063830247E-17","2.0129307248303450E-13","-1.3622266806342780E-13","-1.7631106246677484E+0","-6.4874786272241192E-1","-5.2423640566863405E-1","6.2831805520616992E+0","3.6525607337871980E+2","1.6934812538907899E+1","3.054200000000000E-6"
"282","1.0011703511638010E+0","-7.3000956063865130E-17","1.9974551342195910E-13","-1.3920063073194892E-13","-1.7646904342720395E+0","-6.4688816513933534E-1","-5.2739901324347305E-1","6.2831805701100771E+0","3.6525607442791448E+2","1.6799440470842800E+1","3.054200000000000E-6"
"281","1.0011700912067445E+0","-7.3000956063877751E-17","1.9860792111287470E-13","-1.4097437044387536E-13","-1.7662664877340766E+0","-6.4502368956806733E-1","-5.3055410032850803E-1","6.2831805880769362E+0","3.6525607547237030E+2","1.6664756039124601E+1","3.054200000000000E-6"
"280","1.0011698321618172E+0","-7.3000956063896438E-17","1.9927863201957663E-13","-1.4322902294713586E-13","-1.7678387697845961E+0","-6.4315444027958024E-1","-5.3370163636603696E-1","6.2831806059624835E+0","3.6525607651209924E+2","1.6530757996490600E+1","3.054200000000000E-6"
"279","1.0011695740288791E+0","-7.3000956063886355E-17","1.9570115138396775E-13","-1.4550007122784848E-13","-1.7694072651220536E+0","-6.4128042160999077E-1","-5.3684159073374704E-1","6.2831806237669472E+0","3.6525607754711461E+2","1.6397445581201200E+1","3.054200000000000E-6"
"278","1.0011693168077895E+0","-7.3000956063857660E-17","2.0255909357910459E-13","-1.4647037176993420E-13","-1.7709719584128196E+0","-6.3940163796114657E-1","-5.3997393274507799E-1","6.2831806414905413E+0","3.6525607857742892E+2","1.6264817752893901E+1","3.054200000000000E-6"
"277","1.0011690604984274E+0","-7.3000956063863503E-17","2.1791602579289942E-13","-1.4970973495196570E-13","-1.7725328342913425E+0","-6.3751809380112723E-1","-5.4309863164954397E-1","6.2831806591334765E+0","3.6525607960305422E+2","1.6132873624552701E+1","3.054200000000000E-6"
"276","1.0011688051006642E+0","-7.3000956063870479E-17","2.1422924711455515E-13","-1.5227373301857917E-13","-1.7740898773604312E+0","-6.3562979366485073E-1","-5.4621565663338101E-1","6.2831806766959613E+0","3.6525608062400278E+2","1.6001612138029099E+1","3.054200000000000E-6"
"275","1.0011685506143977E+0","-7.3000956063858634E-17","2.1903108474458108E-13","-1.5427297058730820E-13","-1.7756430721912948E+0","-6.3373674215457254E-1","-5.4932497681947001E-1","6.2831806941782089E+0","3.6525608164028699E+2","1.5871032213002501E+1","3.054200000000000E-6"
"274","1.0011682970395257E+0","-7.3000956063880130E-17","2.2279742515525719E-13","-1.5681225099955412E-13","-1.7771924033238868E+0","-6.3183894394047802E-1","-5.5242656126817202E-1","6.2831807115804308E+0","3.6525608265191914E+2","1.5741133016854800E+1","3.054200000000000E-6"
"273","1.0011680443759570E+0","-7.3000956063917712E-17","2.2109923075509065E-13","-1.6117595390834609E-13","-1.7787378552670374E+0","-6.2993640376121773E-1","-5.5552037897749995E-1","6.2831807289028259E+0","3.6525608365891071E+2","1.5611913380438700E+1","3.054200000000000E-6"
"272","1.0011677926236040E+0","-7.3000956063897017E-17","2.2425643106618872E-13","-1.6249095193085171E-13","-1.7802794124986994E+0","-6.2802912642448760E-1","-5.5860639888366304E-1","6.2831807461456126E+0","3.6525608466127449E+2","1.5483372435204799E+1","3.054200000000000E-6"
"271","1.0011675417824006E+0","-7.3000956063901861E-17","2.2274811029832022E-13","-1.6383030279447187E-13","-1.7818170594661444E+0","-6.2611711680754378E-1","-5.6168458986144298E-1","6.2831807633089856E+0","3.6525608565902172E+2","1.5355509058622900E+1","3.054200000000000E-6"
"270","1.0011672918522785E+0","-7.3000956063904351E-17","2.2906215716527244E-13","-1.6910245477799912E-13","-1.7833507805861919E+0","-6.2420037985781573E-1","-5.6475492072462896E-1","6.2831807803931516E+0","3.6525608665216453E+2","1.5228322378666901E+1","3.054200000000000E-6"
"269","1.0011670428331800E+0","-7.3000956063940207E-17","2.2445053706946951E-13","-1.6789252632873507E-13","-1.7848805602454658E+0","-6.2227892059343748E-1","-5.6781736022659202E-1","6.2831807973983045E+0","3.6525608764071410E+2","1.5101811132219300E+1","3.054200000000000E-6"
"268","1.0011667947250569E+0","-7.3000956063934858E-17","2.2564428117576310E-13","-1.6748598680806837E-13","-1.7864063828005772E+0","-6.2035274410381669E-1","-5.7087187706057596E-1","6.2831808143246501E+0","3.6525608862468238E+2","1.4975974455049499E+1","3.054200000000000E-6"
"267","1.0011665475278735E+0","-7.3000956063919721E-17","2.3014861117499963E-13","-1.7399639740347709E-13","-1.7879282325784009E+0","-6.1842185555019247E-1","-5.7391843986031899E-1","6.2831808311723956E+0","3.6525608960408147E+2","1.4850811284936700E+1","3.054200000000000E-6"
"266","1.0011663012415954E+0","-7.3000956063888795E-17","2.2913823520054752E-13","-1.7523340980870149E-13","-1.7894460938763073E+0","-6.1648626016621633E-1","-5.7695701720046200E-1","6.2831808479417193E+0","3.6525609057892171E+2","1.4726320447612499E+1","3.054200000000000E-6"
"265","1.0011660558662043E+0","-7.3000956063873055E-17","2.2825638463327489E-13","-1.7872567143981314E-13","-1.7909599509624030E+0","-6.1454596325850519E-1","-5.7998757759707198E-1","6.2831808646328167E+0","3.6525609154921455E+2","1.4602501062729900E+1","3.054200000000000E-6"
"264","1.0011658114016850E+0","-7.3000956063858474E-17","2.3641852015424695E-13","-1.8211065595383470E-13","-1.7924697880757965E+0","-6.1260097020721216E-1","-5.8301008950813604E-1","6.2831808812458911E+0","3.6525609251497161E+2","1.4479351969671599E+1","3.054200000000000E-6"
"263","1.0011655678480347E+0","-7.3000956063847627E-17","2.3497007209034348E-13","-1.8218911613211942E-13","-1.7939755894268645E+0","-6.1065128646660227E-1","-5.8602452133415295E-1","6.2831808977811390E+0","3.6525609347620451E+2","1.4356871920777500E+1","3.054200000000000E-6"
"262","1.0011653252052550E+0","-7.3000956063790607E-17","2.3900484888009748E-13","-1.8915578608660104E-13","-1.7954773391974870E+0","-6.0869691756561151E-1","-5.8903084141850903E-1","6.2831809142387298E+0","3.6525609443292302E+2","1.4235060162469599E+1","3.054200000000000E-6"
"261","1.0011650834733608E+0","-7.3000956063789239E-17","2.3870004424842591E-13","-1.9147618975682604E-13","-1.7969750215413542E+0","-6.0673786910842231E-1","-5.9202901804819597E-1","6.2831809306188600E+0","3.6525609538513851E+2","1.4113915541224999E+1","3.054200000000000E-6"
"260","1.0011648426523732E+0","-7.3000956063775471E-17","2.3444232647414838E-13","-1.8951403772013859E-13","-1.7984686205842284E+0","-6.0477414677504182E-1","-5.9501901945428604E-1","6.2831809469217292E+0","3.6525609633286268E+2","1.3993436905362000E+1","3.054200000000000E-6"
"259","1.0011646027423180E+0","-7.3000956063787106E-17","2.4091880871662736E-13","-1.9529195392938613E-13","-1.7999581204242097E+0","-6.0280575632186439E-1","-5.9800081381241899E-1","6.2831809631475180E+0","3.6525609727610595E+2","1.3873622978080700E+1","3.054200000000000E-6"
"258","1.0011643637432357E+0","-7.3000956063842770E-17","2.4569594764540715E-13","-2.0054184777579340E-13","-1.8014435051320599E+0","-6.0083270358224738E-1","-6.0097436924355696E-1","6.2831809792963966E+0","3.6525609821487831E+2","1.3754472981582300E+1","3.054200000000000E-6"
"257","1.0011641256551729E+0","-7.3000956063860076E-17","2.4186073691172945E-13","-2.0097834118137599E-13","-1.8029247587514696E+0","-5.9885499446708912E-1","-6.0393965381444803E-1","6.2831809953685589E+0","3.6525609914919090E+2","1.3635985556312001E+1","3.054200000000000E-6"
"256","1.0011638884781826E+0","-7.3000956063804338E-17","2.3990242211527552E-13","-2.0215405582727513E-13","-1.8044018652993457E+0","-5.9687263496540321E-1","-6.0689663553817097E-1","6.2831810113641868E+0","3.6525610007905442E+2","1.3518159637389401E+1","3.054200000000000E-6"
"255","1.0011636522123271E+0","-7.3000956063792813E-17","2.4664027825426212E-13","-2.0811912730534606E-13","-1.8058748087661498E+0","-5.9488563114488557E-1","-6.0984528237488500E-1","6.2831810272834634E+0","3.6525610100447943E+2","1.3400994217619100E+1","3.054200000000000E-6"
"254","1.0011634168576766E+0","-7.3000956063797041E-17","2.4369305483075653E-13","-2.0914190617608355E-13","-1.8073435731161991E+0","-5.9289398915250680E-1","-6.1278556223241598E-1","6.2831810431265458E+0","3.6525610192547509E+2","1.3284488203900899E+1","3.054200000000000E-6"
"253","1.0011631824143128E+0","-7.3000956063781190E-17","2.4028605803600020E-13","-2.0986777862832160E-13","-1.8088081422879629E+0","-5.9089771521506618E-1","-6.1571744296681696E-1","6.2831810588936374E+0","3.6525610284205322E+2","1.3168640097995400E+1","3.054200000000000E-6"
"252","1.0011629488823202E+0","-7.3000956063804745E-17","2.4662159930029777E-13","-2.1633412839208403E-13","-1.8102685001944061E+0","-5.8889681563979446E-1","-6.1864089238307396E-1","6.2831810745849035E+0","3.6525610375422349E+2","1.3053449318096501E+1","3.054200000000000E-6"
"251","1.0011627162617935E+0","-7.3000956063800702E-17","2.5245432902273489E-13","-2.2002640818233134E-13","-1.8117246307233168E+0","-5.8689129681490471E-1","-6.2155587823576697E-1","6.2831810902005003E+0","3.6525610466199487E+2","1.2938914230525199E+1","3.054200000000000E-6"
"250","1.0011624845528373E+0","-7.3000956063812683E-17","2.5353488662151240E-13","-2.2269385919758126E-13","-1.8131765177376244E+0","-5.8488116521019484E-1","-6.2446236822970502E-1","6.2831811057406339E+0","3.6525610556537941E+2","1.2825033926059399E+1","3.054200000000000E-6"
"249","1.0011622537555640E+0","-7.3000956063783261E-17","2.5578142541274011E-13","-2.2610683327960814E-13","-1.8146241450757625E+0","-5.8286642737760053E-1","-6.2736033002065095E-1","6.2831811212054429E+0","3.6525610646438514E+2","1.2711807090671799E+1","3.054200000000000E-6"
"248","1.0011620238700871E+0","-7.3000956063769123E-17","2.6013181993086799E-13","-2.3040676609211701E-13","-1.8160674965520034E+0","-5.8084708995179968E-1","-6.3024973121597305E-1","6.2831811365951200E+0","3.6525610735902330E+2","1.2599232727133900E+1","3.054200000000000E-6"
"247","1.0011617948965410E+0","-7.3000956063753506E-17","2.5291092357668536E-13","-2.3088959689588243E-13","-1.8175065559568035E+0","-5.7882315965076425E-1","-6.3313053937537900E-1","6.2831811519098224E+0","3.6525610824930300E+2","1.2487309475081300E+1","3.054200000000000E-6"
"246","1.0011615668350560E+0","-7.3000956063813533E-17","2.6019545987692682E-13","-2.3569068788406371E-13","-1.8189413070571925E+0","-5.7679464327635976E-1","-6.3600272201165997E-1","6.2831811671497189E+0","3.6525610913523406E+2","1.2376036411859699E+1","3.054200000000000E-6"
"245","1.0011613396857733E+0","-7.3000956063829298E-17","2.5994930073148744E-13","-2.4076638759331321E-13","-1.8203717335970957E+0","-5.7476154771491339E-1","-6.3886624659132096E-1","6.2831811823149755E+0","3.6525611001682609E+2","1.2265412041344501E+1","3.054200000000000E-6"
"244","1.0011611134488503E+0","-7.3000956063875348E-17","2.5480366516270836E-13","-2.3463904277658053E-13","-1.8217978192977387E+0","-5.7272387993778429E-1","-6.4172108053545796E-1","6.2831811974057485E+0","3.6525611089408824E+2","1.2155435402157300E+1","3.054200000000000E-6"
"243","1.0011608881244367E+0","-7.3000956063853260E-17","2.6100382927276352E-13","-2.4715838973632182E-13","-1.8232195478580187E+0","-5.7068164700196355E-1","-6.4456719122040795E-1","6.2831812124222219E+0","3.6525611176703120E+2","1.2046105195980299E+1","3.054200000000000E-6"
"242","1.0011606637127037E+0","-7.3000956063850449E-17","2.5855475307506918E-13","-2.4804168779939090E-13","-1.8246369029548892E+0","-5.6863485605062669E-1","-6.4740454597862795E-1","6.2831812273645387E+0","3.6525611263566321E+2","1.1937420182964100E+1","3.054200000000000E-6"
"241","1.0011604402138248E+0","-7.3000956063813225E-17","2.6561333479569326E-13","-2.5202463172482587E-13","-1.8260498682437205E+0","-5.6658351431372611E-1","-6.5023311209928603E-1","6.2831812422328612E+0","3.6525611349999383E+2","1.1829379260442900E+1","3.054200000000000E-6"
"240","1.0011602176279792E+0","-7.3000956063810674E-17","2.6662305713374699E-13","-2.5665352011008888E-13","-1.8274584273587715E+0","-5.6452762910856746E-1","-6.5305285682935899E-1","6.2831812570273424E+0","3.6525611436003186E+2","1.1721981199217600E+1","3.054200000000000E-6"
"239","1.0011599959553585E+0","-7.3000956063779304E-17","2.6459516827102223E-13","-2.5628394505858993E-13","-1.8288625639134966E+0","-5.6246720784037540E-1","-6.5586374737409203E-1","6.2831812717481528E+0","3.6525611521578719E+2","1.1615224701392100E+1","3.054200000000000E-6"
"238","1.0011597751961565E+0","-7.3000956063805866E-17","2.6585838949546379E-13","-2.6351663621379741E-13","-1.8302622615010362E+0","-5.6040225800288301E-1","-6.5866575089808999E-1","6.2831812863954379E+0","3.6525611606726835E+2","1.1509108506416400E+1","3.054200000000000E-6"
"237","1.0011595553505779E+0","-7.3000956063856699E-17","2.7007211404777896E-13","-2.6717167340729116E-13","-1.8316575036945923E+0","-5.5833278717889701E-1","-6.6145883452602705E-1","6.2831813009693613E+0","3.6525611691448478E+2","1.1403631407498599E+1","3.054200000000000E-6"
"236","1.0011593364188320E+0","-7.3000956063859373E-17","2.6197955880445041E-13","-2.6393810131738903E-13","-1.8330482740478735E+0","-5.5625880304087671E-1","-6.6424296534355298E-1","6.2831813154700642E+0","3.6525611775744483E+2","1.1298792088139800E+1","3.054200000000000E-6"
"235","1.0011591184011404E+0","-7.3000956063871342E-17","2.7267058819450413E-13","-2.7433274106694701E-13","-1.8344345560954796E+0","-5.5418031335150131E-1","-6.6701811039800996E-1","6.2831813298977170E+0","3.6525611859615822E+2","1.1194589553675399E+1","3.054200000000000E-6"
"234","1.0011589012977267E+0","-7.3000956063833082E-17","2.6974032022190181E-13","-2.7556868812734233E-13","-1.8358163333534232E+0","-5.5209732596425065E-1","-6.6978423669958598E-1","6.2831813442524451E+0","3.6525611943063234E+2","1.1091022431704699E+1","3.054200000000000E-6"
"233","1.0011586851088274E+0","-7.3000956063831788E-17","2.7029459667476764E-13","-2.7683488487773556E-13","-1.8371935893194813E+0","-5.5000984882397153E-1","-6.7254131122190597E-1","6.2831813585344252E+0","3.6525612026087748E+2","1.0988089233683301E+1","3.054200000000000E-6"
"232","1.0011584698346763E+0","-7.3000956063903907E-17","2.7953198927045970E-13","-2.9101779532946962E-13","-1.8385663074737049E+0","-5.4791788996745527E-1","-6.7528930090309103E-1","6.2831813727437815E+0","3.6525612108690081E+2","1.0885788920763501E+1","3.054200000000000E-6"
"231","1.0011582554755301E+0","-7.3000956063886490E-17","2.7796672693454291E-13","-2.9207979466126237E-13","-1.8399344712788512E+0","-5.4582145752398681E-1","-6.7802817264667503E-1","6.2831813868806758E+0","3.6525612190871169E+2","1.0784120179596600E+1","3.054200000000000E-6"
"230","1.0011580420316377E+0","-7.3000956063893208E-17","2.7837112940403368E-13","-2.9501057226310563E-13","-1.8412980641808547E+0","-5.4372055971594646E-1","-6.8075789332245695E-1","6.2831814009452511E+0","3.6525612272631861E+2","1.0683081650392300E+1","3.054200000000000E-6"
"229","1.0011578295032584E+0","-7.3000956063888179E-17","2.7808284740980336E-13","-2.9554522532064261E-13","-1.8426570696093187E+0","-5.4161520485934678E-1","-6.8347842976757400E-1","6.2831814149376433E+0","3.6525612353972929E+2","1.0582672086349801E+1","3.054200000000000E-6"
"228","1.0011576178906674E+0","-7.3000956063949525E-17","2.7478758139440875E-13","-2.9620060617978571E-13","-1.8440114709779227E+0","-5.3950540136440239E-1","-6.8618974878722205E-1","6.2831814288579988E+0","3.6525612434895231E+2","1.0482890159979400E+1","3.054200000000000E-6"
"227","1.0011574071941349E+0","-7.3000956063953470E-17","2.8266813071929379E-13","-3.0573686291804516E-13","-1.8453612516849927E+0","-5.3739115773611656E-1","-6.8889181715588199E-1","6.2831814427064669E+0","3.6525612515399632E+2","1.0383734692503300E+1","3.054200000000000E-6"
"226","1.0011571974139484E+0","-7.3000956063929114E-17","2.7985387190228512E-13","-3.0720096493081381E-13","-1.8467063951139477E+0","-5.3527248257481308E-1","-6.9158460161819801E-1","6.2831814564831800E+0","3.6525612595486911E+2","1.0285204254886301E+1","3.054200000000000E-6"
"225","1.0011569885503946E+0","-7.3000956063991052E-17","2.8391011616358163E-13","-3.1394439534630907E-13","-1.8480468846337863E+0","-5.3314938457671179E-1","-6.9426806888987203E-1","6.2831814701882767E+0","3.6525612675157862E+2","1.0187297487101700E+1","3.054200000000000E-6"
"224","1.0011567806037731E+0","-7.3000956063990558E-17","2.8702109867324920E-13","-3.1896872684070287E-13","-1.8493827035996382E+0","-5.3102187253449062E-1","-6.9694218565891097E-1","6.2831814838219033E+0","3.6525612754413345E+2","1.0090013234090099E+1","3.054200000000000E-6"
"223","1.0011565735743813E+0","-7.3000956063994947E-17","2.8829630516044252E-13","-3.2421905868207874E-13","-1.8507138353532309E+0","-5.2888995533783711E-1","-6.9960691858640900E-1","6.2831814973841906E+0","3.6525612833254115E+2","9.9933500237978805E+0","3.054200000000000E-6"
"222","1.0011563674625352E+0","-7.3000956063986651E-17","2.9202483655579581E-13","-3.3075290416385821E-13","-1.8520402632234196E+0","-5.2675364197399144E-1","-7.0226223430770796E-1","6.2831815108752673E+0","3.6525612911680918E+2","9.8973065712121606E+0","3.054200000000000E-6"
"221","1.0011561622685470E+0","-7.3000956064040774E-17","2.8992492472482836E-13","-3.3231741340715628E-13","-1.8533619705267357E+0","-5.2461294152832627E-1","-7.0490809943346600E-1","6.2831815242952818E+0","3.6525612989694616E+2","9.8018815980116099E+0","3.054200000000000E-6"
"220","1.0011559579927432E+0","-7.3000956064076175E-17","2.9268619446246919E-13","-3.4034596058335083E-13","-1.8546789405678994E+0","-5.2246786318487048E-1","-7.0754448055069696E-1","6.2831815376443476E+0","3.6525613067295882E+2","9.7070736732481002E+0","3.054200000000000E-6"
"219","1.0011557546354553E+0","-7.3000956064106287E-17","2.9897530274210233E-13","-3.4351647292480021E-13","-1.8559911566403491E+0","-5.2031841622686770E-1","-7.1017134422378103E-1","6.2831815509226274E+0","3.6525613144485646E+2","9.6128814396333695E+0","3.054200000000000E-6"
"218","1.0011555521970110E+0","-7.3000956064018649E-17","2.9142767145408065E-13","-3.4596331348283452E-13","-1.8572986020268456E+0","-5.1816461003733472E-1","-7.1278865699575200E-1","6.2831815641302189E+0","3.6525613221264484E+2","9.5193034099214202E+0","3.054200000000000E-6"
"217","1.0011553506777600E+0","-7.3000956063995748E-17","3.0375854411681101E-13","-3.5847983223934361E-13","-1.8586012599999167E+0","-5.1600645409957258E-1","-7.1539638538907202E-1","6.2831815772672730E+0","3.6525613297633271E+2","9.4263386615044595E+0","3.054200000000000E-6"
"216","1.0011551500780489E+0","-7.3000956064061445E-17","2.9942894712367927E-13","-3.5980852472289926E-13","-1.8598991138225700E+0","-5.1384395799773930E-1","-7.1799449590724496E-1","6.2831815903339097E+0","3.6525613373592705E+2","9.3339854117797199E+0","3.054200000000000E-6"
"215","1.0011549503982364E+0","-7.3000956063982275E-17","2.9346564469038058E-13","-3.5668812272131052E-13","-1.8611921467487158E+0","-5.1167713141736415E-1","-7.2058295503545400E-1","6.2831816033302514E+0","3.6525613449143498E+2","9.2422423783245407E+0","3.054200000000000E-6"
"214","1.0011547516386823E+0","-7.3000956063986232E-17","3.0715366240860230E-13","-3.7367857393043756E-13","-1.8624803420238238E+0","-5.0950598414589854E-1","-7.2316172924198496E-1","6.2831816162564271E+0","3.6525613524286399E+2","9.1511081579141393E+0","3.054200000000000E-6"
"213","1.0011545537997533E+0","-7.3000956063936497E-17","3.0085309181497791E-13","-3.7409652834280397E-13","-1.8637636828855164E+0","-5.0733052607324325E-1","-7.2573078497944599E-1","6.2831816291125673E+0","3.6525613599022171E+2","9.0605814810516794E+0","3.054200000000000E-6"
"212","1.0011543568818255E+0","-7.3000956063933674E-17","3.1031107736394343E-13","-3.8518909518518131E-13","-1.8650421525640963E+0","-5.0515076719226837E-1","-7.2829008868572698E-1","6.2831816418987954E+0","3.6525613673351518E+2","8.9706607743336608E+0","3.054200000000000E-6"
"211","1.0011541608852765E+0","-7.3000956063971071E-17","3.0924029762607315E-13","-3.8838493606177624E-13","-1.8663157342832102E+0","-5.0296671759934974E-1","-7.3083960678540805E-1","6.2831816546152250E+0","3.6525613747275122E+2","8.8813447917442208E+0","3.054200000000000E-6"
"210","1.0011539658104949E+0","-7.3000956063925268E-17","2.9960421071605088E-13","-3.8132096604262113E-13","-1.8675844112604179E+0","-5.0077838749488535E-1","-7.3337930569088206E-1","6.2831816672619798E+0","3.6525613820793683E+2","8.7926321207686495E+0","3.054200000000000E-6"
"209","1.0011537716578722E+0","-7.3000956063897917E-17","3.1688646548159267E-13","-4.0223995682924523E-13","-1.8688481667077796E+0","-4.9858578718381474E-1","-7.3590915180344196E-1","6.2831816798391973E+0","3.6525613893908007E+2","8.7045211080252507E+0","3.054200000000000E-6"
"208","1.0011535784278056E+0","-7.3000956063931838E-17","3.1680057063833722E-13","-4.0801635845704589E-13","-1.8701069838325621E+0","-4.9638892707613613E-1","-7.3842911151486901E-1","6.2831816923469628E+0","3.6525613966618590E+2","8.6170107200175305E+0","3.054200000000000E-6"
"207","1.0011533861207000E+0","-7.3000956063953839E-17","3.1746369017171447E-13","-4.1151835544775654E-13","-1.8713608458377762E+0","-4.9418781768741682E-1","-7.4093915120835296E-1","6.2831817047854210E+0","3.6525614038926278E+2","8.5300992116180208E+0","3.054200000000000E-6"
"206","1.0011531947369678E+0","-7.3000956063875508E-17","3.2229625436205452E-13","-4.2131701494125764E-13","-1.8726097359228484E+0","-4.9198246963929798E-1","-7.4343923725990302E-1","6.2831817171546742E+0","3.6525614110831657E+2","8.4437852753985307E+0","3.054200000000000E-6"
"205","1.0011530042770189E+0","-7.3000956063940885E-17","3.2018549752776813E-13","-4.2524537355583387E-13","-1.8738536372842716E+0","-4.8977289366000443E-1","-7.4592933603962397E-1","6.2831817294548573E+0","3.6525614182335516E+2","8.3580672956341395E+0","3.054200000000000E-6"
"204","1.0011528147412803E+0","-7.3000956063998805E-17","3.1982733409141270E-13","-4.2807669655278911E-13","-1.8750925331162316E+0","-4.8755910058483931E-1","-7.4840941391301596E-1","6.2831817416860662E+0","3.6525614253438414E+2","8.2729441923579294E+0","3.054200000000000E-6"
"203","1.0011526261301751E+0","-7.3000956064046136E-17","3.1943637762002737E-13","-4.3024696536130379E-13","-1.8763264066112870E+0","-4.8534110135668213E-1","-7.5087943724228601E-1","6.2831817538484147E+0","3.6525614324141003E+2","8.1884142912178692E+0","3.054200000000000E-6"
"202","1.0011524384441350E+0","-7.3000956064047997E-17","3.2298624227586234E-13","-4.4422796341990699E-13","-1.8775552409610063E+0","-4.8311890702648069E-1","-7.5333937238763105E-1","6.2831817659420262E+0","3.6525614394444017E+2","8.1044759518992695E+0","3.054200000000000E-6"
"201","1.0011522516836009E+0","-7.3000956064081265E-17","3.2718140753289880E-13","-4.4760719176227090E-13","-1.8787790193566689E+0","-4.8089252875373545E-1","-7.5578918570869702E-1","6.2831817779670001E+0","3.6525614464348018E+2","8.0211281193321700E+0","3.054200000000000E-6"
"200","1.0011520658490134E+0","-7.3000956064157255E-17","3.2805155991525495E-13","-4.5383683515434838E-13","-1.8799977249899078E+0","-4.7866197780698316E-1","-7.5822884356575804E-1","6.2831817899234510E+0","3.6525614533853684E+2","7.9383690720792401E+0","3.054200000000000E-6"
"199","1.0011518809408246E+0","-7.3000956064179392E-17","3.3408856746871301E-13","-4.6589989991618092E-13","-1.8812113410534350E+0","-4.7642726556427312E-1","-7.6065831232129499E-1","6.2831818018114962E+0","3.6525614602961690E+2","7.8561973203674498E+0","3.054200000000000E-6"
"198","1.0011516969594865E+0","-7.3000956064089992E-17","3.2946399896926892E-13","-4.6727070941775752E-13","-1.8824198507417047E+0","-4.7418840351365105E-1","-7.6307755834122404E-1","6.2831818136312370E+0","3.6525614671672622E+2","7.7746114082318396E+0","3.054200000000000E-6"
"197","1.0011515139054572E+0","-7.3000956064068150E-17","3.4081061416039982E-13","-4.8438708842770139E-13","-1.8836232372516204E+0","-4.7194540325361184E-1","-7.6548654799634097E-1","6.2831818253827638E+0","3.6525614739987014E+2","7.6936098889067299E+0","3.054200000000000E-6"
"196","1.0011513317792022E+0","-7.3000956063956033E-17","3.3388699412074189E-13","-4.8240811971132694E-13","-1.8848214837832487E+0","-4.6969827649356766E-1","-7.6788524766377098E-1","6.2831818370662171E+0","3.6525614807905674E+2","7.6131912010938496E+0","3.054200000000000E-6"
"195","1.0011511505811912E+0","-7.3000956063954690E-17","3.3106077251739258E-13","-4.8222321356401799E-13","-1.8860145735405247E+0","-4.6744703505431218E-1","-7.7027362372835595E-1","6.2831818486816724E+0","3.6525614875429056E+2","7.5333539054659200E+0","3.054200000000000E-6"
"194","1.0011509703118964E+0","-7.3000956063868162E-17","3.4547184722527519E-13","-5.0525920616995589E-13","-1.8872024897319881E+0","-4.6519169086847001E-1","-7.7265164258413999E-1","6.2831818602292397E+0","3.6525614942557780E+2","7.4540966119521297E+0","3.054200000000000E-6"
"193","1.0011507909717985E+0","-7.3000956063868593E-17","3.4147132333000627E-13","-5.0520548810683840E-13","-1.8883852155715040E+0","-4.6293225598093996E-1","-7.7501927063582399E-1","6.2831818717090346E+0","3.6525615009292528E+2","7.3754175661367798E+0","3.054200000000000E-6"
"192","1.0011506125613840E+0","-7.3000956063832984E-17","3.4986604729689204E-13","-5.2045931330069316E-13","-1.8895627342789865E+0","-4.6066874254933754E-1","-7.7737647430017598E-1","6.2831818831211441E+0","3.6525615075633812E+2","7.2973153856916397E+0","3.054200000000000E-6"
"191","1.0011504350811395E+0","-7.3000956063843337E-17","3.4803827640493422E-13","-5.2344965020564148E-13","-1.8907350290811773E+0","-4.5840116284444282E-1","-7.7972322000763905E-1","6.2831818944656863E+0","3.6525615141582301E+2","7.2197885906487702E+0","3.054200000000000E-6"
"190","1.0011502585315606E+0","-7.3000956063862714E-17","3.4665103007034768E-13","-5.2757491716176511E-13","-1.8919020832123503E+0","-4.5612952925061134E-1","-7.8205947420368105E-1","6.2831819057427349E+0","3.6525615207138441E+2","7.1428354995807801E+0","3.054200000000000E-6"
"189","1.0011500829131414E+0","-7.3000956063852212E-17","3.5124291626490210E-13","-5.3691801157755030E-13","-1.8930638799151167E+0","-4.5385385426621905E-1","-7.8438520335046003E-1","6.2831819169524117E+0","3.6525615272302929E+2","7.0664547938244802E+0","3.054200000000000E-6"
"188","1.0011499082263897E+0","-7.3000956063881326E-17","3.5051212771234452E-13","-5.4113650631675157E-13","-1.8942204024411626E+0","-4.5157415050406047E-1","-7.8670037392830405E-1","6.2831819280948045E+0","3.6525615337076283E+2","6.9906447329934096E+0","3.054200000000000E-6"
"187","1.0011497344718130E+0","-7.3000956063849525E-17","3.5086548840115680E-13","-5.4809977461587914E-13","-1.8953716340520153E+0","-4.4929043069177554E-1","-7.8900495243717605E-1","6.2831819391699995E+0","3.6525615401458998E+2","6.9154038772830999E+0","3.054200000000000E-6"
"186","1.0011495616499200E+0","-7.3000956063899618E-17","3.6052678934978511E-13","-5.7089897596544148E-13","-1.8965175580198526E+0","-4.4700270767225458E-1","-7.9129890539836600E-1","6.2831819501781174E+0","3.6525615465451779E+2","6.8407305750717802E+0","3.054200000000000E-6"
"185","1.0011493897612289E+0","-7.3000956063972711E-17","3.6630956238738179E-13","-5.8080659277729748E-13","-1.8976581576282681E+0","-4.4471099440402978E-1","-7.9358219935600305E-1","6.2831819611192277E+0","3.6525615529055028E+2","6.7666233916876699E+0","3.054200000000000E-6"
"184","1.0011492188062632E+0","-7.3000956064051831E-17","3.6529555929528666E-13","-5.8444567557577297E-13","-1.8987934161730653E+0","-4.4241530396166789E-1","-7.9585480087862903E-1","6.2831819719934483E+0","3.6525615592269429E+2","6.6930808041759402E+0","3.054200000000000E-6"
"183","1.0011490487855423E+0","-7.3000956064042512E-17","3.6370902664499154E-13","-5.8853675035713733E-13","-1.8999233169630749E+0","-4.4011564953617011E-1","-7.9811667656083696E-1","6.2831819828008424E+0","3.6525615655095356E+2","6.6201010592589196E+0","3.054200000000000E-6"
"182","1.0011488796995995E+0","-7.3000956064001257E-17","3.6969685077799061E-13","-6.0591317830872003E-13","-1.9010478433209363E+0","-4.3781204443533245E-1","-8.0036779302485295E-1","6.2831819935415290E+0","3.6525615717533492E+2","6.5476826161666901E+0","3.054200000000000E-6"
"181","1.0011487115489675E+0","-7.3000956063955245E-17","3.7793414959769746E-13","-6.2335141315591149E-13","-1.9021669785839306E+0","-4.3550450208413138E-1","-8.0260811692217104E-1","6.2831820042155853E+0","3.6525615779584297E+2","6.4758240478669604E+0","3.054200000000000E-6"
"180","1.0011485443341859E+0","-7.3000956063921126E-17","3.7414216675941682E-13","-6.2538298636775445E-13","-1.9032807061048098E+0","-4.3319303602507997E-1","-8.0483761493527095E-1","6.2831820148231028E+0","3.6525615841248293E+2","6.4045237676757800E+0","3.054200000000000E-6"
"179","1.0011483780557910E+0","-7.3000956063898952E-17","3.6150067300499820E-13","-6.1082726142081765E-13","-1.9043890092526277E+0","-4.3087765991859861E-1","-8.0705625377923396E-1","6.2831820253641641E+0","3.6525615902525965E+2","6.3337800556847501E+0","3.054200000000000E-6"
"178","1.0011482127143303E+0","-7.3000956063957636E-17","3.7551126086904106E-13","-6.3829348681217993E-13","-1.9054918714135236E+0","-4.2855838754334530E-1","-8.0926400020327205E-1","6.2831820358388786E+0","3.6525615963417943E+2","6.2635913290073599E+0","3.054200000000000E-6"
"177","1.0011480483103508E+0","-7.3000956063890817E-17","3.8028801371453515E-13","-6.5177387760609591E-13","-1.9065892759916507E+0","-4.2623523279657621E-1","-8.1146082099270500E-1","6.2831820462473029E+0","3.6525616023924562E+2","6.1939560706719101E+0","3.054200000000000E-6"
"176","1.0011478848444091E+0","-7.3000956063866621E-17","3.7737407219767770E-13","-6.5519267645262265E-13","-1.9076812064099633E+0","-4.2390820969446619E-1","-8.1364668297045595E-1","6.2831820565895491E+0","3.6525616084046470E+2","6.1248726074354698E+0","3.054200000000000E-6"
"175","1.0011477223170591E+0","-7.3000956063888758E-17","3.8223830040547978E-13","-6.6878089632369646E-13","-1.9087676461110754E+0","-4.2157733237244799E-1","-8.1582155299872405E-1","6.2831820668656890E+0","3.6525616143784094E+2","6.0563393788738500E+0","3.054200000000000E-6"
"174","1.0011475607288611E+0","-7.3000956063858202E-17","3.8736020605565945E-13","-6.8376716727157581E-13","-1.9098485785581658E+0","-4.1924261508552746E-1","-8.1798539798092096E-1","6.2831820770758107E+0","3.6525616203137935E+2","5.9883547648117101E+0","3.054200000000000E-6"
"173","1.0011474000803746E+0","-7.3000956063890090E-17","3.9684611743254792E-13","-7.0441865569910182E-13","-1.9109239872358164E+0","-4.1690407220858716E-1","-8.2013818486323997E-1","6.2831820872199851E+0","3.6525616262108406E+2","5.9209171145206403E+0","3.054200000000000E-6"
"172","1.0011472403721742E+0","-7.3000956063894280E-17","3.9570467637705442E-13","-7.1192510716652084E-13","-1.9119938556508784E+0","-4.1456171823669424E-1","-8.2227988063646296E-1","6.2831820972983197E+0","3.6525616320696139E+2","5.8540247727196597E+0","3.054200000000000E-6"
"171","1.0011470816048269E+0","-7.3000956063928707E-17","3.9661994906572035E-13","-7.1992271449385584E-13","-1.9130581673333880E+0","-4.1221556778539969E-1","-8.2441045233774202E-1","6.2831821073108793E+0","3.6525616378901503E+2","5.7876762134551401E+0","3.054200000000000E-6"
"170","1.0011469237788997E+0","-7.3000956064041810E-17","3.9958824246862984E-13","-7.3075694452488816E-13","-1.9141169058374390E+0","-4.0986563559101852E-1","-8.2652986705235199E-1","6.2831821172577360E+0","3.6525616436724920E+2","5.7218697718027798E+0","3.054200000000000E-6"
"169","1.0011467668949798E+0","-7.3000956064042303E-17","4.0056479676843320E-13","-7.3876669158293008E-13","-1.9151700547420558E+0","-4.0751193651089745E-1","-8.2863809191547999E-1","6.2831821271389945E+0","3.6525616494167008E+2","5.6566037023087601E+0","3.054200000000000E-6"
"168","1.0011466109536373E+0","-7.3000956064030039E-17","4.0072001568253075E-13","-7.4859631769513758E-13","-1.9162175976521498E+0","-4.0515448552370248E-1","-8.3073509411407997E-1","6.2831821369547045E+0","3.6525616551228035E+2","5.5918765143607896E+0","3.054200000000000E-6"
"167","1.0011464559554575E+0","-7.3000956064021152E-17","4.0913579844580206E-13","-7.7098001591473699E-13","-1.9172595181993688E+0","-4.0279329772966305E-1","-8.3282084088861097E-1","6.2831821467049656E+0","3.6525616607908597E+2","5.5276864255271896E+0","3.054200000000000E-6"
"166","1.0011463019010272E+0","-7.3000956063961654E-17","4.0254439409185751E-13","-7.6885765156307659E-13","-1.9182958000430705E+0","-4.0042838835082517E-1","-8.3489529953502395E-1","6.2831821563898433E+0","3.6525616664209070E+2","5.4640319306749001E+0","3.054200000000000E-6"
"165","1.0011461487909350E+0","-7.3000956063968594E-17","4.1414704585072722E-13","-7.9229765894851400E-13","-1.9193264268711805E+0","-3.9805977273128884E-1","-8.3695843740636700E-1","6.2831821660094196E+0","3.6525616720129932E+2","5.4009111931071700E+0","3.054200000000000E-6"
"164","1.0011459966257719E+0","-7.3000956063927893E-17","4.1960421962735399E-13","-8.1130250719929135E-13","-1.9203513824011691E+0","-3.9568746633744845E-1","-8.3901022191484098E-1","6.2831821755637716E+0","3.6525616775671631E+2","5.3383226981833998E+0","3.054200000000000E-6"
"163","1.0011458454061268E+0","-7.3000956063910711E-17","4.2157386002476784E-13","-8.2531238060806544E-13","-1.9213706503809829E+0","-3.9331148475821004E-1","-8.4105062053363600E-1","6.2831821850529623E+0","3.6525616830834531E+2","5.2762646749121904E+0","3.054200000000000E-6"
"162","1.0011456951326030E+0","-7.3000956063875360E-17","4.2723245488218092E-13","-8.4279679343326876E-13","-1.9223842145899279E+0","-3.9093184370519085E-1","-8.4307960079866695E-1","6.2831821944770816E+0","3.6525616885619149E+2","5.2147356243802001E+0","3.054200000000000E-6"
"161","1.0011455458057943E+0","-7.3000956063847750E-17","4.2949393907509322E-13","-8.5610903130862968E-13","-1.9233920588397018E+0","-3.8854855901294172E-1","-8.4509713031070199E-1","6.2831822038361915E+0","3.6525616940025861E+2","5.1537336416103399E+0","3.054200000000000E-6"
"160","1.0011453974263054E+0","-7.3000956063810550E-17","4.3975036403523987E-13","-8.8451457920595982E-13","-1.9243941669752598E+0","-3.8616164663912078E-1","-8.4710317673701996E-1","6.2831822131303579E+0","3.6525616994055036E+2","5.0932571667819602E+0","3.054200000000000E-6"
"159","1.0011452499947351E+0","-7.3000956063812177E-17","4.2858917144861906E-13","-8.7042279265972035E-13","-1.9253905228758397E+0","-3.8377112266469182E-1","-8.4909770781352800E-1","6.2831822223596685E+0","3.6525617047707192E+2","5.0333045460960104E+0","3.054200000000000E-6"
"158","1.0011451035116934E+0","-7.3000956063759151E-17","4.4767668445156663E-13","-9.1789294673568371E-13","-1.9263811104558695E+0","-3.8137700329407676E-1","-8.5108069134653397E-1","6.2831822315241812E+0","3.6525617100982663E+2","4.9738740360953599E+0","3.054200000000000E-6"
"157","1.0011449579777880E+0","-7.3000956063703894E-17","4.4560929907045524E-13","-9.2252503925198557E-13","-1.9273659136659880E+0","-3.7897930485533288E-1","-8.5305209521484504E-1","6.2831822406239670E+0","3.6525617153881859E+2","4.9149639054408301E+0","3.054200000000000E-6"
"156","1.0011448133936249E+0","-7.3000956063751004E-17","4.4357159251584068E-13","-9.3058893437534843E-13","-1.9283449164939725E+0","-3.7657804380029675E-1","-8.5501188737153100E-1","6.2831822496590934E+0","3.6525617206405178E+2","4.8565725398466499E+0","3.054200000000000E-6"
"155","1.0011446697598207E+0","-7.3000956063783692E-17","4.5409727927998783E-13","-9.5785154910126977E-13","-1.9293181029657229E+0","-3.7417323670472036E-1","-8.5696003584596703E-1","6.2831822586296395E+0","3.6525617258553069E+2","4.7986982060806698E+0","3.054200000000000E-6"
"154","1.0011445270769874E+0","-7.3000956063716848E-17","4.4255704376914713E-13","-9.4432618707770481E-13","-1.9302854571463017E+0","-3.7176490026840980E-1","-8.5889650874594503E-1","6.2831822675356550E+0","3.6525617310325833E+2","4.7413392238347098E+0","3.054200000000000E-6"
"153","1.0011443853457429E+0","-7.3000956063756834E-17","4.5036930493047762E-13","-9.7028670126769186E-13","-1.9312469631408362E+0","-3.6935305131532897E-1","-8.6082127425936805E-1","6.2831822763772198E+0","3.6525617361723931E+2","4.6844938445791202E+0","3.054200000000000E-6"
"152","1.0011442445666976E+0","-7.3000956063798853E-17","4.5696908242976412E-13","-9.9645083360195351E-13","-1.9322026050955925E+0","-3.6693770679372562E-1","-8.6273430065649004E-1","6.2831822851543908E+0","3.6525617412747692E+2","4.6281603438277301E+0","3.054200000000000E-6"
"151","1.0011441047404761E+0","-7.3000956063804141E-17","4.5066561153948254E-13","-9.9130019898558631E-13","-1.9331523671989197E+0","-3.6451888377620700E-1","-8.6463555629179600E-1","6.2831822938672319E+0","3.6525617463397487E+2","4.5723370700217396E+0","3.054200000000000E-6"
"150","1.0011439658677006E+0","-7.3000956063807087E-17","4.6712252676019256E-13","-1.0375906240356332E-12","-1.9340962336822678E+0","-3.6209659945983302E-1","-8.6652500960599099E-1","6.2831823025158151E+0","3.6525617513673740E+2","4.5170222199942298E+0","3.054200000000000E-6"
"149","1.0011438279489882E+0","-7.3000956063844286E-17","4.7131325505664707E-13","-1.0540342348190718E-12","-1.9350341888212286E+0","-3.5967087116619678E-1","-8.6840262912813904E-1","6.2831823111001892E+0","3.6525617563576725E+2","4.4622141803668001E+0","3.054200000000000E-6"
"148","1.0011436909849654E+0","-7.3000956063764735E-17","4.6463764116839685E-13","-1.0522770220807507E-12","-1.9359662169365042E+0","-3.5724171634146890E-1","-8.7026838347756696E-1","6.2831823196204430E+0","3.6525617613106965E+2","4.4079112203777404E+0","3.054200000000000E-6"
"147","1.0011435549762571E+0","-7.3000956063754541E-17","4.6398407547452484E-13","-1.0611562160900934E-12","-1.9368923023949640E+0","-3.5480915255646184E-1","-8.7212224136602301E-1","6.2831823280766121E+0","3.6525617662264671E+2","4.3541114078418097E+0","3.054200000000000E-6"
"146","1.0011434199234872E+0","-7.3000956063776962E-17","4.7323053536415978E-13","-1.0927840119897865E-12","-1.9378124296106241E+0","-3.5237319750665824E-1","-8.7396417159953799E-1","6.2831823364687640E+0","3.6525617711050222E+2","4.3008132412612197E+0","3.054200000000000E-6"
"145","1.0011432858272833E+0","-7.3000956063907383E-17","4.8434876244286602E-13","-1.1298099278272908E-12","-1.9387265830457157E+0","-3.4993386901224083E-1","-8.7579414308067904E-1","6.2831823447969581E+0","3.6525617759463972E+2","4.2480148869817898E+0","3.054200000000000E-6"
"144","1.0011431526882775E+0","-7.3000956063925280E-17","4.9141084647359951E-13","-1.1569021050265200E-12","-1.9396347472116999E+0","-3.4749118501809984E-1","-8.7761212481054396E-1","6.2831823530612665E+0","3.6525617807506342E+2","4.1957146416156599E+0","3.054200000000000E-6"
"143","1.0011430205070899E+0","-7.3000956063939948E-17","4.9158387620535354E-13","-1.1712073632169246E-12","-1.9405369066703195E+0","-3.4504516359384685E-1","-8.7941808589082704E-1","6.2831823612617281E+0","3.6525617855177558E+2","4.1439107397989501E+0","3.054200000000000E-6"
"142","1.0011428892843581E+0","-7.3000956063992259E-17","4.9379495514791451E-13","-1.1883563340396475E-12","-1.9414330460345961E+0","-3.4259582293378521E-1","-8.8121199552586404E-1","6.2831823693984168E+0","3.6525617902478041E+2","4.0926014344500103E+0","3.054200000000000E-6"
"141","1.0011427590207080E+0","-7.3000956063895587E-17","4.9578097197461235E-13","-1.2043510256291607E-12","-1.9423231499699114E+0","-3.4014318135690208E-1","-8.8299382302474405E-1","6.2831823774713715E+0","3.6525617949408030E+2","4.0417849925989602E+0","3.054200000000000E-6"
"140","1.0011426297167749E+0","-7.3000956063886762E-17","5.1006573567876966E-13","-1.2499789680746645E-12","-1.9432072031950411E+0","-3.3768725730681914E-1","-8.8476353780343697E-1","6.2831823854806679E+0","3.6525617995967957E+2","3.9914596774518598E+0","3.054200000000000E-6"
"139","1.0011425013731858E+0","-7.3000956063899112E-17","4.9649926812307943E-13","-1.2320747329486080E-12","-1.9440851904832357E+0","-3.3522806935175609E-1","-8.8652110938694895E-1","6.2831823934263520E+0","3.6525618042158084E+2","3.9416236178203001E+0","3.054200000000000E-6"
"138","1.0011423739905758E+0","-7.3000956063836422E-17","4.9785107205985241E-13","-1.2502746400282963E-12","-1.9449570966632026E+0","-3.3276563618445504E-1","-8.8826650741121305E-1","6.2831824013084745E+0","3.6525618087978717E+2","3.8922752224022199E+0","3.054200000000000E-6"
"137","1.0011422475695761E+0","-7.3000956063778848E-17","4.9562906033919789E-13","-1.2546517292215664E-12","-1.9458229066202453E+0","-3.3029997662211702E-1","-8.8999970162547903E-1","6.2831824091270985E+0","3.6525618133430220E+2","3.8434126892382601E+0","3.054200000000000E-6"
"136","1.0011421221108197E+0","-7.3000956063732046E-17","5.1408382053860920E-13","-1.3141069099987888E-12","-1.9466826052972659E+0","-3.2783110960630307E-1","-8.9172066189422405E-1","6.2831824168822701E+0","3.6525618178512860E+2","3.7950341493866899E+0","3.054200000000000E-6"
"135","1.0011419976149429E+0","-7.3000956063759681E-17","5.2571765192997773E-13","-1.3578661623360520E-12","-1.9475361776958635E+0","-3.2535905420283828E-1","-8.9342935819943903E-1","6.2831824245740542E+0","3.6525618223227008E+2","3.7471380193973598E+0","3.054200000000000E-6"
"134","1.0011418740825713E+0","-7.3000956063777837E-17","5.2837306080174312E-13","-1.3810693986542221E-12","-1.9483836088773996E+0","-3.2288382960170281E-1","-8.9512576064268101E-1","6.2831824322024890E+0","3.6525618267572895E+2","3.6997223906726302E+0","3.054200000000000E-6"
"133","1.0011417515143464E+0","-7.3000956063818353E-17","5.2323764301746175E-13","-1.3816166947626559E-12","-1.9492248839640269E+0","-3.2040545511688412E-1","-8.9680983944718395E-1","6.2831824397676250E+0","3.6525618311550812E+2","3.6527855751767402E+0","3.054200000000000E-6"
"132","1.0011416299108953E+0","-7.3000956063766004E-17","5.3823816711289980E-13","-1.4339068890830049E-12","-1.9500599881398268E+0","-3.1792395018626129E-1","-8.9848156496011999E-1","6.2831824472695228E+0","3.6525618355161112E+2","3.6063257563556101E+0","3.054200000000000E-6"
"131","1.0011415092728497E+0","-7.3000956063766202E-17","5.3788759390260772E-13","-1.4474844711689768E-12","-1.9508889066518234E+0","-3.1543933437142413E-1","-9.0014090765459498E-1","6.2831824547082240E+0","3.6525618398404032E+2","3.5603412194079400E+0","3.054200000000000E-6"
"130","1.0011413896008461E+0","-7.3000956063867459E-17","5.4314353327453683E-13","-1.4797557385324197E-12","-1.9517116248111024E+0","-3.1295162735752075E-1","-9.0178783813197805E-1","6.2831824620837846E+0","3.6525618441279897E+2","3.5148301436991001E+0","3.054200000000000E-6"
"129","1.0011412708955167E+0","-7.3000956063870947E-17","5.3111367564144670E-13","-1.4675734536036652E-12","-1.9525281279938707E+0","-3.1046084895306514E-1","-9.0342232712393500E-1","6.2831824693962579E+0","3.6525618483789026E+2","3.4697907753249599E+0","3.054200000000000E-6"
"128","1.0011411531574907E+0","-7.3000956063809564E-17","5.5720948428746316E-13","-1.5470603735008362E-12","-1.9533384016425266E+0","-3.0796701908974616E-1","-9.0504434549456303E-1","6.2831824766456803E+0","3.6525618525931628E+2","3.4252213751947602E+0","3.054200000000000E-6"
"127","1.0011410363874007E+0","-7.3000956063667766E-17","5.4097852318076875E-13","-1.5225042855547912E-12","-1.9541424312668025E+0","-3.0547015782221032E-1","-9.0665386424280803E-1","6.2831824838320927E+0","3.6525618567707937E+2","3.3811201120953598E+0","3.054200000000000E-6"
"126","1.0011409205858728E+0","-7.3000956063624478E-17","5.6171885766031649E-13","-1.6017757833460527E-12","-1.9549402024447613E+0","-3.0297028532784043E-1","-9.0825085450426102E-1","6.2831824909555660E+0","3.6525618609118362E+2","3.3374852285222700E+0","3.054200000000000E-6"
"125","1.0011408057535447E+0","-7.3000956063608134E-17","5.6295980466249636E-13","-1.6170111821445426E-12","-1.9557317008239461E+0","-3.0046742190651171E-1","-9.0983528755365095E-1","6.2831824980161297E+0","3.6525618650163079E+2","3.2943148786710101E+0","3.054200000000000E-6"
"124","1.0011406918910377E+0","-7.3000956063523910E-17","5.6521668152596267E-13","-1.6422451165909625E-12","-1.9565169121224617E+0","-2.9796158798034211E-1","-9.1140713480687197E-1","6.2831825050138281E+0","3.6525618690842350E+2","3.2516074696918000E+0","3.054200000000000E-6"
"123","1.0011405789989858E+0","-7.3000956063516096E-17","5.6995356146603751E-13","-1.6748050362757757E-12","-1.9572958221300376E+0","-2.9545280409341934E-1","-9.1296636782319596E-1","6.2831825119487146E+0","3.6525618731156476E+2","3.2093611134702802E+0","3.054200000000000E-6"
"122","1.0011404670780111E+0","-7.3000956063528212E-17","5.7775275967994552E-13","-1.7202520825394965E-12","-1.9580684167091382E+0","-2.9294109091152121E-1","-9.1451295830741997E-1","6.2831825188208326E+0","3.6525618771105712E+2","3.1675740207294001E+0","3.054200000000000E-6"
"121","1.0011403561287382E+0","-7.3000956063472597E-17","5.9790575805553514E-13","-1.7969171100122130E-12","-1.9588346817960587E+0","-2.9042646922181670E-1","-9.1604687811213203E-1","6.2831825256302087E+0","3.6525618810690219E+2","3.1262443865586800E+0","3.054200000000000E-6"
"120","1.0011402461517971E+0","-7.3000956063380917E-17","5.9766127821662957E-13","-1.8167325926610025E-12","-1.9595946034019929E+0","-2.8790895993255072E-1","-9.1756809923981797E-1","6.2831825323769070E+0","3.6525618849910364E+2","3.0853705122414699E+0","3.054200000000000E-6"
"119","1.0011401371478073E+0","-7.3000956063313075E-17","6.0223188679942036E-13","-1.8494127968065682E-12","-1.9603481676141585E+0","-2.8538858407272150E-1","-9.1907659384510598E-1","6.2831825390609648E+0","3.6525618888766365E+2","3.0449505745272800E+0","3.054200000000000E-6"
"118","1.0011400291173884E+0","-7.3000956063314862E-17","6.0131454770246616E-13","-1.8694899696984863E-12","-1.9610953605968677E+0","-2.8286536279173502E-1","-9.2057233423690898E-1","6.2831825456824166E+0","3.6525618927258427E+2","3.0049827600916301E+0","3.054200000000000E-6"
"117","1.0011399220611650E+0","-7.3000956063227126E-17","6.0765081795111348E-13","-1.9105488514079728E-12","-1.9618361685926151E+0","-2.8033931735904799E-1","-9.2205529288062105E-1","6.2831825522413123E+0","3.6525618965386826E+2","2.9654653796185801E+0","3.054200000000000E-6"
"116","1.0011398159797540E+0","-7.3000956063249793E-17","6.1232695675650306E-13","-1.9475225465427639E-12","-1.9625705779231877E+0","-2.7781046916379781E-1","-9.2352544240030898E-1","6.2831825587376846E+0","3.6525619003151769E+2","2.9263966149757201E+0","3.054200000000000E-6"
"115","1.0011397108737701E+0","-7.3000956063242990E-17","6.1692161963504396E-13","-1.9879207858145851E-12","-1.9632985749907712E+0","-2.7527883971441669E-1","-9.2498275558098297E-1","6.2831825651715745E+0","3.6525619040553482E+2","2.8877746363267902E+0","3.054200000000000E-6"
"114","1.0011396067438327E+0","-7.3000956063302154E-17","6.1790560450386113E-13","-2.0140824248744233E-12","-1.9640201462789904E+0","-2.7274445063822306E-1","-9.2642720537060197E-1","6.2831825715430210E+0","3.6525619077592205E+2","2.8495977139512800E+0","3.054200000000000E-6"
"113","1.0011395035905499E+0","-7.3000956063291307E-17","6.4604241297842031E-13","-2.1232417166955444E-12","-1.9647352783540490E+0","-2.7020732368101380E-1","-9.2785876488238195E-1","6.2831825778520720E+0","3.6525619114268198E+2","2.8118641329489402E+0","3.054200000000000E-6"
"112","1.0011394014145367E+0","-7.3000956063248019E-17","6.5158893430881479E-13","-2.1711773064929576E-12","-1.9654439578658314E+0","-2.6766748070662244E-1","-9.2927740739709797E-1","6.2831825840987623E+0","3.6525619150581684E+2","2.7745720029589300E+0","3.054200000000000E-6"
"111","1.0011393002164028E+0","-7.3000956063131489E-17","6.3127108838183746E-13","-2.1286409369918355E-12","-1.9661461715489410E+0","-2.6512494369647716E-1","-9.3068310636501295E-1","6.2831825902831175E+0","3.6525619186532793E+2","2.7377196734829101E+0","3.054200000000000E-6"
"110","1.0011391999967512E+0","-7.3000956063170784E-17","6.6724565813369152E-13","-2.2729657673166312E-12","-1.9668419062238112E+0","-2.6257973474913648E-1","-9.3207583540812899E-1","6.2831825964051911E+0","3.6525619222121850E+2","2.7013052549563898E+0","3.054200000000000E-6"
"109","1.0011391007561898E+0","-7.3000956063188669E-17","6.7095526648402948E-13","-2.3149939142697314E-12","-1.9675311487978320E+0","-2.6003187607980904E-1","-9.3345556832257504E-1","6.2831826024650024E+0","3.6525619257348961E+2","2.6653270943199501E+0","3.054200000000000E-6"
"108","1.0011390024953193E+0","-7.3000956063120605E-17","6.6810515885327310E-13","-2.3313763394327620E-12","-1.9682138862663827E+0","-2.5748139001986170E-1","-9.3482227908051196E-1","6.2831826084626083E+0","3.6525619292214452E+2","2.6297832864808401E+0","3.054200000000000E-6"
"107","1.0011389052147379E+0","-7.3000956063085513E-17","6.6936185701206139E-13","-2.3690510013356936E-12","-1.9688901057139498E+0","-2.5492829901630987E-1","-9.3617594183245501E-1","6.2831826143980276E+0","3.6525619326718447E+2","2.5946721626025400E+0","3.054200000000000E-6"
"106","1.0011388089150479E+0","-7.3000956063114528E-17","6.8323044165346900E-13","-2.4470938811292488E-12","-1.9695597943151895E+0","-2.5237262563129054E-1","-9.3751653090939102E-1","6.2831826202713064E+0","3.6525619360861197E+2","2.5599920325750101E+0","3.054200000000000E-6"
"105","1.0011387135968384E+0","-7.3000956063071696E-17","7.1258414397039198E-13","-2.5811456636341515E-12","-1.9702229393360309E+0","-2.4981439254152604E-1","-9.3884402082495000E-1","6.2831826260824633E+0","3.6525619394642820E+2","2.5257410042397002E+0","3.054200000000000E-6"
"104","1.0011386192607061E+0","-7.3000956063089310E-17","6.9669817881333181E-13","-2.5548442481019671E-12","-1.9708795281347500E+0","-2.4725362253776187E-1","-9.4015838627764303E-1","6.2831826318315418E+0","3.6525619428063561E+2","2.4919173970749098E+0","3.054200000000000E-6"
"103","1.0011385259072363E+0","-7.3000956063058630E-17","7.0547152769468483E-13","-2.6216791018495436E-12","-1.9715295481630206E+0","-2.4469033852420313E-1","-9.4145960215282098E-1","6.2831826375185837E+0","3.6525619461123677E+2","2.4585194179096899E+0","3.054200000000000E-6"
"102","1.0011384335370168E+0","-7.3000956063032783E-17","7.1154686537481022E-13","-2.6767233218305531E-12","-1.9721729869670310E+0","-2.4212456351792269E-1","-9.4274764352507001E-1","6.2831826431436122E+0","3.6525619493823291E+2","2.4255453228419599E+0","3.054200000000000E-6"
"101","1.0011383421506319E+0","-7.3000956062971400E-17","7.1831220144357825E-13","-2.7362886538784143E-12","-1.9728098321885132E+0","-2.3955632064825527E-1","-9.4402248566014801E-1","6.2831826487066609E+0","3.6525619526162603E+2","2.3929933347841401E+0","3.054200000000000E-6"
"100","1.0011382517486589E+0","-7.3000956062908155E-17","7.3803595817106694E-13","-2.8466979749071777E-12","-1.9734400715658511E+0","-2.3698563315618729E-1","-9.4528410401727603E-1","6.2831826542077529E+0","3.6525619558141744E+2","2.3608619016484300E+0","3.054200000000000E-6"
"99","1.0011381623316757E+0","-7.3000956062902904E-17","7.2499127295876054E-13","-2.8365650563087024E-12","-1.9740636929351085E+0","-2.3441252439371807E-1","-9.4653247425115505E-1","6.2831826596469380E+0","3.6525619589761010E+2","2.3291490155530101E+0","3.054200000000000E-6"
"98","1.0011380739002591E+0","-7.3000956062916081E-17","7.4849999675302165E-13","-2.9674245961098901E-12","-1.9746806842311040E+0","-2.3183701782320776E-1","-9.4776757221413199E-1","6.2831826650242331E+0","3.6525619621020491E+2","2.2978531274051002E+0","3.054200000000000E-6"
"97","1.0011379864549754E+0","-7.3000956062868096E-17","7.5375719656788578E-13","-3.0257620999522346E-12","-1.9752910334884966E+0","-2.2925913701671888E-1","-9.4898937395839400E-1","6.2831826703396656E+0","3.6525619651920351E+2","2.2669723688573300E+0","3.054200000000000E-6"
"96","1.0011378999963911E+0","-7.3000956062934212E-17","7.8671010770555611E-13","-3.1970172323457549E-12","-1.9758947288427904E+0","-2.2667890565533175E-1","-9.5019785573792703E-1","6.2831826755932791E+0","3.6525619682460842E+2","2.2365052009275099E+0","3.054200000000000E-6"
"95","1.0011378145250696E+0","-7.3000956062979165E-17","7.9482084007757801E-13","-3.2757850748170542E-12","-1.9764917585314199E+0","-2.2409634752844526E-1","-9.5139299401073996E-1","6.2831826807850906E+0","3.6525619712642066E+2","2.2064497285780602E+0","3.054200000000000E-6"
"94","1.0011377300415727E+0","-7.3000956062884181E-17","7.9948436122317255E-13","-3.3394097567132473E-12","-1.9770821108947905E+0","-2.2151148653306876E-1","-9.5257476544094799E-1","6.2831826859151372E+0","3.6525619742464232E+2","2.1768043515545301E+0","3.054200000000000E-6"
"93","1.0011376465464539E+0","-7.3000956062825053E-17","7.8710345262040612E-13","-3.3359190068647796E-12","-1.9776657743773010E+0","-2.1892434667309427E-1","-9.5374314690075601E-1","6.2831826909834394E+0","3.6525619771927467E+2","2.1475673088929201E+0","3.054200000000000E-6"
"92","1.0011375640402702E+0","-7.3000956062877192E-17","7.9704992695504388E-13","-3.4235361722012873E-12","-1.9782427375283889E+0","-2.1633495205854905E-1","-9.5489811547261305E-1","6.2831826959900408E+0","3.6525619801032019E+2","2.1187368889055000E+0","3.054200000000000E-6"
"91","1.0011374825235617E+0","-7.3000956062785808E-17","8.1273948923403020E-13","-3.5403509097250640E-12","-1.9788129890035833E+0","-2.1374332690484493E-1","-9.5603964845127798E-1","6.2831827009349448E+0","3.6525619829777906E+2","2.0903114805333201E+0","3.054200000000000E-6"
"90","1.0011374019968777E+0","-7.3000956062771522E-17","8.2900759158809152E-13","-3.6579554169840359E-12","-1.9793765175655065E+0","-2.1114949553199353E-1","-9.5716772334589295E-1","6.2831827058181968E+0","3.6525619858165402E+2","2.0622893046161299E+0","3.054200000000000E-6"
"89","1.0011373224607560E+0","-7.3000956062792759E-17","8.2364326366228184E-13","-3.6896976977942710E-12","-1.9799333120849050E+0","-2.0855348236382554E-1","-9.5828231788196905E-1","6.2831827106398155E+0","3.6525619886194607E+2","2.0346686519227699E+0","3.054200000000000E-6"
"88","1.0011372439157351E+0","-7.3000956062874111E-17","8.4983182831601801E-13","-3.8584867670611403E-12","-1.9804833615416486E+0","-2.0595531192717695E-1","-9.5938341000341398E-1","6.2831827153998230E+0","3.6525619913865654E+2","2.0074480295619499E+0","3.054200000000000E-6"
"87","1.0011371663623403E+0","-7.3000956062921356E-17","8.5272868788480649E-13","-3.9267354341170123E-12","-1.9810266550257727E+0","-2.0335500885107632E-1","-9.6047097787461599E-1","6.2831827200982513E+0","3.6525619941178724E+2","1.9806255383141500E+0","3.054200000000000E-6"
"86","1.0011370898011061E+0","-7.3000956063046107E-17","8.5320813041609591E-13","-3.9912697626838180E-12","-1.9815631817384565E+0","-2.0075259786590208E-1","-9.6154499988245601E-1","6.2831827247351395E+0","3.6525619968134043E+2","1.9541997023022100E+0","3.054200000000000E-6"
"85","1.0011370142325500E+0","-7.3000956063102905E-17","8.6752614571727615E-13","-4.1161294424065638E-12","-1.9820929309930175E+0","-1.9814810380253664E-1","-9.6260545463817504E-1","6.2831827293104840E+0","3.6525619994731596E+2","1.9281687674453700E+0","3.054200000000000E-6"
"84","1.0011369396571921E+0","-7.3000956063110744E-17","8.7017617600565174E-13","-4.1914408569508183E-12","-1.9826158922159249E+0","-1.9554155159149222E-1","-9.6365232097952902E-1","6.2831827338243205E+0","3.6525620020971593E+2","1.9025310944519400E+0","3.054200000000000E-6"
"83","1.0011368660755480E+0","-7.3000956063076848E-17","9.1970977310721608E-13","-4.4967364387216715E-12","-1.9831320549477613E+0","-1.9293296626203604E-1","-9.6468557797264498E-1","6.2831827382766843E+0","3.6525620046854232E+2","1.8772850714104601E+0","3.054200000000000E-6"
"82","1.0011367934881212E+0","-7.3000956062992317E-17","9.1753190125434944E-13","-4.5565118716605719E-12","-1.9836414088442336E+0","-1.9032237294129037E-1","-9.6570520491406797E-1","6.2831827426675861E+0","3.6525620072379576E+2","1.8524290945194100E+0","3.054200000000000E-6"
"81","1.0011367218954210E+0","-7.3000956063006479E-17","9.3261637100374793E-13","-4.6988857484339964E-12","-1.9841439436770958E+0","-1.8770979685331696E-1","-9.6671118133260203E-1","6.2831827469970367E+0","3.6525620097547693E+2","1.8279614558755100E+0","3.054200000000000E-6"
"80","1.0011366512979443E+0","-7.3000956062959480E-17","9.3060645336065891E-13","-4.7650697713549720E-12","-1.9846396493351517E+0","-1.8509526331819476E-1","-9.6770348699130504E-1","6.2831827512650849E+0","3.6525620122358856E+2","1.8038807366978300E+0","3.054200000000000E-6"
"79","1.0011365816961857E+0","-7.3000956063037947E-17","9.1866650302537004E-13","-4.7803149878093655E-12","-1.9851285158251879E+0","-1.8247879775107384E-1","-9.6868210188936399E-1","6.2831827554717403E+0","3.6525620146813139E+2","1.7801851550369401E+0","3.054200000000000E-6"
"78","1.0011365130906331E+0","-7.3000956063048585E-17","9.6714698127869045E-13","-5.1120978705392912E-12","-1.9856105332729392E+0","-1.7986042566122010E-1","-9.6964700626403399E-1","6.2831827596170164E+0","3.6525620170910599E+2","1.7568731857340800E+0","3.054200000000000E-6"
"77","1.0011364454817704E+0","-7.3000956062941226E-17","9.9431201446888936E-13","-5.3384528487193626E-12","-1.9860856919240255E+0","-1.7724017265104194E-1","-9.7059818059252401E-1","6.2831827637009541E+0","3.6525620194651492E+2","1.7339432486932600E+0","3.054200000000000E-6"
"76","1.0011363788700807E+0","-7.3000956063003484E-17","1.0109023182745347E-12","-5.5180666608531325E-12","-1.9865539821448717E+0","-1.7461806441510311E-1","-9.7153560559382501E-1","6.2831827677235639E+0","3.6525620218035874E+2","1.7113937918097100E+0","3.054200000000000E-6"
"75","1.0011363132560345E+0","-7.3000956062945934E-17","1.0021432863781057E-12","-5.5656873361529836E-12","-1.9870153944236535E+0","-1.7199412673912373E-1","-9.7245926223059498E-1","6.2831827716848618E+0","3.6525620241063825E+2","1.6892232632990001E+0","3.054200000000000E-6"
"74","1.0011362486401014E+0","-7.3000956062901869E-17","1.0297803794646588E-12","-5.8153997740470923E-12","-1.9874699193711878E+0","-1.6936838549896063E-1","-9.7336913171093997E-1","6.2831827755848675E+0","3.6525620263735482E+2","1.6674300845359000E+0","3.054200000000000E-6"
"73","1.0011361850227425E+0","-7.3000956062933978E-17","1.0551200029984668E-12","-6.0601175380152794E-12","-1.9879175477218500E+0","-1.6674086665958199E-1","-9.7426519549024304E-1","6.2831827794236101E+0","3.6525620286050992E+2","1.6460127823154800E+0","3.054200000000000E-6"
"72","1.0011361224044175E+0","-7.3000956062884033E-17","1.0902556360308523E-12","-6.3690868801476880E-12","-1.9883582703344973E+0","-1.6411159627401503E-1","-9.7514743527308501E-1","6.2831827832011040E+0","3.6525620308010457E+2","1.6249698038810501E+0","3.054200000000000E-6"
"71","1.0011360607855742E+0","-7.3000956062824450E-17","1.0913562290661058E-12","-6.4897279088565247E-12","-1.9887920781933204E+0","-1.6148060048229568E-1","-9.7601583301483397E-1","6.2831827869173669E+0","3.6525620329613963E+2","1.6042996657038300E+0","3.054200000000000E-6"
"70","1.0011360001666629E+0","-7.3000956062862882E-17","1.0948394262091424E-12","-6.6280819962539681E-12","-1.9892189624087357E+0","-1.5884790551038863E-1","-9.7687037092352702E-1","6.2831827905724156E+0","3.6525620350861624E+2","1.5840008545073601E+0","3.054200000000000E-6"
"69","1.0011359405481233E+0","-7.3000956062909881E-17","1.1309387561731398E-12","-6.9696264053590346E-12","-1.9896389142182584E+0","-1.5621353766910354E-1","-9.7771103146154803E-1","6.2831827941662741E+0","3.6525620371753570E+2","1.5640718627538599E+0","3.054200000000000E-6"
"68","1.0011358819303888E+0","-7.3000956062942002E-17","1.1390792891287168E-12","-7.1512266182549816E-12","-1.9900519249873740E+0","-1.5357752335299457E-1","-9.7853779734742896E-1","6.2831827976989576E+0","3.6525620392289886E+2","1.5445112800814100E+0","3.054200000000000E-6"
"67","1.0011358243138910E+0","-7.3000956062904531E-17","1.1690604947671346E-12","-7.4766006928258547E-12","-1.9904579862103713E+0","-1.5093988903924230E-1","-9.7935065155749501E-1","6.2831828011704776E+0","3.6525620412470653E+2","1.5253176629200200E+0","3.054200000000000E-6"
"66","1.0011357676990500E+0","-7.3000956062963116E-17","1.1934626649671300E-12","-7.7756824167561460E-12","-1.9908570895111899E+0","-1.4830066128653113E-1","-9.8014957732753205E-1","6.2831828045808518E+0","3.6525620432295960E+2","1.5064895041663000E+0","3.054200000000000E-6"
"65","1.0011357120862823E+0","-7.3000956062962352E-17","1.2308500419996636E-12","-8.1751136553980849E-12","-1.9912492266442461E+0","-1.4565986673390086E-1","-9.8093455815446895E-1","6.2831828079301024E+0","3.6525620451765940E+2","1.4880254734027001E+0","3.054200000000000E-6"
"64","1.0011356574760015E+0","-7.3000956063090665E-17","1.2359641221090596E-12","-8.3718897948536373E-12","-1.9916343894952744E+0","-1.4301753209959889E-1","-9.8170557779810697E-1","6.2831828112182482E+0","3.6525620470880705E+2","1.4699240612524600E+0","3.054200000000000E-6"
"63","1.0011356038686090E+0","-7.3000956063023871E-17","1.2770222023307458E-12","-8.8206584357620071E-12","-1.9920125700820932E+0","-1.4037368417990426E-1","-9.8246262028252396E-1","6.2831828144452997E+0","3.6525620489640318E+2","1.4521840161766200E+0","3.054200000000000E-6"
"62","1.0011355512645053E+0","-7.3000956062986462E-17","1.2628419595574906E-12","-8.9013434425197537E-12","-1.9923837605554608E+0","-1.3772834984795235E-1","-9.8320566989795499E-1","6.2831828176112712E+0","3.6525620508044852E+2","1.4348038400303700E+0","3.054200000000000E-6"
"61","1.0011354996640800E+0","-7.3000956062925399E-17","1.2832062138774362E-12","-9.2340825258913101E-12","-1.9927479531998029E+0","-1.3508155605253816E-1","-9.8393471120208298E-1","6.2831828207161786E+0","3.6525620526094411E+2","1.4177822149598100E+0","3.054200000000000E-6"
"60","1.0011354490677224E+0","-7.3000956062987867E-17","1.3568845411392404E-12","-9.9692287506895887E-12","-1.9931051404340150E+0","-1.3243332981690889E-1","-9.8464972902175296E-1","6.2831828237600487E+0","3.6525620543789142E+2","1.4011178895451999E+0","3.054200000000000E-6"
"59","1.0011353994758136E+0","-7.3000956062832042E-17","1.3920943531584713E-12","-1.0447037577761672E-11","-1.9934553148122545E+0","-1.2978369823754640E-1","-9.8535070845456396E-1","6.2831828267428813E+0","3.6525620561129057E+2","1.3848094336381200E+0","3.054200000000000E-6"
"58","1.0011353508887195E+0","-7.3000956062845552E-17","1.3516884970702295E-12","-1.0370577706685201E-11","-1.9937984690246662E+0","-1.2713268848293507E-1","-9.8603763487024698E-1","6.2831828296646828E+0","3.6525620578114172E+2","1.3688555145309600E+0","3.054200000000000E-6"
"57","1.0011353033068113E+0","-7.3000956062839253E-17","1.4231426562554932E-12","-1.1158052372520579E-11","-1.9941345958980876E+0","-1.2448032779231612E-1","-9.8671049391209498E-1","6.2831828325254886E+0","3.6525620594744714E+2","1.3532549744172200E+0","3.054200000000000E-6"
"56","1.0011352567304448E+0","-7.3000956062729601E-17","1.4316603030141146E-12","-1.1483108414554627E-11","-1.9944636883968501E+0","-1.2182664347443170E-1","-9.8736927149861498E-1","6.2831828353253076E+0","3.6525620611020719E+2","1.3380064810551600E+0","3.054200000000000E-6"
"55","1.0011352111599781E+0","-7.3000956062624597E-17","1.4940341695584800E-12","-1.2262849887675114E-11","-1.9947857396234412E+0","-1.1917166290625815E-1","-9.8801395382482904E-1","6.2831828380641337E+0","3.6525620626942163E+2","1.3231087632312899E+0","3.054200000000000E-6"
"54","1.0011351665957529E+0","-7.3000956062614773E-17","1.5147970635475797E-12","-1.2729819532789860E-11","-1.9951007428192493E+0","-1.1651541353172631E-1","-9.8864452736375696E-1","6.2831828407420076E+0","3.6525620642509267E+2","1.3085605747608899E+0","3.054200000000000E-6"
"53","1.0011351230381129E+0","-7.3000956062615229E-17","1.5396420280706999E-12","-1.3254170946798780E-11","-1.9954086913652018E+0","-1.1385792286042773E-1","-9.8926097886767195E-1","6.2831828433589143E+0","3.6525620657721964E+2","1.2943608769206800E+0","3.054200000000000E-6"
"52","1.0011350804873886E+0","-7.3000956062632978E-17","1.5707586752102076E-12","-1.3857608055381267E-11","-1.9957095787825152E+0","-1.1119921846631632E-1","-9.8986329536967599E-1","6.2831828459148955E+0","3.6525620672580482E+2","1.2805082918743000E+0","3.054200000000000E-6"
"51","1.0011350389439047E+0","-7.3000956062691255E-17","1.6514891325986228E-12","-1.4939791203801180E-11","-1.9960033987332932E+0","-1.0853932798639086E-1","-9.9045146418478802E-1","6.2831828484099370E+0","3.6525620687084745E+2","1.2670016742929799E+0","3.054200000000000E-6"
"50","1.0011349984079823E+0","-7.3000956062678091E-17","1.7141791411525274E-12","-1.5907962955964155E-11","-1.9962901450212218E+0","-1.0587827911937192E-1","-9.9102547291144105E-1","6.2831828508440601E+0","3.6525620701234880E+2","1.2538400214263301E+0","3.054200000000000E-6"
"49","1.0011349588799303E+0","-7.3000956062674147E-17","1.6726819013470878E-12","-1.5937900614610654E-11","-1.9965698115922137E+0","-1.0321609962436727E-1","-9.9158530943272905E-1","6.2831828532172862E+0","3.6525620715030999E+2","1.2410220274734101E+0","3.054200000000000E-6"
"48","1.0011349203600559E+0","-7.3000956062625767E-17","1.7702392177863886E-12","-1.7329081627574854E-11","-1.9968423925349728E+0","-1.0055281731952438E-1","-9.9213096191746797E-1","6.2831828555296045E+0","3.6525620728473052E+2","1.2285467100525200E+0","3.054200000000000E-6"
"47","1.0011348828486561E+0","-7.3000956062770770E-17","1.8066275970559779E-12","-1.8184623544970742E-11","-1.9971078820817041E+0","-9.7888460080674658E-2","-9.9266241882176798E-1","6.2831828577810374E+0","3.6525620741561158E+2","1.2164129683740801E+0","3.054200000000000E-6"
"46","1.0011348463460219E+0","-7.3000956062782356E-17","1.8454912950853480E-12","-1.9109232131316006E-11","-1.9973662746086367E+0","-9.5223055839968804E-2","-9.9317966888994902E-1","6.2831828599716042E+0","3.6525620754295443E+2","1.2046196881885400E+0","3.054200000000000E-6"
"45","1.0011348108524329E+0","-7.3000956062781001E-17","1.9499013131807797E-12","-2.0787714380853162E-11","-1.9976175646366374E+0","-9.2556632584498880E-2","-9.9368270115579704E-1","6.2831828621013006E+0","3.6525620766675866E+2","1.1931659169423701E+0","3.054200000000000E-6"
"44","1.0011347763681702E+0","-7.3000956062747622E-17","1.9403290170818058E-12","-2.1318950962756622E-11","-1.9978617468318016E+0","-8.9889218354912218E-2","-9.9417150494384599E-1","6.2831828641701479E+0","3.6525620778702563E+2","1.1820505775594601E+0","3.054200000000000E-6"
"43","1.0011347428934967E+0","-7.3000956062758444E-17","2.0041841610874013E-12","-2.2708670895314849E-11","-1.9980988160059538E+0","-8.7220841244017133E-2","-9.9464606987017801E-1","6.2831828661781399E+0","3.6525620790375496E+2","1.1712727121567901E+0","3.054200000000000E-6"
"42","1.0011347104286787E+0","-7.3000956062793758E-17","2.1328428882507521E-12","-2.4945409880528768E-11","-1.9983287671172547E+0","-8.4551529395378439E-2","-9.9510638584385602E-1","6.2831828681252953E+0","3.6525620801694765E+2","1.1608314201188801E+0","3.054200000000000E-6"
"41","1.0011346789739659E+0","-7.3000956062721589E-17","2.1490817434113588E-12","-2.5973079631495347E-11","-1.9985515952707087E+0","-8.1881311001903656E-2","-9.9555244306781698E-1","6.2831828700116263E+0","3.6525620812660452E+2","1.1507256136075099E+0","3.054200000000000E-6"
"40","1.0011346485296089E+0","-7.3000956062660502E-17","2.2766314178128750E-12","-2.8459690916966205E-11","-1.9987672957186380E+0","-7.9210214304419782E-2","-9.9598423203981101E-1","6.2831828718371350E+0","3.6525620823272567E+2","1.1409545318158600E+0","3.054200000000000E-6"
"39","1.0011346190958446E+0","-7.3000956062671817E-17","2.2542815897906857E-12","-2.9183490788799776E-11","-1.9989758638612598E+0","-7.6538267590243528E-2","-9.9640174355364797E-1","6.2831828736018380E+0","3.6525620833531201E+2","1.1315172666103299E+0","3.054200000000000E-6"
"38","1.0011345906729010E+0","-7.3000956062615155E-17","2.4337901861685332E-12","-3.2667335275501752E-11","-1.9991772952470981E+0","-7.3865499191743109E-2","-9.9680496869989699E-1","6.2831828753057248E+0","3.6525620843436292E+2","1.1224128477242099E+0","3.054200000000000E-6"
"37","1.0011345632610067E+0","-7.3000956062578313E-17","2.4291249782341297E-12","-3.3850676903247063E-11","-1.9993715855735053E+0","-7.1191937484888765E-2","-9.9719389886707899E-1","6.2831828769488300E+0","3.6525620852988050E+2","1.1136405113849901E+0","3.054200000000000E-6"
"36","1.0011345368603761E+0","-7.3000956062559972E-17","2.5916972706048267E-12","-3.7546702117795603E-11","-1.9995587306870803E+0","-6.8517610887799354E-2","-9.9756852574235899E-1","6.2831828785311403E+0","3.6525620862186389E+2","1.1051994911330500E+0","3.054200000000000E-6"
"35","1.0011345114712162E+0","-7.3000956062456828E-17","2.6421542902995076E-12","-3.9856312075218437E-11","-1.9997387265841355E+0","-6.5842547859279413E-2","-9.9792884131256399E-1","6.2831828800526726E+0","3.6525620871031413E+2","1.0970889298654400E+0","3.054200000000000E-6"
"34","1.0011344870937273E+0","-7.3000956062524645E-17","2.7683546224468140E-12","-4.3550459379301176E-11","-1.9999115694111158E+0","-6.3166776897350271E-2","-9.9827483786502103E-1","6.2831828815134134E+0","3.6525620879523046E+2","1.0893081039935100E+0","3.054200000000000E-6"
"33","1.0011344637281057E+0","-7.3000956062507204E-17","2.9389777925132170E-12","-4.8306267799702315E-11","-2.0000772554649795E+0","-6.0490326537771283E-2","-9.9860650798826900E-1","6.2831828829133958E+0","3.6525620887661472E+2","1.0818563194386599E+0","3.054200000000000E-6"
"32","1.0011344413745331E+0","-7.3000956062352526E-17","3.1417503853484138E-12","-5.4051950312834736E-11","-2.0002357811936471E+0","-5.7813225352557902E-2","-9.9892384457301997E-1","6.2831828842526125E+0","3.6525620895446656E+2","1.0747328181585001E+0","3.054200000000000E-6"
"31","1.0011344200331898E+0","-7.3000956062314155E-17","3.1774442029023088E-12","-5.7351644264126389E-11","-2.0003871431963378E+0","-5.5135501948490324E-2","-9.9922684081280999E-1","6.2831828855310849E+0","3.6525620902878717E+2","1.0679369796369600E+0","3.054200000000000E-6"
"30","1.0011343997042457E+0","-7.3000956062356643E-17","3.4062790283353176E-12","-6.4647673555400676E-11","-2.0005313382239223E+0","-5.2457184965617909E-2","-9.9951549020464703E-1","6.2831828867487962E+0","3.6525620909957559E+2","1.0614681233787799E+0","3.054200000000000E-6"
"29","1.0011343803878578E+0","-7.3000956062378768E-17","3.5532252470892943E-12","-7.1097093113119948E-11","-2.0006683631793192E+0","-4.9778303075756564E-2","-9.9978978654988304E-1","6.2831828879057614E+0","3.6525620916683272E+2","1.0553256425235800E+0","3.054200000000000E-6"
"28","1.0011343620841855E+0","-7.3000956062308497E-17","3.6685557655409072E-12","-7.7613077163119322E-11","-2.0007982151177890E+0","-4.7098884980979312E-2","-1.0000497239548101E+0","6.2831828890019867E+0","3.6525620923055885E+2","1.0495089673736799E+0","3.054200000000000E-6"
"27","1.0011343447933694E+0","-7.3000956062302975E-17","3.9495074359217001E-12","-8.8631436983579603E-11","-2.0009208912472403E+0","-4.4418959412104310E-2","-1.0002952968311600E+0","6.2831828900374749E+0","3.6525620929075421E+2","1.0440175366602999E+0","3.054200000000000E-6"
"26","1.0011343285155532E+0","-7.3000956062288739E-17","4.3470083132533930E-12","-1.0385036522846387E-10","-2.0010363889285592E+0","-4.1738555127173935E-2","-1.0005264998968999E+0","6.2831828910122329E+0","3.6525620934741920E+2","1.0388508113878601E+0","3.054200000000000E-6"
"25","1.0011343132508637E+0","-7.3000956062319381E-17","4.5800185126123779E-12","-1.1696476543193379E-10","-2.0011447056758911E+0","-3.9057700909932928E-2","-1.0007433281767399E+0","6.2831828919262689E+0","3.6525620940055427E+2","1.0340083345143700E+0","3.054200000000000E-6"
"24","1.0011342989994234E+0","-7.3000956062308485E-17","4.9539006926746146E-12","-1.3588264246058108E-10","-2.0012458391568702E+0","-3.6376425568298211E-2","-1.0009457770025401E+0","6.2831828927795765E+0","3.6525620945015908E+2","1.0294895569636600E+0","3.054200000000000E-6"
"23","1.0011342857613430E+0","-7.3000956062257185E-17","5.3032648583001328E-12","-1.5708859466022299E-10","-2.0013397871929146E+0","-3.3694757932826634E-2","-1.0011338420139999E+0","6.2831828935721576E+0","3.6525620949623362E+2","1.0252941033542600E+0","3.054200000000000E-6"
"22","1.0011342735367350E+0","-7.3000956062214919E-17","5.5573318297109858E-12","-1.7889945403711782E-10","-2.0014265477594280E+0","-3.1012726855177222E-2","-1.0013075191590199E+0","6.2831828943040327E+0","3.6525620953877927E+2","1.0214215643280200E+0","3.054200000000000E-6"
"21","1.0011342623256934E+0","-7.3000956062162287E-17","6.3001311990252589E-12","-2.2206422646265662E-10","-2.0015061189860193E+0","-2.8330361206571088E-2","-1.0014668046940500E+0","6.2831828949751936E+0","3.6525620957779540E+2","1.0178715602661501E+0","3.054200000000000E-6"
"20","1.0011342521283095E+0","-7.3000956062118234E-17","7.1152246695382677E-12","-2.7708297054674471E-10","-2.0015784991567451E+0","-2.5647689876246195E-2","-1.0016116951847600E+0","6.2831828955856404E+0","3.6525620961328212E+2","1.0146437351587201E+0","3.054200000000000E-6"
"19","1.0011342429446621E+0","-7.3000956062156802E-17","7.7887355895570226E-12","-3.3881799047285461E-10","-2.0016436867102518E+0","-2.2964741769909543E-2","-1.0017421875061800E+0","6.2831828961353819E+0","3.6525620964523989E+2","1.0117377276591399E+0","3.054200000000000E-6"
"18","1.0011342347748300E+0","-7.3000956062538907E-17","8.9912931298705400E-12","-4.4295114236783988E-10","-2.0017016802399219E+0","-2.0281545808186453E-2","-1.0018582788430099E+0","6.2831828966244183E+0","3.6525620967366876E+2","1.0091533825708301E+0","3.054200000000000E-6"
"17","1.0011342276188759E+0","-7.3000956062559898E-17","1.0227333424742943E-11","-5.8076547372109580E-10","-2.0017524784941192E+0","-1.7598130925067176E-2","-1.0019599666902099E+0","6.2831828970527521E+0","3.6525620969856880E+2","1.0068903337343400E+0","3.054200000000000E-6"
"16","1.0011342214768550E+0","-7.3000956062503161E-17","1.2277292692297607E-11","-8.2272331567793129E-10","-2.0017960803762183E+0","-1.4914526066350678E-2","-1.0020472488529000E+0","6.2831828974203869E+0","3.6525620971994033E+2","1.0049483958537300E+0","3.054200000000000E-6"
"15","1.0011342163488204E+0","-7.3000956062828320E-17","1.4836671106458227E-11","-1.2125385466463227E-9","-2.0018324849447806E+0","-1.2230760188086364E-2","-1.0021201234468600E+0","6.2831828977273210E+0","3.6525620973778308E+2","1.0033273388949799E+0","3.054200000000000E-6"
"14","1.0011342122348141E+0","-7.3000956062865113E-17","1.8928303351278851E-11","-1.9819865047056707E-9","-2.0018616914136520E+0","-9.5468622550156732E-3","-1.0021785888986601E+0","6.2831828979735587E+0","3.6525620975209745E+2","1.0020270608582400E+0","3.054200000000000E-6"
"13","1.0011342091348627E+0","-7.3000956062884551E-17","2.7826525232298301E-11","-4.0535247820986429E-9","-2.0018836991520241E+0","-6.8628612390250702E-3","-1.0022226439457200E+0","6.2831828981590885E+0","3.6525620976288275E+2","1.0010474240265399E+0","3.054200000000000E-6"
"12","1.0011466262325104E+0","-7.3000956968870198E-17","2.6974007553907962E-5","-5.0828417841776597E-3","-2.0018716295353149E+0","-5.3054569392192502E-3","-1.0022405927107600E+0","6.2833021600334149E+0","3.6526314273632818E+2","1.0006299768878599E+0","3.054200000000000E-6"
"11","1.0011443435055378E+0","-7.3000956963277927E-17","2.2056629634586734E-5","-4.5749261090063126E-3","-2.0018781520323912E+0","-4.8199628007332268E-3","-1.0022458526891500E+0","6.2832799166069311E+0","3.6526184967359529E+2","1.0005196831097201E+0","3.054200000000000E-6"
"10","1.0011422706629767E+0","-7.3000956973208329E-17","1.7652646911394180E-5","-4.0668327356133700E-3","-2.0018839992245150E+0","-4.3395666694309599E-3","-1.0022505015150700E+0","6.2832598502304293E+0","3.6526068316790168E+2","1.0004209448067201E+0","3.054200000000000E-6"
"9","1.0011413159754481E+0","-7.3000956969641926E-17","1.5642895916576255E-5","-3.8127011409675301E-3","-2.0018866687057928E+0","-4.1018441883080440E-3","-1.0022526027767600E+0","6.2832506493143159E+0","3.6526014829699301E+2","1.0003759324237300E+0","3.054200000000000E-6"
"8","1.0011395756233870E+0","-7.3000956986193239E-17","1.2006974922582544E-5","-3.3042165023151348E-3","-2.0018914977246869E+0","-3.6329829626582781E-3","-1.0022563699908000E+0","6.2832339414063707E+0","3.6525917702698098E+2","1.0002946128011501E+0","3.054200000000000E-6"
"7","1.0011380673567081E+0","-7.3000956971122039E-17","8.8804759106458914E-6","-2.7953371549128093E-3","-2.0018956445673908E+0","-3.1761667081853739E-3","-1.0022595699054100E+0","6.2832195279663576E+0","3.6525833913979000E+2","1.0002249585511500E+0","3.054200000000000E-6"
"6","1.0011342063863551E+0","-7.3000956099664180E-17","8.9326387040075329E-11","-3.1482319775374988E-8","-2.0019032121425262E+0","-2.8367298273116628E-3","-1.0022617050112901E+0","6.2831828983235969E+0","3.6525620977244603E+2","1.0001789352969399E+0","3.054200000000000E-6"
"5","1.0011362557137498E+0","-7.3000957009138306E-17","5.1351503506302756E-6","-2.0308723303792920E-3","-2.0019005797815579E+0","-2.5279899725336053E-3","-1.0022633355299500E+0","6.2832022947545294E+0","3.6525733733262689E+2","1.0001423188966101E+0","3.054200000000000E-6"
"4","1.0011353574540829E+0","-7.3000956645194825E-17","3.2512435805776777E-6","-1.5200432834627901E-3","-2.0019030086430285E+0","-2.1384549694225085E-3","-1.0022651716326501E+0","6.2831937815236802E+0","3.6525684243848121E+2","1.0001015942820000E+0","3.054200000000000E-6"
"3","1.0011347132366584E+0","-7.3000956393881675E-17","1.8245186136755909E-6","-1.0078846911845236E-3","-2.0019047432748587E+0","-1.8098611510102942E-3","-1.0022664759447799E+0","6.2831876885908660E+0","3.6525648824195656E+2","1.0000728562400301E+0","3.054200000000000E-6"
"2","1.0011343285600416E+0","-7.3000956310036201E-17","7.8363917668250063E-7","-4.9516617426046945E-4","-2.0019057761137788E+0","-1.5822449672150689E-3","-1.0022672497080101E+0","6.2831840553423692E+0","3.6525627703267037E+2","1.0000556576465400E+0","3.054200000000000E-6"
"1","1.0011342060062129E+0","-7.3000956095526025E-17","-1.1380302696367885E-8","7.6123836837927639E-6","-2.0019061166537546E+0","-1.4946584082656640E-3","-1.0022675193535300E+0","6.2831828986215923E+0","3.6525620978976917E+2","1.0000496532078200E+0","3.054200000000000E-6"